solid OpenSCAD_Model
  facet normal -0.376287 -0.651751 -0.658505
    outer loop
      vertex 0 4.50333 0
      vertex 3.9 2.25167 0
      vertex 0 3.69504 0.799999
    endloop
  endfacet
  facet normal 0.376287 -0.651749 -0.658507
    outer loop
      vertex 0 4.50333 0
      vertex -3.2 1.84752 0.799999
      vertex -3.9 2.25167 0
    endloop
  endfacet
  facet normal 0.752576 0 -0.658505
    outer loop
      vertex -3.2 -1.84752 0.799999
      vertex -3.9 2.25167 0
      vertex -3.2 1.84752 0.799999
    endloop
  endfacet
  facet normal 0.752576 0 -0.658505
    outer loop
      vertex -3.9 2.25167 0
      vertex -3.2 -1.84752 0.799999
      vertex -3.9 -2.25167 0
    endloop
  endfacet
  facet normal 0.376287 0.651751 -0.658505
    outer loop
      vertex 0 -3.69504 0.799999
      vertex 0 -4.50333 0
      vertex -3.9 -2.25167 0
    endloop
  endfacet
  facet normal -0.376287 0.651749 -0.658507
    outer loop
      vertex 3.2 -1.84752 0.799999
      vertex 3.9 -2.25167 0
      vertex 0 -4.50333 0
    endloop
  endfacet
  facet normal -0.5 -0.866026 0
    outer loop
      vertex 0 3.69504 0.799999
      vertex 3.2 1.84752 6.56667
      vertex 0 3.69504 6.56667
    endloop
  endfacet
  facet normal -0.5 -0.866026 -0
    outer loop
      vertex 3.2 1.84752 6.56667
      vertex 0 3.69504 0.799999
      vertex 3.2 1.84752 0.799999
    endloop
  endfacet
  facet normal 0.5 -0.866026 0
    outer loop
      vertex -3.2 1.84752 0.799999
      vertex 0 3.69504 6.56667
      vertex -3.2 1.84752 6.56667
    endloop
  endfacet
  facet normal 0.5 -0.866026 0
    outer loop
      vertex 0 3.69504 6.56667
      vertex -3.2 1.84752 0.799999
      vertex 0 3.69504 0.799999
    endloop
  endfacet
  facet normal 1 -0 0
    outer loop
      vertex -3.2 -1.84752 6.56667
      vertex -3.2 1.84752 0.799999
      vertex -3.2 1.84752 6.56667
    endloop
  endfacet
  facet normal 1 0 0
    outer loop
      vertex -3.2 1.84752 0.799999
      vertex -3.2 -1.84752 6.56667
      vertex -3.2 -1.84752 0.799999
    endloop
  endfacet
  facet normal -0.379628 -0.657536 0.650791
    outer loop
      vertex 3.2 1.84752 6.56667
      vertex 0 5.08068 7.96667
      vertex 0 3.69504 6.56667
    endloop
  endfacet
  facet normal 0.379628 -0.657536 0.650791
    outer loop
      vertex -3.2 1.84752 6.56667
      vertex 0 3.69504 6.56667
      vertex -4.4 2.54034 7.96667
    endloop
  endfacet
  facet normal 0.759257 0 0.650791
    outer loop
      vertex -4.4 2.54034 7.96667
      vertex -3.2 -1.84752 6.56667
      vertex -3.2 1.84752 6.56667
    endloop
  endfacet
  facet normal 0.759257 0 0.650791
    outer loop
      vertex -3.2 -1.84752 6.56667
      vertex -4.4 2.54034 7.96667
      vertex -4.4 -2.54034 7.96667
    endloop
  endfacet
  facet normal 0.379628 0.657536 0.650791
    outer loop
      vertex 0 -5.08068 7.96667
      vertex 0 -3.69504 6.56667
      vertex -3.2 -1.84752 6.56667
    endloop
  endfacet
  facet normal -0.379628 0.657536 0.650791
    outer loop
      vertex 4.4 -2.54034 7.96667
      vertex 3.2 -1.84752 6.56667
      vertex 0 -3.69504 6.56667
    endloop
  endfacet
  facet normal -0.5 -0.866026 0
    outer loop
      vertex 0 5.08068 7.96667
      vertex 4.4 2.54034 9.56667
      vertex 0 5.08068 9.56667
    endloop
  endfacet
  facet normal -0.5 -0.866026 -0
    outer loop
      vertex 4.4 2.54034 9.56667
      vertex 0 5.08068 7.96667
      vertex 4.4 2.54034 7.96667
    endloop
  endfacet
  facet normal 0.5 -0.866026 0
    outer loop
      vertex -4.4 2.54034 7.96667
      vertex 0 5.08068 9.56667
      vertex -4.4 2.54034 9.56667
    endloop
  endfacet
  facet normal 0.5 -0.866026 0
    outer loop
      vertex 0 5.08068 9.56667
      vertex -4.4 2.54034 7.96667
      vertex 0 5.08068 7.96667
    endloop
  endfacet
  facet normal 1 -0 0
    outer loop
      vertex -4.4 -2.54034 9.56667
      vertex -4.4 2.54034 7.96667
      vertex -4.4 2.54034 9.56667
    endloop
  endfacet
  facet normal 1 0 0
    outer loop
      vertex -4.4 2.54034 7.96667
      vertex -4.4 -2.54034 9.56667
      vertex -4.4 -2.54034 7.96667
    endloop
  endfacet
  facet normal -0.379632 -0.657542 -0.650783
    outer loop
      vertex 0 5.08068 9.56667
      vertex 4.4 2.54034 9.56667
      vertex 0 3.69504 10.9667
    endloop
  endfacet
  facet normal 0.379632 -0.657542 -0.650783
    outer loop
      vertex 0 5.08068 9.56667
      vertex -3.2 1.84752 10.9667
      vertex -4.4 2.54034 9.56667
    endloop
  endfacet
  facet normal 0.759263 0 -0.650783
    outer loop
      vertex -3.2 -1.84752 10.9667
      vertex -4.4 2.54034 9.56667
      vertex -3.2 1.84752 10.9667
    endloop
  endfacet
  facet normal 0.759263 0 -0.650783
    outer loop
      vertex -4.4 2.54034 9.56667
      vertex -3.2 -1.84752 10.9667
      vertex -4.4 -2.54034 9.56667
    endloop
  endfacet
  facet normal 0.379632 0.657542 -0.650783
    outer loop
      vertex 0 -3.69504 10.9667
      vertex 0 -5.08068 9.56667
      vertex -4.4 -2.54034 9.56667
    endloop
  endfacet
  facet normal -0.379632 0.657542 -0.650783
    outer loop
      vertex 3.2 -1.84752 10.9667
      vertex 4.4 -2.54034 9.56667
      vertex 0 -5.08068 9.56667
    endloop
  endfacet
  facet normal -0.5 -0.866026 0
    outer loop
      vertex 0 3.69504 10.9667
      vertex 3.2 1.84752 15.3333
      vertex 0 3.69504 15.3333
    endloop
  endfacet
  facet normal -0.5 -0.866026 -0
    outer loop
      vertex 3.2 1.84752 15.3333
      vertex 0 3.69504 10.9667
      vertex 3.2 1.84752 10.9667
    endloop
  endfacet
  facet normal 0.5 -0.866026 0
    outer loop
      vertex -3.2 1.84752 10.9667
      vertex 0 3.69504 15.3333
      vertex -3.2 1.84752 15.3333
    endloop
  endfacet
  facet normal 0.5 -0.866026 0
    outer loop
      vertex 0 3.69504 15.3333
      vertex -3.2 1.84752 10.9667
      vertex 0 3.69504 10.9667
    endloop
  endfacet
  facet normal 1 -0 0
    outer loop
      vertex -3.2 -1.84752 15.3333
      vertex -3.2 1.84752 10.9667
      vertex -3.2 1.84752 15.3333
    endloop
  endfacet
  facet normal 1 0 0
    outer loop
      vertex -3.2 1.84752 10.9667
      vertex -3.2 -1.84752 15.3333
      vertex -3.2 -1.84752 10.9667
    endloop
  endfacet
  facet normal -0.379628 -0.657536 0.650791
    outer loop
      vertex 3.2 1.84752 15.3333
      vertex 0 5.08068 16.7333
      vertex 0 3.69504 15.3333
    endloop
  endfacet
  facet normal 0.379628 -0.657536 0.650791
    outer loop
      vertex -3.2 1.84752 15.3333
      vertex 0 3.69504 15.3333
      vertex -4.4 2.54034 16.7333
    endloop
  endfacet
  facet normal 0.759257 0 0.650791
    outer loop
      vertex -4.4 2.54034 16.7333
      vertex -3.2 -1.84752 15.3333
      vertex -3.2 1.84752 15.3333
    endloop
  endfacet
  facet normal 0.759257 0 0.650791
    outer loop
      vertex -3.2 -1.84752 15.3333
      vertex -4.4 2.54034 16.7333
      vertex -4.4 -2.54034 16.7333
    endloop
  endfacet
  facet normal 0.379628 0.657536 0.650791
    outer loop
      vertex 0 -5.08068 16.7333
      vertex 0 -3.69504 15.3333
      vertex -3.2 -1.84752 15.3333
    endloop
  endfacet
  facet normal -0.379628 0.657536 0.650791
    outer loop
      vertex 4.4 -2.54034 16.7333
      vertex 3.2 -1.84752 15.3333
      vertex 0 -3.69504 15.3333
    endloop
  endfacet
  facet normal -0.5 -0.866026 0
    outer loop
      vertex 0 5.08068 16.7333
      vertex 4.4 2.54034 18.3333
      vertex 0 5.08068 18.3333
    endloop
  endfacet
  facet normal -0.5 -0.866026 -0
    outer loop
      vertex 4.4 2.54034 18.3333
      vertex 0 5.08068 16.7333
      vertex 4.4 2.54034 16.7333
    endloop
  endfacet
  facet normal 0.5 -0.866026 0
    outer loop
      vertex -4.4 2.54034 16.7333
      vertex 0 5.08068 18.3333
      vertex -4.4 2.54034 18.3333
    endloop
  endfacet
  facet normal 0.5 -0.866026 0
    outer loop
      vertex 0 5.08068 18.3333
      vertex -4.4 2.54034 16.7333
      vertex 0 5.08068 16.7333
    endloop
  endfacet
  facet normal 1 -0 0
    outer loop
      vertex -4.4 -2.54034 18.3333
      vertex -4.4 2.54034 16.7333
      vertex -4.4 2.54034 18.3333
    endloop
  endfacet
  facet normal 1 0 0
    outer loop
      vertex -4.4 2.54034 16.7333
      vertex -4.4 -2.54034 18.3333
      vertex -4.4 -2.54034 16.7333
    endloop
  endfacet
  facet normal -0.379628 -0.657536 -0.650791
    outer loop
      vertex 0 5.08068 18.3333
      vertex 4.4 2.54034 18.3333
      vertex 0 3.69504 19.7333
    endloop
  endfacet
  facet normal 0.379628 -0.657536 -0.650791
    outer loop
      vertex 0 5.08068 18.3333
      vertex -3.2 1.84752 19.7333
      vertex -4.4 2.54034 18.3333
    endloop
  endfacet
  facet normal 0.759257 0 -0.650791
    outer loop
      vertex -3.2 -1.84752 19.7333
      vertex -4.4 2.54034 18.3333
      vertex -3.2 1.84752 19.7333
    endloop
  endfacet
  facet normal 0.759257 0 -0.650791
    outer loop
      vertex -4.4 2.54034 18.3333
      vertex -3.2 -1.84752 19.7333
      vertex -4.4 -2.54034 18.3333
    endloop
  endfacet
  facet normal 0.379628 0.657536 -0.650791
    outer loop
      vertex 0 -3.69504 19.7333
      vertex 0 -5.08068 18.3333
      vertex -4.4 -2.54034 18.3333
    endloop
  endfacet
  facet normal -0.379628 0.657536 -0.650791
    outer loop
      vertex 3.2 -1.84752 19.7333
      vertex 4.4 -2.54034 18.3333
      vertex 0 -5.08068 18.3333
    endloop
  endfacet
  facet normal -0.5 -0.866026 0
    outer loop
      vertex 0 3.69504 19.7333
      vertex 3.2 1.84752 26.3
      vertex 0 3.69504 26.3
    endloop
  endfacet
  facet normal -0.5 -0.866026 -0
    outer loop
      vertex 3.2 1.84752 26.3
      vertex 0 3.69504 19.7333
      vertex 3.2 1.84752 19.7333
    endloop
  endfacet
  facet normal 0.5 -0.866026 0
    outer loop
      vertex -3.2 1.84752 19.7333
      vertex 0 3.69504 26.3
      vertex -3.2 1.84752 26.3
    endloop
  endfacet
  facet normal 0.5 -0.866026 0
    outer loop
      vertex 0 3.69504 26.3
      vertex -3.2 1.84752 19.7333
      vertex 0 3.69504 19.7333
    endloop
  endfacet
  facet normal 1 -0 0
    outer loop
      vertex -3.2 -1.84752 26.3
      vertex -3.2 1.84752 19.7333
      vertex -3.2 1.84752 26.3
    endloop
  endfacet
  facet normal 1 0 0
    outer loop
      vertex -3.2 1.84752 19.7333
      vertex -3.2 -1.84752 26.3
      vertex -3.2 -1.84752 19.7333
    endloop
  endfacet
  facet normal -0.32333 -0.584786 -0.743965
    outer loop
      vertex 0 3.69504 26.3
      vertex 0.15957 1.18925 28.2003
      vertex 0.156631 1.18973 28.2012
    endloop
  endfacet
  facet normal -0.336676 -0.582487 -0.739837
    outer loop
      vertex 0 3.69504 26.3
      vertex 0.156631 1.18973 28.2012
      vertex 0.0784836 1.19743 28.2307
    endloop
  endfacet
  facet normal -0.335911 -0.582639 -0.740064
    outer loop
      vertex 0 3.69504 26.3
      vertex 0.0784836 1.19743 28.2307
      vertex 0 1.2 28.2643
    endloop
  endfacet
  facet normal -0.33634 -0.582557 -0.739934
    outer loop
      vertex 0.15957 1.18925 28.2003
      vertex 0 3.69504 26.3
      vertex 3.2 1.84752 26.3
    endloop
  endfacet
  facet normal 0.344086 -0.57324 -0.74364
    outer loop
      vertex -3.2 1.84752 26.3
      vertex -0.950134 0.732816 28.2003
      vertex -0.952024 0.730514 28.2012
    endloop
  endfacet
  facet normal 0.336129 -0.582792 -0.739845
    outer loop
      vertex -3.2 1.84752 26.3
      vertex -0.952024 0.730514 28.2012
      vertex -0.997763 0.666684 28.2307
    endloop
  endfacet
  facet normal 0.336631 -0.58222 -0.740067
    outer loop
      vertex -3.2 1.84752 26.3
      vertex -0.997763 0.666684 28.2307
      vertex -1.03923 0.599999 28.2643
    endloop
  endfacet
  facet normal 0.336339 -0.582557 -0.739934
    outer loop
      vertex -0.950134 0.732816 28.2003
      vertex -3.2 1.84752 26.3
      vertex 0 3.69504 26.3
    endloop
  endfacet
  facet normal 0.672508 0.00033305 -0.74009
    outer loop
      vertex -1.19743 -0.0784836 28.1205
      vertex -3.2 -1.84752 26.3
      vertex -1.2 0 28.1182
    endloop
  endfacet
  facet normal 0.672669 -6.08945e-07 -0.739943
    outer loop
      vertex -1.18973 -0.156631 28.1275
      vertex -3.2 -1.84752 26.3
      vertex -1.19743 -0.0784836 28.1205
    endloop
  endfacet
  facet normal 0.672564 0.00022777 -0.740039
    outer loop
      vertex -1.17694 -0.234108 28.1391
      vertex -3.2 -1.84752 26.3
      vertex -1.18973 -0.156631 28.1275
    endloop
  endfacet
  facet normal 0.672989 -0.000744677 -0.739652
    outer loop
      vertex -1.15911 -0.310582 28.1554
      vertex -3.2 -1.84752 26.3
      vertex -1.17694 -0.234108 28.1391
    endloop
  endfacet
  facet normal 0.67262 0.000149825 -0.739988
    outer loop
      vertex -1.13632 -0.385727 28.1761
      vertex -3.2 -1.84752 26.3
      vertex -1.15911 -0.310582 28.1554
    endloop
  endfacet
  facet normal 0.672509 0.000436544 -0.740089
    outer loop
      vertex -1.10865 -0.45922 28.2012
      vertex -3.2 -1.84752 26.3
      vertex -1.13632 -0.385727 28.1761
    endloop
  endfacet
  facet normal 0.6728 -0.000364823 -0.739824
    outer loop
      vertex -1.07625 -0.530746 28.2307
      vertex -3.2 -1.84752 26.3
      vertex -1.10865 -0.45922 28.2012
    endloop
  endfacet
  facet normal 0.672527 0.000440341 -0.740073
    outer loop
      vertex -3.2 -1.84752 26.3
      vertex -1.07625 -0.530746 28.2307
      vertex -1.03923 -0.599999 28.2643
    endloop
  endfacet
  facet normal 0.672676 0 -0.739937
    outer loop
      vertex -3.2 1.84752 26.3
      vertex -1.2 0 28.1182
      vertex -3.2 -1.84752 26.3
    endloop
  endfacet
  facet normal 0.672508 -0.00033305 -0.74009
    outer loop
      vertex -1.2 0 28.1182
      vertex -3.2 1.84752 26.3
      vertex -1.19743 0.0784836 28.1205
    endloop
  endfacet
  facet normal 0.672669 6.08945e-07 -0.739943
    outer loop
      vertex -1.19743 0.0784836 28.1205
      vertex -3.2 1.84752 26.3
      vertex -1.18973 0.156631 28.1275
    endloop
  endfacet
  facet normal 0.672564 -0.00022777 -0.740039
    outer loop
      vertex -1.18973 0.156631 28.1275
      vertex -3.2 1.84752 26.3
      vertex -1.17694 0.234108 28.1391
    endloop
  endfacet
  facet normal 0.672989 0.000744677 -0.739652
    outer loop
      vertex -1.17694 0.234108 28.1391
      vertex -3.2 1.84752 26.3
      vertex -1.15911 0.310582 28.1554
    endloop
  endfacet
  facet normal 0.67262 -0.000149825 -0.739988
    outer loop
      vertex -1.15911 0.310582 28.1554
      vertex -3.2 1.84752 26.3
      vertex -1.13632 0.385727 28.1761
    endloop
  endfacet
  facet normal 0.672509 -0.000436544 -0.740089
    outer loop
      vertex -1.13632 0.385727 28.1761
      vertex -3.2 1.84752 26.3
      vertex -1.10865 0.45922 28.2012
    endloop
  endfacet
  facet normal 0.6728 0.000364823 -0.739824
    outer loop
      vertex -1.10865 0.45922 28.2012
      vertex -3.2 1.84752 26.3
      vertex -1.07625 0.530746 28.2307
    endloop
  endfacet
  facet normal 0.672527 -0.000440341 -0.740073
    outer loop
      vertex -1.07625 0.530746 28.2307
      vertex -3.2 1.84752 26.3
      vertex -1.03923 0.599999 28.2643
    endloop
  endfacet
  facet normal 0.335911 0.582639 -0.740064
    outer loop
      vertex 0 -3.69504 26.3
      vertex -0.0784836 -1.19743 28.2307
      vertex 0 -1.2 28.2643
    endloop
  endfacet
  facet normal 0.336676 0.582487 -0.739837
    outer loop
      vertex 0 -3.69504 26.3
      vertex -0.156631 -1.18973 28.2012
      vertex -0.0784836 -1.19743 28.2307
    endloop
  endfacet
  facet normal 0.32333 0.584786 -0.743965
    outer loop
      vertex 0 -3.69504 26.3
      vertex -0.15957 -1.18925 28.2003
      vertex -0.156631 -1.18973 28.2012
    endloop
  endfacet
  facet normal 0.33634 0.582557 -0.739934
    outer loop
      vertex -0.15957 -1.18925 28.2003
      vertex 0 -3.69504 26.3
      vertex -3.2 -1.84752 26.3
    endloop
  endfacet
  facet normal -0.336631 0.58222 -0.740067
    outer loop
      vertex 3.2 -1.84752 26.3
      vertex 0.997763 -0.666684 28.2307
      vertex 1.03923 -0.599999 28.2643
    endloop
  endfacet
  facet normal -0.336129 0.582792 -0.739845
    outer loop
      vertex 3.2 -1.84752 26.3
      vertex 0.952024 -0.730514 28.2012
      vertex 0.997763 -0.666684 28.2307
    endloop
  endfacet
  facet normal -0.344086 0.57324 -0.74364
    outer loop
      vertex 3.2 -1.84752 26.3
      vertex 0.950134 -0.732816 28.2003
      vertex 0.952024 -0.730514 28.2012
    endloop
  endfacet
  facet normal -0.336339 0.582557 -0.739934
    outer loop
      vertex 0.950134 -0.732816 28.2003
      vertex 3.2 -1.84752 26.3
      vertex 0 -3.69504 26.3
    endloop
  endfacet
  facet normal -0.376287 -0.651749 -0.658507
    outer loop
      vertex 3.9 2.25167 0
      vertex 3.2 1.84752 0.799999
      vertex 0 3.69504 0.799999
    endloop
  endfacet
  facet normal 0.376288 -0.65175 -0.658505
    outer loop
      vertex 0 4.50333 0
      vertex 0 3.69504 0.799999
      vertex -3.2 1.84752 0.799999
    endloop
  endfacet
  facet normal 0.376287 0.651749 -0.658507
    outer loop
      vertex -3.2 -1.84752 0.799999
      vertex 0 -3.69504 0.799999
      vertex -3.9 -2.25167 0
    endloop
  endfacet
  facet normal -0.376288 0.65175 -0.658505
    outer loop
      vertex 0 -3.69504 0.799999
      vertex 3.2 -1.84752 0.799999
      vertex 0 -4.50333 0
    endloop
  endfacet
  facet normal -0.752576 0 -0.658505
    outer loop
      vertex 3.9 2.25167 0
      vertex 3.2 -1.84752 0.799999
      vertex 3.2 1.84752 0.799999
    endloop
  endfacet
  facet normal -0.752576 0 -0.658505
    outer loop
      vertex 3.2 -1.84752 0.799999
      vertex 3.9 2.25167 0
      vertex 3.9 -2.25167 0
    endloop
  endfacet
  facet normal 0.5 0.866026 -0
    outer loop
      vertex 0 -3.69504 0.799999
      vertex -3.2 -1.84752 6.56667
      vertex 0 -3.69504 6.56667
    endloop
  endfacet
  facet normal 0.5 0.866026 0
    outer loop
      vertex -3.2 -1.84752 6.56667
      vertex 0 -3.69504 0.799999
      vertex -3.2 -1.84752 0.799999
    endloop
  endfacet
  facet normal -0.5 0.866026 0
    outer loop
      vertex 3.2 -1.84752 0.799999
      vertex 0 -3.69504 6.56667
      vertex 3.2 -1.84752 6.56667
    endloop
  endfacet
  facet normal -0.5 0.866026 0
    outer loop
      vertex 0 -3.69504 6.56667
      vertex 3.2 -1.84752 0.799999
      vertex 0 -3.69504 0.799999
    endloop
  endfacet
  facet normal -1 0 0
    outer loop
      vertex 3.2 -1.84752 0.799999
      vertex 3.2 1.84752 6.56667
      vertex 3.2 1.84752 0.799999
    endloop
  endfacet
  facet normal -1 -0 0
    outer loop
      vertex 3.2 1.84752 6.56667
      vertex 3.2 -1.84752 0.799999
      vertex 3.2 -1.84752 6.56667
    endloop
  endfacet
  facet normal -0.379628 -0.657536 0.650791
    outer loop
      vertex 3.2 1.84752 6.56667
      vertex 4.4 2.54034 7.96667
      vertex 0 5.08068 7.96667
    endloop
  endfacet
  facet normal 0.379628 -0.657536 0.650791
    outer loop
      vertex 0 3.69504 6.56667
      vertex 0 5.08068 7.96667
      vertex -4.4 2.54034 7.96667
    endloop
  endfacet
  facet normal 0.379628 0.657536 0.650791
    outer loop
      vertex 0 -5.08068 7.96667
      vertex -3.2 -1.84752 6.56667
      vertex -4.4 -2.54034 7.96667
    endloop
  endfacet
  facet normal -0.379628 0.657536 0.650791
    outer loop
      vertex 4.4 -2.54034 7.96667
      vertex 0 -3.69504 6.56667
      vertex 0 -5.08068 7.96667
    endloop
  endfacet
  facet normal -0.759257 0 0.650791
    outer loop
      vertex 3.2 -1.84752 6.56667
      vertex 4.4 2.54034 7.96667
      vertex 3.2 1.84752 6.56667
    endloop
  endfacet
  facet normal -0.759257 0 0.650791
    outer loop
      vertex 4.4 2.54034 7.96667
      vertex 3.2 -1.84752 6.56667
      vertex 4.4 -2.54034 7.96667
    endloop
  endfacet
  facet normal 0.5 0.866026 -0
    outer loop
      vertex 0 -5.08068 7.96667
      vertex -4.4 -2.54034 9.56667
      vertex 0 -5.08068 9.56667
    endloop
  endfacet
  facet normal 0.5 0.866026 0
    outer loop
      vertex -4.4 -2.54034 9.56667
      vertex 0 -5.08068 7.96667
      vertex -4.4 -2.54034 7.96667
    endloop
  endfacet
  facet normal -0.5 0.866026 0
    outer loop
      vertex 4.4 -2.54034 7.96667
      vertex 0 -5.08068 9.56667
      vertex 4.4 -2.54034 9.56667
    endloop
  endfacet
  facet normal -0.5 0.866026 0
    outer loop
      vertex 0 -5.08068 9.56667
      vertex 4.4 -2.54034 7.96667
      vertex 0 -5.08068 7.96667
    endloop
  endfacet
  facet normal -1 0 0
    outer loop
      vertex 4.4 -2.54034 7.96667
      vertex 4.4 2.54034 9.56667
      vertex 4.4 2.54034 7.96667
    endloop
  endfacet
  facet normal -1 -0 0
    outer loop
      vertex 4.4 2.54034 9.56667
      vertex 4.4 -2.54034 7.96667
      vertex 4.4 -2.54034 9.56667
    endloop
  endfacet
  facet normal -0.379632 -0.657542 -0.650783
    outer loop
      vertex 4.4 2.54034 9.56667
      vertex 3.2 1.84752 10.9667
      vertex 0 3.69504 10.9667
    endloop
  endfacet
  facet normal 0.379632 -0.657542 -0.650783
    outer loop
      vertex 0 5.08068 9.56667
      vertex 0 3.69504 10.9667
      vertex -3.2 1.84752 10.9667
    endloop
  endfacet
  facet normal 0.379632 0.657542 -0.650783
    outer loop
      vertex -3.2 -1.84752 10.9667
      vertex 0 -3.69504 10.9667
      vertex -4.4 -2.54034 9.56667
    endloop
  endfacet
  facet normal -0.379632 0.657542 -0.650783
    outer loop
      vertex 0 -3.69504 10.9667
      vertex 3.2 -1.84752 10.9667
      vertex 0 -5.08068 9.56667
    endloop
  endfacet
  facet normal -0.759263 0 -0.650783
    outer loop
      vertex 4.4 2.54034 9.56667
      vertex 3.2 -1.84752 10.9667
      vertex 3.2 1.84752 10.9667
    endloop
  endfacet
  facet normal -0.759263 0 -0.650783
    outer loop
      vertex 3.2 -1.84752 10.9667
      vertex 4.4 2.54034 9.56667
      vertex 4.4 -2.54034 9.56667
    endloop
  endfacet
  facet normal 0.5 0.866026 -0
    outer loop
      vertex 0 -3.69504 10.9667
      vertex -3.2 -1.84752 15.3333
      vertex 0 -3.69504 15.3333
    endloop
  endfacet
  facet normal 0.5 0.866026 0
    outer loop
      vertex -3.2 -1.84752 15.3333
      vertex 0 -3.69504 10.9667
      vertex -3.2 -1.84752 10.9667
    endloop
  endfacet
  facet normal -0.5 0.866026 0
    outer loop
      vertex 3.2 -1.84752 10.9667
      vertex 0 -3.69504 15.3333
      vertex 3.2 -1.84752 15.3333
    endloop
  endfacet
  facet normal -0.5 0.866026 0
    outer loop
      vertex 0 -3.69504 15.3333
      vertex 3.2 -1.84752 10.9667
      vertex 0 -3.69504 10.9667
    endloop
  endfacet
  facet normal -1 0 0
    outer loop
      vertex 3.2 -1.84752 10.9667
      vertex 3.2 1.84752 15.3333
      vertex 3.2 1.84752 10.9667
    endloop
  endfacet
  facet normal -1 -0 0
    outer loop
      vertex 3.2 1.84752 15.3333
      vertex 3.2 -1.84752 10.9667
      vertex 3.2 -1.84752 15.3333
    endloop
  endfacet
  facet normal -0.379628 -0.657536 0.650791
    outer loop
      vertex 3.2 1.84752 15.3333
      vertex 4.4 2.54034 16.7333
      vertex 0 5.08068 16.7333
    endloop
  endfacet
  facet normal 0.379628 -0.657536 0.650791
    outer loop
      vertex 0 3.69504 15.3333
      vertex 0 5.08068 16.7333
      vertex -4.4 2.54034 16.7333
    endloop
  endfacet
  facet normal 0.379628 0.657536 0.650791
    outer loop
      vertex 0 -5.08068 16.7333
      vertex -3.2 -1.84752 15.3333
      vertex -4.4 -2.54034 16.7333
    endloop
  endfacet
  facet normal -0.379628 0.657536 0.650791
    outer loop
      vertex 4.4 -2.54034 16.7333
      vertex 0 -3.69504 15.3333
      vertex 0 -5.08068 16.7333
    endloop
  endfacet
  facet normal -0.759257 0 0.650791
    outer loop
      vertex 3.2 -1.84752 15.3333
      vertex 4.4 2.54034 16.7333
      vertex 3.2 1.84752 15.3333
    endloop
  endfacet
  facet normal -0.759257 0 0.650791
    outer loop
      vertex 4.4 2.54034 16.7333
      vertex 3.2 -1.84752 15.3333
      vertex 4.4 -2.54034 16.7333
    endloop
  endfacet
  facet normal 0.5 0.866026 -0
    outer loop
      vertex 0 -5.08068 16.7333
      vertex -4.4 -2.54034 18.3333
      vertex 0 -5.08068 18.3333
    endloop
  endfacet
  facet normal 0.5 0.866026 0
    outer loop
      vertex -4.4 -2.54034 18.3333
      vertex 0 -5.08068 16.7333
      vertex -4.4 -2.54034 16.7333
    endloop
  endfacet
  facet normal -0.5 0.866026 0
    outer loop
      vertex 4.4 -2.54034 16.7333
      vertex 0 -5.08068 18.3333
      vertex 4.4 -2.54034 18.3333
    endloop
  endfacet
  facet normal -0.5 0.866026 0
    outer loop
      vertex 0 -5.08068 18.3333
      vertex 4.4 -2.54034 16.7333
      vertex 0 -5.08068 16.7333
    endloop
  endfacet
  facet normal -1 0 0
    outer loop
      vertex 4.4 -2.54034 16.7333
      vertex 4.4 2.54034 18.3333
      vertex 4.4 2.54034 16.7333
    endloop
  endfacet
  facet normal -1 -0 0
    outer loop
      vertex 4.4 2.54034 18.3333
      vertex 4.4 -2.54034 16.7333
      vertex 4.4 -2.54034 18.3333
    endloop
  endfacet
  facet normal -0.379628 -0.657536 -0.650791
    outer loop
      vertex 4.4 2.54034 18.3333
      vertex 3.2 1.84752 19.7333
      vertex 0 3.69504 19.7333
    endloop
  endfacet
  facet normal 0.379628 -0.657536 -0.650791
    outer loop
      vertex 0 5.08068 18.3333
      vertex 0 3.69504 19.7333
      vertex -3.2 1.84752 19.7333
    endloop
  endfacet
  facet normal 0.379628 0.657536 -0.650791
    outer loop
      vertex -3.2 -1.84752 19.7333
      vertex 0 -3.69504 19.7333
      vertex -4.4 -2.54034 18.3333
    endloop
  endfacet
  facet normal -0.379628 0.657536 -0.650791
    outer loop
      vertex 0 -3.69504 19.7333
      vertex 3.2 -1.84752 19.7333
      vertex 0 -5.08068 18.3333
    endloop
  endfacet
  facet normal -0.759257 0 -0.650791
    outer loop
      vertex 4.4 2.54034 18.3333
      vertex 3.2 -1.84752 19.7333
      vertex 3.2 1.84752 19.7333
    endloop
  endfacet
  facet normal -0.759257 0 -0.650791
    outer loop
      vertex 3.2 -1.84752 19.7333
      vertex 4.4 2.54034 18.3333
      vertex 4.4 -2.54034 18.3333
    endloop
  endfacet
  facet normal 0.5 0.866026 -0
    outer loop
      vertex 0 -3.69504 19.7333
      vertex -3.2 -1.84752 26.3
      vertex 0 -3.69504 26.3
    endloop
  endfacet
  facet normal 0.5 0.866026 0
    outer loop
      vertex -3.2 -1.84752 26.3
      vertex 0 -3.69504 19.7333
      vertex -3.2 -1.84752 19.7333
    endloop
  endfacet
  facet normal -0.5 0.866026 0
    outer loop
      vertex 3.2 -1.84752 19.7333
      vertex 0 -3.69504 26.3
      vertex 3.2 -1.84752 26.3
    endloop
  endfacet
  facet normal -0.5 0.866026 0
    outer loop
      vertex 0 -3.69504 26.3
      vertex 3.2 -1.84752 19.7333
      vertex 0 -3.69504 19.7333
    endloop
  endfacet
  facet normal -1 0 0
    outer loop
      vertex 3.2 -1.84752 19.7333
      vertex 3.2 1.84752 26.3
      vertex 3.2 1.84752 19.7333
    endloop
  endfacet
  facet normal -1 -0 0
    outer loop
      vertex 3.2 1.84752 26.3
      vertex 3.2 -1.84752 19.7333
      vertex 3.2 -1.84752 26.3
    endloop
  endfacet
  facet normal -0.336631 -0.58222 -0.740067
    outer loop
      vertex 0.997763 0.666684 28.2307
      vertex 3.2 1.84752 26.3
      vertex 1.03923 0.599999 28.2643
    endloop
  endfacet
  facet normal -0.336129 -0.582792 -0.739845
    outer loop
      vertex 0.952024 0.730514 28.2012
      vertex 3.2 1.84752 26.3
      vertex 0.997763 0.666684 28.2307
    endloop
  endfacet
  facet normal -0.336584 -0.582251 -0.740064
    outer loop
      vertex 0.902207 0.791215 28.1761
      vertex 3.2 1.84752 26.3
      vertex 0.952024 0.730514 28.2012
    endloop
  endfacet
  facet normal -0.336464 -0.5824 -0.740002
    outer loop
      vertex 0.848528 0.848528 28.1554
      vertex 3.2 1.84752 26.3
      vertex 0.902207 0.791215 28.1761
    endloop
  endfacet
  facet normal -0.335854 -0.583192 -0.739655
    outer loop
      vertex 0.791215 0.902207 28.1391
      vertex 3.2 1.84752 26.3
      vertex 0.848528 0.848528 28.1554
    endloop
  endfacet
  facet normal -0.336491 -0.582329 -0.740045
    outer loop
      vertex 0.730514 0.952024 28.1275
      vertex 3.2 1.84752 26.3
      vertex 0.791215 0.902207 28.1391
    endloop
  endfacet
  facet normal -0.336315 -0.582577 -0.73993
    outer loop
      vertex 0.666684 0.997763 28.1205
      vertex 3.2 1.84752 26.3
      vertex 0.730514 0.952024 28.1275
    endloop
  endfacet
  facet normal -0.336537 -0.58225 -0.740086
    outer loop
      vertex 0.599999 1.03923 28.1182
      vertex 3.2 1.84752 26.3
      vertex 0.666684 0.997763 28.1205
    endloop
  endfacet
  facet normal -0.336142 -0.582855 -0.739789
    outer loop
      vertex 0.530746 1.07625 28.1205
      vertex 3.2 1.84752 26.3
      vertex 0.599999 1.03923 28.1182
    endloop
  endfacet
  facet normal -0.336314 -0.582583 -0.739926
    outer loop
      vertex 0.45922 1.10865 28.1275
      vertex 3.2 1.84752 26.3
      vertex 0.530746 1.07625 28.1205
    endloop
  endfacet
  facet normal -0.33619 -0.582785 -0.739823
    outer loop
      vertex 0.385727 1.13632 28.1391
      vertex 3.2 1.84752 26.3
      vertex 0.45922 1.10865 28.1275
    endloop
  endfacet
  facet normal -0.336972 -0.581462 -0.740508
    outer loop
      vertex 0.310582 1.15911 28.1554
      vertex 3.2 1.84752 26.3
      vertex 0.385727 1.13632 28.1391
    endloop
  endfacet
  facet normal -0.336141 -0.582907 -0.739749
    outer loop
      vertex 0.234108 1.17694 28.1761
      vertex 3.2 1.84752 26.3
      vertex 0.310582 1.15911 28.1554
    endloop
  endfacet
  facet normal -0.336443 -0.582369 -0.740035
    outer loop
      vertex 3.2 1.84752 26.3
      vertex 0.234108 1.17694 28.1761
      vertex 0.15957 1.18925 28.2003
    endloop
  endfacet
  facet normal 0.335911 -0.582639 -0.740064
    outer loop
      vertex -0.0784836 1.19743 28.2307
      vertex 0 3.69504 26.3
      vertex 0 1.2 28.2643
    endloop
  endfacet
  facet normal 0.336676 -0.582487 -0.739837
    outer loop
      vertex -0.156631 1.18973 28.2012
      vertex 0 3.69504 26.3
      vertex -0.0784836 1.19743 28.2307
    endloop
  endfacet
  facet normal 0.335937 -0.582618 -0.740069
    outer loop
      vertex -0.234108 1.17694 28.1761
      vertex 0 3.69504 26.3
      vertex -0.156631 1.18973 28.2012
    endloop
  endfacet
  facet normal 0.336135 -0.582587 -0.740004
    outer loop
      vertex -0.310582 1.15911 28.1554
      vertex 0 3.69504 26.3
      vertex -0.234108 1.17694 28.1761
    endloop
  endfacet
  facet normal 0.337093 -0.582459 -0.739669
    outer loop
      vertex -0.385727 1.13632 28.1391
      vertex 0 3.69504 26.3
      vertex -0.310582 1.15911 28.1554
    endloop
  endfacet
  facet normal 0.336139 -0.582567 -0.740018
    outer loop
      vertex -0.45922 1.10865 28.1275
      vertex 0 3.69504 26.3
      vertex -0.385727 1.13632 28.1391
    endloop
  endfacet
  facet normal 0.336302 -0.582552 -0.739956
    outer loop
      vertex -0.530746 1.07625 28.1205
      vertex 0 3.69504 26.3
      vertex -0.45922 1.10865 28.1275
    endloop
  endfacet
  facet normal 0.336001 -0.582574 -0.740075
    outer loop
      vertex -0.599999 1.03923 28.1182
      vertex 0 3.69504 26.3
      vertex -0.530746 1.07625 28.1205
    endloop
  endfacet
  facet normal 0.336724 -0.582534 -0.739778
    outer loop
      vertex -0.666684 0.997763 28.1205
      vertex 0 3.69504 26.3
      vertex -0.599999 1.03923 28.1182
    endloop
  endfacet
  facet normal 0.336292 -0.58255 -0.739961
    outer loop
      vertex -0.730514 0.952024 28.1275
      vertex 0 3.69504 26.3
      vertex -0.666684 0.997763 28.1205
    endloop
  endfacet
  facet normal 0.336716 -0.58254 -0.739776
    outer loop
      vertex -0.791215 0.902207 28.1391
      vertex 0 3.69504 26.3
      vertex -0.730514 0.952024 28.1275
    endloop
  endfacet
  facet normal 0.335009 -0.582558 -0.740537
    outer loop
      vertex -0.848528 0.848528 28.1554
      vertex 0 3.69504 26.3
      vertex -0.791215 0.902207 28.1391
    endloop
  endfacet
  facet normal 0.336731 -0.58256 -0.739754
    outer loop
      vertex -0.902207 0.791215 28.1761
      vertex 0 3.69504 26.3
      vertex -0.848528 0.848528 28.1554
    endloop
  endfacet
  facet normal 0.336187 -0.582554 -0.740006
    outer loop
      vertex 0 3.69504 26.3
      vertex -0.902207 0.791215 28.1761
      vertex -0.950134 0.732816 28.2003
    endloop
  endfacet
  facet normal 0.336631 0.58222 -0.740067
    outer loop
      vertex -0.997763 -0.666684 28.2307
      vertex -3.2 -1.84752 26.3
      vertex -1.03923 -0.599999 28.2643
    endloop
  endfacet
  facet normal 0.336129 0.582792 -0.739845
    outer loop
      vertex -0.952024 -0.730514 28.2012
      vertex -3.2 -1.84752 26.3
      vertex -0.997763 -0.666684 28.2307
    endloop
  endfacet
  facet normal 0.336584 0.582251 -0.740064
    outer loop
      vertex -0.902207 -0.791215 28.1761
      vertex -3.2 -1.84752 26.3
      vertex -0.952024 -0.730514 28.2012
    endloop
  endfacet
  facet normal 0.336464 0.5824 -0.740002
    outer loop
      vertex -0.848528 -0.848528 28.1554
      vertex -3.2 -1.84752 26.3
      vertex -0.902207 -0.791215 28.1761
    endloop
  endfacet
  facet normal 0.335854 0.583192 -0.739655
    outer loop
      vertex -0.791215 -0.902207 28.1391
      vertex -3.2 -1.84752 26.3
      vertex -0.848528 -0.848528 28.1554
    endloop
  endfacet
  facet normal 0.336491 0.582329 -0.740045
    outer loop
      vertex -0.730514 -0.952024 28.1275
      vertex -3.2 -1.84752 26.3
      vertex -0.791215 -0.902207 28.1391
    endloop
  endfacet
  facet normal 0.336315 0.582577 -0.73993
    outer loop
      vertex -0.666684 -0.997763 28.1205
      vertex -3.2 -1.84752 26.3
      vertex -0.730514 -0.952024 28.1275
    endloop
  endfacet
  facet normal 0.336537 0.58225 -0.740086
    outer loop
      vertex -0.599999 -1.03923 28.1182
      vertex -3.2 -1.84752 26.3
      vertex -0.666684 -0.997763 28.1205
    endloop
  endfacet
  facet normal 0.336142 0.582855 -0.739789
    outer loop
      vertex -0.530746 -1.07625 28.1205
      vertex -3.2 -1.84752 26.3
      vertex -0.599999 -1.03923 28.1182
    endloop
  endfacet
  facet normal 0.336314 0.582583 -0.739926
    outer loop
      vertex -0.45922 -1.10865 28.1275
      vertex -3.2 -1.84752 26.3
      vertex -0.530746 -1.07625 28.1205
    endloop
  endfacet
  facet normal 0.33619 0.582785 -0.739823
    outer loop
      vertex -0.385727 -1.13632 28.1391
      vertex -3.2 -1.84752 26.3
      vertex -0.45922 -1.10865 28.1275
    endloop
  endfacet
  facet normal 0.336972 0.581462 -0.740508
    outer loop
      vertex -0.310582 -1.15911 28.1554
      vertex -3.2 -1.84752 26.3
      vertex -0.385727 -1.13632 28.1391
    endloop
  endfacet
  facet normal 0.336141 0.582907 -0.739749
    outer loop
      vertex -0.234108 -1.17694 28.1761
      vertex -3.2 -1.84752 26.3
      vertex -0.310582 -1.15911 28.1554
    endloop
  endfacet
  facet normal 0.336443 0.582369 -0.740035
    outer loop
      vertex -3.2 -1.84752 26.3
      vertex -0.234108 -1.17694 28.1761
      vertex -0.15957 -1.18925 28.2003
    endloop
  endfacet
  facet normal -0.336187 0.582554 -0.740006
    outer loop
      vertex 0 -3.69504 26.3
      vertex 0.902207 -0.791215 28.1761
      vertex 0.950134 -0.732816 28.2003
    endloop
  endfacet
  facet normal -0.336731 0.58256 -0.739754
    outer loop
      vertex 0 -3.69504 26.3
      vertex 0.848528 -0.848528 28.1554
      vertex 0.902207 -0.791215 28.1761
    endloop
  endfacet
  facet normal -0.335009 0.582558 -0.740537
    outer loop
      vertex 0 -3.69504 26.3
      vertex 0.791215 -0.902207 28.1391
      vertex 0.848528 -0.848528 28.1554
    endloop
  endfacet
  facet normal -0.336716 0.58254 -0.739776
    outer loop
      vertex 0 -3.69504 26.3
      vertex 0.730514 -0.952024 28.1275
      vertex 0.791215 -0.902207 28.1391
    endloop
  endfacet
  facet normal -0.336292 0.58255 -0.739961
    outer loop
      vertex 0 -3.69504 26.3
      vertex 0.666684 -0.997763 28.1205
      vertex 0.730514 -0.952024 28.1275
    endloop
  endfacet
  facet normal -0.336724 0.582534 -0.739778
    outer loop
      vertex 0 -3.69504 26.3
      vertex 0.599999 -1.03923 28.1182
      vertex 0.666684 -0.997763 28.1205
    endloop
  endfacet
  facet normal -0.336001 0.582574 -0.740075
    outer loop
      vertex 0 -3.69504 26.3
      vertex 0.530746 -1.07625 28.1205
      vertex 0.599999 -1.03923 28.1182
    endloop
  endfacet
  facet normal -0.336302 0.582552 -0.739956
    outer loop
      vertex 0 -3.69504 26.3
      vertex 0.45922 -1.10865 28.1275
      vertex 0.530746 -1.07625 28.1205
    endloop
  endfacet
  facet normal -0.336139 0.582567 -0.740018
    outer loop
      vertex 0 -3.69504 26.3
      vertex 0.385727 -1.13632 28.1391
      vertex 0.45922 -1.10865 28.1275
    endloop
  endfacet
  facet normal -0.337093 0.582459 -0.739669
    outer loop
      vertex 0 -3.69504 26.3
      vertex 0.310582 -1.15911 28.1554
      vertex 0.385727 -1.13632 28.1391
    endloop
  endfacet
  facet normal -0.336135 0.582587 -0.740004
    outer loop
      vertex 0 -3.69504 26.3
      vertex 0.234108 -1.17694 28.1761
      vertex 0.310582 -1.15911 28.1554
    endloop
  endfacet
  facet normal -0.335937 0.582618 -0.740069
    outer loop
      vertex 0 -3.69504 26.3
      vertex 0.156631 -1.18973 28.2012
      vertex 0.234108 -1.17694 28.1761
    endloop
  endfacet
  facet normal -0.336676 0.582487 -0.739837
    outer loop
      vertex 0 -3.69504 26.3
      vertex 0.0784836 -1.19743 28.2307
      vertex 0.156631 -1.18973 28.2012
    endloop
  endfacet
  facet normal -0.335911 0.582639 -0.740064
    outer loop
      vertex 0.0784836 -1.19743 28.2307
      vertex 0 -3.69504 26.3
      vertex 0 -1.2 28.2643
    endloop
  endfacet
  facet normal -0.672676 0 -0.739937
    outer loop
      vertex 3.2 -1.84752 26.3
      vertex 1.2 0 28.1182
      vertex 3.2 1.84752 26.3
    endloop
  endfacet
  facet normal -0.672508 0.00033305 -0.74009
    outer loop
      vertex 3.2 -1.84752 26.3
      vertex 1.19743 -0.0784836 28.1205
      vertex 1.2 0 28.1182
    endloop
  endfacet
  facet normal -0.672669 -6.08945e-07 -0.739943
    outer loop
      vertex 3.2 -1.84752 26.3
      vertex 1.18973 -0.156631 28.1275
      vertex 1.19743 -0.0784836 28.1205
    endloop
  endfacet
  facet normal -0.672564 0.00022777 -0.740039
    outer loop
      vertex 3.2 -1.84752 26.3
      vertex 1.17694 -0.234108 28.1391
      vertex 1.18973 -0.156631 28.1275
    endloop
  endfacet
  facet normal -0.672989 -0.000744677 -0.739652
    outer loop
      vertex 3.2 -1.84752 26.3
      vertex 1.15911 -0.310582 28.1554
      vertex 1.17694 -0.234108 28.1391
    endloop
  endfacet
  facet normal -0.67262 0.000149825 -0.739988
    outer loop
      vertex 3.2 -1.84752 26.3
      vertex 1.13632 -0.385727 28.1761
      vertex 1.15911 -0.310582 28.1554
    endloop
  endfacet
  facet normal -0.672509 0.000436544 -0.740089
    outer loop
      vertex 3.2 -1.84752 26.3
      vertex 1.10865 -0.45922 28.2012
      vertex 1.13632 -0.385727 28.1761
    endloop
  endfacet
  facet normal -0.6728 -0.000364823 -0.739824
    outer loop
      vertex 3.2 -1.84752 26.3
      vertex 1.07625 -0.530746 28.2307
      vertex 1.10865 -0.45922 28.2012
    endloop
  endfacet
  facet normal -0.672527 0.000440341 -0.740073
    outer loop
      vertex 1.07625 -0.530746 28.2307
      vertex 3.2 -1.84752 26.3
      vertex 1.03923 -0.599999 28.2643
    endloop
  endfacet
  facet normal -0.672508 -0.00033305 -0.74009
    outer loop
      vertex 1.19743 0.0784836 28.1205
      vertex 3.2 1.84752 26.3
      vertex 1.2 0 28.1182
    endloop
  endfacet
  facet normal -0.672669 6.08945e-07 -0.739943
    outer loop
      vertex 1.18973 0.156631 28.1275
      vertex 3.2 1.84752 26.3
      vertex 1.19743 0.0784836 28.1205
    endloop
  endfacet
  facet normal -0.672564 -0.00022777 -0.740039
    outer loop
      vertex 1.17694 0.234108 28.1391
      vertex 3.2 1.84752 26.3
      vertex 1.18973 0.156631 28.1275
    endloop
  endfacet
  facet normal -0.672989 0.000744677 -0.739652
    outer loop
      vertex 1.15911 0.310582 28.1554
      vertex 3.2 1.84752 26.3
      vertex 1.17694 0.234108 28.1391
    endloop
  endfacet
  facet normal -0.67262 -0.000149825 -0.739988
    outer loop
      vertex 1.13632 0.385727 28.1761
      vertex 3.2 1.84752 26.3
      vertex 1.15911 0.310582 28.1554
    endloop
  endfacet
  facet normal -0.672509 -0.000436544 -0.740089
    outer loop
      vertex 1.10865 0.45922 28.2012
      vertex 3.2 1.84752 26.3
      vertex 1.13632 0.385727 28.1761
    endloop
  endfacet
  facet normal -0.6728 0.000364823 -0.739824
    outer loop
      vertex 1.07625 0.530746 28.2307
      vertex 3.2 1.84752 26.3
      vertex 1.10865 0.45922 28.2012
    endloop
  endfacet
  facet normal -0.672527 -0.000440341 -0.740073
    outer loop
      vertex 3.2 1.84752 26.3
      vertex 1.07625 0.530746 28.2307
      vertex 1.03923 0.599999 28.2643
    endloop
  endfacet
  facet normal -0.995181 -0.0980569 -0
    outer loop
      vertex 1.19743 0.0784836 31.35
      vertex 1.18973 0.156631 28.1275
      vertex 1.19743 0.0784836 28.1205
    endloop
  endfacet
  facet normal -0.995181 -0.0980569 0
    outer loop
      vertex 1.18973 0.156631 28.1275
      vertex 1.19743 0.0784836 31.35
      vertex 1.18973 0.156631 31.35
    endloop
  endfacet
  facet normal -0.999464 -0.0327282 -0
    outer loop
      vertex 1.2 0 31.35
      vertex 1.19743 0.0784836 28.1205
      vertex 1.2 0 28.1182
    endloop
  endfacet
  facet normal -0.999464 -0.0327282 0
    outer loop
      vertex 1.19743 0.0784836 28.1205
      vertex 1.2 0 31.35
      vertex 1.19743 0.0784836 31.35
    endloop
  endfacet
  facet normal -0.986646 -0.162877 -0
    outer loop
      vertex 1.18973 0.156631 31.35
      vertex 1.17694 0.234108 28.1391
      vertex 1.18973 0.156631 28.1275
    endloop
  endfacet
  facet normal -0.986646 -0.162877 0
    outer loop
      vertex 1.17694 0.234108 28.1391
      vertex 1.18973 0.156631 31.35
      vertex 1.17694 0.234108 31.35
    endloop
  endfacet
  facet normal -0.97388 -0.227061 -0
    outer loop
      vertex 1.17694 0.234108 31.35
      vertex 1.15911 0.310582 28.1554
      vertex 1.17694 0.234108 28.1391
    endloop
  endfacet
  facet normal -0.97388 -0.227061 0
    outer loop
      vertex 1.15911 0.310582 28.1554
      vertex 1.17694 0.234108 31.35
      vertex 1.15911 0.310582 31.35
    endloop
  endfacet
  facet normal -0.986646 0.162877 0
    outer loop
      vertex 1.17694 -0.234108 28.1391
      vertex 1.18973 -0.156631 31.35
      vertex 1.18973 -0.156631 28.1275
    endloop
  endfacet
  facet normal -0.986646 0.162877 0
    outer loop
      vertex 1.18973 -0.156631 31.35
      vertex 1.17694 -0.234108 28.1391
      vertex 1.17694 -0.234108 31.35
    endloop
  endfacet
  facet normal -0.162877 -0.986646 0
    outer loop
      vertex 0.156631 1.18973 28.2012
      vertex 0.234108 1.17694 31.35
      vertex 0.156631 1.18973 31.35
    endloop
  endfacet
  facet normal -0.161198 -0.986922 -4.24287e-05
    outer loop
      vertex 0.15957 1.18925 28.2003
      vertex 0.234108 1.17694 31.35
      vertex 0.156631 1.18973 28.2012
    endloop
  endfacet
  facet normal -0.162943 -0.986635 -0
    outer loop
      vertex 0.234108 1.17694 31.35
      vertex 0.15957 1.18925 28.2003
      vertex 0.234108 1.17694 28.1761
    endloop
  endfacet
  facet normal 0.634401 -0.773004 0
    outer loop
      vertex -0.791215 0.902207 28.1391
      vertex -0.730514 0.952024 31.35
      vertex -0.791215 0.902207 31.35
    endloop
  endfacet
  facet normal 0.634401 -0.773004 0
    outer loop
      vertex -0.730514 0.952024 31.35
      vertex -0.791215 0.902207 28.1391
      vertex -0.730514 0.952024 28.1275
    endloop
  endfacet
  facet normal 0.986646 0.162877 -0
    outer loop
      vertex -1.17694 -0.234108 28.1391
      vertex -1.18973 -0.156631 31.35
      vertex -1.17694 -0.234108 31.35
    endloop
  endfacet
  facet normal 0.986646 0.162877 0
    outer loop
      vertex -1.18973 -0.156631 31.35
      vertex -1.17694 -0.234108 28.1391
      vertex -1.18973 -0.156631 28.1275
    endloop
  endfacet
  facet normal 0.227061 -0.97388 0
    outer loop
      vertex -0.310582 1.15911 31.35
      vertex -0.234108 1.17694 28.1761
      vertex -0.234108 1.17694 31.35
    endloop
  endfacet
  facet normal 0.227061 -0.97388 0
    outer loop
      vertex -0.234108 1.17694 28.1761
      vertex -0.310582 1.15911 31.35
      vertex -0.310582 1.15911 28.1554
    endloop
  endfacet
  facet normal -0.162877 0.986646 0
    outer loop
      vertex 0.234108 -1.17694 31.35
      vertex 0.156631 -1.18973 28.2012
      vertex 0.156631 -1.18973 31.35
    endloop
  endfacet
  facet normal -0.162877 0.986646 0
    outer loop
      vertex 0.156631 -1.18973 28.2012
      vertex 0.234108 -1.17694 31.35
      vertex 0.234108 -1.17694 28.1761
    endloop
  endfacet
  facet normal -0.999464 0.0327282 0
    outer loop
      vertex 1.19743 -0.0784836 28.1205
      vertex 1.2 0 31.35
      vertex 1.2 0 28.1182
    endloop
  endfacet
  facet normal -0.999464 0.0327282 0
    outer loop
      vertex 1.2 0 31.35
      vertex 1.19743 -0.0784836 28.1205
      vertex 1.19743 -0.0784836 31.35
    endloop
  endfacet
  facet normal 0.0327282 -0.999464 0
    outer loop
      vertex -0.0784836 1.19743 31.35
      vertex 0 1.2 28.2643
      vertex 0 1.2 31.35
    endloop
  endfacet
  facet normal 0.0327282 -0.999464 0
    outer loop
      vertex 0 1.2 28.2643
      vertex -0.0784836 1.19743 31.35
      vertex -0.0784836 1.19743 28.2307
    endloop
  endfacet
  facet normal -0.773004 -0.634401 0
    outer loop
      vertex 0.952024 0.730514 28.2012
      vertex 0.902207 0.791215 31.35
      vertex 0.902207 0.791215 28.1761
    endloop
  endfacet
  facet normal -0.773004 -0.634401 0
    outer loop
      vertex 0.902207 0.791215 31.35
      vertex 0.952024 0.730514 28.2012
      vertex 0.952024 0.730514 31.35
    endloop
  endfacet
  facet normal -0.910902 -0.412622 -0
    outer loop
      vertex 1.10865 0.45922 31.35
      vertex 1.07625 0.530746 28.2307
      vertex 1.10865 0.45922 28.2012
    endloop
  endfacet
  facet normal -0.910902 -0.412622 0
    outer loop
      vertex 1.07625 0.530746 28.2307
      vertex 1.10865 0.45922 31.35
      vertex 1.07625 0.530746 31.35
    endloop
  endfacet
  facet normal 0.97388 -0.227061 0
    outer loop
      vertex -1.17694 0.234108 31.35
      vertex -1.15911 0.310582 28.1554
      vertex -1.15911 0.310582 31.35
    endloop
  endfacet
  facet normal 0.97388 -0.227061 0
    outer loop
      vertex -1.15911 0.310582 28.1554
      vertex -1.17694 0.234108 31.35
      vertex -1.17694 0.234108 28.1391
    endloop
  endfacet
  facet normal 0.162877 0.986646 -0
    outer loop
      vertex -0.156631 -1.18973 28.2012
      vertex -0.234108 -1.17694 31.35
      vertex -0.156631 -1.18973 31.35
    endloop
  endfacet
  facet normal 0.161198 0.986922 -4.24287e-05
    outer loop
      vertex -0.15957 -1.18925 28.2003
      vertex -0.234108 -1.17694 31.35
      vertex -0.156631 -1.18973 28.2012
    endloop
  endfacet
  facet normal 0.162943 0.986635 0
    outer loop
      vertex -0.234108 -1.17694 31.35
      vertex -0.15957 -1.18925 28.2003
      vertex -0.234108 -1.17694 28.1761
    endloop
  endfacet
  facet normal -0.910902 0.412622 0
    outer loop
      vertex 1.07625 -0.530746 28.2307
      vertex 1.10865 -0.45922 31.35
      vertex 1.10865 -0.45922 28.2012
    endloop
  endfacet
  facet normal -0.910902 0.412622 0
    outer loop
      vertex 1.10865 -0.45922 31.35
      vertex 1.07625 -0.530746 28.2307
      vertex 1.07625 -0.530746 31.35
    endloop
  endfacet
  facet normal 0.0980569 -0.995181 0
    outer loop
      vertex -0.156631 1.18973 31.35
      vertex -0.0784836 1.19743 28.2307
      vertex -0.0784836 1.19743 31.35
    endloop
  endfacet
  facet normal 0.0980569 -0.995181 0
    outer loop
      vertex -0.0784836 1.19743 28.2307
      vertex -0.156631 1.18973 31.35
      vertex -0.156631 1.18973 28.2012
    endloop
  endfacet
  facet normal 0.773009 -0.634395 0
    outer loop
      vertex -0.902207 0.791215 31.35
      vertex -0.950134 0.732816 28.2003
      vertex -0.902207 0.791215 28.1761
    endloop
  endfacet
  facet normal 0.773004 -0.634401 0
    outer loop
      vertex -0.952024 0.730514 28.2012
      vertex -0.902207 0.791215 31.35
      vertex -0.952024 0.730514 31.35
    endloop
  endfacet
  facet normal 0.77288 -0.634552 4.8846e-06
    outer loop
      vertex -0.902207 0.791215 31.35
      vertex -0.952024 0.730514 28.2012
      vertex -0.950134 0.732816 28.2003
    endloop
  endfacet
  facet normal -0.528064 -0.849204 0
    outer loop
      vertex 0.599999 1.03923 31.35
      vertex 0.666684 0.997763 28.1205
      vertex 0.666684 0.997763 31.35
    endloop
  endfacet
  facet normal -0.528064 -0.849204 0
    outer loop
      vertex 0.666684 0.997763 28.1205
      vertex 0.599999 1.03923 31.35
      vertex 0.599999 1.03923 28.1182
    endloop
  endfacet
  facet normal 0.471431 -0.881903 0
    outer loop
      vertex -0.599999 1.03923 31.35
      vertex -0.530746 1.07625 28.1205
      vertex -0.530746 1.07625 31.35
    endloop
  endfacet
  facet normal 0.471431 -0.881903 0
    outer loop
      vertex -0.530746 1.07625 28.1205
      vertex -0.599999 1.03923 31.35
      vertex -0.599999 1.03923 28.1182
    endloop
  endfacet
  facet normal 0.412622 -0.910902 0
    outer loop
      vertex -0.530746 1.07625 31.35
      vertex -0.45922 1.10865 28.1275
      vertex -0.45922 1.10865 31.35
    endloop
  endfacet
  facet normal 0.412622 -0.910902 0
    outer loop
      vertex -0.45922 1.10865 28.1275
      vertex -0.530746 1.07625 31.35
      vertex -0.530746 1.07625 28.1205
    endloop
  endfacet
  facet normal -0.956958 -0.290227 -0
    outer loop
      vertex 1.15911 0.310582 31.35
      vertex 1.13632 0.385727 28.1761
      vertex 1.15911 0.310582 28.1554
    endloop
  endfacet
  facet normal -0.956958 -0.290227 0
    outer loop
      vertex 1.13632 0.385727 28.1761
      vertex 1.15911 0.310582 31.35
      vertex 1.13632 0.385727 31.35
    endloop
  endfacet
  facet normal -0.935867 0.352353 0
    outer loop
      vertex 1.10865 -0.45922 28.2012
      vertex 1.13632 -0.385727 31.35
      vertex 1.13632 -0.385727 28.1761
    endloop
  endfacet
  facet normal -0.935867 0.352353 0
    outer loop
      vertex 1.13632 -0.385727 31.35
      vertex 1.10865 -0.45922 28.2012
      vertex 1.10865 -0.45922 31.35
    endloop
  endfacet
  facet normal -0.290227 -0.956958 0
    outer loop
      vertex 0.310582 1.15911 28.1554
      vertex 0.385727 1.13632 31.35
      vertex 0.310582 1.15911 31.35
    endloop
  endfacet
  facet normal -0.290227 -0.956958 -0
    outer loop
      vertex 0.385727 1.13632 31.35
      vertex 0.310582 1.15911 28.1554
      vertex 0.385727 1.13632 28.1391
    endloop
  endfacet
  facet normal 0.956958 -0.290227 0
    outer loop
      vertex -1.15911 0.310582 31.35
      vertex -1.13632 0.385727 28.1761
      vertex -1.13632 0.385727 31.35
    endloop
  endfacet
  facet normal 0.956958 -0.290227 0
    outer loop
      vertex -1.13632 0.385727 28.1761
      vertex -1.15911 0.310582 31.35
      vertex -1.15911 0.310582 28.1554
    endloop
  endfacet
  facet normal -0.935867 -0.352353 -0
    outer loop
      vertex 1.13632 0.385727 31.35
      vertex 1.10865 0.45922 28.2012
      vertex 1.13632 0.385727 28.1761
    endloop
  endfacet
  facet normal -0.935867 -0.352353 0
    outer loop
      vertex 1.10865 0.45922 28.2012
      vertex 1.13632 0.385727 31.35
      vertex 1.10865 0.45922 31.35
    endloop
  endfacet
  facet normal -0.634401 0.773004 0
    outer loop
      vertex 0.791215 -0.902207 28.1391
      vertex 0.730514 -0.952024 31.35
      vertex 0.791215 -0.902207 31.35
    endloop
  endfacet
  facet normal -0.634401 0.773004 0
    outer loop
      vertex 0.730514 -0.952024 31.35
      vertex 0.791215 -0.902207 28.1391
      vertex 0.730514 -0.952024 28.1275
    endloop
  endfacet
  facet normal 0.227061 0.97388 -0
    outer loop
      vertex -0.234108 -1.17694 28.1761
      vertex -0.310582 -1.15911 31.35
      vertex -0.234108 -1.17694 31.35
    endloop
  endfacet
  facet normal 0.227061 0.97388 0
    outer loop
      vertex -0.310582 -1.15911 31.35
      vertex -0.234108 -1.17694 28.1761
      vertex -0.310582 -1.15911 28.1554
    endloop
  endfacet
  facet normal -0.849204 -0.528064 0
    outer loop
      vertex 1.03923 0.599999 28.2643
      vertex 0.997763 0.666684 31.35
      vertex 0.997763 0.666684 28.2307
    endloop
  endfacet
  facet normal -0.849204 -0.528064 0
    outer loop
      vertex 0.997763 0.666684 31.35
      vertex 1.03923 0.599999 28.2643
      vertex 1.03923 0.599999 31.35
    endloop
  endfacet
  facet normal -0.881903 -0.471431 -0
    outer loop
      vertex 1.07625 0.530746 31.35
      vertex 1.03923 0.599999 28.2643
      vertex 1.07625 0.530746 28.2307
    endloop
  endfacet
  facet normal -0.881903 -0.471431 0
    outer loop
      vertex 1.03923 0.599999 28.2643
      vertex 1.07625 0.530746 31.35
      vertex 1.03923 0.599999 31.35
    endloop
  endfacet
  facet normal -0.881903 0.471431 0
    outer loop
      vertex 1.03923 -0.599999 28.2643
      vertex 1.07625 -0.530746 31.35
      vertex 1.07625 -0.530746 28.2307
    endloop
  endfacet
  facet normal -0.881903 0.471431 0
    outer loop
      vertex 1.03923 -0.599999 28.2643
      vertex 1.03923 -0.599999 31.35
      vertex 1.07625 -0.530746 31.35
    endloop
  endfacet
  facet normal -0.352353 0.935867 0
    outer loop
      vertex 0.45922 -1.10865 31.35
      vertex 0.385727 -1.13632 28.1391
      vertex 0.385727 -1.13632 31.35
    endloop
  endfacet
  facet normal -0.352353 0.935867 0
    outer loop
      vertex 0.385727 -1.13632 28.1391
      vertex 0.45922 -1.10865 31.35
      vertex 0.45922 -1.10865 28.1275
    endloop
  endfacet
  facet normal 0.729867 0.683589 0
    outer loop
      vertex -0.848528 -0.848528 31.35
      vertex -0.902207 -0.791215 28.1761
      vertex -0.902207 -0.791215 31.35
    endloop
  endfacet
  facet normal 0.729867 0.683589 0
    outer loop
      vertex -0.902207 -0.791215 28.1761
      vertex -0.848528 -0.848528 31.35
      vertex -0.848528 -0.848528 28.1554
    endloop
  endfacet
  facet normal 0.999464 -0.0327282 0
    outer loop
      vertex -1.2 0 31.35
      vertex -1.19743 0.0784836 28.1205
      vertex -1.19743 0.0784836 31.35
    endloop
  endfacet
  facet normal 0.999464 -0.0327282 0
    outer loop
      vertex -1.19743 0.0784836 28.1205
      vertex -1.2 0 31.35
      vertex -1.2 0 28.1182
    endloop
  endfacet
  facet normal 0.58247 -0.812852 0
    outer loop
      vertex -0.730514 0.952024 28.1275
      vertex -0.666684 0.997763 31.35
      vertex -0.730514 0.952024 31.35
    endloop
  endfacet
  facet normal 0.58247 -0.812852 0
    outer loop
      vertex -0.666684 0.997763 31.35
      vertex -0.730514 0.952024 28.1275
      vertex -0.666684 0.997763 28.1205
    endloop
  endfacet
  facet normal -0.0327282 0.999464 0
    outer loop
      vertex 0.0784836 -1.19743 31.35
      vertex 0 -1.2 28.2643
      vertex 0 -1.2 31.35
    endloop
  endfacet
  facet normal -0.0327282 0.999464 0
    outer loop
      vertex 0 -1.2 28.2643
      vertex 0.0784836 -1.19743 31.35
      vertex 0.0784836 -1.19743 28.2307
    endloop
  endfacet
  facet normal -0.97388 0.227061 0
    outer loop
      vertex 1.15911 -0.310582 28.1554
      vertex 1.17694 -0.234108 31.35
      vertex 1.17694 -0.234108 28.1391
    endloop
  endfacet
  facet normal -0.97388 0.227061 0
    outer loop
      vertex 1.17694 -0.234108 31.35
      vertex 1.15911 -0.310582 28.1554
      vertex 1.15911 -0.310582 31.35
    endloop
  endfacet
  facet normal -0.812852 0.58247 0
    outer loop
      vertex 0.952024 -0.730514 31.35
      vertex 0.997763 -0.666684 28.2307
      vertex 0.952024 -0.730514 28.2012
    endloop
  endfacet
  facet normal -0.812852 0.58247 0
    outer loop
      vertex 0.997763 -0.666684 28.2307
      vertex 0.952024 -0.730514 31.35
      vertex 0.997763 -0.666684 31.35
    endloop
  endfacet
  facet normal 0.352353 0.935867 -0
    outer loop
      vertex -0.385727 -1.13632 28.1391
      vertex -0.45922 -1.10865 31.35
      vertex -0.385727 -1.13632 31.35
    endloop
  endfacet
  facet normal 0.352353 0.935867 0
    outer loop
      vertex -0.45922 -1.10865 31.35
      vertex -0.385727 -1.13632 28.1391
      vertex -0.45922 -1.10865 28.1275
    endloop
  endfacet
  facet normal -0.352353 -0.935867 0
    outer loop
      vertex 0.385727 1.13632 28.1391
      vertex 0.45922 1.10865 31.35
      vertex 0.385727 1.13632 31.35
    endloop
  endfacet
  facet normal -0.352353 -0.935867 -0
    outer loop
      vertex 0.45922 1.10865 31.35
      vertex 0.385727 1.13632 28.1391
      vertex 0.45922 1.10865 28.1275
    endloop
  endfacet
  facet normal -0.412622 0.910902 0
    outer loop
      vertex 0.530746 -1.07625 31.35
      vertex 0.45922 -1.10865 28.1275
      vertex 0.45922 -1.10865 31.35
    endloop
  endfacet
  facet normal -0.412622 0.910902 0
    outer loop
      vertex 0.45922 -1.10865 28.1275
      vertex 0.530746 -1.07625 31.35
      vertex 0.530746 -1.07625 28.1205
    endloop
  endfacet
  facet normal -0.995181 0.0980569 0
    outer loop
      vertex 1.18973 -0.156631 28.1275
      vertex 1.19743 -0.0784836 31.35
      vertex 1.19743 -0.0784836 28.1205
    endloop
  endfacet
  facet normal -0.995181 0.0980569 0
    outer loop
      vertex 1.19743 -0.0784836 31.35
      vertex 1.18973 -0.156631 28.1275
      vertex 1.18973 -0.156631 31.35
    endloop
  endfacet
  facet normal -0.528064 0.849204 0
    outer loop
      vertex 0.666684 -0.997763 28.1205
      vertex 0.599999 -1.03923 31.35
      vertex 0.666684 -0.997763 31.35
    endloop
  endfacet
  facet normal -0.528064 0.849204 0
    outer loop
      vertex 0.599999 -1.03923 31.35
      vertex 0.666684 -0.997763 28.1205
      vertex 0.599999 -1.03923 28.1182
    endloop
  endfacet
  facet normal 0.0327282 0.999464 -0
    outer loop
      vertex 0 -1.2 28.2643
      vertex -0.0784836 -1.19743 31.35
      vertex 0 -1.2 31.35
    endloop
  endfacet
  facet normal 0.0327282 0.999464 0
    outer loop
      vertex -0.0784836 -1.19743 31.35
      vertex 0 -1.2 28.2643
      vertex -0.0784836 -1.19743 28.2307
    endloop
  endfacet
  facet normal -0.634401 -0.773004 0
    outer loop
      vertex 0.730514 0.952024 31.35
      vertex 0.791215 0.902207 28.1391
      vertex 0.791215 0.902207 31.35
    endloop
  endfacet
  facet normal -0.634401 -0.773004 0
    outer loop
      vertex 0.791215 0.902207 28.1391
      vertex 0.730514 0.952024 31.35
      vertex 0.730514 0.952024 28.1275
    endloop
  endfacet
  facet normal 0.935867 0.352353 -0
    outer loop
      vertex -1.10865 -0.45922 28.2012
      vertex -1.13632 -0.385727 31.35
      vertex -1.10865 -0.45922 31.35
    endloop
  endfacet
  facet normal 0.935867 0.352353 0
    outer loop
      vertex -1.13632 -0.385727 31.35
      vertex -1.10865 -0.45922 28.2012
      vertex -1.13632 -0.385727 28.1761
    endloop
  endfacet
  facet normal -0.227061 -0.97388 0
    outer loop
      vertex 0.234108 1.17694 28.1761
      vertex 0.310582 1.15911 31.35
      vertex 0.234108 1.17694 31.35
    endloop
  endfacet
  facet normal -0.227061 -0.97388 -0
    outer loop
      vertex 0.310582 1.15911 31.35
      vertex 0.234108 1.17694 28.1761
      vertex 0.310582 1.15911 28.1554
    endloop
  endfacet
  facet normal -0.471431 -0.881903 0
    outer loop
      vertex 0.530746 1.07625 28.1205
      vertex 0.599999 1.03923 31.35
      vertex 0.530746 1.07625 31.35
    endloop
  endfacet
  facet normal -0.471431 -0.881903 -0
    outer loop
      vertex 0.599999 1.03923 31.35
      vertex 0.530746 1.07625 28.1205
      vertex 0.599999 1.03923 28.1182
    endloop
  endfacet
  facet normal -0.849204 0.528064 0
    outer loop
      vertex 0.997763 -0.666684 31.35
      vertex 1.03923 -0.599999 28.2643
      vertex 0.997763 -0.666684 28.2307
    endloop
  endfacet
  facet normal -0.849204 0.528064 0
    outer loop
      vertex 1.03923 -0.599999 28.2643
      vertex 0.997763 -0.666684 31.35
      vertex 1.03923 -0.599999 31.35
    endloop
  endfacet
  facet normal 0.683589 0.729867 0
    outer loop
      vertex -0.791215 -0.902207 31.35
      vertex -0.848528 -0.848528 28.1554
      vertex -0.848528 -0.848528 31.35
    endloop
  endfacet
  facet normal 0.683589 0.729867 0
    outer loop
      vertex -0.848528 -0.848528 28.1554
      vertex -0.791215 -0.902207 31.35
      vertex -0.791215 -0.902207 28.1391
    endloop
  endfacet
  facet normal -0.227061 0.97388 0
    outer loop
      vertex 0.310582 -1.15911 31.35
      vertex 0.234108 -1.17694 28.1761
      vertex 0.234108 -1.17694 31.35
    endloop
  endfacet
  facet normal -0.227061 0.97388 0
    outer loop
      vertex 0.234108 -1.17694 28.1761
      vertex 0.310582 -1.15911 31.35
      vertex 0.310582 -1.15911 28.1554
    endloop
  endfacet
  facet normal -0.0327282 -0.999464 0
    outer loop
      vertex 0 1.2 28.2643
      vertex 0.0784836 1.19743 31.35
      vertex 0 1.2 31.35
    endloop
  endfacet
  facet normal -0.0327282 -0.999464 -0
    outer loop
      vertex 0.0784836 1.19743 31.35
      vertex 0 1.2 28.2643
      vertex 0.0784836 1.19743 28.2307
    endloop
  endfacet
  facet normal 0.290227 -0.956958 0
    outer loop
      vertex -0.385727 1.13632 31.35
      vertex -0.310582 1.15911 28.1554
      vertex -0.310582 1.15911 31.35
    endloop
  endfacet
  facet normal 0.290227 -0.956958 0
    outer loop
      vertex -0.310582 1.15911 28.1554
      vertex -0.385727 1.13632 31.35
      vertex -0.385727 1.13632 28.1391
    endloop
  endfacet
  facet normal -0.683589 0.729867 0
    outer loop
      vertex 0.848528 -0.848528 28.1554
      vertex 0.791215 -0.902207 31.35
      vertex 0.848528 -0.848528 31.35
    endloop
  endfacet
  facet normal -0.683589 0.729867 0
    outer loop
      vertex 0.791215 -0.902207 31.35
      vertex 0.848528 -0.848528 28.1554
      vertex 0.791215 -0.902207 28.1391
    endloop
  endfacet
  facet normal 0.729867 -0.683589 0
    outer loop
      vertex -0.902207 0.791215 28.1761
      vertex -0.848528 0.848528 31.35
      vertex -0.902207 0.791215 31.35
    endloop
  endfacet
  facet normal 0.729867 -0.683589 0
    outer loop
      vertex -0.848528 0.848528 31.35
      vertex -0.902207 0.791215 28.1761
      vertex -0.848528 0.848528 28.1554
    endloop
  endfacet
  facet normal -0.412622 -0.910902 0
    outer loop
      vertex 0.45922 1.10865 28.1275
      vertex 0.530746 1.07625 31.35
      vertex 0.45922 1.10865 31.35
    endloop
  endfacet
  facet normal -0.412622 -0.910902 -0
    outer loop
      vertex 0.530746 1.07625 31.35
      vertex 0.45922 1.10865 28.1275
      vertex 0.530746 1.07625 28.1205
    endloop
  endfacet
  facet normal 0.956958 0.290227 -0
    outer loop
      vertex -1.13632 -0.385727 28.1761
      vertex -1.15911 -0.310582 31.35
      vertex -1.13632 -0.385727 31.35
    endloop
  endfacet
  facet normal 0.956958 0.290227 0
    outer loop
      vertex -1.15911 -0.310582 31.35
      vertex -1.13632 -0.385727 28.1761
      vertex -1.15911 -0.310582 28.1554
    endloop
  endfacet
  facet normal 0.412622 0.910902 -0
    outer loop
      vertex -0.45922 -1.10865 28.1275
      vertex -0.530746 -1.07625 31.35
      vertex -0.45922 -1.10865 31.35
    endloop
  endfacet
  facet normal 0.412622 0.910902 0
    outer loop
      vertex -0.530746 -1.07625 31.35
      vertex -0.45922 -1.10865 28.1275
      vertex -0.530746 -1.07625 28.1205
    endloop
  endfacet
  facet normal -0.729867 -0.683589 0
    outer loop
      vertex 0.902207 0.791215 28.1761
      vertex 0.848528 0.848528 31.35
      vertex 0.848528 0.848528 28.1554
    endloop
  endfacet
  facet normal -0.729867 -0.683589 0
    outer loop
      vertex 0.848528 0.848528 31.35
      vertex 0.902207 0.791215 28.1761
      vertex 0.902207 0.791215 31.35
    endloop
  endfacet
  facet normal -0.0980569 -0.995181 0
    outer loop
      vertex 0.0784836 1.19743 28.2307
      vertex 0.156631 1.18973 31.35
      vertex 0.0784836 1.19743 31.35
    endloop
  endfacet
  facet normal -0.0980569 -0.995181 -0
    outer loop
      vertex 0.156631 1.18973 31.35
      vertex 0.0784836 1.19743 28.2307
      vertex 0.156631 1.18973 28.2012
    endloop
  endfacet
  facet normal -0.77288 0.634552 4.8846e-06
    outer loop
      vertex 0.902207 -0.791215 31.35
      vertex 0.952024 -0.730514 28.2012
      vertex 0.950134 -0.732816 28.2003
    endloop
  endfacet
  facet normal -0.773009 0.634395 0
    outer loop
      vertex 0.902207 -0.791215 31.35
      vertex 0.950134 -0.732816 28.2003
      vertex 0.902207 -0.791215 28.1761
    endloop
  endfacet
  facet normal -0.773004 0.634401 0
    outer loop
      vertex 0.952024 -0.730514 28.2012
      vertex 0.902207 -0.791215 31.35
      vertex 0.952024 -0.730514 31.35
    endloop
  endfacet
  facet normal -0.0980569 0.995181 0
    outer loop
      vertex 0.156631 -1.18973 31.35
      vertex 0.0784836 -1.19743 28.2307
      vertex 0.0784836 -1.19743 31.35
    endloop
  endfacet
  facet normal -0.0980569 0.995181 0
    outer loop
      vertex 0.0784836 -1.19743 28.2307
      vertex 0.156631 -1.18973 31.35
      vertex 0.156631 -1.18973 28.2012
    endloop
  endfacet
  facet normal 0.986646 -0.162877 0
    outer loop
      vertex -1.18973 0.156631 31.35
      vertex -1.17694 0.234108 28.1391
      vertex -1.17694 0.234108 31.35
    endloop
  endfacet
  facet normal 0.986646 -0.162877 0
    outer loop
      vertex -1.17694 0.234108 28.1391
      vertex -1.18973 0.156631 31.35
      vertex -1.18973 0.156631 28.1275
    endloop
  endfacet
  facet normal 0.528064 0.849204 0
    outer loop
      vertex -0.599999 -1.03923 31.35
      vertex -0.666684 -0.997763 28.1205
      vertex -0.666684 -0.997763 31.35
    endloop
  endfacet
  facet normal 0.528064 0.849204 0
    outer loop
      vertex -0.666684 -0.997763 28.1205
      vertex -0.599999 -1.03923 31.35
      vertex -0.599999 -1.03923 28.1182
    endloop
  endfacet
  facet normal 0.995181 -0.0980569 0
    outer loop
      vertex -1.19743 0.0784836 31.35
      vertex -1.18973 0.156631 28.1275
      vertex -1.18973 0.156631 31.35
    endloop
  endfacet
  facet normal 0.995181 -0.0980569 0
    outer loop
      vertex -1.18973 0.156631 28.1275
      vertex -1.19743 0.0784836 31.35
      vertex -1.19743 0.0784836 28.1205
    endloop
  endfacet
  facet normal -0.812852 -0.58247 0
    outer loop
      vertex 0.997763 0.666684 28.2307
      vertex 0.952024 0.730514 31.35
      vertex 0.952024 0.730514 28.2012
    endloop
  endfacet
  facet normal -0.812852 -0.58247 0
    outer loop
      vertex 0.952024 0.730514 31.35
      vertex 0.997763 0.666684 28.2307
      vertex 0.997763 0.666684 31.35
    endloop
  endfacet
  facet normal 0.910902 -0.412622 0
    outer loop
      vertex -1.10865 0.45922 31.35
      vertex -1.07625 0.530746 28.2307
      vertex -1.07625 0.530746 31.35
    endloop
  endfacet
  facet normal 0.910902 -0.412622 0
    outer loop
      vertex -1.07625 0.530746 28.2307
      vertex -1.10865 0.45922 31.35
      vertex -1.10865 0.45922 28.2012
    endloop
  endfacet
  facet normal 0.773004 0.634401 0
    outer loop
      vertex -0.902207 -0.791215 31.35
      vertex -0.952024 -0.730514 28.2012
      vertex -0.952024 -0.730514 31.35
    endloop
  endfacet
  facet normal 0.773004 0.634401 0
    outer loop
      vertex -0.952024 -0.730514 28.2012
      vertex -0.902207 -0.791215 31.35
      vertex -0.902207 -0.791215 28.1761
    endloop
  endfacet
  facet normal 0.634401 0.773004 0
    outer loop
      vertex -0.730514 -0.952024 31.35
      vertex -0.791215 -0.902207 28.1391
      vertex -0.791215 -0.902207 31.35
    endloop
  endfacet
  facet normal 0.634401 0.773004 0
    outer loop
      vertex -0.791215 -0.902207 28.1391
      vertex -0.730514 -0.952024 31.35
      vertex -0.730514 -0.952024 28.1275
    endloop
  endfacet
  facet normal -0.58247 -0.812852 0
    outer loop
      vertex 0.666684 0.997763 31.35
      vertex 0.730514 0.952024 28.1275
      vertex 0.730514 0.952024 31.35
    endloop
  endfacet
  facet normal -0.58247 -0.812852 0
    outer loop
      vertex 0.730514 0.952024 28.1275
      vertex 0.666684 0.997763 31.35
      vertex 0.666684 0.997763 28.1205
    endloop
  endfacet
  facet normal -0.729867 0.683589 0
    outer loop
      vertex 0.848528 -0.848528 31.35
      vertex 0.902207 -0.791215 28.1761
      vertex 0.848528 -0.848528 28.1554
    endloop
  endfacet
  facet normal -0.729867 0.683589 0
    outer loop
      vertex 0.902207 -0.791215 28.1761
      vertex 0.848528 -0.848528 31.35
      vertex 0.902207 -0.791215 31.35
    endloop
  endfacet
  facet normal 0.352353 -0.935867 0
    outer loop
      vertex -0.45922 1.10865 31.35
      vertex -0.385727 1.13632 28.1391
      vertex -0.385727 1.13632 31.35
    endloop
  endfacet
  facet normal 0.352353 -0.935867 0
    outer loop
      vertex -0.385727 1.13632 28.1391
      vertex -0.45922 1.10865 31.35
      vertex -0.45922 1.10865 28.1275
    endloop
  endfacet
  facet normal 0.935867 -0.352353 0
    outer loop
      vertex -1.13632 0.385727 31.35
      vertex -1.10865 0.45922 28.2012
      vertex -1.10865 0.45922 31.35
    endloop
  endfacet
  facet normal 0.935867 -0.352353 0
    outer loop
      vertex -1.10865 0.45922 28.2012
      vertex -1.13632 0.385727 31.35
      vertex -1.13632 0.385727 28.1761
    endloop
  endfacet
  facet normal -0.956958 0.290227 0
    outer loop
      vertex 1.13632 -0.385727 28.1761
      vertex 1.15911 -0.310582 31.35
      vertex 1.15911 -0.310582 28.1554
    endloop
  endfacet
  facet normal -0.956958 0.290227 0
    outer loop
      vertex 1.15911 -0.310582 31.35
      vertex 1.13632 -0.385727 28.1761
      vertex 1.13632 -0.385727 31.35
    endloop
  endfacet
  facet normal 0.881903 -0.471431 0
    outer loop
      vertex -1.07625 0.530746 31.35
      vertex -1.03923 0.599999 28.2643
      vertex -1.03923 0.599999 31.35
    endloop
  endfacet
  facet normal 0.881903 -0.471431 0
    outer loop
      vertex -1.03923 0.599999 28.2643
      vertex -1.07625 0.530746 31.35
      vertex -1.07625 0.530746 28.2307
    endloop
  endfacet
  facet normal 0.683589 -0.729867 0
    outer loop
      vertex -0.848528 0.848528 28.1554
      vertex -0.791215 0.902207 31.35
      vertex -0.848528 0.848528 31.35
    endloop
  endfacet
  facet normal 0.683589 -0.729867 0
    outer loop
      vertex -0.791215 0.902207 31.35
      vertex -0.848528 0.848528 28.1554
      vertex -0.791215 0.902207 28.1391
    endloop
  endfacet
  facet normal 0.0980569 0.995181 -0
    outer loop
      vertex -0.0784836 -1.19743 28.2307
      vertex -0.156631 -1.18973 31.35
      vertex -0.0784836 -1.19743 31.35
    endloop
  endfacet
  facet normal 0.0980569 0.995181 0
    outer loop
      vertex -0.156631 -1.18973 31.35
      vertex -0.0784836 -1.19743 28.2307
      vertex -0.156631 -1.18973 28.2012
    endloop
  endfacet
  facet normal -0.471431 0.881903 0
    outer loop
      vertex 0.599999 -1.03923 31.35
      vertex 0.530746 -1.07625 28.1205
      vertex 0.530746 -1.07625 31.35
    endloop
  endfacet
  facet normal -0.471431 0.881903 0
    outer loop
      vertex 0.530746 -1.07625 28.1205
      vertex 0.599999 -1.03923 31.35
      vertex 0.599999 -1.03923 28.1182
    endloop
  endfacet
  facet normal -0.683589 -0.729867 0
    outer loop
      vertex 0.791215 0.902207 31.35
      vertex 0.848528 0.848528 28.1554
      vertex 0.848528 0.848528 31.35
    endloop
  endfacet
  facet normal -0.683589 -0.729867 0
    outer loop
      vertex 0.848528 0.848528 28.1554
      vertex 0.791215 0.902207 31.35
      vertex 0.791215 0.902207 28.1391
    endloop
  endfacet
  facet normal -0.58247 0.812852 0
    outer loop
      vertex 0.730514 -0.952024 28.1275
      vertex 0.666684 -0.997763 31.35
      vertex 0.730514 -0.952024 31.35
    endloop
  endfacet
  facet normal -0.58247 0.812852 0
    outer loop
      vertex 0.666684 -0.997763 31.35
      vertex 0.730514 -0.952024 28.1275
      vertex 0.666684 -0.997763 28.1205
    endloop
  endfacet
  facet normal 0.162877 -0.986646 0
    outer loop
      vertex -0.234108 1.17694 31.35
      vertex -0.156631 1.18973 28.2012
      vertex -0.156631 1.18973 31.35
    endloop
  endfacet
  facet normal 0.162877 -0.986646 0
    outer loop
      vertex -0.156631 1.18973 28.2012
      vertex -0.234108 1.17694 31.35
      vertex -0.234108 1.17694 28.1761
    endloop
  endfacet
  facet normal 0.995181 0.0980569 -0
    outer loop
      vertex -1.18973 -0.156631 28.1275
      vertex -1.19743 -0.0784836 31.35
      vertex -1.18973 -0.156631 31.35
    endloop
  endfacet
  facet normal 0.995181 0.0980569 0
    outer loop
      vertex -1.19743 -0.0784836 31.35
      vertex -1.18973 -0.156631 28.1275
      vertex -1.19743 -0.0784836 28.1205
    endloop
  endfacet
  facet normal 0.471431 0.881903 -0
    outer loop
      vertex -0.530746 -1.07625 28.1205
      vertex -0.599999 -1.03923 31.35
      vertex -0.530746 -1.07625 31.35
    endloop
  endfacet
  facet normal 0.471431 0.881903 0
    outer loop
      vertex -0.599999 -1.03923 31.35
      vertex -0.530746 -1.07625 28.1205
      vertex -0.599999 -1.03923 28.1182
    endloop
  endfacet
  facet normal 0.999464 0.0327282 -0
    outer loop
      vertex -1.19743 -0.0784836 28.1205
      vertex -1.2 0 31.35
      vertex -1.19743 -0.0784836 31.35
    endloop
  endfacet
  facet normal 0.999464 0.0327282 0
    outer loop
      vertex -1.2 0 31.35
      vertex -1.19743 -0.0784836 28.1205
      vertex -1.2 0 28.1182
    endloop
  endfacet
  facet normal 0.812852 -0.58247 0
    outer loop
      vertex -0.997763 0.666684 28.2307
      vertex -0.952024 0.730514 31.35
      vertex -0.997763 0.666684 31.35
    endloop
  endfacet
  facet normal 0.812852 -0.58247 0
    outer loop
      vertex -0.952024 0.730514 31.35
      vertex -0.997763 0.666684 28.2307
      vertex -0.952024 0.730514 28.2012
    endloop
  endfacet
  facet normal 0.812852 0.58247 0
    outer loop
      vertex -0.952024 -0.730514 31.35
      vertex -0.997763 -0.666684 28.2307
      vertex -0.997763 -0.666684 31.35
    endloop
  endfacet
  facet normal 0.812852 0.58247 0
    outer loop
      vertex -0.997763 -0.666684 28.2307
      vertex -0.952024 -0.730514 31.35
      vertex -0.952024 -0.730514 28.2012
    endloop
  endfacet
  facet normal -0.290227 0.956958 0
    outer loop
      vertex 0.385727 -1.13632 31.35
      vertex 0.310582 -1.15911 28.1554
      vertex 0.310582 -1.15911 31.35
    endloop
  endfacet
  facet normal -0.290227 0.956958 0
    outer loop
      vertex 0.310582 -1.15911 28.1554
      vertex 0.385727 -1.13632 31.35
      vertex 0.385727 -1.13632 28.1391
    endloop
  endfacet
  facet normal 0.849204 0.528064 0
    outer loop
      vertex -0.997763 -0.666684 31.35
      vertex -1.03923 -0.599999 28.2643
      vertex -1.03923 -0.599999 31.35
    endloop
  endfacet
  facet normal 0.849204 0.528064 0
    outer loop
      vertex -1.03923 -0.599999 28.2643
      vertex -0.997763 -0.666684 31.35
      vertex -0.997763 -0.666684 28.2307
    endloop
  endfacet
  facet normal 0.528064 -0.849204 0
    outer loop
      vertex -0.666684 0.997763 28.1205
      vertex -0.599999 1.03923 31.35
      vertex -0.666684 0.997763 31.35
    endloop
  endfacet
  facet normal 0.528064 -0.849204 0
    outer loop
      vertex -0.599999 1.03923 31.35
      vertex -0.666684 0.997763 28.1205
      vertex -0.599999 1.03923 28.1182
    endloop
  endfacet
  facet normal 0.849204 -0.528064 0
    outer loop
      vertex -1.03923 0.599999 28.2643
      vertex -0.997763 0.666684 31.35
      vertex -1.03923 0.599999 31.35
    endloop
  endfacet
  facet normal 0.849204 -0.528064 0
    outer loop
      vertex -0.997763 0.666684 31.35
      vertex -1.03923 0.599999 28.2643
      vertex -0.997763 0.666684 28.2307
    endloop
  endfacet
  facet normal 0.881903 0.471431 0
    outer loop
      vertex -1.07625 -0.530746 31.35
      vertex -1.03923 -0.599999 28.2643
      vertex -1.07625 -0.530746 28.2307
    endloop
  endfacet
  facet normal 0.881903 0.471431 0
    outer loop
      vertex -1.03923 -0.599999 31.35
      vertex -1.03923 -0.599999 28.2643
      vertex -1.07625 -0.530746 31.35
    endloop
  endfacet
  facet normal 0.97388 0.227061 -0
    outer loop
      vertex -1.15911 -0.310582 28.1554
      vertex -1.17694 -0.234108 31.35
      vertex -1.15911 -0.310582 31.35
    endloop
  endfacet
  facet normal 0.97388 0.227061 0
    outer loop
      vertex -1.17694 -0.234108 31.35
      vertex -1.15911 -0.310582 28.1554
      vertex -1.17694 -0.234108 28.1391
    endloop
  endfacet
  facet normal 0.290227 0.956958 -0
    outer loop
      vertex -0.310582 -1.15911 28.1554
      vertex -0.385727 -1.13632 31.35
      vertex -0.310582 -1.15911 31.35
    endloop
  endfacet
  facet normal 0.290227 0.956958 0
    outer loop
      vertex -0.385727 -1.13632 31.35
      vertex -0.310582 -1.15911 28.1554
      vertex -0.385727 -1.13632 28.1391
    endloop
  endfacet
  facet normal 0.910902 0.412622 -0
    outer loop
      vertex -1.07625 -0.530746 28.2307
      vertex -1.10865 -0.45922 31.35
      vertex -1.07625 -0.530746 31.35
    endloop
  endfacet
  facet normal 0.910902 0.412622 0
    outer loop
      vertex -1.10865 -0.45922 31.35
      vertex -1.07625 -0.530746 28.2307
      vertex -1.10865 -0.45922 28.2012
    endloop
  endfacet
  facet normal 0.58247 0.812852 0
    outer loop
      vertex -0.666684 -0.997763 31.35
      vertex -0.730514 -0.952024 28.1275
      vertex -0.730514 -0.952024 31.35
    endloop
  endfacet
  facet normal 0.58247 0.812852 0
    outer loop
      vertex -0.730514 -0.952024 28.1275
      vertex -0.666684 -0.997763 31.35
      vertex -0.666684 -0.997763 28.1205
    endloop
  endfacet
  facet normal 0.428123 -0.597422 0.678084
    outer loop
      vertex -0.730514 0.952024 31.35
      vertex -0.991733 1.47989 31.98
      vertex -1.08453 1.41339 31.98
    endloop
  endfacet
  facet normal -0.687852 0.258975 0.678079
    outer loop
      vertex 1.10865 -0.45922 31.35
      vertex 1.68699 -0.572656 31.98
      vertex 1.13632 -0.385727 31.35
    endloop
  endfacet
  facet normal -0.687953 0.258629 0.678109
    outer loop
      vertex 1.68699 -0.572656 31.98
      vertex 1.10865 -0.45922 31.35
      vertex 1.68614 -0.574917 31.98
    endloop
  endfacet
  facet normal -0.388988 -0.623596 0.678098
    outer loop
      vertex 0.987717 1.48257 31.98
      vertex 0.666684 0.997763 31.35
      vertex 0.989769 1.48129 31.98
    endloop
  endfacet
  facet normal -0.388119 -0.624152 0.678083
    outer loop
      vertex 0.666684 0.997763 31.35
      vertex 0.987717 1.48257 31.98
      vertex 0.599999 1.03923 31.35
    endloop
  endfacet
  facet normal 0.258872 -0.687882 0.678088
    outer loop
      vertex -0.45922 1.10865 31.35
      vertex -0.574917 1.68614 31.98
      vertex -0.681764 1.64593 31.98
    endloop
  endfacet
  facet normal 0.731447 -0.0720413 0.678082
    outer loop
      vertex -1.19743 0.0784836 31.35
      vertex -1.76653 0.230132 31.98
      vertex -1.77772 0.116518 31.98
    endloop
  endfacet
  facet normal 0.346494 0.648183 0.678087
    outer loop
      vertex -0.599999 -1.03923 31.35
      vertex -0.888638 -1.544 31.98
      vertex -0.530746 -1.07625 31.35
    endloop
  endfacet
  facet normal 0.346693 0.648073 0.67809
    outer loop
      vertex -0.888638 -1.544 31.98
      vertex -0.599999 -1.03923 31.35
      vertex -0.890769 -1.54286 31.98
    endloop
  endfacet
  facet normal 0.388119 0.624152 0.678083
    outer loop
      vertex -0.666684 -0.997763 31.35
      vertex -0.987717 -1.48257 31.98
      vertex -0.599999 -1.03923 31.35
    endloop
  endfacet
  facet normal 0.388988 0.623596 0.678098
    outer loop
      vertex -0.987717 -1.48257 31.98
      vertex -0.666684 -0.997763 31.35
      vertex -0.989769 -1.48129 31.98
    endloop
  endfacet
  facet normal -0.597422 -0.428123 0.678084
    outer loop
      vertex 1.47989 0.991733 31.98
      vertex 1.41339 1.08453 31.98
      vertex 0.952024 0.730514 31.35
    endloop
  endfacet
  facet normal 0.304027 -0.669164 0.678076
    outer loop
      vertex -0.683965 1.64493 31.98
      vertex -0.45922 1.10865 31.35
      vertex -0.681764 1.64593 31.98
    endloop
  endfacet
  facet normal 0.30327 -0.669496 0.678088
    outer loop
      vertex -0.45922 1.10865 31.35
      vertex -0.683965 1.64493 31.98
      vertex -0.530746 1.07625 31.35
    endloop
  endfacet
  facet normal -0.388988 0.623596 0.678098
    outer loop
      vertex 0.666684 -0.997763 31.35
      vertex 0.987717 -1.48257 31.98
      vertex 0.989769 -1.48129 31.98
    endloop
  endfacet
  facet normal -0.388119 0.624152 0.678083
    outer loop
      vertex 0.987717 -1.48257 31.98
      vertex 0.666684 -0.997763 31.35
      vertex 0.599999 -1.03923 31.35
    endloop
  endfacet
  facet normal 0.536442 -0.502428 0.678083
    outer loop
      vertex -1.33778 1.17641 31.98
      vertex -0.902207 0.791215 31.35
      vertex -0.848528 0.848528 31.35
    endloop
  endfacet
  facet normal 0.536203 -0.50269 0.678078
    outer loop
      vertex -0.902207 0.791215 31.35
      vertex -1.33778 1.17641 31.98
      vertex -1.33943 1.17465 31.98
    endloop
  endfacet
  facet normal 0.167288 -0.715689 0.678089
    outer loop
      vertex -0.310582 1.15911 31.35
      vertex -0.458742 1.72138 31.98
      vertex -0.461095 1.72083 31.98
    endloop
  endfacet
  facet normal 0.166887 -0.715788 0.678083
    outer loop
      vertex -0.458742 1.72138 31.98
      vertex -0.310582 1.15911 31.35
      vertex -0.234108 1.17694 31.35
    endloop
  endfacet
  facet normal 0.623596 -0.388988 0.678098
    outer loop
      vertex -1.48257 0.987717 31.98
      vertex -0.997763 0.666684 31.35
      vertex -1.48129 0.989769 31.98
    endloop
  endfacet
  facet normal 0.624152 -0.388119 0.678083
    outer loop
      vertex -0.997763 0.666684 31.35
      vertex -1.48257 0.987717 31.98
      vertex -1.03923 0.599999 31.35
    endloop
  endfacet
  facet normal 0.568146 0.466275 0.678084
    outer loop
      vertex -0.952024 -0.730514 31.35
      vertex -1.33943 -1.17465 31.98
      vertex -0.902207 -0.791215 31.35
    endloop
  endfacet
  facet normal 0.56815 0.466271 0.678083
    outer loop
      vertex -1.33943 -1.17465 31.98
      vertex -0.952024 -0.730514 31.35
      vertex -1.41339 -1.08453 31.98
    endloop
  endfacet
  facet normal -0.388139 0.624138 0.678085
    outer loop
      vertex 0.890769 -1.54286 31.98
      vertex 0.987717 -1.48257 31.98
      vertex 0.599999 -1.03923 31.35
    endloop
  endfacet
  facet normal 0.0700019 -0.731672 0.678053
    outer loop
      vertex -0.156631 1.18973 31.35
      vertex -0.230132 1.76653 31.98
      vertex -0.232536 1.7663 31.98
    endloop
  endfacet
  facet normal 0.0720703 -0.731442 0.678084
    outer loop
      vertex -0.230132 1.76653 31.98
      vertex -0.156631 1.18973 31.35
      vertex -0.0784836 1.19743 31.35
    endloop
  endfacet
  facet normal 0.346434 0.64822 0.678081
    outer loop
      vertex -0.787953 -1.59781 31.98
      vertex -0.530746 -1.07625 31.35
      vertex -0.888638 -1.544 31.98
    endloop
  endfacet
  facet normal -0.687882 -0.258872 0.678088
    outer loop
      vertex 1.68614 0.574917 31.98
      vertex 1.64593 0.681764 31.98
      vertex 1.10865 0.45922 31.35
    endloop
  endfacet
  facet normal -0.669465 -0.303354 0.678081
    outer loop
      vertex 1.64493 0.683965 31.98
      vertex 1.59781 0.787953 31.98
      vertex 1.07625 0.530746 31.35
    endloop
  endfacet
  facet normal 0.731447 0.0720413 0.678082
    outer loop
      vertex -1.76653 -0.230132 31.98
      vertex -1.19743 -0.0784836 31.35
      vertex -1.77772 -0.116518 31.98
    endloop
  endfacet
  facet normal -0.53646 -0.502405 0.678085
    outer loop
      vertex 1.33778 1.17641 31.98
      vertex 1.25974 1.25974 31.98
      vertex 0.848528 0.848528 31.35
    endloop
  endfacet
  facet normal -0.53646 0.502405 0.678085
    outer loop
      vertex 1.25974 -1.25974 31.98
      vertex 1.33778 -1.17641 31.98
      vertex 0.848528 -0.848528 31.35
    endloop
  endfacet
  facet normal -0.167288 0.715689 0.678089
    outer loop
      vertex 0.310582 -1.15911 31.35
      vertex 0.458742 -1.72138 31.98
      vertex 0.461095 -1.72083 31.98
    endloop
  endfacet
  facet normal -0.166887 0.715788 0.678083
    outer loop
      vertex 0.458742 -1.72138 31.98
      vertex 0.310582 -1.15911 31.35
      vertex 0.234108 -1.17694 31.35
    endloop
  endfacet
  facet normal -0.166887 -0.715788 0.678083
    outer loop
      vertex 0.310582 1.15911 31.35
      vertex 0.458742 1.72138 31.98
      vertex 0.234108 1.17694 31.35
    endloop
  endfacet
  facet normal -0.167288 -0.715689 0.678089
    outer loop
      vertex 0.458742 1.72138 31.98
      vertex 0.310582 1.15911 31.35
      vertex 0.461095 1.72083 31.98
    endloop
  endfacet
  facet normal 0.428106 0.597433 0.678085
    outer loop
      vertex -0.991733 -1.47989 31.98
      vertex -0.666684 -0.997763 31.35
      vertex -0.730514 -0.952024 31.35
    endloop
  endfacet
  facet normal 0.42661 0.598473 0.67811
    outer loop
      vertex -0.666684 -0.997763 31.35
      vertex -0.991733 -1.47989 31.98
      vertex -0.989769 -1.48129 31.98
    endloop
  endfacet
  facet normal -0.725356 -0.118661 0.678069
    outer loop
      vertex 1.17694 0.234108 31.35
      vertex 1.7477 0.345176 31.98
      vertex 1.74731 0.34756 31.98
    endloop
  endfacet
  facet normal -0.725169 -0.119712 0.678085
    outer loop
      vertex 1.7477 0.345176 31.98
      vertex 1.17694 0.234108 31.35
      vertex 1.18973 0.156631 31.35
    endloop
  endfacet
  facet normal -0.70335 0.213312 0.678083
    outer loop
      vertex 1.13632 -0.385727 31.35
      vertex 1.72083 -0.461095 31.98
      vertex 1.15911 -0.310582 31.35
    endloop
  endfacet
  facet normal -0.703444 0.212888 0.678119
    outer loop
      vertex 1.72083 -0.461095 31.98
      vertex 1.13632 -0.385727 31.35
      vertex 1.72013 -0.463408 31.98
    endloop
  endfacet
  facet normal -0.258872 0.687882 0.678088
    outer loop
      vertex 0.574917 -1.68614 31.98
      vertex 0.681764 -1.64593 31.98
      vertex 0.45922 -1.10865 31.35
    endloop
  endfacet
  facet normal -0.669164 -0.304027 0.678076
    outer loop
      vertex 1.64493 0.683965 31.98
      vertex 1.10865 0.45922 31.35
      vertex 1.64593 0.681764 31.98
    endloop
  endfacet
  facet normal -0.669496 -0.30327 0.678088
    outer loop
      vertex 1.10865 0.45922 31.35
      vertex 1.64493 0.683965 31.98
      vertex 1.07625 0.530746 31.35
    endloop
  endfacet
  facet normal -0.428106 0.597433 0.678085
    outer loop
      vertex 0.666684 -0.997763 31.35
      vertex 0.991733 -1.47989 31.98
      vertex 0.730514 -0.952024 31.35
    endloop
  endfacet
  facet normal -0.42661 0.598473 0.67811
    outer loop
      vertex 0.991733 -1.47989 31.98
      vertex 0.666684 -0.997763 31.35
      vertex 0.989769 -1.48129 31.98
    endloop
  endfacet
  facet normal -0.258629 0.687953 0.678109
    outer loop
      vertex 0.45922 -1.10865 31.35
      vertex 0.572656 -1.68699 31.98
      vertex 0.574917 -1.68614 31.98
    endloop
  endfacet
  facet normal -0.258975 0.687852 0.678079
    outer loop
      vertex 0.572656 -1.68699 31.98
      vertex 0.45922 -1.10865 31.35
      vertex 0.385727 -1.13632 31.35
    endloop
  endfacet
  facet normal -0.0720413 0.731447 0.678082
    outer loop
      vertex 0.116518 -1.77772 31.98
      vertex 0.230132 -1.76653 31.98
      vertex 0.0784836 -1.19743 31.35
    endloop
  endfacet
  facet normal -0.166934 0.715773 0.678087
    outer loop
      vertex 0.34756 -1.74731 31.98
      vertex 0.458742 -1.72138 31.98
      vertex 0.234108 -1.17694 31.35
    endloop
  endfacet
  facet normal 0.258975 0.687852 0.678079
    outer loop
      vertex -0.45922 -1.10865 31.35
      vertex -0.572656 -1.68699 31.98
      vertex -0.385727 -1.13632 31.35
    endloop
  endfacet
  facet normal 0.258629 0.687953 0.678109
    outer loop
      vertex -0.572656 -1.68699 31.98
      vertex -0.45922 -1.10865 31.35
      vertex -0.574917 -1.68614 31.98
    endloop
  endfacet
  facet normal 0.624138 -0.388139 0.678085
    outer loop
      vertex -1.03923 0.599999 31.35
      vertex -1.48257 0.987717 31.98
      vertex -1.54286 0.890769 31.98
    endloop
  endfacet
  facet normal -0.42661 -0.598473 0.67811
    outer loop
      vertex 0.666684 0.997763 31.35
      vertex 0.991733 1.47989 31.98
      vertex 0.989769 1.48129 31.98
    endloop
  endfacet
  facet normal -0.428106 -0.597433 0.678085
    outer loop
      vertex 0.991733 1.47989 31.98
      vertex 0.666684 0.997763 31.35
      vertex 0.730514 0.952024 31.35
    endloop
  endfacet
  facet normal -0.64822 -0.346434 0.678081
    outer loop
      vertex 1.59781 0.787953 31.98
      vertex 1.544 0.888638 31.98
      vertex 1.07625 0.530746 31.35
    endloop
  endfacet
  facet normal 0.502405 0.53646 0.678085
    outer loop
      vertex -1.17641 -1.33778 31.98
      vertex -0.848528 -0.848528 31.35
      vertex -1.25974 -1.25974 31.98
    endloop
  endfacet
  facet normal -0.725161 0.119744 0.678088
    outer loop
      vertex 1.7477 -0.345176 31.98
      vertex 1.7663 -0.232536 31.98
      vertex 1.18973 -0.156631 31.35
    endloop
  endfacet
  facet normal -0.725169 0.119712 0.678085
    outer loop
      vertex 1.17694 -0.234108 31.35
      vertex 1.7477 -0.345176 31.98
      vertex 1.18973 -0.156631 31.35
    endloop
  endfacet
  facet normal -0.725356 0.118661 0.678069
    outer loop
      vertex 1.7477 -0.345176 31.98
      vertex 1.17694 -0.234108 31.35
      vertex 1.74731 -0.34756 31.98
    endloop
  endfacet
  facet normal -0.687882 0.258872 0.678088
    outer loop
      vertex 1.64593 -0.681764 31.98
      vertex 1.68614 -0.574917 31.98
      vertex 1.10865 -0.45922 31.35
    endloop
  endfacet
  facet normal -0.166934 -0.715773 0.678087
    outer loop
      vertex 0.458742 1.72138 31.98
      vertex 0.34756 1.74731 31.98
      vertex 0.234108 1.17694 31.35
    endloop
  endfacet
  facet normal 0.725161 -0.119744 0.678088
    outer loop
      vertex -1.18973 0.156631 31.35
      vertex -1.7477 0.345176 31.98
      vertex -1.7663 0.232536 31.98
    endloop
  endfacet
  facet normal 0.669465 -0.303354 0.678081
    outer loop
      vertex -1.07625 0.530746 31.35
      vertex -1.59781 0.787953 31.98
      vertex -1.64493 0.683965 31.98
    endloop
  endfacet
  facet normal 0.0720413 0.731447 0.678082
    outer loop
      vertex -0.116518 -1.77772 31.98
      vertex -0.0784836 -1.19743 31.35
      vertex -0.230132 -1.76653 31.98
    endloop
  endfacet
  facet normal -0.73459 -0.0240547 0.678085
    outer loop
      vertex 1.78154 0 31.98
      vertex 1.19743 0.0784836 31.35
      vertex 1.2 0 31.35
    endloop
  endfacet
  facet normal -0.734591 -0.0240833 0.678082
    outer loop
      vertex 1.19743 0.0784836 31.35
      vertex 1.78154 0 31.98
      vertex 1.77772 0.116518 31.98
    endloop
  endfacet
  facet normal -0.715773 0.166934 0.678087
    outer loop
      vertex 1.72138 -0.458742 31.98
      vertex 1.74731 -0.34756 31.98
      vertex 1.17694 -0.234108 31.35
    endloop
  endfacet
  facet normal 0.687882 0.258872 0.678088
    outer loop
      vertex -1.64593 -0.681764 31.98
      vertex -1.10865 -0.45922 31.35
      vertex -1.68614 -0.574917 31.98
    endloop
  endfacet
  facet normal -0.502405 -0.53646 0.678085
    outer loop
      vertex 1.25974 1.25974 31.98
      vertex 1.17641 1.33778 31.98
      vertex 0.848528 0.848528 31.35
    endloop
  endfacet
  facet normal 0.118661 -0.725356 0.678069
    outer loop
      vertex -0.234108 1.17694 31.35
      vertex -0.345176 1.7477 31.98
      vertex -0.34756 1.74731 31.98
    endloop
  endfacet
  facet normal 0.119712 -0.725169 0.678085
    outer loop
      vertex -0.345176 1.7477 31.98
      vertex -0.234108 1.17694 31.35
      vertex -0.156631 1.18973 31.35
    endloop
  endfacet
  facet normal -0.687953 -0.258629 0.678109
    outer loop
      vertex 1.10865 0.45922 31.35
      vertex 1.68699 0.572656 31.98
      vertex 1.68614 0.574917 31.98
    endloop
  endfacet
  facet normal -0.687852 -0.258975 0.678079
    outer loop
      vertex 1.68699 0.572656 31.98
      vertex 1.10865 0.45922 31.35
      vertex 1.13632 0.385727 31.35
    endloop
  endfacet
  facet normal -0.30327 0.669496 0.678088
    outer loop
      vertex 0.45922 -1.10865 31.35
      vertex 0.683965 -1.64493 31.98
      vertex 0.530746 -1.07625 31.35
    endloop
  endfacet
  facet normal -0.304027 0.669164 0.678076
    outer loop
      vertex 0.683965 -1.64493 31.98
      vertex 0.45922 -1.10865 31.35
      vertex 0.681764 -1.64593 31.98
    endloop
  endfacet
  facet normal 0.346434 -0.64822 0.678081
    outer loop
      vertex -0.530746 1.07625 31.35
      vertex -0.787953 1.59781 31.98
      vertex -0.888638 1.544 31.98
    endloop
  endfacet
  facet normal -0.502405 0.53646 0.678085
    outer loop
      vertex 1.17641 -1.33778 31.98
      vertex 1.25974 -1.25974 31.98
      vertex 0.848528 -0.848528 31.35
    endloop
  endfacet
  facet normal -0.119744 -0.725161 0.678088
    outer loop
      vertex 0.345176 1.7477 31.98
      vertex 0.232536 1.7663 31.98
      vertex 0.156631 1.18973 31.35
    endloop
  endfacet
  facet normal -0.346693 -0.648073 0.67809
    outer loop
      vertex 0.888638 1.544 31.98
      vertex 0.599999 1.03923 31.35
      vertex 0.890769 1.54286 31.98
    endloop
  endfacet
  facet normal -0.346494 -0.648183 0.678087
    outer loop
      vertex 0.599999 1.03923 31.35
      vertex 0.888638 1.544 31.98
      vertex 0.530746 1.07625 31.35
    endloop
  endfacet
  facet normal 0.734591 -0.0240833 0.678082
    outer loop
      vertex -1.78154 0 31.98
      vertex -1.19743 0.0784836 31.35
      vertex -1.77772 0.116518 31.98
    endloop
  endfacet
  facet normal 0.73459 -0.0240547 0.678085
    outer loop
      vertex -1.19743 0.0784836 31.35
      vertex -1.78154 0 31.98
      vertex -1.2 0 31.35
    endloop
  endfacet
  facet normal 0.725356 -0.118661 0.678069
    outer loop
      vertex -1.7477 0.345176 31.98
      vertex -1.17694 0.234108 31.35
      vertex -1.74731 0.34756 31.98
    endloop
  endfacet
  facet normal 0.725169 -0.119712 0.678085
    outer loop
      vertex -1.17694 0.234108 31.35
      vertex -1.7477 0.345176 31.98
      vertex -1.18973 0.156631 31.35
    endloop
  endfacet
  facet normal 0.53646 -0.502405 0.678085
    outer loop
      vertex -0.848528 0.848528 31.35
      vertex -1.25974 1.25974 31.98
      vertex -1.33778 1.17641 31.98
    endloop
  endfacet
  facet normal -0.258975 -0.687852 0.678079
    outer loop
      vertex 0.45922 1.10865 31.35
      vertex 0.572656 1.68699 31.98
      vertex 0.385727 1.13632 31.35
    endloop
  endfacet
  facet normal -0.258629 -0.687953 0.678109
    outer loop
      vertex 0.572656 1.68699 31.98
      vertex 0.45922 1.10865 31.35
      vertex 0.574917 1.68614 31.98
    endloop
  endfacet
  facet normal 0.687882 -0.258872 0.678088
    outer loop
      vertex -1.10865 0.45922 31.35
      vertex -1.64593 0.681764 31.98
      vertex -1.68614 0.574917 31.98
    endloop
  endfacet
  facet normal -0.70334 -0.213356 0.67808
    outer loop
      vertex 1.72013 0.463408 31.98
      vertex 1.68699 0.572656 31.98
      vertex 1.13632 0.385727 31.35
    endloop
  endfacet
  facet normal 0.466275 -0.568147 0.678083
    outer loop
      vertex -1.08453 1.41339 31.98
      vertex -0.791215 0.902207 31.35
      vertex -0.730514 0.952024 31.35
    endloop
  endfacet
  facet normal 0.466271 -0.56815 0.678084
    outer loop
      vertex -0.791215 0.902207 31.35
      vertex -1.08453 1.41339 31.98
      vertex -1.17465 1.33943 31.98
    endloop
  endfacet
  facet normal -0.715689 -0.167288 0.678089
    outer loop
      vertex 1.15911 0.310582 31.35
      vertex 1.72138 0.458742 31.98
      vertex 1.72083 0.461095 31.98
    endloop
  endfacet
  facet normal -0.715788 -0.166887 0.678083
    outer loop
      vertex 1.72138 0.458742 31.98
      vertex 1.15911 0.310582 31.35
      vertex 1.17694 0.234108 31.35
    endloop
  endfacet
  facet normal 0.502405 -0.53646 0.678085
    outer loop
      vertex -0.848528 0.848528 31.35
      vertex -1.17641 1.33778 31.98
      vertex -1.25974 1.25974 31.98
    endloop
  endfacet
  facet normal 0.648183 0.346494 0.678087
    outer loop
      vertex -1.544 -0.888638 31.98
      vertex -1.03923 -0.599999 31.35
      vertex -1.07625 -0.530746 31.35
    endloop
  endfacet
  facet normal 0.648073 0.346693 0.67809
    outer loop
      vertex -1.03923 -0.599999 31.35
      vertex -1.544 -0.888638 31.98
      vertex -1.54286 -0.890769 31.98
    endloop
  endfacet
  facet normal 0.53646 0.502405 0.678085
    outer loop
      vertex -1.25974 -1.25974 31.98
      vertex -0.848528 -0.848528 31.35
      vertex -1.33778 -1.17641 31.98
    endloop
  endfacet
  facet normal 0.687953 -0.258629 0.678109
    outer loop
      vertex -1.68699 0.572656 31.98
      vertex -1.10865 0.45922 31.35
      vertex -1.68614 0.574917 31.98
    endloop
  endfacet
  facet normal 0.687852 -0.258975 0.678079
    outer loop
      vertex -1.10865 0.45922 31.35
      vertex -1.68699 0.572656 31.98
      vertex -1.13632 0.385727 31.35
    endloop
  endfacet
  facet normal 0.42661 -0.598473 0.67811
    outer loop
      vertex -0.991733 1.47989 31.98
      vertex -0.666684 0.997763 31.35
      vertex -0.989769 1.48129 31.98
    endloop
  endfacet
  facet normal 0.428106 -0.597433 0.678085
    outer loop
      vertex -0.666684 0.997763 31.35
      vertex -0.991733 1.47989 31.98
      vertex -0.730514 0.952024 31.35
    endloop
  endfacet
  facet normal -0.597422 0.428123 0.678084
    outer loop
      vertex 1.41339 -1.08453 31.98
      vertex 1.47989 -0.991733 31.98
      vertex 0.952024 -0.730514 31.35
    endloop
  endfacet
  facet normal 0.64822 -0.346434 0.678081
    outer loop
      vertex -1.07625 0.530746 31.35
      vertex -1.544 0.888638 31.98
      vertex -1.59781 0.787953 31.98
    endloop
  endfacet
  facet normal -0.258872 -0.687882 0.678088
    outer loop
      vertex 0.681764 1.64593 31.98
      vertex 0.574917 1.68614 31.98
      vertex 0.45922 1.10865 31.35
    endloop
  endfacet
  facet normal 0.388139 -0.624138 0.678085
    outer loop
      vertex -0.599999 1.03923 31.35
      vertex -0.890769 1.54286 31.98
      vertex -0.987717 1.48257 31.98
    endloop
  endfacet
  facet normal 0.166934 -0.715773 0.678087
    outer loop
      vertex -0.234108 1.17694 31.35
      vertex -0.34756 1.74731 31.98
      vertex -0.458742 1.72138 31.98
    endloop
  endfacet
  facet normal -0.428123 0.597422 0.678084
    outer loop
      vertex 0.991733 -1.47989 31.98
      vertex 1.08453 -1.41339 31.98
      vertex 0.730514 -0.952024 31.35
    endloop
  endfacet
  facet normal -0.466271 0.56815 0.678084
    outer loop
      vertex 0.791215 -0.902207 31.35
      vertex 1.08453 -1.41339 31.98
      vertex 1.17465 -1.33943 31.98
    endloop
  endfacet
  facet normal -0.466275 0.568147 0.678083
    outer loop
      vertex 1.08453 -1.41339 31.98
      vertex 0.791215 -0.902207 31.35
      vertex 0.730514 -0.952024 31.35
    endloop
  endfacet
  facet normal 0.70334 -0.213356 0.67808
    outer loop
      vertex -1.13632 0.385727 31.35
      vertex -1.68699 0.572656 31.98
      vertex -1.72013 0.463408 31.98
    endloop
  endfacet
  facet normal 0.568146 -0.466275 0.678084
    outer loop
      vertex -1.33943 1.17465 31.98
      vertex -0.952024 0.730514 31.35
      vertex -0.902207 0.791215 31.35
    endloop
  endfacet
  facet normal 0.56815 -0.466271 0.678083
    outer loop
      vertex -0.952024 0.730514 31.35
      vertex -1.33943 1.17465 31.98
      vertex -1.41339 1.08453 31.98
    endloop
  endfacet
  facet normal 0.466275 0.568147 0.678083
    outer loop
      vertex -0.791215 -0.902207 31.35
      vertex -1.08453 -1.41339 31.98
      vertex -0.730514 -0.952024 31.35
    endloop
  endfacet
  facet normal 0.466271 0.56815 0.678084
    outer loop
      vertex -1.08453 -1.41339 31.98
      vertex -0.791215 -0.902207 31.35
      vertex -1.17465 -1.33943 31.98
    endloop
  endfacet
  facet normal 0.213356 -0.70334 0.67808
    outer loop
      vertex -0.385727 1.13632 31.35
      vertex -0.463408 1.72013 31.98
      vertex -0.572656 1.68699 31.98
    endloop
  endfacet
  facet normal -0.119744 0.725161 0.678088
    outer loop
      vertex 0.232536 -1.7663 31.98
      vertex 0.345176 -1.7477 31.98
      vertex 0.156631 -1.18973 31.35
    endloop
  endfacet
  facet normal -0.624138 0.388139 0.678085
    outer loop
      vertex 1.48257 -0.987717 31.98
      vertex 1.54286 -0.890769 31.98
      vertex 1.03923 -0.599999 31.35
    endloop
  endfacet
  facet normal -0.624152 0.388119 0.678083
    outer loop
      vertex 0.997763 -0.666684 31.35
      vertex 1.48257 -0.987717 31.98
      vertex 1.03923 -0.599999 31.35
    endloop
  endfacet
  facet normal -0.623596 0.388988 0.678098
    outer loop
      vertex 1.48257 -0.987717 31.98
      vertex 0.997763 -0.666684 31.35
      vertex 1.48129 -0.989769 31.98
    endloop
  endfacet
  facet normal -0.731442 0.0720703 0.678084
    outer loop
      vertex 1.18973 -0.156631 31.35
      vertex 1.76653 -0.230132 31.98
      vertex 1.19743 -0.0784836 31.35
    endloop
  endfacet
  facet normal -0.731672 0.0700019 0.678053
    outer loop
      vertex 1.76653 -0.230132 31.98
      vertex 1.18973 -0.156631 31.35
      vertex 1.7663 -0.232536 31.98
    endloop
  endfacet
  facet normal -0.303354 0.669465 0.678081
    outer loop
      vertex 0.683965 -1.64493 31.98
      vertex 0.787953 -1.59781 31.98
      vertex 0.530746 -1.07625 31.35
    endloop
  endfacet
  facet normal 0.73459 0.0240547 0.678085
    outer loop
      vertex -1.78154 0 31.98
      vertex -1.19743 -0.0784836 31.35
      vertex -1.2 0 31.35
    endloop
  endfacet
  facet normal 0.734591 0.0240833 0.678082
    outer loop
      vertex -1.19743 -0.0784836 31.35
      vertex -1.78154 0 31.98
      vertex -1.77772 -0.116518 31.98
    endloop
  endfacet
  facet normal 0.213356 0.70334 0.67808
    outer loop
      vertex -0.463408 -1.72013 31.98
      vertex -0.385727 -1.13632 31.35
      vertex -0.572656 -1.68699 31.98
    endloop
  endfacet
  facet normal -0.623596 -0.388988 0.678098
    outer loop
      vertex 0.997763 0.666684 31.35
      vertex 1.48257 0.987717 31.98
      vertex 1.48129 0.989769 31.98
    endloop
  endfacet
  facet normal -0.624152 -0.388119 0.678083
    outer loop
      vertex 1.48257 0.987717 31.98
      vertex 0.997763 0.666684 31.35
      vertex 1.03923 0.599999 31.35
    endloop
  endfacet
  facet normal -0.669465 0.303354 0.678081
    outer loop
      vertex 1.59781 -0.787953 31.98
      vertex 1.64493 -0.683965 31.98
      vertex 1.07625 -0.530746 31.35
    endloop
  endfacet
  facet normal 0.669496 0.30327 0.678088
    outer loop
      vertex -1.10865 -0.45922 31.35
      vertex -1.64493 -0.683965 31.98
      vertex -1.07625 -0.530746 31.35
    endloop
  endfacet
  facet normal 0.669164 0.304027 0.678076
    outer loop
      vertex -1.64493 -0.683965 31.98
      vertex -1.10865 -0.45922 31.35
      vertex -1.64593 -0.681764 31.98
    endloop
  endfacet
  facet normal -0.73459 0.0240547 0.678085
    outer loop
      vertex 1.19743 -0.0784836 31.35
      vertex 1.78154 0 31.98
      vertex 1.2 0 31.35
    endloop
  endfacet
  facet normal -0.734591 0.0240833 0.678082
    outer loop
      vertex 1.78154 0 31.98
      vertex 1.19743 -0.0784836 31.35
      vertex 1.77772 -0.116518 31.98
    endloop
  endfacet
  facet normal 0.166934 0.715773 0.678087
    outer loop
      vertex -0.34756 -1.74731 31.98
      vertex -0.234108 -1.17694 31.35
      vertex -0.458742 -1.72138 31.98
    endloop
  endfacet
  facet normal -0.598473 -0.42661 0.67811
    outer loop
      vertex 1.47989 0.991733 31.98
      vertex 0.997763 0.666684 31.35
      vertex 1.48129 0.989769 31.98
    endloop
  endfacet
  facet normal -0.597433 -0.428106 0.678085
    outer loop
      vertex 0.997763 0.666684 31.35
      vertex 1.47989 0.991733 31.98
      vertex 0.952024 0.730514 31.35
    endloop
  endfacet
  facet normal -0.648183 0.346494 0.678087
    outer loop
      vertex 1.03923 -0.599999 31.35
      vertex 1.544 -0.888638 31.98
      vertex 1.07625 -0.530746 31.35
    endloop
  endfacet
  facet normal -0.648073 0.346693 0.67809
    outer loop
      vertex 1.544 -0.888638 31.98
      vertex 1.03923 -0.599999 31.35
      vertex 1.54286 -0.890769 31.98
    endloop
  endfacet
  facet normal 0.30327 0.669496 0.678088
    outer loop
      vertex -0.683965 -1.64493 31.98
      vertex -0.45922 -1.10865 31.35
      vertex -0.530746 -1.07625 31.35
    endloop
  endfacet
  facet normal 0.304027 0.669164 0.678076
    outer loop
      vertex -0.45922 -1.10865 31.35
      vertex -0.683965 -1.64493 31.98
      vertex -0.681764 -1.64593 31.98
    endloop
  endfacet
  facet normal -0.731447 -0.0720413 0.678082
    outer loop
      vertex 1.77772 0.116518 31.98
      vertex 1.76653 0.230132 31.98
      vertex 1.19743 0.0784836 31.35
    endloop
  endfacet
  facet normal -0.703444 -0.212888 0.678119
    outer loop
      vertex 1.13632 0.385727 31.35
      vertex 1.72083 0.461095 31.98
      vertex 1.72013 0.463408 31.98
    endloop
  endfacet
  facet normal -0.70335 -0.213312 0.678083
    outer loop
      vertex 1.72083 0.461095 31.98
      vertex 1.13632 0.385727 31.35
      vertex 1.15911 0.310582 31.35
    endloop
  endfacet
  facet normal -0.388139 -0.624138 0.678085
    outer loop
      vertex 0.987717 1.48257 31.98
      vertex 0.890769 1.54286 31.98
      vertex 0.599999 1.03923 31.35
    endloop
  endfacet
  facet normal -0.0240833 0.734591 0.678082
    outer loop
      vertex 0.0784836 -1.19743 31.35
      vertex 0 -1.78154 31.98
      vertex 0.116518 -1.77772 31.98
    endloop
  endfacet
  facet normal -0.0240547 0.73459 0.678085
    outer loop
      vertex 0 -1.78154 31.98
      vertex 0.0784836 -1.19743 31.35
      vertex 0 -1.2 31.35
    endloop
  endfacet
  facet normal -0.0240547 -0.73459 0.678085
    outer loop
      vertex 0.0784836 1.19743 31.35
      vertex 0 1.78154 31.98
      vertex 0 1.2 31.35
    endloop
  endfacet
  facet normal -0.0240833 -0.734591 0.678082
    outer loop
      vertex 0 1.78154 31.98
      vertex 0.0784836 1.19743 31.35
      vertex 0.116518 1.77772 31.98
    endloop
  endfacet
  facet normal -0.428123 -0.597422 0.678084
    outer loop
      vertex 1.08453 1.41339 31.98
      vertex 0.991733 1.47989 31.98
      vertex 0.730514 0.952024 31.35
    endloop
  endfacet
  facet normal -0.669164 0.304027 0.678076
    outer loop
      vertex 1.10865 -0.45922 31.35
      vertex 1.64493 -0.683965 31.98
      vertex 1.64593 -0.681764 31.98
    endloop
  endfacet
  facet normal -0.669496 0.30327 0.678088
    outer loop
      vertex 1.64493 -0.683965 31.98
      vertex 1.10865 -0.45922 31.35
      vertex 1.07625 -0.530746 31.35
    endloop
  endfacet
  facet normal 0.0720413 -0.731447 0.678082
    outer loop
      vertex -0.0784836 1.19743 31.35
      vertex -0.116518 1.77772 31.98
      vertex -0.230132 1.76653 31.98
    endloop
  endfacet
  facet normal 0.0240833 -0.734591 0.678082
    outer loop
      vertex -0.0784836 1.19743 31.35
      vertex 0 1.78154 31.98
      vertex -0.116518 1.77772 31.98
    endloop
  endfacet
  facet normal 0.0240547 -0.73459 0.678085
    outer loop
      vertex 0 1.78154 31.98
      vertex -0.0784836 1.19743 31.35
      vertex 0 1.2 31.35
    endloop
  endfacet
  facet normal 0.536442 0.502428 0.678083
    outer loop
      vertex -0.902207 -0.791215 31.35
      vertex -1.33778 -1.17641 31.98
      vertex -0.848528 -0.848528 31.35
    endloop
  endfacet
  facet normal 0.536203 0.50269 0.678078
    outer loop
      vertex -1.33778 -1.17641 31.98
      vertex -0.902207 -0.791215 31.35
      vertex -1.33943 -1.17465 31.98
    endloop
  endfacet
  facet normal -0.466271 -0.56815 0.678084
    outer loop
      vertex 1.08453 1.41339 31.98
      vertex 0.791215 0.902207 31.35
      vertex 1.17465 1.33943 31.98
    endloop
  endfacet
  facet normal -0.466275 -0.568147 0.678083
    outer loop
      vertex 0.791215 0.902207 31.35
      vertex 1.08453 1.41339 31.98
      vertex 0.730514 0.952024 31.35
    endloop
  endfacet
  facet normal -0.213356 -0.70334 0.67808
    outer loop
      vertex 0.572656 1.68699 31.98
      vertex 0.463408 1.72013 31.98
      vertex 0.385727 1.13632 31.35
    endloop
  endfacet
  facet normal 0.502428 0.536442 0.678083
    outer loop
      vertex -1.17641 -1.33778 31.98
      vertex -0.791215 -0.902207 31.35
      vertex -0.848528 -0.848528 31.35
    endloop
  endfacet
  facet normal 0.50269 0.536203 0.678078
    outer loop
      vertex -0.791215 -0.902207 31.35
      vertex -1.17641 -1.33778 31.98
      vertex -1.17465 -1.33943 31.98
    endloop
  endfacet
  facet normal 0.731442 0.0720703 0.678084
    outer loop
      vertex -1.76653 -0.230132 31.98
      vertex -1.18973 -0.156631 31.35
      vertex -1.19743 -0.0784836 31.35
    endloop
  endfacet
  facet normal 0.731672 0.0700019 0.678053
    outer loop
      vertex -1.18973 -0.156631 31.35
      vertex -1.76653 -0.230132 31.98
      vertex -1.7663 -0.232536 31.98
    endloop
  endfacet
  facet normal -0.50269 -0.536203 0.678078
    outer loop
      vertex 0.791215 0.902207 31.35
      vertex 1.17641 1.33778 31.98
      vertex 1.17465 1.33943 31.98
    endloop
  endfacet
  facet normal -0.502428 -0.536442 0.678083
    outer loop
      vertex 1.17641 1.33778 31.98
      vertex 0.791215 0.902207 31.35
      vertex 0.848528 0.848528 31.35
    endloop
  endfacet
  facet normal 0.258872 0.687882 0.678088
    outer loop
      vertex -0.574917 -1.68614 31.98
      vertex -0.45922 -1.10865 31.35
      vertex -0.681764 -1.64593 31.98
    endloop
  endfacet
  facet normal 0.346494 -0.648183 0.678087
    outer loop
      vertex -0.888638 1.544 31.98
      vertex -0.599999 1.03923 31.35
      vertex -0.530746 1.07625 31.35
    endloop
  endfacet
  facet normal 0.346693 -0.648073 0.67809
    outer loop
      vertex -0.599999 1.03923 31.35
      vertex -0.888638 1.544 31.98
      vertex -0.890769 1.54286 31.98
    endloop
  endfacet
  facet normal -0.213356 0.70334 0.67808
    outer loop
      vertex 0.463408 -1.72013 31.98
      vertex 0.572656 -1.68699 31.98
      vertex 0.385727 -1.13632 31.35
    endloop
  endfacet
  facet normal -0.648073 -0.346693 0.67809
    outer loop
      vertex 1.03923 0.599999 31.35
      vertex 1.544 0.888638 31.98
      vertex 1.54286 0.890769 31.98
    endloop
  endfacet
  facet normal -0.648183 -0.346494 0.678087
    outer loop
      vertex 1.544 0.888638 31.98
      vertex 1.03923 0.599999 31.35
      vertex 1.07625 0.530746 31.35
    endloop
  endfacet
  facet normal 0.715773 -0.166934 0.678087
    outer loop
      vertex -1.17694 0.234108 31.35
      vertex -1.72138 0.458742 31.98
      vertex -1.74731 0.34756 31.98
    endloop
  endfacet
  facet normal -0.303354 -0.669465 0.678081
    outer loop
      vertex 0.787953 1.59781 31.98
      vertex 0.683965 1.64493 31.98
      vertex 0.530746 1.07625 31.35
    endloop
  endfacet
  facet normal 0.597433 -0.428106 0.678085
    outer loop
      vertex -1.47989 0.991733 31.98
      vertex -0.997763 0.666684 31.35
      vertex -0.952024 0.730514 31.35
    endloop
  endfacet
  facet normal 0.598473 -0.42661 0.67811
    outer loop
      vertex -0.997763 0.666684 31.35
      vertex -1.47989 0.991733 31.98
      vertex -1.48129 0.989769 31.98
    endloop
  endfacet
  facet normal -0.536203 -0.50269 0.678078
    outer loop
      vertex 1.33778 1.17641 31.98
      vertex 0.902207 0.791215 31.35
      vertex 1.33943 1.17465 31.98
    endloop
  endfacet
  facet normal -0.536442 -0.502428 0.678083
    outer loop
      vertex 0.902207 0.791215 31.35
      vertex 1.33778 1.17641 31.98
      vertex 0.848528 0.848528 31.35
    endloop
  endfacet
  facet normal 0.258629 -0.687953 0.678109
    outer loop
      vertex -0.45922 1.10865 31.35
      vertex -0.572656 1.68699 31.98
      vertex -0.574917 1.68614 31.98
    endloop
  endfacet
  facet normal 0.258975 -0.687852 0.678079
    outer loop
      vertex -0.572656 1.68699 31.98
      vertex -0.45922 1.10865 31.35
      vertex -0.385727 1.13632 31.35
    endloop
  endfacet
  facet normal -0.536203 0.50269 0.678078
    outer loop
      vertex 0.902207 -0.791215 31.35
      vertex 1.33778 -1.17641 31.98
      vertex 1.33943 -1.17465 31.98
    endloop
  endfacet
  facet normal -0.536442 0.502428 0.678083
    outer loop
      vertex 1.33778 -1.17641 31.98
      vertex 0.902207 -0.791215 31.35
      vertex 0.848528 -0.848528 31.35
    endloop
  endfacet
  facet normal -0.56815 0.466271 0.678083
    outer loop
      vertex 0.952024 -0.730514 31.35
      vertex 1.33943 -1.17465 31.98
      vertex 1.41339 -1.08453 31.98
    endloop
  endfacet
  facet normal -0.568146 0.466275 0.678084
    outer loop
      vertex 1.33943 -1.17465 31.98
      vertex 0.952024 -0.730514 31.35
      vertex 0.902207 -0.791215 31.35
    endloop
  endfacet
  facet normal -0.715773 -0.166934 0.678087
    outer loop
      vertex 1.74731 0.34756 31.98
      vertex 1.72138 0.458742 31.98
      vertex 1.17694 0.234108 31.35
    endloop
  endfacet
  facet normal 0.303354 0.669465 0.678081
    outer loop
      vertex -0.683965 -1.64493 31.98
      vertex -0.530746 -1.07625 31.35
      vertex -0.787953 -1.59781 31.98
    endloop
  endfacet
  facet normal 0.166887 0.715788 0.678083
    outer loop
      vertex -0.310582 -1.15911 31.35
      vertex -0.458742 -1.72138 31.98
      vertex -0.234108 -1.17694 31.35
    endloop
  endfacet
  facet normal 0.167288 0.715689 0.678089
    outer loop
      vertex -0.458742 -1.72138 31.98
      vertex -0.310582 -1.15911 31.35
      vertex -0.461095 -1.72083 31.98
    endloop
  endfacet
  facet normal 0.119744 -0.725161 0.678088
    outer loop
      vertex -0.156631 1.18973 31.35
      vertex -0.232536 1.7663 31.98
      vertex -0.345176 1.7477 31.98
    endloop
  endfacet
  facet normal -0.346434 0.64822 0.678081
    outer loop
      vertex 0.787953 -1.59781 31.98
      vertex 0.888638 -1.544 31.98
      vertex 0.530746 -1.07625 31.35
    endloop
  endfacet
  facet normal 0.303354 -0.669465 0.678081
    outer loop
      vertex -0.530746 1.07625 31.35
      vertex -0.683965 1.64493 31.98
      vertex -0.787953 1.59781 31.98
    endloop
  endfacet
  facet normal -0.70334 0.213356 0.67808
    outer loop
      vertex 1.68699 -0.572656 31.98
      vertex 1.72013 -0.463408 31.98
      vertex 1.13632 -0.385727 31.35
    endloop
  endfacet
  facet normal 0.731672 -0.0700019 0.678053
    outer loop
      vertex -1.76653 0.230132 31.98
      vertex -1.18973 0.156631 31.35
      vertex -1.7663 0.232536 31.98
    endloop
  endfacet
  facet normal 0.731442 -0.0720703 0.678084
    outer loop
      vertex -1.18973 0.156631 31.35
      vertex -1.76653 0.230132 31.98
      vertex -1.19743 0.0784836 31.35
    endloop
  endfacet
  facet normal 0.687852 0.258975 0.678079
    outer loop
      vertex -1.68699 -0.572656 31.98
      vertex -1.10865 -0.45922 31.35
      vertex -1.13632 -0.385727 31.35
    endloop
  endfacet
  facet normal 0.687953 0.258629 0.678109
    outer loop
      vertex -1.10865 -0.45922 31.35
      vertex -1.68699 -0.572656 31.98
      vertex -1.68614 -0.574917 31.98
    endloop
  endfacet
  facet normal -0.725161 -0.119744 0.678088
    outer loop
      vertex 1.7663 0.232536 31.98
      vertex 1.7477 0.345176 31.98
      vertex 1.18973 0.156631 31.35
    endloop
  endfacet
  facet normal -0.731672 -0.0700019 0.678053
    outer loop
      vertex 1.18973 0.156631 31.35
      vertex 1.76653 0.230132 31.98
      vertex 1.7663 0.232536 31.98
    endloop
  endfacet
  facet normal -0.731442 -0.0720703 0.678084
    outer loop
      vertex 1.76653 0.230132 31.98
      vertex 1.18973 0.156631 31.35
      vertex 1.19743 0.0784836 31.35
    endloop
  endfacet
  facet normal -0.731447 0.0720413 0.678082
    outer loop
      vertex 1.76653 -0.230132 31.98
      vertex 1.77772 -0.116518 31.98
      vertex 1.19743 -0.0784836 31.35
    endloop
  endfacet
  facet normal 0.388139 0.624138 0.678085
    outer loop
      vertex -0.890769 -1.54286 31.98
      vertex -0.599999 -1.03923 31.35
      vertex -0.987717 -1.48257 31.98
    endloop
  endfacet
  facet normal 0.70335 0.213312 0.678083
    outer loop
      vertex -1.72083 -0.461095 31.98
      vertex -1.13632 -0.385727 31.35
      vertex -1.15911 -0.310582 31.35
    endloop
  endfacet
  facet normal 0.703444 0.212888 0.678119
    outer loop
      vertex -1.13632 -0.385727 31.35
      vertex -1.72083 -0.461095 31.98
      vertex -1.72013 -0.463408 31.98
    endloop
  endfacet
  facet normal 0.715689 -0.167288 0.678089
    outer loop
      vertex -1.72138 0.458742 31.98
      vertex -1.15911 0.310582 31.35
      vertex -1.72083 0.461095 31.98
    endloop
  endfacet
  facet normal 0.715788 -0.166887 0.678083
    outer loop
      vertex -1.15911 0.310582 31.35
      vertex -1.72138 0.458742 31.98
      vertex -1.17694 0.234108 31.35
    endloop
  endfacet
  facet normal 0.597433 0.428106 0.678085
    outer loop
      vertex -0.997763 -0.666684 31.35
      vertex -1.47989 -0.991733 31.98
      vertex -0.952024 -0.730514 31.35
    endloop
  endfacet
  facet normal 0.598473 0.42661 0.67811
    outer loop
      vertex -1.47989 -0.991733 31.98
      vertex -0.997763 -0.666684 31.35
      vertex -1.48129 -0.989769 31.98
    endloop
  endfacet
  facet normal -0.346693 0.648073 0.67809
    outer loop
      vertex 0.599999 -1.03923 31.35
      vertex 0.888638 -1.544 31.98
      vertex 0.890769 -1.54286 31.98
    endloop
  endfacet
  facet normal -0.346494 0.648183 0.678087
    outer loop
      vertex 0.888638 -1.544 31.98
      vertex 0.599999 -1.03923 31.35
      vertex 0.530746 -1.07625 31.35
    endloop
  endfacet
  facet normal 0.119712 0.725169 0.678085
    outer loop
      vertex -0.234108 -1.17694 31.35
      vertex -0.345176 -1.7477 31.98
      vertex -0.156631 -1.18973 31.35
    endloop
  endfacet
  facet normal 0.118661 0.725356 0.678069
    outer loop
      vertex -0.345176 -1.7477 31.98
      vertex -0.234108 -1.17694 31.35
      vertex -0.34756 -1.74731 31.98
    endloop
  endfacet
  facet normal -0.118661 0.725356 0.678069
    outer loop
      vertex 0.234108 -1.17694 31.35
      vertex 0.345176 -1.7477 31.98
      vertex 0.34756 -1.74731 31.98
    endloop
  endfacet
  facet normal -0.119712 0.725169 0.678085
    outer loop
      vertex 0.345176 -1.7477 31.98
      vertex 0.234108 -1.17694 31.35
      vertex 0.156631 -1.18973 31.35
    endloop
  endfacet
  facet normal -0.0700019 0.731672 0.678053
    outer loop
      vertex 0.156631 -1.18973 31.35
      vertex 0.230132 -1.76653 31.98
      vertex 0.232536 -1.7663 31.98
    endloop
  endfacet
  facet normal -0.0720703 0.731442 0.678084
    outer loop
      vertex 0.230132 -1.76653 31.98
      vertex 0.156631 -1.18973 31.35
      vertex 0.0784836 -1.19743 31.35
    endloop
  endfacet
  facet normal 0.715773 0.166934 0.678087
    outer loop
      vertex -1.72138 -0.458742 31.98
      vertex -1.17694 -0.234108 31.35
      vertex -1.74731 -0.34756 31.98
    endloop
  endfacet
  facet normal 0.70334 0.213356 0.67808
    outer loop
      vertex -1.68699 -0.572656 31.98
      vertex -1.13632 -0.385727 31.35
      vertex -1.72013 -0.463408 31.98
    endloop
  endfacet
  facet normal -0.56815 -0.466271 0.678083
    outer loop
      vertex 1.33943 1.17465 31.98
      vertex 0.952024 0.730514 31.35
      vertex 1.41339 1.08453 31.98
    endloop
  endfacet
  facet normal -0.568146 -0.466275 0.678084
    outer loop
      vertex 0.952024 0.730514 31.35
      vertex 1.33943 1.17465 31.98
      vertex 0.902207 0.791215 31.35
    endloop
  endfacet
  facet normal -0.0720413 -0.731447 0.678082
    outer loop
      vertex 0.230132 1.76653 31.98
      vertex 0.116518 1.77772 31.98
      vertex 0.0784836 1.19743 31.35
    endloop
  endfacet
  facet normal 0.648073 -0.346693 0.67809
    outer loop
      vertex -1.544 0.888638 31.98
      vertex -1.03923 0.599999 31.35
      vertex -1.54286 0.890769 31.98
    endloop
  endfacet
  facet normal 0.648183 -0.346494 0.678087
    outer loop
      vertex -1.03923 0.599999 31.35
      vertex -1.544 0.888638 31.98
      vertex -1.07625 0.530746 31.35
    endloop
  endfacet
  facet normal -0.212888 0.703444 0.678119
    outer loop
      vertex 0.385727 -1.13632 31.35
      vertex 0.461095 -1.72083 31.98
      vertex 0.463408 -1.72013 31.98
    endloop
  endfacet
  facet normal -0.213312 0.70335 0.678083
    outer loop
      vertex 0.461095 -1.72083 31.98
      vertex 0.385727 -1.13632 31.35
      vertex 0.310582 -1.15911 31.35
    endloop
  endfacet
  facet normal 0.388119 -0.624152 0.678083
    outer loop
      vertex -0.987717 1.48257 31.98
      vertex -0.666684 0.997763 31.35
      vertex -0.599999 1.03923 31.35
    endloop
  endfacet
  facet normal 0.388988 -0.623596 0.678098
    outer loop
      vertex -0.666684 0.997763 31.35
      vertex -0.987717 1.48257 31.98
      vertex -0.989769 1.48129 31.98
    endloop
  endfacet
  facet normal -0.502428 0.536442 0.678083
    outer loop
      vertex 0.791215 -0.902207 31.35
      vertex 1.17641 -1.33778 31.98
      vertex 0.848528 -0.848528 31.35
    endloop
  endfacet
  facet normal -0.50269 0.536203 0.678078
    outer loop
      vertex 1.17641 -1.33778 31.98
      vertex 0.791215 -0.902207 31.35
      vertex 1.17465 -1.33943 31.98
    endloop
  endfacet
  facet normal 0.597422 -0.428123 0.678084
    outer loop
      vertex -0.952024 0.730514 31.35
      vertex -1.41339 1.08453 31.98
      vertex -1.47989 0.991733 31.98
    endloop
  endfacet
  facet normal -0.64822 0.346434 0.678081
    outer loop
      vertex 1.544 -0.888638 31.98
      vertex 1.59781 -0.787953 31.98
      vertex 1.07625 -0.530746 31.35
    endloop
  endfacet
  facet normal -0.0720703 -0.731442 0.678084
    outer loop
      vertex 0.156631 1.18973 31.35
      vertex 0.230132 1.76653 31.98
      vertex 0.0784836 1.19743 31.35
    endloop
  endfacet
  facet normal -0.0700019 -0.731672 0.678053
    outer loop
      vertex 0.230132 1.76653 31.98
      vertex 0.156631 1.18973 31.35
      vertex 0.232536 1.7663 31.98
    endloop
  endfacet
  facet normal -0.598473 0.42661 0.67811
    outer loop
      vertex 0.997763 -0.666684 31.35
      vertex 1.47989 -0.991733 31.98
      vertex 1.48129 -0.989769 31.98
    endloop
  endfacet
  facet normal -0.597433 0.428106 0.678085
    outer loop
      vertex 1.47989 -0.991733 31.98
      vertex 0.997763 -0.666684 31.35
      vertex 0.952024 -0.730514 31.35
    endloop
  endfacet
  facet normal -0.715788 0.166887 0.678083
    outer loop
      vertex 1.15911 -0.310582 31.35
      vertex 1.72138 -0.458742 31.98
      vertex 1.17694 -0.234108 31.35
    endloop
  endfacet
  facet normal -0.715689 0.167288 0.678089
    outer loop
      vertex 1.72138 -0.458742 31.98
      vertex 1.15911 -0.310582 31.35
      vertex 1.72083 -0.461095 31.98
    endloop
  endfacet
  facet normal 0.64822 0.346434 0.678081
    outer loop
      vertex -1.544 -0.888638 31.98
      vertex -1.07625 -0.530746 31.35
      vertex -1.59781 -0.787953 31.98
    endloop
  endfacet
  facet normal 0.119744 0.725161 0.678088
    outer loop
      vertex -0.232536 -1.7663 31.98
      vertex -0.156631 -1.18973 31.35
      vertex -0.345176 -1.7477 31.98
    endloop
  endfacet
  facet normal 0.0720703 0.731442 0.678084
    outer loop
      vertex -0.156631 -1.18973 31.35
      vertex -0.230132 -1.76653 31.98
      vertex -0.0784836 -1.19743 31.35
    endloop
  endfacet
  facet normal 0.0700019 0.731672 0.678053
    outer loop
      vertex -0.230132 -1.76653 31.98
      vertex -0.156631 -1.18973 31.35
      vertex -0.232536 -1.7663 31.98
    endloop
  endfacet
  facet normal 0.669465 0.303354 0.678081
    outer loop
      vertex -1.59781 -0.787953 31.98
      vertex -1.07625 -0.530746 31.35
      vertex -1.64493 -0.683965 31.98
    endloop
  endfacet
  facet normal 0.213312 0.70335 0.678083
    outer loop
      vertex -0.385727 -1.13632 31.35
      vertex -0.461095 -1.72083 31.98
      vertex -0.310582 -1.15911 31.35
    endloop
  endfacet
  facet normal 0.212888 0.703444 0.678119
    outer loop
      vertex -0.461095 -1.72083 31.98
      vertex -0.385727 -1.13632 31.35
      vertex -0.463408 -1.72013 31.98
    endloop
  endfacet
  facet normal 0.669496 -0.30327 0.678088
    outer loop
      vertex -1.64493 0.683965 31.98
      vertex -1.10865 0.45922 31.35
      vertex -1.07625 0.530746 31.35
    endloop
  endfacet
  facet normal 0.669164 -0.304027 0.678076
    outer loop
      vertex -1.10865 0.45922 31.35
      vertex -1.64493 0.683965 31.98
      vertex -1.64593 0.681764 31.98
    endloop
  endfacet
  facet normal 0.50269 -0.536203 0.678078
    outer loop
      vertex -1.17641 1.33778 31.98
      vertex -0.791215 0.902207 31.35
      vertex -1.17465 1.33943 31.98
    endloop
  endfacet
  facet normal 0.502428 -0.536442 0.678083
    outer loop
      vertex -0.791215 0.902207 31.35
      vertex -1.17641 1.33778 31.98
      vertex -0.848528 0.848528 31.35
    endloop
  endfacet
  facet normal 0.703444 -0.212888 0.678119
    outer loop
      vertex -1.72083 0.461095 31.98
      vertex -1.13632 0.385727 31.35
      vertex -1.72013 0.463408 31.98
    endloop
  endfacet
  facet normal 0.70335 -0.213312 0.678083
    outer loop
      vertex -1.13632 0.385727 31.35
      vertex -1.72083 0.461095 31.98
      vertex -1.15911 0.310582 31.35
    endloop
  endfacet
  facet normal -0.213312 -0.70335 0.678083
    outer loop
      vertex 0.385727 1.13632 31.35
      vertex 0.461095 1.72083 31.98
      vertex 0.310582 1.15911 31.35
    endloop
  endfacet
  facet normal -0.212888 -0.703444 0.678119
    outer loop
      vertex 0.461095 1.72083 31.98
      vertex 0.385727 1.13632 31.35
      vertex 0.463408 1.72013 31.98
    endloop
  endfacet
  facet normal 0.624152 0.388119 0.678083
    outer loop
      vertex -1.48257 -0.987717 31.98
      vertex -0.997763 -0.666684 31.35
      vertex -1.03923 -0.599999 31.35
    endloop
  endfacet
  facet normal 0.623596 0.388988 0.678098
    outer loop
      vertex -0.997763 -0.666684 31.35
      vertex -1.48257 -0.987717 31.98
      vertex -1.48129 -0.989769 31.98
    endloop
  endfacet
  facet normal 0.597422 0.428123 0.678084
    outer loop
      vertex -1.41339 -1.08453 31.98
      vertex -0.952024 -0.730514 31.35
      vertex -1.47989 -0.991733 31.98
    endloop
  endfacet
  facet normal 0.212888 -0.703444 0.678119
    outer loop
      vertex -0.385727 1.13632 31.35
      vertex -0.461095 1.72083 31.98
      vertex -0.463408 1.72013 31.98
    endloop
  endfacet
  facet normal 0.213312 -0.70335 0.678083
    outer loop
      vertex -0.461095 1.72083 31.98
      vertex -0.385727 1.13632 31.35
      vertex -0.310582 1.15911 31.35
    endloop
  endfacet
  facet normal -0.304027 -0.669164 0.678076
    outer loop
      vertex 0.45922 1.10865 31.35
      vertex 0.683965 1.64493 31.98
      vertex 0.681764 1.64593 31.98
    endloop
  endfacet
  facet normal -0.30327 -0.669496 0.678088
    outer loop
      vertex 0.683965 1.64493 31.98
      vertex 0.45922 1.10865 31.35
      vertex 0.530746 1.07625 31.35
    endloop
  endfacet
  facet normal 0.725161 0.119744 0.678088
    outer loop
      vertex -1.7477 -0.345176 31.98
      vertex -1.18973 -0.156631 31.35
      vertex -1.7663 -0.232536 31.98
    endloop
  endfacet
  facet normal 0.0240547 0.73459 0.678085
    outer loop
      vertex -0.0784836 -1.19743 31.35
      vertex 0 -1.78154 31.98
      vertex 0 -1.2 31.35
    endloop
  endfacet
  facet normal 0.0240833 0.734591 0.678082
    outer loop
      vertex 0 -1.78154 31.98
      vertex -0.0784836 -1.19743 31.35
      vertex -0.116518 -1.77772 31.98
    endloop
  endfacet
  facet normal -0.346434 -0.64822 0.678081
    outer loop
      vertex 0.888638 1.544 31.98
      vertex 0.787953 1.59781 31.98
      vertex 0.530746 1.07625 31.35
    endloop
  endfacet
  facet normal -0.119712 -0.725169 0.678085
    outer loop
      vertex 0.234108 1.17694 31.35
      vertex 0.345176 1.7477 31.98
      vertex 0.156631 1.18973 31.35
    endloop
  endfacet
  facet normal -0.118661 -0.725356 0.678069
    outer loop
      vertex 0.345176 1.7477 31.98
      vertex 0.234108 1.17694 31.35
      vertex 0.34756 1.74731 31.98
    endloop
  endfacet
  facet normal -0.624138 -0.388139 0.678085
    outer loop
      vertex 1.54286 0.890769 31.98
      vertex 1.48257 0.987717 31.98
      vertex 1.03923 0.599999 31.35
    endloop
  endfacet
  facet normal 0.428123 0.597422 0.678084
    outer loop
      vertex -0.991733 -1.47989 31.98
      vertex -0.730514 -0.952024 31.35
      vertex -1.08453 -1.41339 31.98
    endloop
  endfacet
  facet normal 0.715788 0.166887 0.678083
    outer loop
      vertex -1.72138 -0.458742 31.98
      vertex -1.15911 -0.310582 31.35
      vertex -1.17694 -0.234108 31.35
    endloop
  endfacet
  facet normal 0.715689 0.167288 0.678089
    outer loop
      vertex -1.15911 -0.310582 31.35
      vertex -1.72138 -0.458742 31.98
      vertex -1.72083 -0.461095 31.98
    endloop
  endfacet
  facet normal 0.725169 0.119712 0.678085
    outer loop
      vertex -1.7477 -0.345176 31.98
      vertex -1.17694 -0.234108 31.35
      vertex -1.18973 -0.156631 31.35
    endloop
  endfacet
  facet normal 0.725356 0.118661 0.678069
    outer loop
      vertex -1.17694 -0.234108 31.35
      vertex -1.7477 -0.345176 31.98
      vertex -1.74731 -0.34756 31.98
    endloop
  endfacet
  facet normal 0.624138 0.388139 0.678085
    outer loop
      vertex -1.48257 -0.987717 31.98
      vertex -1.03923 -0.599999 31.35
      vertex -1.54286 -0.890769 31.98
    endloop
  endfacet
  facet normal 0.98664 0.162917 0
    outer loop
      vertex -1.76541 -0.351162 32
      vertex -1.7846 -0.234946 31.98
      vertex -1.7846 -0.234946 32
    endloop
  endfacet
  facet normal 0.98664 0.162917 0
    outer loop
      vertex -1.7846 -0.234946 31.98
      vertex -1.76541 -0.351162 32
      vertex -1.76541 -0.351162 31.98
    endloop
  endfacet
  facet normal -0.999466 0.0326859 0
    outer loop
      vertex 1.79615 -0.117725 31.98
      vertex 1.8 0 32
      vertex 1.8 0 31.98
    endloop
  endfacet
  facet normal -0.999466 0.0326859 0
    outer loop
      vertex 1.8 0 32
      vertex 1.79615 -0.117725 31.98
      vertex 1.79615 -0.117725 32
    endloop
  endfacet
  facet normal -0.995181 -0.098057 0
    outer loop
      vertex 1.79615 0.117725 31.98
      vertex 1.7846 0.234946 32
      vertex 1.7846 0.234946 31.98
    endloop
  endfacet
  facet normal -0.995181 -0.098057 0
    outer loop
      vertex 1.7846 0.234946 32
      vertex 1.79615 0.117725 31.98
      vertex 1.79615 0.117725 32
    endloop
  endfacet
  facet normal -0.999466 -0.0326859 0
    outer loop
      vertex 1.8 0 31.98
      vertex 1.79615 0.117725 32
      vertex 1.79615 0.117725 31.98
    endloop
  endfacet
  facet normal -0.999466 -0.0326859 0
    outer loop
      vertex 1.79615 0.117725 32
      vertex 1.8 0 31.98
      vertex 1.8 0 32
    endloop
  endfacet
  facet normal -0.98664 -0.162917 0
    outer loop
      vertex 1.7846 0.234946 31.98
      vertex 1.76541 0.351162 32
      vertex 1.76541 0.351162 31.98
    endloop
  endfacet
  facet normal -0.98664 -0.162917 0
    outer loop
      vertex 1.76541 0.351162 32
      vertex 1.7846 0.234946 31.98
      vertex 1.7846 0.234946 32
    endloop
  endfacet
  facet normal -0.97389 -0.227019 0
    outer loop
      vertex 1.76541 0.351162 31.98
      vertex 1.73867 0.465874 32
      vertex 1.73867 0.465874 31.98
    endloop
  endfacet
  facet normal -0.97389 -0.227019 0
    outer loop
      vertex 1.73867 0.465874 32
      vertex 1.76541 0.351162 31.98
      vertex 1.76541 0.351162 32
    endloop
  endfacet
  facet normal 0.935909 0.352242 0
    outer loop
      vertex -1.66298 -0.688829 32
      vertex -1.70447 -0.57859 31.98
      vertex -1.70447 -0.57859 32
    endloop
  endfacet
  facet normal 0.935909 0.352242 0
    outer loop
      vertex -1.70447 -0.57859 31.98
      vertex -1.66298 -0.688829 32
      vertex -1.66298 -0.688829 31.98
    endloop
  endfacet
  facet normal 0.63443 -0.77298 0
    outer loop
      vertex -1.18682 1.35331 31.98
      vertex -1.09577 1.42804 32
      vertex -1.18682 1.35331 32
    endloop
  endfacet
  facet normal 0.63443 -0.77298 0
    outer loop
      vertex -1.09577 1.42804 32
      vertex -1.18682 1.35331 31.98
      vertex -1.09577 1.42804 31.98
    endloop
  endfacet
  facet normal -0.77298 0.63443 0
    outer loop
      vertex 1.35331 -1.18682 31.98
      vertex 1.42804 -1.09577 32
      vertex 1.42804 -1.09577 31.98
    endloop
  endfacet
  facet normal -0.77298 0.63443 0
    outer loop
      vertex 1.42804 -1.09577 32
      vertex 1.35331 -1.18682 31.98
      vertex 1.35331 -1.18682 32
    endloop
  endfacet
  facet normal -0.352242 -0.935909 0
    outer loop
      vertex 0.57859 1.70447 31.98
      vertex 0.688829 1.66298 32
      vertex 0.57859 1.70447 32
    endloop
  endfacet
  facet normal -0.352242 -0.935909 -0
    outer loop
      vertex 0.688829 1.66298 32
      vertex 0.57859 1.70447 31.98
      vertex 0.688829 1.66298 31.98
    endloop
  endfacet
  facet normal -0.98664 0.162917 0
    outer loop
      vertex 1.76541 -0.351162 31.98
      vertex 1.7846 -0.234946 32
      vertex 1.7846 -0.234946 31.98
    endloop
  endfacet
  facet normal -0.98664 0.162917 0
    outer loop
      vertex 1.7846 -0.234946 32
      vertex 1.76541 -0.351162 31.98
      vertex 1.76541 -0.351162 32
    endloop
  endfacet
  facet normal -0.098057 0.995181 0
    outer loop
      vertex 0.234946 -1.7846 31.98
      vertex 0.117725 -1.79615 32
      vertex 0.234946 -1.7846 32
    endloop
  endfacet
  facet normal -0.098057 0.995181 0
    outer loop
      vertex 0.117725 -1.79615 32
      vertex 0.234946 -1.7846 31.98
      vertex 0.117725 -1.79615 31.98
    endloop
  endfacet
  facet normal 0.910872 -0.41269 0
    outer loop
      vertex -1.66298 0.688829 32
      vertex -1.61437 0.796119 31.98
      vertex -1.61437 0.796119 32
    endloop
  endfacet
  facet normal 0.910872 -0.41269 0
    outer loop
      vertex -1.61437 0.796119 31.98
      vertex -1.66298 0.688829 32
      vertex -1.66298 0.688829 31.98
    endloop
  endfacet
  facet normal 0.881941 -0.47136 0
    outer loop
      vertex -1.61437 0.796119 32
      vertex -1.55885 0.9 31.98
      vertex -1.55885 0.9 32
    endloop
  endfacet
  facet normal 0.881941 -0.47136 0
    outer loop
      vertex -1.55885 0.9 31.98
      vertex -1.61437 0.796119 32
      vertex -1.61437 0.796119 31.98
    endloop
  endfacet
  facet normal 0.97389 0.227019 0
    outer loop
      vertex -1.73867 -0.465874 32
      vertex -1.76541 -0.351162 31.98
      vertex -1.76541 -0.351162 32
    endloop
  endfacet
  facet normal 0.97389 0.227019 0
    outer loop
      vertex -1.76541 -0.351162 31.98
      vertex -1.73867 -0.465874 32
      vertex -1.73867 -0.465874 31.98
    endloop
  endfacet
  facet normal 0.683594 0.729863 -0
    outer loop
      vertex -1.18682 -1.35331 31.98
      vertex -1.27279 -1.27279 32
      vertex -1.18682 -1.35331 32
    endloop
  endfacet
  facet normal 0.683594 0.729863 0
    outer loop
      vertex -1.27279 -1.27279 32
      vertex -1.18682 -1.35331 31.98
      vertex -1.27279 -1.27279 31.98
    endloop
  endfacet
  facet normal 0.98664 -0.162917 0
    outer loop
      vertex -1.7846 0.234946 32
      vertex -1.76541 0.351162 31.98
      vertex -1.76541 0.351162 32
    endloop
  endfacet
  facet normal 0.98664 -0.162917 0
    outer loop
      vertex -1.76541 0.351162 31.98
      vertex -1.7846 0.234946 32
      vertex -1.7846 0.234946 31.98
    endloop
  endfacet
  facet normal -0.881941 -0.47136 0
    outer loop
      vertex 1.61437 0.796119 31.98
      vertex 1.55885 0.9 32
      vertex 1.55885 0.9 31.98
    endloop
  endfacet
  facet normal -0.881941 -0.47136 0
    outer loop
      vertex 1.55885 0.9 32
      vertex 1.61437 0.796119 31.98
      vertex 1.61437 0.796119 32
    endloop
  endfacet
  facet normal -0.956922 -0.290347 0
    outer loop
      vertex 1.73867 0.465874 31.98
      vertex 1.70447 0.57859 32
      vertex 1.70447 0.57859 31.98
    endloop
  endfacet
  facet normal -0.956922 -0.290347 0
    outer loop
      vertex 1.70447 0.57859 32
      vertex 1.73867 0.465874 31.98
      vertex 1.73867 0.465874 32
    endloop
  endfacet
  facet normal -0.77298 -0.63443 0
    outer loop
      vertex 1.42804 1.09577 31.98
      vertex 1.35331 1.18682 32
      vertex 1.35331 1.18682 31.98
    endloop
  endfacet
  facet normal -0.77298 -0.63443 0
    outer loop
      vertex 1.35331 1.18682 32
      vertex 1.42804 1.09577 31.98
      vertex 1.42804 1.09577 32
    endloop
  endfacet
  facet normal -0.995181 0.098057 0
    outer loop
      vertex 1.7846 -0.234946 31.98
      vertex 1.79615 -0.117725 32
      vertex 1.79615 -0.117725 31.98
    endloop
  endfacet
  facet normal -0.995181 0.098057 0
    outer loop
      vertex 1.79615 -0.117725 32
      vertex 1.7846 -0.234946 31.98
      vertex 1.7846 -0.234946 32
    endloop
  endfacet
  facet normal 0.41269 -0.910872 0
    outer loop
      vertex -0.796119 1.61437 31.98
      vertex -0.688829 1.66298 32
      vertex -0.796119 1.61437 32
    endloop
  endfacet
  facet normal 0.41269 -0.910872 0
    outer loop
      vertex -0.688829 1.66298 32
      vertex -0.796119 1.61437 31.98
      vertex -0.688829 1.66298 31.98
    endloop
  endfacet
  facet normal 0.999466 0.0326859 0
    outer loop
      vertex -1.79615 -0.117725 32
      vertex -1.8 0 31.98
      vertex -1.8 0 32
    endloop
  endfacet
  facet normal 0.999466 0.0326859 0
    outer loop
      vertex -1.8 0 31.98
      vertex -1.79615 -0.117725 32
      vertex -1.79615 -0.117725 31.98
    endloop
  endfacet
  facet normal 0.528113 0.849174 -0
    outer loop
      vertex -0.9 -1.55885 31.98
      vertex -1.00003 -1.49664 32
      vertex -0.9 -1.55885 32
    endloop
  endfacet
  facet normal 0.528113 0.849174 0
    outer loop
      vertex -1.00003 -1.49664 32
      vertex -0.9 -1.55885 31.98
      vertex -1.00003 -1.49664 31.98
    endloop
  endfacet
  facet normal -0.227019 -0.97389 0
    outer loop
      vertex 0.351162 1.76541 31.98
      vertex 0.465874 1.73867 32
      vertex 0.351162 1.76541 32
    endloop
  endfacet
  facet normal -0.227019 -0.97389 -0
    outer loop
      vertex 0.465874 1.73867 32
      vertex 0.351162 1.76541 31.98
      vertex 0.465874 1.73867 31.98
    endloop
  endfacet
  facet normal 0.881941 0.47136 0
    outer loop
      vertex -1.55885 -0.9 32
      vertex -1.61437 -0.796119 31.98
      vertex -1.61437 -0.796119 32
    endloop
  endfacet
  facet normal 0.881941 0.47136 0
    outer loop
      vertex -1.61437 -0.796119 31.98
      vertex -1.55885 -0.9 32
      vertex -1.55885 -0.9 31.98
    endloop
  endfacet
  facet normal 0.63443 0.77298 -0
    outer loop
      vertex -1.09577 -1.42804 31.98
      vertex -1.18682 -1.35331 32
      vertex -1.09577 -1.42804 32
    endloop
  endfacet
  facet normal 0.63443 0.77298 0
    outer loop
      vertex -1.18682 -1.35331 32
      vertex -1.09577 -1.42804 31.98
      vertex -1.18682 -1.35331 31.98
    endloop
  endfacet
  facet normal 0.0326859 0.999466 -0
    outer loop
      vertex 0 -1.8 31.98
      vertex -0.117725 -1.79615 32
      vertex 0 -1.8 32
    endloop
  endfacet
  facet normal 0.0326859 0.999466 0
    outer loop
      vertex -0.117725 -1.79615 32
      vertex 0 -1.8 31.98
      vertex -0.117725 -1.79615 31.98
    endloop
  endfacet
  facet normal -0.63443 0.77298 0
    outer loop
      vertex 1.18682 -1.35331 31.98
      vertex 1.09577 -1.42804 32
      vertex 1.18682 -1.35331 32
    endloop
  endfacet
  facet normal -0.63443 0.77298 0
    outer loop
      vertex 1.09577 -1.42804 32
      vertex 1.18682 -1.35331 31.98
      vertex 1.09577 -1.42804 31.98
    endloop
  endfacet
  facet normal 0.162917 -0.98664 0
    outer loop
      vertex -0.351162 1.76541 31.98
      vertex -0.234946 1.7846 32
      vertex -0.351162 1.76541 32
    endloop
  endfacet
  facet normal 0.162917 -0.98664 0
    outer loop
      vertex -0.234946 1.7846 32
      vertex -0.351162 1.76541 31.98
      vertex -0.234946 1.7846 31.98
    endloop
  endfacet
  facet normal 0.227019 -0.97389 0
    outer loop
      vertex -0.465874 1.73867 31.98
      vertex -0.351162 1.76541 32
      vertex -0.465874 1.73867 32
    endloop
  endfacet
  facet normal 0.227019 -0.97389 0
    outer loop
      vertex -0.351162 1.76541 32
      vertex -0.465874 1.73867 31.98
      vertex -0.351162 1.76541 31.98
    endloop
  endfacet
  facet normal -0.935909 0.352242 0
    outer loop
      vertex 1.66298 -0.688829 31.98
      vertex 1.70447 -0.57859 32
      vertex 1.70447 -0.57859 31.98
    endloop
  endfacet
  facet normal -0.935909 0.352242 0
    outer loop
      vertex 1.70447 -0.57859 32
      vertex 1.66298 -0.688829 31.98
      vertex 1.66298 -0.688829 32
    endloop
  endfacet
  facet normal 0.812872 0.582442 0
    outer loop
      vertex -1.42804 -1.09577 32
      vertex -1.49664 -1.00003 31.98
      vertex -1.49664 -1.00003 32
    endloop
  endfacet
  facet normal 0.812872 0.582442 0
    outer loop
      vertex -1.49664 -1.00003 31.98
      vertex -1.42804 -1.09577 32
      vertex -1.42804 -1.09577 31.98
    endloop
  endfacet
  facet normal 0.683594 -0.729863 0
    outer loop
      vertex -1.27279 1.27279 31.98
      vertex -1.18682 1.35331 32
      vertex -1.27279 1.27279 32
    endloop
  endfacet
  facet normal 0.683594 -0.729863 0
    outer loop
      vertex -1.18682 1.35331 32
      vertex -1.27279 1.27279 31.98
      vertex -1.18682 1.35331 31.98
    endloop
  endfacet
  facet normal -0.41269 0.910872 0
    outer loop
      vertex 0.796119 -1.61437 31.98
      vertex 0.688829 -1.66298 32
      vertex 0.796119 -1.61437 32
    endloop
  endfacet
  facet normal -0.41269 0.910872 0
    outer loop
      vertex 0.688829 -1.66298 32
      vertex 0.796119 -1.61437 31.98
      vertex 0.688829 -1.66298 31.98
    endloop
  endfacet
  facet normal -0.97389 0.227019 0
    outer loop
      vertex 1.73867 -0.465874 31.98
      vertex 1.76541 -0.351162 32
      vertex 1.76541 -0.351162 31.98
    endloop
  endfacet
  facet normal -0.97389 0.227019 0
    outer loop
      vertex 1.76541 -0.351162 32
      vertex 1.73867 -0.465874 31.98
      vertex 1.73867 -0.465874 32
    endloop
  endfacet
  facet normal 0.935909 -0.352242 0
    outer loop
      vertex -1.70447 0.57859 32
      vertex -1.66298 0.688829 31.98
      vertex -1.66298 0.688829 32
    endloop
  endfacet
  facet normal 0.935909 -0.352242 0
    outer loop
      vertex -1.66298 0.688829 31.98
      vertex -1.70447 0.57859 32
      vertex -1.70447 0.57859 31.98
    endloop
  endfacet
  facet normal 0.812872 -0.582442 0
    outer loop
      vertex -1.49664 1.00003 32
      vertex -1.42804 1.09577 31.98
      vertex -1.42804 1.09577 32
    endloop
  endfacet
  facet normal 0.812872 -0.582442 0
    outer loop
      vertex -1.42804 1.09577 31.98
      vertex -1.49664 1.00003 32
      vertex -1.49664 1.00003 31.98
    endloop
  endfacet
  facet normal 0.582442 -0.812872 0
    outer loop
      vertex -1.09577 1.42804 31.98
      vertex -1.00003 1.49664 32
      vertex -1.09577 1.42804 32
    endloop
  endfacet
  facet normal 0.582442 -0.812872 0
    outer loop
      vertex -1.00003 1.49664 32
      vertex -1.09577 1.42804 31.98
      vertex -1.00003 1.49664 31.98
    endloop
  endfacet
  facet normal -0.47136 0.881941 0
    outer loop
      vertex 0.9 -1.55885 31.98
      vertex 0.796119 -1.61437 32
      vertex 0.9 -1.55885 32
    endloop
  endfacet
  facet normal -0.47136 0.881941 0
    outer loop
      vertex 0.796119 -1.61437 32
      vertex 0.9 -1.55885 31.98
      vertex 0.796119 -1.61437 31.98
    endloop
  endfacet
  facet normal -0.910872 -0.41269 0
    outer loop
      vertex 1.66298 0.688829 31.98
      vertex 1.61437 0.796119 32
      vertex 1.61437 0.796119 31.98
    endloop
  endfacet
  facet normal -0.910872 -0.41269 0
    outer loop
      vertex 1.61437 0.796119 32
      vertex 1.66298 0.688829 31.98
      vertex 1.66298 0.688829 32
    endloop
  endfacet
  facet normal 0.41269 0.910872 -0
    outer loop
      vertex -0.688829 -1.66298 31.98
      vertex -0.796119 -1.61437 32
      vertex -0.688829 -1.66298 32
    endloop
  endfacet
  facet normal 0.41269 0.910872 0
    outer loop
      vertex -0.796119 -1.61437 32
      vertex -0.688829 -1.66298 31.98
      vertex -0.796119 -1.61437 31.98
    endloop
  endfacet
  facet normal -0.812872 -0.582442 0
    outer loop
      vertex 1.49664 1.00003 31.98
      vertex 1.42804 1.09577 32
      vertex 1.42804 1.09577 31.98
    endloop
  endfacet
  facet normal -0.812872 -0.582442 0
    outer loop
      vertex 1.42804 1.09577 32
      vertex 1.49664 1.00003 31.98
      vertex 1.49664 1.00003 32
    endloop
  endfacet
  facet normal -0.162917 0.98664 0
    outer loop
      vertex 0.351162 -1.76541 31.98
      vertex 0.234946 -1.7846 32
      vertex 0.351162 -1.76541 32
    endloop
  endfacet
  facet normal -0.162917 0.98664 0
    outer loop
      vertex 0.234946 -1.7846 32
      vertex 0.351162 -1.76541 31.98
      vertex 0.234946 -1.7846 31.98
    endloop
  endfacet
  facet normal -0.63443 -0.77298 0
    outer loop
      vertex 1.09577 1.42804 31.98
      vertex 1.18682 1.35331 32
      vertex 1.09577 1.42804 32
    endloop
  endfacet
  facet normal -0.63443 -0.77298 -0
    outer loop
      vertex 1.18682 1.35331 32
      vertex 1.09577 1.42804 31.98
      vertex 1.18682 1.35331 31.98
    endloop
  endfacet
  facet normal -0.352242 0.935909 0
    outer loop
      vertex 0.688829 -1.66298 31.98
      vertex 0.57859 -1.70447 32
      vertex 0.688829 -1.66298 32
    endloop
  endfacet
  facet normal -0.352242 0.935909 0
    outer loop
      vertex 0.57859 -1.70447 32
      vertex 0.688829 -1.66298 31.98
      vertex 0.57859 -1.70447 31.98
    endloop
  endfacet
  facet normal -0.582442 -0.812872 0
    outer loop
      vertex 1.00003 1.49664 31.98
      vertex 1.09577 1.42804 32
      vertex 1.00003 1.49664 32
    endloop
  endfacet
  facet normal -0.582442 -0.812872 -0
    outer loop
      vertex 1.09577 1.42804 32
      vertex 1.00003 1.49664 31.98
      vertex 1.09577 1.42804 31.98
    endloop
  endfacet
  facet normal -0.881941 0.47136 0
    outer loop
      vertex 1.55885 -0.9 31.98
      vertex 1.61437 -0.796119 32
      vertex 1.61437 -0.796119 31.98
    endloop
  endfacet
  facet normal -0.881941 0.47136 0
    outer loop
      vertex 1.61437 -0.796119 32
      vertex 1.55885 -0.9 31.98
      vertex 1.55885 -0.9 32
    endloop
  endfacet
  facet normal 0.528113 -0.849174 0
    outer loop
      vertex -1.00003 1.49664 31.98
      vertex -0.9 1.55885 32
      vertex -1.00003 1.49664 32
    endloop
  endfacet
  facet normal 0.528113 -0.849174 0
    outer loop
      vertex -0.9 1.55885 32
      vertex -1.00003 1.49664 31.98
      vertex -0.9 1.55885 31.98
    endloop
  endfacet
  facet normal 0 0 1
    outer loop
      vertex 1.78154 0 31.98
      vertex 1.8 0 31.98
      vertex 1.79615 0.117725 31.98
    endloop
  endfacet
  facet normal -0 0 1
    outer loop
      vertex 1.76653 0.230132 31.98
      vertex 1.79615 0.117725 31.98
      vertex 1.7846 0.234946 31.98
    endloop
  endfacet
  facet normal 0 0 1
    outer loop
      vertex 1.8 0 31.98
      vertex 1.78154 0 31.98
      vertex 1.79615 -0.117725 31.98
    endloop
  endfacet
  facet normal -0 0 1
    outer loop
      vertex 1.77772 -0.116518 31.98
      vertex 1.79615 -0.117725 31.98
      vertex 1.78154 0 31.98
    endloop
  endfacet
  facet normal 0 0 1
    outer loop
      vertex 1.79615 0.117725 31.98
      vertex 1.77772 0.116518 31.98
      vertex 1.78154 0 31.98
    endloop
  endfacet
  facet normal 0 0 1
    outer loop
      vertex 1.79615 0.117725 31.98
      vertex 1.76653 0.230132 31.98
      vertex 1.77772 0.116518 31.98
    endloop
  endfacet
  facet normal 0 0 1
    outer loop
      vertex 1.7846 0.234946 31.98
      vertex 1.7663 0.232536 31.98
      vertex 1.76653 0.230132 31.98
    endloop
  endfacet
  facet normal -0 0 1
    outer loop
      vertex 1.7477 0.345176 31.98
      vertex 1.7846 0.234946 31.98
      vertex 1.76541 0.351162 31.98
    endloop
  endfacet
  facet normal 0 0 1
    outer loop
      vertex 1.7846 0.234946 31.98
      vertex 1.7477 0.345176 31.98
      vertex 1.7663 0.232536 31.98
    endloop
  endfacet
  facet normal 0 0 1
    outer loop
      vertex 1.76541 0.351162 31.98
      vertex 1.74731 0.34756 31.98
      vertex 1.7477 0.345176 31.98
    endloop
  endfacet
  facet normal -0 0 1
    outer loop
      vertex 1.72138 0.458742 31.98
      vertex 1.76541 0.351162 31.98
      vertex 1.73867 0.465874 31.98
    endloop
  endfacet
  facet normal 0 0 1
    outer loop
      vertex 1.76541 0.351162 31.98
      vertex 1.72138 0.458742 31.98
      vertex 1.74731 0.34756 31.98
    endloop
  endfacet
  facet normal 0 0 1
    outer loop
      vertex 1.73867 0.465874 31.98
      vertex 1.72083 0.461095 31.98
      vertex 1.72138 0.458742 31.98
    endloop
  endfacet
  facet normal 0 0 1
    outer loop
      vertex 1.73867 0.465874 31.98
      vertex 1.72013 0.463408 31.98
      vertex 1.72083 0.461095 31.98
    endloop
  endfacet
  facet normal 0 0 1
    outer loop
      vertex 1.70447 0.57859 31.98
      vertex 1.72013 0.463408 31.98
      vertex 1.73867 0.465874 31.98
    endloop
  endfacet
  facet normal 0 0 1
    outer loop
      vertex 1.70447 0.57859 31.98
      vertex 1.68699 0.572656 31.98
      vertex 1.72013 0.463408 31.98
    endloop
  endfacet
  facet normal 0 0 1
    outer loop
      vertex 1.70447 0.57859 31.98
      vertex 1.68614 0.574917 31.98
      vertex 1.68699 0.572656 31.98
    endloop
  endfacet
  facet normal 0 0 1
    outer loop
      vertex 1.66298 0.688829 31.98
      vertex 1.68614 0.574917 31.98
      vertex 1.70447 0.57859 31.98
    endloop
  endfacet
  facet normal 0 0 1
    outer loop
      vertex 1.66298 0.688829 31.98
      vertex 1.64593 0.681764 31.98
      vertex 1.68614 0.574917 31.98
    endloop
  endfacet
  facet normal 0 0 1
    outer loop
      vertex 1.66298 0.688829 31.98
      vertex 1.64493 0.683965 31.98
      vertex 1.64593 0.681764 31.98
    endloop
  endfacet
  facet normal 0 0 1
    outer loop
      vertex 1.61437 0.796119 31.98
      vertex 1.64493 0.683965 31.98
      vertex 1.66298 0.688829 31.98
    endloop
  endfacet
  facet normal 0 0 1
    outer loop
      vertex 1.61437 0.796119 31.98
      vertex 1.59781 0.787953 31.98
      vertex 1.64493 0.683965 31.98
    endloop
  endfacet
  facet normal -0 0 1
    outer loop
      vertex 1.544 0.888638 31.98
      vertex 1.61437 0.796119 31.98
      vertex 1.55885 0.9 31.98
    endloop
  endfacet
  facet normal 0 0 1
    outer loop
      vertex 1.61437 0.796119 31.98
      vertex 1.544 0.888638 31.98
      vertex 1.59781 0.787953 31.98
    endloop
  endfacet
  facet normal 0 0 1
    outer loop
      vertex 1.55885 0.9 31.98
      vertex 1.54286 0.890769 31.98
      vertex 1.544 0.888638 31.98
    endloop
  endfacet
  facet normal -0 0 1
    outer loop
      vertex 1.48257 0.987717 31.98
      vertex 1.55885 0.9 31.98
      vertex 1.49664 1.00003 31.98
    endloop
  endfacet
  facet normal 0 0 1
    outer loop
      vertex 1.55885 0.9 31.98
      vertex 1.48257 0.987717 31.98
      vertex 1.54286 0.890769 31.98
    endloop
  endfacet
  facet normal 0 0 1
    outer loop
      vertex 1.49664 1.00003 31.98
      vertex 1.48129 0.989769 31.98
      vertex 1.48257 0.987717 31.98
    endloop
  endfacet
  facet normal 0 0 1
    outer loop
      vertex 1.49664 1.00003 31.98
      vertex 1.47989 0.991733 31.98
      vertex 1.48129 0.989769 31.98
    endloop
  endfacet
  facet normal 0 0 1
    outer loop
      vertex 1.42804 1.09577 31.98
      vertex 1.47989 0.991733 31.98
      vertex 1.49664 1.00003 31.98
    endloop
  endfacet
  facet normal 0 0 1
    outer loop
      vertex 1.42804 1.09577 31.98
      vertex 1.41339 1.08453 31.98
      vertex 1.47989 0.991733 31.98
    endloop
  endfacet
  facet normal 0 0 1
    outer loop
      vertex 1.35331 1.18682 31.98
      vertex 1.41339 1.08453 31.98
      vertex 1.42804 1.09577 31.98
    endloop
  endfacet
  facet normal 0 0 1
    outer loop
      vertex 1.35331 1.18682 31.98
      vertex 1.33943 1.17465 31.98
      vertex 1.41339 1.08453 31.98
    endloop
  endfacet
  facet normal 0 0 1
    outer loop
      vertex 1.35331 1.18682 31.98
      vertex 1.33778 1.17641 31.98
      vertex 1.33943 1.17465 31.98
    endloop
  endfacet
  facet normal 0 0 1
    outer loop
      vertex 1.27279 1.27279 31.98
      vertex 1.33778 1.17641 31.98
      vertex 1.35331 1.18682 31.98
    endloop
  endfacet
  facet normal 0 0 1
    outer loop
      vertex 1.27279 1.27279 31.98
      vertex 1.25974 1.25974 31.98
      vertex 1.33778 1.17641 31.98
    endloop
  endfacet
  facet normal -0 0 1
    outer loop
      vertex 1.17641 1.33778 31.98
      vertex 1.27279 1.27279 31.98
      vertex 1.18682 1.35331 31.98
    endloop
  endfacet
  facet normal 0 0 1
    outer loop
      vertex 1.27279 1.27279 31.98
      vertex 1.17641 1.33778 31.98
      vertex 1.25974 1.25974 31.98
    endloop
  endfacet
  facet normal 0 0 1
    outer loop
      vertex 1.18682 1.35331 31.98
      vertex 1.17465 1.33943 31.98
      vertex 1.17641 1.33778 31.98
    endloop
  endfacet
  facet normal 0 0 1
    outer loop
      vertex 1.09577 1.42804 31.98
      vertex 1.17465 1.33943 31.98
      vertex 1.18682 1.35331 31.98
    endloop
  endfacet
  facet normal 0 0 1
    outer loop
      vertex 1.09577 1.42804 31.98
      vertex 1.08453 1.41339 31.98
      vertex 1.17465 1.33943 31.98
    endloop
  endfacet
  facet normal -0 0 1
    outer loop
      vertex 0.991733 1.47989 31.98
      vertex 1.09577 1.42804 31.98
      vertex 1.00003 1.49664 31.98
    endloop
  endfacet
  facet normal 0 0 1
    outer loop
      vertex 1.09577 1.42804 31.98
      vertex 0.991733 1.47989 31.98
      vertex 1.08453 1.41339 31.98
    endloop
  endfacet
  facet normal 0 0 1
    outer loop
      vertex 1.00003 1.49664 31.98
      vertex 0.989769 1.48129 31.98
      vertex 0.991733 1.47989 31.98
    endloop
  endfacet
  facet normal 0 0 1
    outer loop
      vertex 1.00003 1.49664 31.98
      vertex 0.987717 1.48257 31.98
      vertex 0.989769 1.48129 31.98
    endloop
  endfacet
  facet normal 0 0 1
    outer loop
      vertex 0.9 1.55885 31.98
      vertex 0.987717 1.48257 31.98
      vertex 1.00003 1.49664 31.98
    endloop
  endfacet
  facet normal 0 0 1
    outer loop
      vertex 0.9 1.55885 31.98
      vertex 0.890769 1.54286 31.98
      vertex 0.987717 1.48257 31.98
    endloop
  endfacet
  facet normal 0 0 1
    outer loop
      vertex 0.9 1.55885 31.98
      vertex 0.888638 1.544 31.98
      vertex 0.890769 1.54286 31.98
    endloop
  endfacet
  facet normal 0 0 1
    outer loop
      vertex 0.796119 1.61437 31.98
      vertex 0.888638 1.544 31.98
      vertex 0.9 1.55885 31.98
    endloop
  endfacet
  facet normal 0 0 1
    outer loop
      vertex 0.796119 1.61437 31.98
      vertex 0.787953 1.59781 31.98
      vertex 0.888638 1.544 31.98
    endloop
  endfacet
  facet normal -0 0 1
    outer loop
      vertex 0.683965 1.64493 31.98
      vertex 0.796119 1.61437 31.98
      vertex 0.688829 1.66298 31.98
    endloop
  endfacet
  facet normal 0 0 1
    outer loop
      vertex 0.796119 1.61437 31.98
      vertex 0.683965 1.64493 31.98
      vertex 0.787953 1.59781 31.98
    endloop
  endfacet
  facet normal 0 0 1
    outer loop
      vertex 0.688829 1.66298 31.98
      vertex 0.681764 1.64593 31.98
      vertex 0.683965 1.64493 31.98
    endloop
  endfacet
  facet normal -0 0 1
    outer loop
      vertex 0.574917 1.68614 31.98
      vertex 0.688829 1.66298 31.98
      vertex 0.57859 1.70447 31.98
    endloop
  endfacet
  facet normal 0 0 1
    outer loop
      vertex 0.688829 1.66298 31.98
      vertex 0.574917 1.68614 31.98
      vertex 0.681764 1.64593 31.98
    endloop
  endfacet
  facet normal 0 0 1
    outer loop
      vertex 0.57859 1.70447 31.98
      vertex 0.572656 1.68699 31.98
      vertex 0.574917 1.68614 31.98
    endloop
  endfacet
  facet normal -0 0 1
    outer loop
      vertex 0.463408 1.72013 31.98
      vertex 0.57859 1.70447 31.98
      vertex 0.465874 1.73867 31.98
    endloop
  endfacet
  facet normal 0 0 1
    outer loop
      vertex 0.57859 1.70447 31.98
      vertex 0.463408 1.72013 31.98
      vertex 0.572656 1.68699 31.98
    endloop
  endfacet
  facet normal 0 0 1
    outer loop
      vertex 0.465874 1.73867 31.98
      vertex 0.461095 1.72083 31.98
      vertex 0.463408 1.72013 31.98
    endloop
  endfacet
  facet normal 0 0 1
    outer loop
      vertex 0.465874 1.73867 31.98
      vertex 0.458742 1.72138 31.98
      vertex 0.461095 1.72083 31.98
    endloop
  endfacet
  facet normal 0 0 1
    outer loop
      vertex 0.351162 1.76541 31.98
      vertex 0.458742 1.72138 31.98
      vertex 0.465874 1.73867 31.98
    endloop
  endfacet
  facet normal 0 0 1
    outer loop
      vertex 0.351162 1.76541 31.98
      vertex 0.34756 1.74731 31.98
      vertex 0.458742 1.72138 31.98
    endloop
  endfacet
  facet normal 0 0 1
    outer loop
      vertex 0.351162 1.76541 31.98
      vertex 0.345176 1.7477 31.98
      vertex 0.34756 1.74731 31.98
    endloop
  endfacet
  facet normal 0 0 1
    outer loop
      vertex 0.234946 1.7846 31.98
      vertex 0.345176 1.7477 31.98
      vertex 0.351162 1.76541 31.98
    endloop
  endfacet
  facet normal 0 0 1
    outer loop
      vertex 0.234946 1.7846 31.98
      vertex 0.232536 1.7663 31.98
      vertex 0.345176 1.7477 31.98
    endloop
  endfacet
  facet normal 0 0 1
    outer loop
      vertex 0.234946 1.7846 31.98
      vertex 0.230132 1.76653 31.98
      vertex 0.232536 1.7663 31.98
    endloop
  endfacet
  facet normal 0 0 1
    outer loop
      vertex 0.117725 1.79615 31.98
      vertex 0.230132 1.76653 31.98
      vertex 0.234946 1.7846 31.98
    endloop
  endfacet
  facet normal 0 0 1
    outer loop
      vertex 0.117725 1.79615 31.98
      vertex 0.116518 1.77772 31.98
      vertex 0.230132 1.76653 31.98
    endloop
  endfacet
  facet normal 0 0 1
    outer loop
      vertex 0 1.8 31.98
      vertex 0.116518 1.77772 31.98
      vertex 0.117725 1.79615 31.98
    endloop
  endfacet
  facet normal 0 0 1
    outer loop
      vertex 0 1.8 31.98
      vertex 0 1.78154 31.98
      vertex 0.116518 1.77772 31.98
    endloop
  endfacet
  facet normal 0 0 1
    outer loop
      vertex 0 1.8 31.98
      vertex -0.116518 1.77772 31.98
      vertex 0 1.78154 31.98
    endloop
  endfacet
  facet normal -0 0 1
    outer loop
      vertex -0.117725 1.79615 31.98
      vertex -0.116518 1.77772 31.98
      vertex 0 1.8 31.98
    endloop
  endfacet
  facet normal 0 0 1
    outer loop
      vertex -0.117725 1.79615 31.98
      vertex -0.230132 1.76653 31.98
      vertex -0.116518 1.77772 31.98
    endloop
  endfacet
  facet normal -0 0 1
    outer loop
      vertex -0.234946 1.7846 31.98
      vertex -0.230132 1.76653 31.98
      vertex -0.117725 1.79615 31.98
    endloop
  endfacet
  facet normal 0 0 1
    outer loop
      vertex -0.230132 1.76653 31.98
      vertex -0.234946 1.7846 31.98
      vertex -0.232536 1.7663 31.98
    endloop
  endfacet
  facet normal 0 0 1
    outer loop
      vertex -0.234946 1.7846 31.98
      vertex -0.345176 1.7477 31.98
      vertex -0.232536 1.7663 31.98
    endloop
  endfacet
  facet normal -0 0 1
    outer loop
      vertex -0.351162 1.76541 31.98
      vertex -0.345176 1.7477 31.98
      vertex -0.234946 1.7846 31.98
    endloop
  endfacet
  facet normal 0 0 1
    outer loop
      vertex -0.345176 1.7477 31.98
      vertex -0.351162 1.76541 31.98
      vertex -0.34756 1.74731 31.98
    endloop
  endfacet
  facet normal 0 0 1
    outer loop
      vertex -0.351162 1.76541 31.98
      vertex -0.458742 1.72138 31.98
      vertex -0.34756 1.74731 31.98
    endloop
  endfacet
  facet normal -0 0 1
    outer loop
      vertex -0.465874 1.73867 31.98
      vertex -0.458742 1.72138 31.98
      vertex -0.351162 1.76541 31.98
    endloop
  endfacet
  facet normal 0 0 1
    outer loop
      vertex -0.458742 1.72138 31.98
      vertex -0.465874 1.73867 31.98
      vertex -0.461095 1.72083 31.98
    endloop
  endfacet
  facet normal 0 0 1
    outer loop
      vertex -0.461095 1.72083 31.98
      vertex -0.465874 1.73867 31.98
      vertex -0.463408 1.72013 31.98
    endloop
  endfacet
  facet normal 0 0 1
    outer loop
      vertex -0.57859 1.70447 31.98
      vertex -0.463408 1.72013 31.98
      vertex -0.465874 1.73867 31.98
    endloop
  endfacet
  facet normal 0 0 1
    outer loop
      vertex -0.463408 1.72013 31.98
      vertex -0.57859 1.70447 31.98
      vertex -0.572656 1.68699 31.98
    endloop
  endfacet
  facet normal 0 0 1
    outer loop
      vertex -0.572656 1.68699 31.98
      vertex -0.57859 1.70447 31.98
      vertex -0.574917 1.68614 31.98
    endloop
  endfacet
  facet normal 0 0 1
    outer loop
      vertex -0.688829 1.66298 31.98
      vertex -0.574917 1.68614 31.98
      vertex -0.57859 1.70447 31.98
    endloop
  endfacet
  facet normal 0 0 1
    outer loop
      vertex -0.574917 1.68614 31.98
      vertex -0.688829 1.66298 31.98
      vertex -0.681764 1.64593 31.98
    endloop
  endfacet
  facet normal 0 0 1
    outer loop
      vertex -0.681764 1.64593 31.98
      vertex -0.688829 1.66298 31.98
      vertex -0.683965 1.64493 31.98
    endloop
  endfacet
  facet normal 0 0 1
    outer loop
      vertex -0.796119 1.61437 31.98
      vertex -0.683965 1.64493 31.98
      vertex -0.688829 1.66298 31.98
    endloop
  endfacet
  facet normal 0 0 1
    outer loop
      vertex -0.683965 1.64493 31.98
      vertex -0.796119 1.61437 31.98
      vertex -0.787953 1.59781 31.98
    endloop
  endfacet
  facet normal 0 0 1
    outer loop
      vertex -0.796119 1.61437 31.98
      vertex -0.888638 1.544 31.98
      vertex -0.787953 1.59781 31.98
    endloop
  endfacet
  facet normal -0 0 1
    outer loop
      vertex -0.9 1.55885 31.98
      vertex -0.888638 1.544 31.98
      vertex -0.796119 1.61437 31.98
    endloop
  endfacet
  facet normal 0 0 1
    outer loop
      vertex -0.888638 1.544 31.98
      vertex -0.9 1.55885 31.98
      vertex -0.890769 1.54286 31.98
    endloop
  endfacet
  facet normal 0 0 1
    outer loop
      vertex -0.9 1.55885 31.98
      vertex -0.987717 1.48257 31.98
      vertex -0.890769 1.54286 31.98
    endloop
  endfacet
  facet normal -0 0 1
    outer loop
      vertex -1.00003 1.49664 31.98
      vertex -0.987717 1.48257 31.98
      vertex -0.9 1.55885 31.98
    endloop
  endfacet
  facet normal 0 0 1
    outer loop
      vertex -0.987717 1.48257 31.98
      vertex -1.00003 1.49664 31.98
      vertex -0.989769 1.48129 31.98
    endloop
  endfacet
  facet normal 0 0 1
    outer loop
      vertex -0.989769 1.48129 31.98
      vertex -1.00003 1.49664 31.98
      vertex -0.991733 1.47989 31.98
    endloop
  endfacet
  facet normal 0 0 1
    outer loop
      vertex -1.09577 1.42804 31.98
      vertex -0.991733 1.47989 31.98
      vertex -1.00003 1.49664 31.98
    endloop
  endfacet
  facet normal 0 0 1
    outer loop
      vertex -0.991733 1.47989 31.98
      vertex -1.09577 1.42804 31.98
      vertex -1.08453 1.41339 31.98
    endloop
  endfacet
  facet normal 0 0 1
    outer loop
      vertex -1.09577 1.42804 31.98
      vertex -1.17465 1.33943 31.98
      vertex -1.08453 1.41339 31.98
    endloop
  endfacet
  facet normal -0 0 1
    outer loop
      vertex -1.18682 1.35331 31.98
      vertex -1.17465 1.33943 31.98
      vertex -1.09577 1.42804 31.98
    endloop
  endfacet
  facet normal 0 0 1
    outer loop
      vertex -1.17465 1.33943 31.98
      vertex -1.18682 1.35331 31.98
      vertex -1.17641 1.33778 31.98
    endloop
  endfacet
  facet normal 0 0 1
    outer loop
      vertex -1.27279 1.27279 31.98
      vertex -1.17641 1.33778 31.98
      vertex -1.18682 1.35331 31.98
    endloop
  endfacet
  facet normal 0 0 1
    outer loop
      vertex -1.17641 1.33778 31.98
      vertex -1.27279 1.27279 31.98
      vertex -1.25974 1.25974 31.98
    endloop
  endfacet
  facet normal 0 0 1
    outer loop
      vertex -1.27279 1.27279 31.98
      vertex -1.33778 1.17641 31.98
      vertex -1.25974 1.25974 31.98
    endloop
  endfacet
  facet normal -0 0 1
    outer loop
      vertex -1.35331 1.18682 31.98
      vertex -1.33778 1.17641 31.98
      vertex -1.27279 1.27279 31.98
    endloop
  endfacet
  facet normal 0 0 1
    outer loop
      vertex -1.33778 1.17641 31.98
      vertex -1.35331 1.18682 31.98
      vertex -1.33943 1.17465 31.98
    endloop
  endfacet
  facet normal 0 0 1
    outer loop
      vertex -1.35331 1.18682 31.98
      vertex -1.41339 1.08453 31.98
      vertex -1.33943 1.17465 31.98
    endloop
  endfacet
  facet normal -0 0 1
    outer loop
      vertex -1.42804 1.09577 31.98
      vertex -1.41339 1.08453 31.98
      vertex -1.35331 1.18682 31.98
    endloop
  endfacet
  facet normal 0 0 1
    outer loop
      vertex -1.42804 1.09577 31.98
      vertex -1.47989 0.991733 31.98
      vertex -1.41339 1.08453 31.98
    endloop
  endfacet
  facet normal -0 0 1
    outer loop
      vertex -1.49664 1.00003 31.98
      vertex -1.47989 0.991733 31.98
      vertex -1.42804 1.09577 31.98
    endloop
  endfacet
  facet normal 0 0 1
    outer loop
      vertex -1.47989 0.991733 31.98
      vertex -1.49664 1.00003 31.98
      vertex -1.48129 0.989769 31.98
    endloop
  endfacet
  facet normal 0 0 1
    outer loop
      vertex -1.48129 0.989769 31.98
      vertex -1.49664 1.00003 31.98
      vertex -1.48257 0.987717 31.98
    endloop
  endfacet
  facet normal 0 0 1
    outer loop
      vertex -1.55885 0.9 31.98
      vertex -1.48257 0.987717 31.98
      vertex -1.49664 1.00003 31.98
    endloop
  endfacet
  facet normal 0 0 1
    outer loop
      vertex -1.48257 0.987717 31.98
      vertex -1.55885 0.9 31.98
      vertex -1.54286 0.890769 31.98
    endloop
  endfacet
  facet normal 0 0 1
    outer loop
      vertex -1.54286 0.890769 31.98
      vertex -1.55885 0.9 31.98
      vertex -1.544 0.888638 31.98
    endloop
  endfacet
  facet normal 0 0 1
    outer loop
      vertex -1.61437 0.796119 31.98
      vertex -1.544 0.888638 31.98
      vertex -1.55885 0.9 31.98
    endloop
  endfacet
  facet normal 0 0 1
    outer loop
      vertex -1.544 0.888638 31.98
      vertex -1.61437 0.796119 31.98
      vertex -1.59781 0.787953 31.98
    endloop
  endfacet
  facet normal 0 0 1
    outer loop
      vertex -1.61437 0.796119 31.98
      vertex -1.64493 0.683965 31.98
      vertex -1.59781 0.787953 31.98
    endloop
  endfacet
  facet normal -0 0 1
    outer loop
      vertex -1.66298 0.688829 31.98
      vertex -1.64493 0.683965 31.98
      vertex -1.61437 0.796119 31.98
    endloop
  endfacet
  facet normal 0 0 1
    outer loop
      vertex -1.64493 0.683965 31.98
      vertex -1.66298 0.688829 31.98
      vertex -1.64593 0.681764 31.98
    endloop
  endfacet
  facet normal 0 0 1
    outer loop
      vertex -1.66298 0.688829 31.98
      vertex -1.68614 0.574917 31.98
      vertex -1.64593 0.681764 31.98
    endloop
  endfacet
  facet normal -0 0 1
    outer loop
      vertex -1.70447 0.57859 31.98
      vertex -1.68614 0.574917 31.98
      vertex -1.66298 0.688829 31.98
    endloop
  endfacet
  facet normal 0 0 1
    outer loop
      vertex -1.68614 0.574917 31.98
      vertex -1.70447 0.57859 31.98
      vertex -1.68699 0.572656 31.98
    endloop
  endfacet
  facet normal 0 0 1
    outer loop
      vertex -1.70447 0.57859 31.98
      vertex -1.72013 0.463408 31.98
      vertex -1.68699 0.572656 31.98
    endloop
  endfacet
  facet normal -0 0 1
    outer loop
      vertex -1.73867 0.465874 31.98
      vertex -1.72013 0.463408 31.98
      vertex -1.70447 0.57859 31.98
    endloop
  endfacet
  facet normal 0 0 1
    outer loop
      vertex -1.72013 0.463408 31.98
      vertex -1.73867 0.465874 31.98
      vertex -1.72083 0.461095 31.98
    endloop
  endfacet
  facet normal 0 0 1
    outer loop
      vertex -1.72083 0.461095 31.98
      vertex -1.73867 0.465874 31.98
      vertex -1.72138 0.458742 31.98
    endloop
  endfacet
  facet normal 0 0 1
    outer loop
      vertex -1.76541 0.351162 31.98
      vertex -1.72138 0.458742 31.98
      vertex -1.73867 0.465874 31.98
    endloop
  endfacet
  facet normal 0 0 1
    outer loop
      vertex -1.72138 0.458742 31.98
      vertex -1.76541 0.351162 31.98
      vertex -1.74731 0.34756 31.98
    endloop
  endfacet
  facet normal 0 0 1
    outer loop
      vertex -1.74731 0.34756 31.98
      vertex -1.76541 0.351162 31.98
      vertex -1.7477 0.345176 31.98
    endloop
  endfacet
  facet normal 0 0 1
    outer loop
      vertex -1.7846 0.234946 31.98
      vertex -1.7477 0.345176 31.98
      vertex -1.76541 0.351162 31.98
    endloop
  endfacet
  facet normal 0 0 1
    outer loop
      vertex -1.7477 0.345176 31.98
      vertex -1.7846 0.234946 31.98
      vertex -1.7663 0.232536 31.98
    endloop
  endfacet
  facet normal 0 0 1
    outer loop
      vertex -1.7663 0.232536 31.98
      vertex -1.7846 0.234946 31.98
      vertex -1.76653 0.230132 31.98
    endloop
  endfacet
  facet normal 0 0 1
    outer loop
      vertex -1.76653 0.230132 31.98
      vertex -1.79615 0.117725 31.98
      vertex -1.77772 0.116518 31.98
    endloop
  endfacet
  facet normal 0 0 1
    outer loop
      vertex -1.79615 0.117725 31.98
      vertex -1.76653 0.230132 31.98
      vertex -1.7846 0.234946 31.98
    endloop
  endfacet
  facet normal 0 0 1
    outer loop
      vertex 1.76653 -0.230132 31.98
      vertex 1.79615 -0.117725 31.98
      vertex 1.77772 -0.116518 31.98
    endloop
  endfacet
  facet normal 0 0 1
    outer loop
      vertex 1.79615 -0.117725 31.98
      vertex 1.76653 -0.230132 31.98
      vertex 1.7846 -0.234946 31.98
    endloop
  endfacet
  facet normal -0 0 1
    outer loop
      vertex 1.7663 -0.232536 31.98
      vertex 1.7846 -0.234946 31.98
      vertex 1.76653 -0.230132 31.98
    endloop
  endfacet
  facet normal 0 0 1
    outer loop
      vertex 1.7477 -0.345176 31.98
      vertex 1.7846 -0.234946 31.98
      vertex 1.7663 -0.232536 31.98
    endloop
  endfacet
  facet normal 0 0 1
    outer loop
      vertex 1.7846 -0.234946 31.98
      vertex 1.7477 -0.345176 31.98
      vertex 1.76541 -0.351162 31.98
    endloop
  endfacet
  facet normal -0 0 1
    outer loop
      vertex 1.74731 -0.34756 31.98
      vertex 1.76541 -0.351162 31.98
      vertex 1.7477 -0.345176 31.98
    endloop
  endfacet
  facet normal 0 0 1
    outer loop
      vertex 1.72138 -0.458742 31.98
      vertex 1.76541 -0.351162 31.98
      vertex 1.74731 -0.34756 31.98
    endloop
  endfacet
  facet normal 0 0 1
    outer loop
      vertex 1.76541 -0.351162 31.98
      vertex 1.72138 -0.458742 31.98
      vertex 1.73867 -0.465874 31.98
    endloop
  endfacet
  facet normal -0 0 1
    outer loop
      vertex 1.72083 -0.461095 31.98
      vertex 1.73867 -0.465874 31.98
      vertex 1.72138 -0.458742 31.98
    endloop
  endfacet
  facet normal -0 0 1
    outer loop
      vertex 1.72013 -0.463408 31.98
      vertex 1.73867 -0.465874 31.98
      vertex 1.72083 -0.461095 31.98
    endloop
  endfacet
  facet normal 0 0 1
    outer loop
      vertex 1.72013 -0.463408 31.98
      vertex 1.70447 -0.57859 31.98
      vertex 1.73867 -0.465874 31.98
    endloop
  endfacet
  facet normal -0 0 1
    outer loop
      vertex 1.68699 -0.572656 31.98
      vertex 1.70447 -0.57859 31.98
      vertex 1.72013 -0.463408 31.98
    endloop
  endfacet
  facet normal -0 0 1
    outer loop
      vertex 1.68614 -0.574917 31.98
      vertex 1.70447 -0.57859 31.98
      vertex 1.68699 -0.572656 31.98
    endloop
  endfacet
  facet normal 0 0 1
    outer loop
      vertex 1.68614 -0.574917 31.98
      vertex 1.66298 -0.688829 31.98
      vertex 1.70447 -0.57859 31.98
    endloop
  endfacet
  facet normal -0 0 1
    outer loop
      vertex 1.64593 -0.681764 31.98
      vertex 1.66298 -0.688829 31.98
      vertex 1.68614 -0.574917 31.98
    endloop
  endfacet
  facet normal -0 0 1
    outer loop
      vertex 1.64493 -0.683965 31.98
      vertex 1.66298 -0.688829 31.98
      vertex 1.64593 -0.681764 31.98
    endloop
  endfacet
  facet normal 0 0 1
    outer loop
      vertex 1.64493 -0.683965 31.98
      vertex 1.61437 -0.796119 31.98
      vertex 1.66298 -0.688829 31.98
    endloop
  endfacet
  facet normal -0 0 1
    outer loop
      vertex 1.59781 -0.787953 31.98
      vertex 1.61437 -0.796119 31.98
      vertex 1.64493 -0.683965 31.98
    endloop
  endfacet
  facet normal 0 0 1
    outer loop
      vertex 1.544 -0.888638 31.98
      vertex 1.61437 -0.796119 31.98
      vertex 1.59781 -0.787953 31.98
    endloop
  endfacet
  facet normal 0 0 1
    outer loop
      vertex 1.61437 -0.796119 31.98
      vertex 1.544 -0.888638 31.98
      vertex 1.55885 -0.9 31.98
    endloop
  endfacet
  facet normal -0 0 1
    outer loop
      vertex 1.54286 -0.890769 31.98
      vertex 1.55885 -0.9 31.98
      vertex 1.544 -0.888638 31.98
    endloop
  endfacet
  facet normal 0 0 1
    outer loop
      vertex 1.48257 -0.987717 31.98
      vertex 1.55885 -0.9 31.98
      vertex 1.54286 -0.890769 31.98
    endloop
  endfacet
  facet normal 0 0 1
    outer loop
      vertex 1.55885 -0.9 31.98
      vertex 1.48257 -0.987717 31.98
      vertex 1.49664 -1.00003 31.98
    endloop
  endfacet
  facet normal -0 0 1
    outer loop
      vertex 1.48129 -0.989769 31.98
      vertex 1.49664 -1.00003 31.98
      vertex 1.48257 -0.987717 31.98
    endloop
  endfacet
  facet normal -0 0 1
    outer loop
      vertex 1.47989 -0.991733 31.98
      vertex 1.49664 -1.00003 31.98
      vertex 1.48129 -0.989769 31.98
    endloop
  endfacet
  facet normal 0 0 1
    outer loop
      vertex 1.47989 -0.991733 31.98
      vertex 1.42804 -1.09577 31.98
      vertex 1.49664 -1.00003 31.98
    endloop
  endfacet
  facet normal -0 0 1
    outer loop
      vertex 1.41339 -1.08453 31.98
      vertex 1.42804 -1.09577 31.98
      vertex 1.47989 -0.991733 31.98
    endloop
  endfacet
  facet normal 0 0 1
    outer loop
      vertex 1.41339 -1.08453 31.98
      vertex 1.35331 -1.18682 31.98
      vertex 1.42804 -1.09577 31.98
    endloop
  endfacet
  facet normal -0 0 1
    outer loop
      vertex 1.33943 -1.17465 31.98
      vertex 1.35331 -1.18682 31.98
      vertex 1.41339 -1.08453 31.98
    endloop
  endfacet
  facet normal -0 0 1
    outer loop
      vertex 1.33778 -1.17641 31.98
      vertex 1.35331 -1.18682 31.98
      vertex 1.33943 -1.17465 31.98
    endloop
  endfacet
  facet normal 0 0 1
    outer loop
      vertex 1.33778 -1.17641 31.98
      vertex 1.27279 -1.27279 31.98
      vertex 1.35331 -1.18682 31.98
    endloop
  endfacet
  facet normal -0 0 1
    outer loop
      vertex 1.25974 -1.25974 31.98
      vertex 1.27279 -1.27279 31.98
      vertex 1.33778 -1.17641 31.98
    endloop
  endfacet
  facet normal 0 0 1
    outer loop
      vertex 1.17641 -1.33778 31.98
      vertex 1.27279 -1.27279 31.98
      vertex 1.25974 -1.25974 31.98
    endloop
  endfacet
  facet normal 0 0 1
    outer loop
      vertex 1.27279 -1.27279 31.98
      vertex 1.17641 -1.33778 31.98
      vertex 1.18682 -1.35331 31.98
    endloop
  endfacet
  facet normal -0 0 1
    outer loop
      vertex 1.17465 -1.33943 31.98
      vertex 1.18682 -1.35331 31.98
      vertex 1.17641 -1.33778 31.98
    endloop
  endfacet
  facet normal 0 0 1
    outer loop
      vertex 1.17465 -1.33943 31.98
      vertex 1.09577 -1.42804 31.98
      vertex 1.18682 -1.35331 31.98
    endloop
  endfacet
  facet normal -0 0 1
    outer loop
      vertex 1.08453 -1.41339 31.98
      vertex 1.09577 -1.42804 31.98
      vertex 1.17465 -1.33943 31.98
    endloop
  endfacet
  facet normal 0 0 1
    outer loop
      vertex 0.991733 -1.47989 31.98
      vertex 1.09577 -1.42804 31.98
      vertex 1.08453 -1.41339 31.98
    endloop
  endfacet
  facet normal 0 0 1
    outer loop
      vertex 1.09577 -1.42804 31.98
      vertex 0.991733 -1.47989 31.98
      vertex 1.00003 -1.49664 31.98
    endloop
  endfacet
  facet normal -0 0 1
    outer loop
      vertex 0.989769 -1.48129 31.98
      vertex 1.00003 -1.49664 31.98
      vertex 0.991733 -1.47989 31.98
    endloop
  endfacet
  facet normal -0 0 1
    outer loop
      vertex 0.987717 -1.48257 31.98
      vertex 1.00003 -1.49664 31.98
      vertex 0.989769 -1.48129 31.98
    endloop
  endfacet
  facet normal 0 0 1
    outer loop
      vertex 0.987717 -1.48257 31.98
      vertex 0.9 -1.55885 31.98
      vertex 1.00003 -1.49664 31.98
    endloop
  endfacet
  facet normal -0 0 1
    outer loop
      vertex 0.890769 -1.54286 31.98
      vertex 0.9 -1.55885 31.98
      vertex 0.987717 -1.48257 31.98
    endloop
  endfacet
  facet normal -0 0 1
    outer loop
      vertex 0.888638 -1.544 31.98
      vertex 0.9 -1.55885 31.98
      vertex 0.890769 -1.54286 31.98
    endloop
  endfacet
  facet normal 0 0 1
    outer loop
      vertex 0.888638 -1.544 31.98
      vertex 0.796119 -1.61437 31.98
      vertex 0.9 -1.55885 31.98
    endloop
  endfacet
  facet normal -0 0 1
    outer loop
      vertex 0.787953 -1.59781 31.98
      vertex 0.796119 -1.61437 31.98
      vertex 0.888638 -1.544 31.98
    endloop
  endfacet
  facet normal 0 0 1
    outer loop
      vertex 0.683965 -1.64493 31.98
      vertex 0.796119 -1.61437 31.98
      vertex 0.787953 -1.59781 31.98
    endloop
  endfacet
  facet normal 0 0 1
    outer loop
      vertex 0.796119 -1.61437 31.98
      vertex 0.683965 -1.64493 31.98
      vertex 0.688829 -1.66298 31.98
    endloop
  endfacet
  facet normal -0 0 1
    outer loop
      vertex 0.681764 -1.64593 31.98
      vertex 0.688829 -1.66298 31.98
      vertex 0.683965 -1.64493 31.98
    endloop
  endfacet
  facet normal 0 0 1
    outer loop
      vertex 0.574917 -1.68614 31.98
      vertex 0.688829 -1.66298 31.98
      vertex 0.681764 -1.64593 31.98
    endloop
  endfacet
  facet normal 0 0 1
    outer loop
      vertex 0.688829 -1.66298 31.98
      vertex 0.574917 -1.68614 31.98
      vertex 0.57859 -1.70447 31.98
    endloop
  endfacet
  facet normal -0 0 1
    outer loop
      vertex 0.572656 -1.68699 31.98
      vertex 0.57859 -1.70447 31.98
      vertex 0.574917 -1.68614 31.98
    endloop
  endfacet
  facet normal 0 0 1
    outer loop
      vertex 0.463408 -1.72013 31.98
      vertex 0.57859 -1.70447 31.98
      vertex 0.572656 -1.68699 31.98
    endloop
  endfacet
  facet normal 0 0 1
    outer loop
      vertex 0.57859 -1.70447 31.98
      vertex 0.463408 -1.72013 31.98
      vertex 0.465874 -1.73867 31.98
    endloop
  endfacet
  facet normal -0 0 1
    outer loop
      vertex 0.461095 -1.72083 31.98
      vertex 0.465874 -1.73867 31.98
      vertex 0.463408 -1.72013 31.98
    endloop
  endfacet
  facet normal -0 0 1
    outer loop
      vertex 0.458742 -1.72138 31.98
      vertex 0.465874 -1.73867 31.98
      vertex 0.461095 -1.72083 31.98
    endloop
  endfacet
  facet normal 0 0 1
    outer loop
      vertex 0.458742 -1.72138 31.98
      vertex 0.351162 -1.76541 31.98
      vertex 0.465874 -1.73867 31.98
    endloop
  endfacet
  facet normal -0 0 1
    outer loop
      vertex 0.34756 -1.74731 31.98
      vertex 0.351162 -1.76541 31.98
      vertex 0.458742 -1.72138 31.98
    endloop
  endfacet
  facet normal -0 0 1
    outer loop
      vertex 0.345176 -1.7477 31.98
      vertex 0.351162 -1.76541 31.98
      vertex 0.34756 -1.74731 31.98
    endloop
  endfacet
  facet normal 0 0 1
    outer loop
      vertex 0.345176 -1.7477 31.98
      vertex 0.234946 -1.7846 31.98
      vertex 0.351162 -1.76541 31.98
    endloop
  endfacet
  facet normal -0 0 1
    outer loop
      vertex 0.232536 -1.7663 31.98
      vertex 0.234946 -1.7846 31.98
      vertex 0.345176 -1.7477 31.98
    endloop
  endfacet
  facet normal -0 0 1
    outer loop
      vertex 0.230132 -1.76653 31.98
      vertex 0.234946 -1.7846 31.98
      vertex 0.232536 -1.7663 31.98
    endloop
  endfacet
  facet normal 0 0 1
    outer loop
      vertex 0.230132 -1.76653 31.98
      vertex 0.117725 -1.79615 31.98
      vertex 0.234946 -1.7846 31.98
    endloop
  endfacet
  facet normal -0 0 1
    outer loop
      vertex 0.116518 -1.77772 31.98
      vertex 0.117725 -1.79615 31.98
      vertex 0.230132 -1.76653 31.98
    endloop
  endfacet
  facet normal -0 0 1
    outer loop
      vertex 0 -1.78154 31.98
      vertex 0.117725 -1.79615 31.98
      vertex 0.116518 -1.77772 31.98
    endloop
  endfacet
  facet normal 0 0 1
    outer loop
      vertex 0 -1.78154 31.98
      vertex 0 -1.8 31.98
      vertex 0.117725 -1.79615 31.98
    endloop
  endfacet
  facet normal 0 0 1
    outer loop
      vertex -0.116518 -1.77772 31.98
      vertex 0 -1.8 31.98
      vertex 0 -1.78154 31.98
    endloop
  endfacet
  facet normal 0 0 1
    outer loop
      vertex -0.116518 -1.77772 31.98
      vertex -0.117725 -1.79615 31.98
      vertex 0 -1.8 31.98
    endloop
  endfacet
  facet normal 0 0 1
    outer loop
      vertex -0.230132 -1.76653 31.98
      vertex -0.117725 -1.79615 31.98
      vertex -0.116518 -1.77772 31.98
    endloop
  endfacet
  facet normal 0 0 1
    outer loop
      vertex -0.234946 -1.7846 31.98
      vertex -0.230132 -1.76653 31.98
      vertex -0.232536 -1.7663 31.98
    endloop
  endfacet
  facet normal 0 0 1
    outer loop
      vertex -0.230132 -1.76653 31.98
      vertex -0.234946 -1.7846 31.98
      vertex -0.117725 -1.79615 31.98
    endloop
  endfacet
  facet normal 0 0 1
    outer loop
      vertex -0.345176 -1.7477 31.98
      vertex -0.234946 -1.7846 31.98
      vertex -0.232536 -1.7663 31.98
    endloop
  endfacet
  facet normal 0 0 1
    outer loop
      vertex -0.351162 -1.76541 31.98
      vertex -0.345176 -1.7477 31.98
      vertex -0.34756 -1.74731 31.98
    endloop
  endfacet
  facet normal 0 0 1
    outer loop
      vertex -0.345176 -1.7477 31.98
      vertex -0.351162 -1.76541 31.98
      vertex -0.234946 -1.7846 31.98
    endloop
  endfacet
  facet normal 0 0 1
    outer loop
      vertex -0.458742 -1.72138 31.98
      vertex -0.351162 -1.76541 31.98
      vertex -0.34756 -1.74731 31.98
    endloop
  endfacet
  facet normal 0 0 1
    outer loop
      vertex -0.465874 -1.73867 31.98
      vertex -0.458742 -1.72138 31.98
      vertex -0.461095 -1.72083 31.98
    endloop
  endfacet
  facet normal 0 0 1
    outer loop
      vertex -0.465874 -1.73867 31.98
      vertex -0.461095 -1.72083 31.98
      vertex -0.463408 -1.72013 31.98
    endloop
  endfacet
  facet normal 0 0 1
    outer loop
      vertex -0.458742 -1.72138 31.98
      vertex -0.465874 -1.73867 31.98
      vertex -0.351162 -1.76541 31.98
    endloop
  endfacet
  facet normal -0 0 1
    outer loop
      vertex -0.57859 -1.70447 31.98
      vertex -0.463408 -1.72013 31.98
      vertex -0.572656 -1.68699 31.98
    endloop
  endfacet
  facet normal 0 0 1
    outer loop
      vertex -0.57859 -1.70447 31.98
      vertex -0.572656 -1.68699 31.98
      vertex -0.574917 -1.68614 31.98
    endloop
  endfacet
  facet normal 0 0 1
    outer loop
      vertex -0.463408 -1.72013 31.98
      vertex -0.57859 -1.70447 31.98
      vertex -0.465874 -1.73867 31.98
    endloop
  endfacet
  facet normal -0 0 1
    outer loop
      vertex -0.688829 -1.66298 31.98
      vertex -0.574917 -1.68614 31.98
      vertex -0.681764 -1.64593 31.98
    endloop
  endfacet
  facet normal 0 0 1
    outer loop
      vertex -0.688829 -1.66298 31.98
      vertex -0.681764 -1.64593 31.98
      vertex -0.683965 -1.64493 31.98
    endloop
  endfacet
  facet normal 0 0 1
    outer loop
      vertex -0.574917 -1.68614 31.98
      vertex -0.688829 -1.66298 31.98
      vertex -0.57859 -1.70447 31.98
    endloop
  endfacet
  facet normal -0 0 1
    outer loop
      vertex -0.796119 -1.61437 31.98
      vertex -0.683965 -1.64493 31.98
      vertex -0.787953 -1.59781 31.98
    endloop
  endfacet
  facet normal 0 0 1
    outer loop
      vertex -0.683965 -1.64493 31.98
      vertex -0.796119 -1.61437 31.98
      vertex -0.688829 -1.66298 31.98
    endloop
  endfacet
  facet normal 0 0 1
    outer loop
      vertex -0.888638 -1.544 31.98
      vertex -0.796119 -1.61437 31.98
      vertex -0.787953 -1.59781 31.98
    endloop
  endfacet
  facet normal 0 0 1
    outer loop
      vertex -0.9 -1.55885 31.98
      vertex -0.888638 -1.544 31.98
      vertex -0.890769 -1.54286 31.98
    endloop
  endfacet
  facet normal 0 0 1
    outer loop
      vertex -0.888638 -1.544 31.98
      vertex -0.9 -1.55885 31.98
      vertex -0.796119 -1.61437 31.98
    endloop
  endfacet
  facet normal 0 0 1
    outer loop
      vertex -0.987717 -1.48257 31.98
      vertex -0.9 -1.55885 31.98
      vertex -0.890769 -1.54286 31.98
    endloop
  endfacet
  facet normal 0 0 1
    outer loop
      vertex -1.00003 -1.49664 31.98
      vertex -0.987717 -1.48257 31.98
      vertex -0.989769 -1.48129 31.98
    endloop
  endfacet
  facet normal 0 0 1
    outer loop
      vertex -1.00003 -1.49664 31.98
      vertex -0.989769 -1.48129 31.98
      vertex -0.991733 -1.47989 31.98
    endloop
  endfacet
  facet normal 0 0 1
    outer loop
      vertex -0.987717 -1.48257 31.98
      vertex -1.00003 -1.49664 31.98
      vertex -0.9 -1.55885 31.98
    endloop
  endfacet
  facet normal -0 0 1
    outer loop
      vertex -1.09577 -1.42804 31.98
      vertex -0.991733 -1.47989 31.98
      vertex -1.08453 -1.41339 31.98
    endloop
  endfacet
  facet normal 0 0 1
    outer loop
      vertex -0.991733 -1.47989 31.98
      vertex -1.09577 -1.42804 31.98
      vertex -1.00003 -1.49664 31.98
    endloop
  endfacet
  facet normal 0 0 1
    outer loop
      vertex -1.17465 -1.33943 31.98
      vertex -1.09577 -1.42804 31.98
      vertex -1.08453 -1.41339 31.98
    endloop
  endfacet
  facet normal 0 0 1
    outer loop
      vertex -1.18682 -1.35331 31.98
      vertex -1.17465 -1.33943 31.98
      vertex -1.17641 -1.33778 31.98
    endloop
  endfacet
  facet normal 0 0 1
    outer loop
      vertex -1.17465 -1.33943 31.98
      vertex -1.18682 -1.35331 31.98
      vertex -1.09577 -1.42804 31.98
    endloop
  endfacet
  facet normal -0 0 1
    outer loop
      vertex -1.27279 -1.27279 31.98
      vertex -1.17641 -1.33778 31.98
      vertex -1.25974 -1.25974 31.98
    endloop
  endfacet
  facet normal 0 0 1
    outer loop
      vertex -1.17641 -1.33778 31.98
      vertex -1.27279 -1.27279 31.98
      vertex -1.18682 -1.35331 31.98
    endloop
  endfacet
  facet normal 0 0 1
    outer loop
      vertex -1.33778 -1.17641 31.98
      vertex -1.27279 -1.27279 31.98
      vertex -1.25974 -1.25974 31.98
    endloop
  endfacet
  facet normal 0 0 1
    outer loop
      vertex -1.35331 -1.18682 31.98
      vertex -1.33778 -1.17641 31.98
      vertex -1.33943 -1.17465 31.98
    endloop
  endfacet
  facet normal 0 0 1
    outer loop
      vertex -1.33778 -1.17641 31.98
      vertex -1.35331 -1.18682 31.98
      vertex -1.27279 -1.27279 31.98
    endloop
  endfacet
  facet normal 0 0 1
    outer loop
      vertex -1.41339 -1.08453 31.98
      vertex -1.35331 -1.18682 31.98
      vertex -1.33943 -1.17465 31.98
    endloop
  endfacet
  facet normal 0 0 1
    outer loop
      vertex -1.41339 -1.08453 31.98
      vertex -1.42804 -1.09577 31.98
      vertex -1.35331 -1.18682 31.98
    endloop
  endfacet
  facet normal 0 0 1
    outer loop
      vertex -1.47989 -0.991733 31.98
      vertex -1.42804 -1.09577 31.98
      vertex -1.41339 -1.08453 31.98
    endloop
  endfacet
  facet normal 0 0 1
    outer loop
      vertex -1.49664 -1.00003 31.98
      vertex -1.47989 -0.991733 31.98
      vertex -1.48129 -0.989769 31.98
    endloop
  endfacet
  facet normal 0 0 1
    outer loop
      vertex -1.49664 -1.00003 31.98
      vertex -1.48129 -0.989769 31.98
      vertex -1.48257 -0.987717 31.98
    endloop
  endfacet
  facet normal 0 0 1
    outer loop
      vertex -1.47989 -0.991733 31.98
      vertex -1.49664 -1.00003 31.98
      vertex -1.42804 -1.09577 31.98
    endloop
  endfacet
  facet normal -0 0 1
    outer loop
      vertex -1.55885 -0.9 31.98
      vertex -1.48257 -0.987717 31.98
      vertex -1.54286 -0.890769 31.98
    endloop
  endfacet
  facet normal 0 0 1
    outer loop
      vertex -1.55885 -0.9 31.98
      vertex -1.54286 -0.890769 31.98
      vertex -1.544 -0.888638 31.98
    endloop
  endfacet
  facet normal 0 0 1
    outer loop
      vertex -1.48257 -0.987717 31.98
      vertex -1.55885 -0.9 31.98
      vertex -1.49664 -1.00003 31.98
    endloop
  endfacet
  facet normal -0 0 1
    outer loop
      vertex -1.61437 -0.796119 31.98
      vertex -1.544 -0.888638 31.98
      vertex -1.59781 -0.787953 31.98
    endloop
  endfacet
  facet normal 0 0 1
    outer loop
      vertex -1.544 -0.888638 31.98
      vertex -1.61437 -0.796119 31.98
      vertex -1.55885 -0.9 31.98
    endloop
  endfacet
  facet normal 0 0 1
    outer loop
      vertex -1.64493 -0.683965 31.98
      vertex -1.61437 -0.796119 31.98
      vertex -1.59781 -0.787953 31.98
    endloop
  endfacet
  facet normal 0 0 1
    outer loop
      vertex -1.66298 -0.688829 31.98
      vertex -1.64493 -0.683965 31.98
      vertex -1.64593 -0.681764 31.98
    endloop
  endfacet
  facet normal 0 0 1
    outer loop
      vertex -1.64493 -0.683965 31.98
      vertex -1.66298 -0.688829 31.98
      vertex -1.61437 -0.796119 31.98
    endloop
  endfacet
  facet normal 0 0 1
    outer loop
      vertex -1.68614 -0.574917 31.98
      vertex -1.66298 -0.688829 31.98
      vertex -1.64593 -0.681764 31.98
    endloop
  endfacet
  facet normal 0 0 1
    outer loop
      vertex -1.70447 -0.57859 31.98
      vertex -1.68614 -0.574917 31.98
      vertex -1.68699 -0.572656 31.98
    endloop
  endfacet
  facet normal 0 0 1
    outer loop
      vertex -1.68614 -0.574917 31.98
      vertex -1.70447 -0.57859 31.98
      vertex -1.66298 -0.688829 31.98
    endloop
  endfacet
  facet normal 0 0 1
    outer loop
      vertex -1.72013 -0.463408 31.98
      vertex -1.70447 -0.57859 31.98
      vertex -1.68699 -0.572656 31.98
    endloop
  endfacet
  facet normal 0 0 1
    outer loop
      vertex -1.73867 -0.465874 31.98
      vertex -1.72013 -0.463408 31.98
      vertex -1.72083 -0.461095 31.98
    endloop
  endfacet
  facet normal 0 0 1
    outer loop
      vertex -1.73867 -0.465874 31.98
      vertex -1.72083 -0.461095 31.98
      vertex -1.72138 -0.458742 31.98
    endloop
  endfacet
  facet normal 0 0 1
    outer loop
      vertex -1.72013 -0.463408 31.98
      vertex -1.73867 -0.465874 31.98
      vertex -1.70447 -0.57859 31.98
    endloop
  endfacet
  facet normal -0 0 1
    outer loop
      vertex -1.76541 -0.351162 31.98
      vertex -1.72138 -0.458742 31.98
      vertex -1.74731 -0.34756 31.98
    endloop
  endfacet
  facet normal 0 0 1
    outer loop
      vertex -1.76541 -0.351162 31.98
      vertex -1.74731 -0.34756 31.98
      vertex -1.7477 -0.345176 31.98
    endloop
  endfacet
  facet normal 0 0 1
    outer loop
      vertex -1.72138 -0.458742 31.98
      vertex -1.76541 -0.351162 31.98
      vertex -1.73867 -0.465874 31.98
    endloop
  endfacet
  facet normal -0 0 1
    outer loop
      vertex -1.7846 -0.234946 31.98
      vertex -1.7477 -0.345176 31.98
      vertex -1.7663 -0.232536 31.98
    endloop
  endfacet
  facet normal 0 0 1
    outer loop
      vertex -1.7846 -0.234946 31.98
      vertex -1.7663 -0.232536 31.98
      vertex -1.76653 -0.230132 31.98
    endloop
  endfacet
  facet normal -0 0 1
    outer loop
      vertex -1.79615 -0.117725 31.98
      vertex -1.76653 -0.230132 31.98
      vertex -1.77772 -0.116518 31.98
    endloop
  endfacet
  facet normal 0 0 1
    outer loop
      vertex -1.7477 -0.345176 31.98
      vertex -1.7846 -0.234946 31.98
      vertex -1.76541 -0.351162 31.98
    endloop
  endfacet
  facet normal 0 0 1
    outer loop
      vertex -1.79615 -0.117725 31.98
      vertex -1.77772 -0.116518 31.98
      vertex -1.78154 0 31.98
    endloop
  endfacet
  facet normal 0 0 1
    outer loop
      vertex -1.77772 0.116518 31.98
      vertex -1.79615 0.117725 31.98
      vertex -1.78154 0 31.98
    endloop
  endfacet
  facet normal 0 0 1
    outer loop
      vertex -1.8 0 31.98
      vertex -1.78154 0 31.98
      vertex -1.79615 0.117725 31.98
    endloop
  endfacet
  facet normal 0 0 1
    outer loop
      vertex -1.76653 -0.230132 31.98
      vertex -1.79615 -0.117725 31.98
      vertex -1.7846 -0.234946 31.98
    endloop
  endfacet
  facet normal 0 0 1
    outer loop
      vertex -1.78154 0 31.98
      vertex -1.8 0 31.98
      vertex -1.79615 -0.117725 31.98
    endloop
  endfacet
  facet normal 0.729863 0.683594 0
    outer loop
      vertex -1.27279 -1.27279 32
      vertex -1.35331 -1.18682 31.98
      vertex -1.35331 -1.18682 32
    endloop
  endfacet
  facet normal 0.729863 0.683594 0
    outer loop
      vertex -1.35331 -1.18682 31.98
      vertex -1.27279 -1.27279 32
      vertex -1.27279 -1.27279 31.98
    endloop
  endfacet
  facet normal 0.910872 0.41269 0
    outer loop
      vertex -1.61437 -0.796119 32
      vertex -1.66298 -0.688829 31.98
      vertex -1.66298 -0.688829 32
    endloop
  endfacet
  facet normal 0.910872 0.41269 0
    outer loop
      vertex -1.66298 -0.688829 31.98
      vertex -1.61437 -0.796119 32
      vertex -1.61437 -0.796119 31.98
    endloop
  endfacet
  facet normal -0.729863 -0.683594 0
    outer loop
      vertex 1.35331 1.18682 31.98
      vertex 1.27279 1.27279 32
      vertex 1.27279 1.27279 31.98
    endloop
  endfacet
  facet normal -0.729863 -0.683594 0
    outer loop
      vertex 1.27279 1.27279 32
      vertex 1.35331 1.18682 31.98
      vertex 1.35331 1.18682 32
    endloop
  endfacet
  facet normal -0.227019 0.97389 0
    outer loop
      vertex 0.465874 -1.73867 31.98
      vertex 0.351162 -1.76541 32
      vertex 0.465874 -1.73867 32
    endloop
  endfacet
  facet normal -0.227019 0.97389 0
    outer loop
      vertex 0.351162 -1.76541 32
      vertex 0.465874 -1.73867 31.98
      vertex 0.351162 -1.76541 31.98
    endloop
  endfacet
  facet normal 0.098057 0.995181 -0
    outer loop
      vertex -0.117725 -1.79615 31.98
      vertex -0.234946 -1.7846 32
      vertex -0.117725 -1.79615 32
    endloop
  endfacet
  facet normal 0.098057 0.995181 0
    outer loop
      vertex -0.234946 -1.7846 32
      vertex -0.117725 -1.79615 31.98
      vertex -0.234946 -1.7846 31.98
    endloop
  endfacet
  facet normal -0.528113 0.849174 0
    outer loop
      vertex 1.00003 -1.49664 31.98
      vertex 0.9 -1.55885 32
      vertex 1.00003 -1.49664 32
    endloop
  endfacet
  facet normal -0.528113 0.849174 0
    outer loop
      vertex 0.9 -1.55885 32
      vertex 1.00003 -1.49664 31.98
      vertex 0.9 -1.55885 31.98
    endloop
  endfacet
  facet normal 0.352242 -0.935909 0
    outer loop
      vertex -0.688829 1.66298 31.98
      vertex -0.57859 1.70447 32
      vertex -0.688829 1.66298 32
    endloop
  endfacet
  facet normal 0.352242 -0.935909 0
    outer loop
      vertex -0.57859 1.70447 32
      vertex -0.688829 1.66298 31.98
      vertex -0.57859 1.70447 31.98
    endloop
  endfacet
  facet normal 0.956922 0.290347 0
    outer loop
      vertex -1.70447 -0.57859 32
      vertex -1.73867 -0.465874 31.98
      vertex -1.73867 -0.465874 32
    endloop
  endfacet
  facet normal 0.956922 0.290347 0
    outer loop
      vertex -1.73867 -0.465874 31.98
      vertex -1.70447 -0.57859 32
      vertex -1.70447 -0.57859 31.98
    endloop
  endfacet
  facet normal -0.935909 -0.352242 0
    outer loop
      vertex 1.70447 0.57859 31.98
      vertex 1.66298 0.688829 32
      vertex 1.66298 0.688829 31.98
    endloop
  endfacet
  facet normal -0.935909 -0.352242 0
    outer loop
      vertex 1.66298 0.688829 32
      vertex 1.70447 0.57859 31.98
      vertex 1.70447 0.57859 32
    endloop
  endfacet
  facet normal 0.098057 -0.995181 0
    outer loop
      vertex -0.234946 1.7846 31.98
      vertex -0.117725 1.79615 32
      vertex -0.234946 1.7846 32
    endloop
  endfacet
  facet normal 0.098057 -0.995181 0
    outer loop
      vertex -0.117725 1.79615 32
      vertex -0.234946 1.7846 31.98
      vertex -0.117725 1.79615 31.98
    endloop
  endfacet
  facet normal -0.683594 0.729863 0
    outer loop
      vertex 1.27279 -1.27279 31.98
      vertex 1.18682 -1.35331 32
      vertex 1.27279 -1.27279 32
    endloop
  endfacet
  facet normal -0.683594 0.729863 0
    outer loop
      vertex 1.18682 -1.35331 32
      vertex 1.27279 -1.27279 31.98
      vertex 1.18682 -1.35331 31.98
    endloop
  endfacet
  facet normal 0.47136 0.881941 -0
    outer loop
      vertex -0.796119 -1.61437 31.98
      vertex -0.9 -1.55885 32
      vertex -0.796119 -1.61437 32
    endloop
  endfacet
  facet normal 0.47136 0.881941 0
    outer loop
      vertex -0.9 -1.55885 32
      vertex -0.796119 -1.61437 31.98
      vertex -0.9 -1.55885 31.98
    endloop
  endfacet
  facet normal -0.0326859 -0.999466 0
    outer loop
      vertex 0 1.8 31.98
      vertex 0.117725 1.79615 32
      vertex 0 1.8 32
    endloop
  endfacet
  facet normal -0.0326859 -0.999466 -0
    outer loop
      vertex 0.117725 1.79615 32
      vertex 0 1.8 31.98
      vertex 0.117725 1.79615 31.98
    endloop
  endfacet
  facet normal 0.47136 -0.881941 0
    outer loop
      vertex -0.9 1.55885 31.98
      vertex -0.796119 1.61437 32
      vertex -0.9 1.55885 32
    endloop
  endfacet
  facet normal 0.47136 -0.881941 0
    outer loop
      vertex -0.796119 1.61437 32
      vertex -0.9 1.55885 31.98
      vertex -0.796119 1.61437 31.98
    endloop
  endfacet
  facet normal 0.995181 -0.098057 0
    outer loop
      vertex -1.79615 0.117725 32
      vertex -1.7846 0.234946 31.98
      vertex -1.7846 0.234946 32
    endloop
  endfacet
  facet normal 0.995181 -0.098057 0
    outer loop
      vertex -1.7846 0.234946 31.98
      vertex -1.79615 0.117725 32
      vertex -1.79615 0.117725 31.98
    endloop
  endfacet
  facet normal 0.97389 -0.227019 0
    outer loop
      vertex -1.76541 0.351162 32
      vertex -1.73867 0.465874 31.98
      vertex -1.73867 0.465874 32
    endloop
  endfacet
  facet normal 0.97389 -0.227019 0
    outer loop
      vertex -1.73867 0.465874 31.98
      vertex -1.76541 0.351162 32
      vertex -1.76541 0.351162 31.98
    endloop
  endfacet
  facet normal -0.849174 -0.528113 0
    outer loop
      vertex 1.55885 0.9 31.98
      vertex 1.49664 1.00003 32
      vertex 1.49664 1.00003 31.98
    endloop
  endfacet
  facet normal -0.849174 -0.528113 0
    outer loop
      vertex 1.49664 1.00003 32
      vertex 1.55885 0.9 31.98
      vertex 1.55885 0.9 32
    endloop
  endfacet
  facet normal -0.290347 0.956922 0
    outer loop
      vertex 0.57859 -1.70447 31.98
      vertex 0.465874 -1.73867 32
      vertex 0.57859 -1.70447 32
    endloop
  endfacet
  facet normal -0.290347 0.956922 0
    outer loop
      vertex 0.465874 -1.73867 32
      vertex 0.57859 -1.70447 31.98
      vertex 0.465874 -1.73867 31.98
    endloop
  endfacet
  facet normal -0.098057 -0.995181 0
    outer loop
      vertex 0.117725 1.79615 31.98
      vertex 0.234946 1.7846 32
      vertex 0.117725 1.79615 32
    endloop
  endfacet
  facet normal -0.098057 -0.995181 -0
    outer loop
      vertex 0.234946 1.7846 32
      vertex 0.117725 1.79615 31.98
      vertex 0.234946 1.7846 31.98
    endloop
  endfacet
  facet normal 0.227019 0.97389 -0
    outer loop
      vertex -0.351162 -1.76541 31.98
      vertex -0.465874 -1.73867 32
      vertex -0.351162 -1.76541 32
    endloop
  endfacet
  facet normal 0.227019 0.97389 0
    outer loop
      vertex -0.465874 -1.73867 32
      vertex -0.351162 -1.76541 31.98
      vertex -0.465874 -1.73867 31.98
    endloop
  endfacet
  facet normal -0.528113 -0.849174 0
    outer loop
      vertex 0.9 1.55885 31.98
      vertex 1.00003 1.49664 32
      vertex 0.9 1.55885 32
    endloop
  endfacet
  facet normal -0.528113 -0.849174 -0
    outer loop
      vertex 1.00003 1.49664 32
      vertex 0.9 1.55885 31.98
      vertex 1.00003 1.49664 31.98
    endloop
  endfacet
  facet normal 0.77298 -0.63443 0
    outer loop
      vertex -1.42804 1.09577 32
      vertex -1.35331 1.18682 31.98
      vertex -1.35331 1.18682 32
    endloop
  endfacet
  facet normal 0.77298 -0.63443 0
    outer loop
      vertex -1.35331 1.18682 31.98
      vertex -1.42804 1.09577 32
      vertex -1.42804 1.09577 31.98
    endloop
  endfacet
  facet normal -0.956922 0.290347 0
    outer loop
      vertex 1.70447 -0.57859 31.98
      vertex 1.73867 -0.465874 32
      vertex 1.73867 -0.465874 31.98
    endloop
  endfacet
  facet normal -0.956922 0.290347 0
    outer loop
      vertex 1.73867 -0.465874 32
      vertex 1.70447 -0.57859 31.98
      vertex 1.70447 -0.57859 32
    endloop
  endfacet
  facet normal -0.910872 0.41269 0
    outer loop
      vertex 1.61437 -0.796119 31.98
      vertex 1.66298 -0.688829 32
      vertex 1.66298 -0.688829 31.98
    endloop
  endfacet
  facet normal -0.910872 0.41269 0
    outer loop
      vertex 1.66298 -0.688829 32
      vertex 1.61437 -0.796119 31.98
      vertex 1.61437 -0.796119 32
    endloop
  endfacet
  facet normal 0.849174 -0.528113 0
    outer loop
      vertex -1.55885 0.9 32
      vertex -1.49664 1.00003 31.98
      vertex -1.49664 1.00003 32
    endloop
  endfacet
  facet normal 0.849174 -0.528113 0
    outer loop
      vertex -1.49664 1.00003 31.98
      vertex -1.55885 0.9 32
      vertex -1.55885 0.9 31.98
    endloop
  endfacet
  facet normal 0.999466 -0.0326859 0
    outer loop
      vertex -1.8 0 32
      vertex -1.79615 0.117725 31.98
      vertex -1.79615 0.117725 32
    endloop
  endfacet
  facet normal 0.999466 -0.0326859 0
    outer loop
      vertex -1.79615 0.117725 31.98
      vertex -1.8 0 32
      vertex -1.8 0 31.98
    endloop
  endfacet
  facet normal 0.729863 -0.683594 0
    outer loop
      vertex -1.35331 1.18682 32
      vertex -1.27279 1.27279 31.98
      vertex -1.27279 1.27279 32
    endloop
  endfacet
  facet normal 0.729863 -0.683594 0
    outer loop
      vertex -1.27279 1.27279 31.98
      vertex -1.35331 1.18682 32
      vertex -1.35331 1.18682 31.98
    endloop
  endfacet
  facet normal 0.290347 -0.956922 0
    outer loop
      vertex -0.57859 1.70447 31.98
      vertex -0.465874 1.73867 32
      vertex -0.57859 1.70447 32
    endloop
  endfacet
  facet normal 0.290347 -0.956922 0
    outer loop
      vertex -0.465874 1.73867 32
      vertex -0.57859 1.70447 31.98
      vertex -0.465874 1.73867 31.98
    endloop
  endfacet
  facet normal -0.683594 -0.729863 0
    outer loop
      vertex 1.18682 1.35331 31.98
      vertex 1.27279 1.27279 32
      vertex 1.18682 1.35331 32
    endloop
  endfacet
  facet normal -0.683594 -0.729863 -0
    outer loop
      vertex 1.27279 1.27279 32
      vertex 1.18682 1.35331 31.98
      vertex 1.27279 1.27279 31.98
    endloop
  endfacet
  facet normal -0.582442 0.812872 0
    outer loop
      vertex 1.09577 -1.42804 31.98
      vertex 1.00003 -1.49664 32
      vertex 1.09577 -1.42804 32
    endloop
  endfacet
  facet normal -0.582442 0.812872 0
    outer loop
      vertex 1.00003 -1.49664 32
      vertex 1.09577 -1.42804 31.98
      vertex 1.00003 -1.49664 31.98
    endloop
  endfacet
  facet normal -0.729863 0.683594 0
    outer loop
      vertex 1.27279 -1.27279 31.98
      vertex 1.35331 -1.18682 32
      vertex 1.35331 -1.18682 31.98
    endloop
  endfacet
  facet normal -0.729863 0.683594 0
    outer loop
      vertex 1.35331 -1.18682 32
      vertex 1.27279 -1.27279 31.98
      vertex 1.27279 -1.27279 32
    endloop
  endfacet
  facet normal 0.849174 0.528113 0
    outer loop
      vertex -1.49664 -1.00003 32
      vertex -1.55885 -0.9 31.98
      vertex -1.55885 -0.9 32
    endloop
  endfacet
  facet normal 0.849174 0.528113 0
    outer loop
      vertex -1.55885 -0.9 31.98
      vertex -1.49664 -1.00003 32
      vertex -1.49664 -1.00003 31.98
    endloop
  endfacet
  facet normal 0.77298 0.63443 0
    outer loop
      vertex -1.35331 -1.18682 32
      vertex -1.42804 -1.09577 31.98
      vertex -1.42804 -1.09577 32
    endloop
  endfacet
  facet normal 0.77298 0.63443 0
    outer loop
      vertex -1.42804 -1.09577 31.98
      vertex -1.35331 -1.18682 32
      vertex -1.35331 -1.18682 31.98
    endloop
  endfacet
  facet normal -0.0326859 0.999466 0
    outer loop
      vertex 0.117725 -1.79615 31.98
      vertex 0 -1.8 32
      vertex 0.117725 -1.79615 32
    endloop
  endfacet
  facet normal -0.0326859 0.999466 0
    outer loop
      vertex 0 -1.8 32
      vertex 0.117725 -1.79615 31.98
      vertex 0 -1.8 31.98
    endloop
  endfacet
  facet normal 0.995181 0.098057 0
    outer loop
      vertex -1.7846 -0.234946 32
      vertex -1.79615 -0.117725 31.98
      vertex -1.79615 -0.117725 32
    endloop
  endfacet
  facet normal 0.995181 0.098057 0
    outer loop
      vertex -1.79615 -0.117725 31.98
      vertex -1.7846 -0.234946 32
      vertex -1.7846 -0.234946 31.98
    endloop
  endfacet
  facet normal 0.352242 0.935909 -0
    outer loop
      vertex -0.57859 -1.70447 31.98
      vertex -0.688829 -1.66298 32
      vertex -0.57859 -1.70447 32
    endloop
  endfacet
  facet normal 0.352242 0.935909 0
    outer loop
      vertex -0.688829 -1.66298 32
      vertex -0.57859 -1.70447 31.98
      vertex -0.688829 -1.66298 31.98
    endloop
  endfacet
  facet normal 0.162917 0.98664 -0
    outer loop
      vertex -0.234946 -1.7846 31.98
      vertex -0.351162 -1.76541 32
      vertex -0.234946 -1.7846 32
    endloop
  endfacet
  facet normal 0.162917 0.98664 0
    outer loop
      vertex -0.351162 -1.76541 32
      vertex -0.234946 -1.7846 31.98
      vertex -0.351162 -1.76541 31.98
    endloop
  endfacet
  facet normal -0.162917 -0.98664 0
    outer loop
      vertex 0.234946 1.7846 31.98
      vertex 0.351162 1.76541 32
      vertex 0.234946 1.7846 32
    endloop
  endfacet
  facet normal -0.162917 -0.98664 -0
    outer loop
      vertex 0.351162 1.76541 32
      vertex 0.234946 1.7846 31.98
      vertex 0.351162 1.76541 31.98
    endloop
  endfacet
  facet normal -0.47136 -0.881941 0
    outer loop
      vertex 0.796119 1.61437 31.98
      vertex 0.9 1.55885 32
      vertex 0.796119 1.61437 32
    endloop
  endfacet
  facet normal -0.47136 -0.881941 -0
    outer loop
      vertex 0.9 1.55885 32
      vertex 0.796119 1.61437 31.98
      vertex 0.9 1.55885 31.98
    endloop
  endfacet
  facet normal -0.41269 -0.910872 0
    outer loop
      vertex 0.688829 1.66298 31.98
      vertex 0.796119 1.61437 32
      vertex 0.688829 1.66298 32
    endloop
  endfacet
  facet normal -0.41269 -0.910872 -0
    outer loop
      vertex 0.796119 1.61437 32
      vertex 0.688829 1.66298 31.98
      vertex 0.796119 1.61437 31.98
    endloop
  endfacet
  facet normal 0.0326859 -0.999466 0
    outer loop
      vertex -0.117725 1.79615 31.98
      vertex 0 1.8 32
      vertex -0.117725 1.79615 32
    endloop
  endfacet
  facet normal 0.0326859 -0.999466 0
    outer loop
      vertex 0 1.8 32
      vertex -0.117725 1.79615 31.98
      vertex 0 1.8 31.98
    endloop
  endfacet
  facet normal -0.290347 -0.956922 0
    outer loop
      vertex 0.465874 1.73867 31.98
      vertex 0.57859 1.70447 32
      vertex 0.465874 1.73867 32
    endloop
  endfacet
  facet normal -0.290347 -0.956922 -0
    outer loop
      vertex 0.57859 1.70447 32
      vertex 0.465874 1.73867 31.98
      vertex 0.57859 1.70447 31.98
    endloop
  endfacet
  facet normal 0.956922 -0.290347 0
    outer loop
      vertex -1.73867 0.465874 32
      vertex -1.70447 0.57859 31.98
      vertex -1.70447 0.57859 32
    endloop
  endfacet
  facet normal 0.956922 -0.290347 0
    outer loop
      vertex -1.70447 0.57859 31.98
      vertex -1.73867 0.465874 32
      vertex -1.73867 0.465874 31.98
    endloop
  endfacet
  facet normal -0.849174 0.528113 0
    outer loop
      vertex 1.49664 -1.00003 31.98
      vertex 1.55885 -0.9 32
      vertex 1.55885 -0.9 31.98
    endloop
  endfacet
  facet normal -0.849174 0.528113 0
    outer loop
      vertex 1.55885 -0.9 32
      vertex 1.49664 -1.00003 31.98
      vertex 1.49664 -1.00003 32
    endloop
  endfacet
  facet normal -0.812872 0.582442 0
    outer loop
      vertex 1.42804 -1.09577 31.98
      vertex 1.49664 -1.00003 32
      vertex 1.49664 -1.00003 31.98
    endloop
  endfacet
  facet normal -0.812872 0.582442 0
    outer loop
      vertex 1.49664 -1.00003 32
      vertex 1.42804 -1.09577 31.98
      vertex 1.42804 -1.09577 32
    endloop
  endfacet
  facet normal 0.290347 0.956922 -0
    outer loop
      vertex -0.465874 -1.73867 31.98
      vertex -0.57859 -1.70447 32
      vertex -0.465874 -1.73867 32
    endloop
  endfacet
  facet normal 0.290347 0.956922 0
    outer loop
      vertex -0.57859 -1.70447 32
      vertex -0.465874 -1.73867 31.98
      vertex -0.57859 -1.70447 31.98
    endloop
  endfacet
  facet normal 0.582442 0.812872 -0
    outer loop
      vertex -1.00003 -1.49664 31.98
      vertex -1.09577 -1.42804 32
      vertex -1.00003 -1.49664 32
    endloop
  endfacet
  facet normal 0.582442 0.812872 0
    outer loop
      vertex -1.09577 -1.42804 32
      vertex -1.00003 -1.49664 31.98
      vertex -1.09577 -1.42804 31.98
    endloop
  endfacet
  facet normal 0 0 -1
    outer loop
      vertex 1.6099 -11.5887 0
      vertex 5.50923 -10.3217 0
      vertex 5.42503 -10.8716 0
    endloop
  endfacet
  facet normal 0 0 -1
    outer loop
      vertex 5.42503 -10.8716 0
      vertex 5.50923 -10.3217 0
      vertex 5.58554 -10.5566 0
    endloop
  endfacet
  facet normal 0 0 -1
    outer loop
      vertex 11.519 -2.05 0
      vertex 12.0159 -1.8 0
      vertex 11.7659 -2.05 0
    endloop
  endfacet
  facet normal -0 0 -1
    outer loop
      vertex 12.0159 -1.8 0
      vertex 11.519 -2.05 0
      vertex 12.0159 1.8 0
    endloop
  endfacet
  facet normal 0 0 -1
    outer loop
      vertex 11.519 2.05 0
      vertex 12.0159 1.8 0
      vertex 11.519 -2.05 0
    endloop
  endfacet
  facet normal 0 0 -1
    outer loop
      vertex 12.0159 1.8 0
      vertex 11.519 2.05 0
      vertex 11.7659 2.05 0
    endloop
  endfacet
  facet normal 0 0 -1
    outer loop
      vertex 5.50923 -10.3217 0
      vertex 11.519 2.05 0
      vertex 11.519 -2.05 0
    endloop
  endfacet
  facet normal -0 0 -1
    outer loop
      vertex 11.519 2.05 0
      vertex 5.50923 -10.3217 0
      vertex 5.50923 10.3217 0
    endloop
  endfacet
  facet normal 0 0 -1
    outer loop
      vertex 5.50923 10.3217 0
      vertex 5.42503 10.8716 0
      vertex 5.58554 10.5566 0
    endloop
  endfacet
  facet normal 0 0 -1
    outer loop
      vertex 5.50923 -10.3217 0
      vertex 3.9 -2.25167 0
      vertex 5.50923 10.3217 0
    endloop
  endfacet
  facet normal 0 0 -1
    outer loop
      vertex 3.9 2.25167 0
      vertex 5.50923 10.3217 0
      vertex 3.9 -2.25167 0
    endloop
  endfacet
  facet normal 0 0 -1
    outer loop
      vertex 1.6099 -11.5887 0
      vertex 5.42503 -10.8716 0
      vertex 2.00122 -11.9841 0
    endloop
  endfacet
  facet normal 0 0 -1
    outer loop
      vertex 1.6099 -11.5887 0
      vertex 2.00122 -11.9841 0
      vertex 1.6862 -11.8235 0
    endloop
  endfacet
  facet normal -0 0 -1
    outer loop
      vertex 5.50923 -10.3217 0
      vertex 1.6099 -11.5887 0
      vertex 0 -4.50333 0
    endloop
  endfacet
  facet normal 0 0 -1
    outer loop
      vertex 5.50923 -10.3217 0
      vertex 0 -4.50333 0
      vertex 3.9 -2.25167 0
    endloop
  endfacet
  facet normal 0 0 -1
    outer loop
      vertex -8.11411 -8.42919 0
      vertex 0 -4.50333 0
      vertex 1.6099 -11.5887 0
    endloop
  endfacet
  facet normal 0 0 -1
    outer loop
      vertex -10.524 -5.11222 0
      vertex -3.9 -2.25167 0
      vertex -8.11411 -8.42919 0
    endloop
  endfacet
  facet normal -0 0 -1
    outer loop
      vertex 0 -4.50333 0
      vertex -8.11411 -8.42919 0
      vertex -3.9 -2.25167 0
    endloop
  endfacet
  facet normal -0 0 -1
    outer loop
      vertex -8.11411 8.42919 0
      vertex -10.524 5.11222 0
      vertex -8.66308 8.51901 0
    endloop
  endfacet
  facet normal 0 0 -1
    outer loop
      vertex -10.7791 5.60655 0
      vertex -10.524 5.11222 0
      vertex -10.7238 5.25735 0
    endloop
  endfacet
  facet normal 0 0 -1
    outer loop
      vertex -10.524 5.11222 0
      vertex -10.7791 5.60655 0
      vertex -8.66308 8.51901 0
    endloop
  endfacet
  facet normal 0 0 -1
    outer loop
      vertex 0 4.50333 0
      vertex 5.50923 10.3217 0
      vertex 3.9 2.25167 0
    endloop
  endfacet
  facet normal 0 -0 -1
    outer loop
      vertex 1.6099 11.5887 0
      vertex 5.50923 10.3217 0
      vertex 0 4.50333 0
    endloop
  endfacet
  facet normal 0 0 -1
    outer loop
      vertex 5.42503 10.8716 0
      vertex 1.6099 11.5887 0
      vertex 2.00122 11.9841 0
    endloop
  endfacet
  facet normal 0 0 -1
    outer loop
      vertex 2.00122 11.9841 0
      vertex 1.6099 11.5887 0
      vertex 1.6862 11.8235 0
    endloop
  endfacet
  facet normal 0 0 -1
    outer loop
      vertex 5.50923 10.3217 0
      vertex 1.6099 11.5887 0
      vertex 5.42503 10.8716 0
    endloop
  endfacet
  facet normal 0 0 -1
    outer loop
      vertex -8.11411 8.42919 0
      vertex 0 4.50333 0
      vertex -3.9 2.25167 0
    endloop
  endfacet
  facet normal 0 0 -1
    outer loop
      vertex 0 4.50333 0
      vertex -8.11411 8.42919 0
      vertex 1.6099 11.5887 0
    endloop
  endfacet
  facet normal -0 0 -1
    outer loop
      vertex -3.9 -2.25167 0
      vertex -10.524 -5.11222 0
      vertex -3.9 2.25167 0
    endloop
  endfacet
  facet normal 0 0 -1
    outer loop
      vertex -8.66308 -8.51901 0
      vertex -8.11411 -8.42919 0
      vertex -8.31387 -8.57432 0
    endloop
  endfacet
  facet normal 0 0 -1
    outer loop
      vertex -10.524 5.11222 0
      vertex -3.9 2.25167 0
      vertex -10.524 -5.11222 0
    endloop
  endfacet
  facet normal -0 0 -1
    outer loop
      vertex -8.11411 -8.42919 0
      vertex -8.66308 -8.51901 0
      vertex -10.524 -5.11222 0
    endloop
  endfacet
  facet normal 0 0 -1
    outer loop
      vertex -10.524 5.11222 0
      vertex -8.11411 8.42919 0
      vertex -3.9 2.25167 0
    endloop
  endfacet
  facet normal 0 0 -1
    outer loop
      vertex -8.11411 8.42919 0
      vertex -8.66308 8.51901 0
      vertex -8.31387 8.57432 0
    endloop
  endfacet
  facet normal 0 0 -1
    outer loop
      vertex -10.7791 -5.60655 0
      vertex -10.524 -5.11222 0
      vertex -8.66308 -8.51901 0
    endloop
  endfacet
  facet normal 0 0 -1
    outer loop
      vertex -10.524 -5.11222 0
      vertex -10.7791 -5.60655 0
      vertex -10.7238 -5.25735 0
    endloop
  endfacet
  facet normal 0.430681 0.430681 -0.793113
    outer loop
      vertex 12.0159 1.8 0
      vertex 13.2312 2.15 0.849999
      vertex 13.5812 1.8 0.849999
    endloop
  endfacet
  facet normal 0.430681 0.430681 -0.793113
    outer loop
      vertex 13.2312 2.15 0.849999
      vertex 12.0159 1.8 0
      vertex 11.7659 2.05 0
    endloop
  endfacet
  facet normal 0 0.993151 -0.116841
    outer loop
      vertex 11.7659 2.05 0
      vertex 12.5167 2.15 0.849999
      vertex 13.2312 2.15 0.849999
    endloop
  endfacet
  facet normal 0 0.993151 -0.116841
    outer loop
      vertex 12.5167 2.15 0.849999
      vertex 11.7659 2.05 0
      vertex 11.519 2.05 0
    endloop
  endfacet
  facet normal 0.566717 0.411746 -0.71365
    outer loop
      vertex 11.519 2.05 0
      vertex 5.50923 10.3217 0
      vertex 5.91264 11.2397 0.849999
    endloop
  endfacet
  facet normal 0.944549 -0.306848 -0.116925
    outer loop
      vertex 6.13345 11.9193 0.849999
      vertex 5.50923 10.3217 0
      vertex 5.58554 10.5566 0
    endloop
  endfacet
  facet normal 0.542675 0.276523 -0.79312
    outer loop
      vertex 5.58554 10.5566 0
      vertex 5.42503 10.8716 0
      vertex 5.90873 12.3603 0.849999
    endloop
  endfacet
  facet normal 0.147469 0.453847 -0.878792
    outer loop
      vertex 5.42503 10.8716 0
      vertex 2.48493 13.4728 0.849999
      vertex 5.90873 12.3603 0.849999
    endloop
  endfacet
  facet normal 0.147468 0.453846 -0.878793
    outer loop
      vertex 2.48493 13.4728 0.849999
      vertex 5.42503 10.8716 0
      vertex 2.00122 11.9841 0
    endloop
  endfacet
  facet normal -0.276669 0.542692 -0.793057
    outer loop
      vertex 2.00122 11.9841 0
      vertex 1.6862 11.8235 0
      vertex 2.04391 13.248 0.849999
    endloop
  endfacet
  facet normal -0.944526 0.306931 -0.116892
    outer loop
      vertex 1.6862 11.8235 0
      vertex 1.6099 11.5887 0
      vertex 1.8231 12.5685 0.849999
    endloop
  endfacet
  facet normal -0.216471 0.666231 -0.713636
    outer loop
      vertex -8.11411 8.42919 0
      vertex -8.86248 9.09651 0.849999
      vertex 1.6099 11.5887 0
    endloop
  endfacet
  facet normal 0.583747 0.803482 -0.11686
    outer loop
      vertex -8.31387 8.57432 0
      vertex -9.44056 9.51651 0.849999
      vertex -8.11411 8.42919 0
    endloop
  endfacet
  facet normal -0.0952806 0.601572 -0.793116
    outer loop
      vertex -8.66308 8.51901 0
      vertex -9.92944 9.43908 0.849999
      vertex -8.31387 8.57432 0
    endloop
  endfacet
  facet normal -0.386061 0.280489 -0.878797
    outer loop
      vertex -10.7791 5.60655 0
      vertex -12.0455 6.52662 0.849999
      vertex -8.66308 8.51901 0
    endloop
  endfacet
  facet normal -0.601582 -0.0952677 -0.79311
    outer loop
      vertex -10.7238 5.25735 0
      vertex -11.968 6.03774 0.849999
      vertex -10.7791 5.60655 0
    endloop
  endfacet
  facet normal -0.583677 -0.803546 -0.116771
    outer loop
      vertex -10.524 5.11222 0
      vertex -11.39 5.61774 0.849999
      vertex -10.7238 5.25735 0
    endloop
  endfacet
  facet normal -0.700483 0 -0.713669
    outer loop
      vertex -11.39 -5.61774 0.849999
      vertex -10.524 5.11222 0
      vertex -10.524 -5.11222 0
    endloop
  endfacet
  facet normal -0.700483 0 -0.713669
    outer loop
      vertex -10.524 5.11222 0
      vertex -11.39 -5.61774 0.849999
      vertex -11.39 5.61774 0.849999
    endloop
  endfacet
  facet normal -0.583687 0.80356 -0.116627
    outer loop
      vertex -10.7238 -5.25735 0
      vertex -11.968 -6.03774 0.849999
      vertex -10.524 -5.11222 0
    endloop
  endfacet
  facet normal -0.601555 0.0952634 -0.793131
    outer loop
      vertex -10.7791 -5.60655 0
      vertex -12.0455 -6.52662 0.849999
      vertex -10.7238 -5.25735 0
    endloop
  endfacet
  facet normal -0.386067 -0.280493 -0.878792
    outer loop
      vertex -9.92944 -9.43908 0.849999
      vertex -10.7791 -5.60655 0
      vertex -8.66308 -8.51901 0
    endloop
  endfacet
  facet normal -0.0952807 -0.601572 -0.793115
    outer loop
      vertex -8.31387 -8.57432 0
      vertex -9.44056 -9.51651 0.849999
      vertex -8.66308 -8.51901 0
    endloop
  endfacet
  facet normal 0.583748 -0.803483 -0.116848
    outer loop
      vertex -8.11411 -8.42919 0
      vertex -8.86248 -9.09651 0.849999
      vertex -8.31387 -8.57432 0
    endloop
  endfacet
  facet normal -0.216465 -0.666213 -0.713654
    outer loop
      vertex 1.8231 -12.5685 0.849999
      vertex -8.11411 -8.42919 0
      vertex 1.6099 -11.5887 0
    endloop
  endfacet
  facet normal -0.944526 -0.306931 -0.11689
    outer loop
      vertex 2.04391 -13.248 0.849999
      vertex 1.6099 -11.5887 0
      vertex 1.6862 -11.8235 0
    endloop
  endfacet
  facet normal -0.276674 -0.542702 -0.793048
    outer loop
      vertex 2.48493 -13.4728 0.849999
      vertex 1.6862 -11.8235 0
      vertex 2.00122 -11.9841 0
    endloop
  endfacet
  facet normal 0.542673 -0.276522 -0.793121
    outer loop
      vertex 6.13345 -11.9193 0.849999
      vertex 5.42503 -10.8716 0
      vertex 5.58554 -10.5566 0
    endloop
  endfacet
  facet normal 0.944553 0.306849 -0.116888
    outer loop
      vertex 5.58554 -10.5566 0
      vertex 5.50923 -10.3217 0
      vertex 5.91264 -11.2397 0.849999
    endloop
  endfacet
  facet normal 0.566724 -0.411751 -0.713642
    outer loop
      vertex 12.5167 -2.15 0.849999
      vertex 5.50923 -10.3217 0
      vertex 11.519 -2.05 0
    endloop
  endfacet
  facet normal 0.707107 -0.707107 0
    outer loop
      vertex 13.5812 -1.8 2.6
      vertex 13.2312 -2.15 0.849999
      vertex 13.5812 -1.8 0.849999
    endloop
  endfacet
  facet normal 0.707107 0.707107 -3.5247e-16
    outer loop
      vertex 13.2312 2.15 0.849999
      vertex 13.1312 2.25 2.6
      vertex 13.5812 1.8 0.849999
    endloop
  endfacet
  facet normal 0 0.998371 -0.0570498
    outer loop
      vertex 12.5167 2.15 0.849999
      vertex 13.1312 2.25 2.6
      vertex 13.2312 2.15 0.849999
    endloop
  endfacet
  facet normal 0 0.998371 -0.0570498
    outer loop
      vertex 13.1312 2.25 2.6
      vertex 12.5167 2.15 0.849999
      vertex 11.2268 2.25 2.6
    endloop
  endfacet
  facet normal 0.705045 0.512245 0.490425
    outer loop
      vertex 5.91264 11.2397 0.849999
      vertex 5.60913 9.98199 2.6
      vertex 12.5167 2.15 0.849999
    endloop
  endfacet
  facet normal 0.94951 -0.308507 -0.0570459
    outer loop
      vertex 6.19765 11.7933 2.6
      vertex 5.91264 11.2397 0.849999
      vertex 6.13345 11.9193 0.849999
    endloop
  endfacet
  facet normal 0.890991 0.454021 0
    outer loop
      vertex 6.13345 11.9193 0.849999
      vertex 5.90873 12.3603 0.849999
      vertex 5.90873 12.3603 2.6
    endloop
  endfacet
  facet normal 0.309027 0.951053 -0
    outer loop
      vertex 5.90873 12.3603 0.849999
      vertex 2.48493 13.4728 2.6
      vertex 5.90873 12.3603 2.6
    endloop
  endfacet
  facet normal 0.309027 0.951053 0
    outer loop
      vertex 2.48493 13.4728 2.6
      vertex 5.90873 12.3603 0.849999
      vertex 2.48493 13.4728 0.849999
    endloop
  endfacet
  facet normal -0.454133 0.890934 -1.5658e-05
    outer loop
      vertex 2.04391 13.248 0.849999
      vertex 1.9179 13.1838 2.6
      vertex 2.48493 13.4728 0.849999
    endloop
  endfacet
  facet normal -0.949498 0.308548 -0.0570246
    outer loop
      vertex 1.8231 12.5685 0.849999
      vertex 1.32938 11.3726 2.6
      vertex 2.04391 13.248 0.849999
    endloop
  endfacet
  facet normal -0.269306 0.828831 0.490422
    outer loop
      vertex 1.8231 12.5685 0.849999
      vertex -8.86248 9.09651 0.849999
      vertex -7.76012 8.41921 2.6
    endloop
  endfacet
  facet normal 0.586828 0.807699 -0.0570528
    outer loop
      vertex -8.86248 9.09651 0.849999
      vertex -9.44056 9.51651 0.849999
      vertex -9.30088 9.53864 2.6
    endloop
  endfacet
  facet normal -0.156433 0.987689 0
    outer loop
      vertex -9.44056 9.51651 0.849999
      vertex -9.92944 9.43908 0.849999
      vertex -9.92944 9.43908 2.6
    endloop
  endfacet
  facet normal -0.809013 0.587791 0
    outer loop
      vertex -12.0455 6.52662 0.849999
      vertex -9.92944 9.43908 2.6
      vertex -9.92944 9.43908 0.849999
    endloop
  endfacet
  facet normal -0.809013 0.587791 0
    outer loop
      vertex -9.92944 9.43908 2.6
      vertex -12.0455 6.52662 0.849999
      vertex -12.0455 6.52662 2.6
    endloop
  endfacet
  facet normal -0.987667 -0.15657 -2.41877e-05
    outer loop
      vertex -11.9459 5.89806 2.6
      vertex -12.0455 6.52662 0.849999
      vertex -11.968 6.03774 0.849999
    endloop
  endfacet
  facet normal -0.586883 -0.807663 -0.0570031
    outer loop
      vertex -10.4052 4.77863 2.6
      vertex -11.968 6.03774 0.849999
      vertex -11.39 5.61774 0.849999
    endloop
  endfacet
  facet normal -0.871485 0 0.490422
    outer loop
      vertex -11.39 5.61774 0.849999
      vertex -10.4052 -4.77863 2.6
      vertex -10.4052 4.77863 2.6
    endloop
  endfacet
  facet normal -0.871485 0 0.490422
    outer loop
      vertex -10.4052 -4.77863 2.6
      vertex -11.39 5.61774 0.849999
      vertex -11.39 -5.61774 0.849999
    endloop
  endfacet
  facet normal -0.586881 0.80766 -0.0570536
    outer loop
      vertex -11.39 -5.61774 0.849999
      vertex -11.968 -6.03774 0.849999
      vertex -11.9459 -5.89806 2.6
    endloop
  endfacet
  facet normal -0.987667 0.15657 0
    outer loop
      vertex -11.968 -6.03774 0.849999
      vertex -12.0455 -6.52662 0.849999
      vertex -12.0455 -6.52662 2.6
    endloop
  endfacet
  facet normal -0.156433 -0.987689 -4.03138e-06
    outer loop
      vertex -9.30088 -9.53864 2.6
      vertex -9.92944 -9.43908 0.849999
      vertex -9.44056 -9.51651 0.849999
    endloop
  endfacet
  facet normal 0.586828 -0.807699 -0.0570521
    outer loop
      vertex -7.76012 -8.41921 2.6
      vertex -9.44056 -9.51651 0.849999
      vertex -8.86248 -9.09651 0.849999
    endloop
  endfacet
  facet normal -0.269306 -0.828831 0.490421
    outer loop
      vertex 1.32938 -11.3726 2.6
      vertex -8.86248 -9.09651 0.849999
      vertex 1.8231 -12.5685 0.849999
    endloop
  endfacet
  facet normal -0.949496 -0.308548 -0.0570498
    outer loop
      vertex 1.9179 -13.1838 2.6
      vertex 1.8231 -12.5685 0.849999
      vertex 2.04391 -13.248 0.849999
    endloop
  endfacet
  facet normal -0.454133 -0.890934 -0
    outer loop
      vertex 2.48493 -13.4728 2.6
      vertex 2.04391 -13.248 0.849999
      vertex 2.48493 -13.4728 0.849999
    endloop
  endfacet
  facet normal 0.890991 -0.454021 2.90936e-06
    outer loop
      vertex 6.19765 -11.7933 2.6
      vertex 5.90873 -12.3603 0.849999
      vertex 6.13345 -11.9193 0.849999
    endloop
  endfacet
  facet normal 0.94951 0.308507 -0.0570437
    outer loop
      vertex 5.91264 -11.2397 0.849999
      vertex 5.60913 -9.98199 2.6
      vertex 6.13345 -11.9193 0.849999
    endloop
  endfacet
  facet normal 0.705051 -0.51225 0.490411
    outer loop
      vertex 11.2268 -2.25 2.6
      vertex 5.91264 -11.2397 0.849999
      vertex 12.5167 -2.15 0.849999
    endloop
  endfacet
  facet normal 0.575618 0.575618 0.580799
    outer loop
      vertex 13.1312 2.25 2.6
      vertex 13.0767 1.8 3.1
      vertex 13.5812 1.8 2.6
    endloop
  endfacet
  facet normal 0.575618 0.575618 0.580799
    outer loop
      vertex 13.0767 1.8 3.1
      vertex 13.1312 2.25 2.6
      vertex 12.6267 2.25 3.1
    endloop
  endfacet
  facet normal 0 1 0
    outer loop
      vertex 11.2268 2.25 2.6
      vertex 12.6267 2.25 3.1
      vertex 13.1312 2.25 2.6
    endloop
  endfacet
  facet normal 0 1 0
    outer loop
      vertex 12.6267 2.25 3.1
      vertex 11.2268 2.25 2.6
      vertex 10.4096 2.25 3.1
    endloop
  endfacet
  facet normal 0.48802 0.354571 0.797569
    outer loop
      vertex 5.60913 9.98199 2.6
      vertex 5.35662 9.20484 3.1
      vertex 11.2268 2.25 2.6
    endloop
  endfacet
  facet normal 0.951058 -0.309012 -3.08801e-05
    outer loop
      vertex 6.04174 11.3134 3.1
      vertex 5.60913 9.98199 2.6
      vertex 6.19765 11.7933 2.6
    endloop
  endfacet
  facet normal 0.72527 0.369568 0.580865
    outer loop
      vertex 5.90873 12.3603 2.6
      vertex 5.75282 11.8804 3.1
      vertex 6.19765 11.7933 2.6
    endloop
  endfacet
  facet normal 0.217514 0.669416 0.710331
    outer loop
      vertex 2.48493 13.4728 2.6
      vertex 5.75282 11.8804 3.1
      vertex 5.90873 12.3603 2.6
    endloop
  endfacet
  facet normal 0.217514 0.669416 0.710331
    outer loop
      vertex 5.75282 11.8804 3.1
      vertex 2.48493 13.4728 2.6
      vertex 2.32902 12.9929 3.1
    endloop
  endfacet
  facet normal -0.369674 0.725315 0.580741
    outer loop
      vertex 1.9179 13.1838 2.6
      vertex 1.76199 12.704 3.1
      vertex 2.48493 13.4728 2.6
    endloop
  endfacet
  facet normal -0.951053 0.309029 5.42234e-05
    outer loop
      vertex 1.32938 11.3726 2.6
      vertex 1.07687 10.5954 3.1
      vertex 1.9179 13.1838 2.6
    endloop
  endfacet
  facet normal -0.186409 0.573701 0.797571
    outer loop
      vertex 1.32938 11.3726 2.6
      vertex -7.76012 8.41921 2.6
      vertex -7.09904 7.9389 3.1
    endloop
  endfacet
  facet normal 0.587786 0.809016 1.49708e-05
    outer loop
      vertex -7.76012 8.41921 2.6
      vertex -9.30088 9.53864 2.6
      vertex -8.8927 9.24207 3.1
    endloop
  endfacet
  facet normal -0.127336 0.803999 0.580836
    outer loop
      vertex -9.30088 9.53864 2.6
      vertex -9.52126 9.14252 3.1
      vertex -8.8927 9.24207 3.1
    endloop
  endfacet
  facet normal -0.127349 0.804001 0.580831
    outer loop
      vertex -9.52126 9.14252 3.1
      vertex -9.30088 9.53864 2.6
      vertex -9.92944 9.43908 2.6
    endloop
  endfacet
  facet normal -0.56947 0.413747 0.710294
    outer loop
      vertex -9.92944 9.43908 2.6
      vertex -11.6373 6.23006 3.1
      vertex -9.52126 9.14252 3.1
    endloop
  endfacet
  facet normal -0.569459 0.413743 0.710305
    outer loop
      vertex -11.6373 6.23006 3.1
      vertex -9.92944 9.43908 2.6
      vertex -12.0455 6.52662 2.6
    endloop
  endfacet
  facet normal -0.804 -0.1274 0.580822
    outer loop
      vertex -11.5377 5.6015 3.1
      vertex -12.0455 6.52662 2.6
      vertex -11.9459 5.89806 2.6
    endloop
  endfacet
  facet normal -0.587801 -0.809006 9.50894e-05
    outer loop
      vertex -9.74407 4.29833 3.1
      vertex -11.9459 5.89806 2.6
      vertex -10.4052 4.77863 2.6
    endloop
  endfacet
  facet normal -0.603201 0 0.797589
    outer loop
      vertex -10.4052 4.77863 2.6
      vertex -9.74407 -4.29833 3.1
      vertex -9.74407 4.29833 3.1
    endloop
  endfacet
  facet normal -0.603201 0 0.797589
    outer loop
      vertex -9.74407 -4.29833 3.1
      vertex -10.4052 4.77863 2.6
      vertex -10.4052 -4.77863 2.6
    endloop
  endfacet
  facet normal -0.587801 0.809006 4.34081e-05
    outer loop
      vertex -10.4052 -4.77863 2.6
      vertex -11.9459 -5.89806 2.6
      vertex -11.5377 -5.6015 3.1
    endloop
  endfacet
  facet normal -0.804 0.1274 0.580822
    outer loop
      vertex -11.9459 -5.89806 2.6
      vertex -12.0455 -6.52662 2.6
      vertex -11.6373 -6.23006 3.1
    endloop
  endfacet
  facet normal 0.587786 -0.809016 1.01352e-05
    outer loop
      vertex -7.09904 -7.9389 3.1
      vertex -9.30088 -9.53864 2.6
      vertex -7.76012 -8.41921 2.6
    endloop
  endfacet
  facet normal -0.186401 -0.573678 0.797589
    outer loop
      vertex 1.07687 -10.5954 3.1
      vertex -7.76012 -8.41921 2.6
      vertex 1.32938 -11.3726 2.6
    endloop
  endfacet
  facet normal -0.951053 -0.309029 -1.29131e-05
    outer loop
      vertex 1.76199 -12.704 3.1
      vertex 1.32938 -11.3726 2.6
      vertex 1.9179 -13.1838 2.6
    endloop
  endfacet
  facet normal -0.369642 -0.725254 0.580837
    outer loop
      vertex 2.32902 -12.9929 3.1
      vertex 1.9179 -13.1838 2.6
      vertex 2.48493 -13.4728 2.6
    endloop
  endfacet
  facet normal 0.72527 -0.369568 0.580865
    outer loop
      vertex 6.04174 -11.3134 3.1
      vertex 5.90873 -12.3603 2.6
      vertex 6.19765 -11.7933 2.6
    endloop
  endfacet
  facet normal 0.951058 0.309012 5.84935e-06
    outer loop
      vertex 5.60913 -9.98199 2.6
      vertex 5.35662 -9.20484 3.1
      vertex 6.19765 -11.7933 2.6
    endloop
  endfacet
  facet normal 0.488 -0.354556 0.797587
    outer loop
      vertex 10.4096 -2.25 3.1
      vertex 5.60913 -9.98199 2.6
      vertex 11.2268 -2.25 2.6
    endloop
  endfacet
  facet normal 0.620338 -0.620338 0.479959
    outer loop
      vertex 13.0767 -1.8 3.1
      vertex 10.4461 -1.8 6.5
      vertex 12.6267 -2.25 3.1
    endloop
  endfacet
  facet normal 0.620338 0.620338 0.479959
    outer loop
      vertex 12.6267 2.25 3.1
      vertex 10.0461 2.2 6.5
      vertex 13.0767 1.8 3.1
    endloop
  endfacet
  facet normal -0 0.999892 0.0147043
    outer loop
      vertex 10.4096 2.25 3.1
      vertex 10.0461 2.2 6.5
      vertex 12.6267 2.25 3.1
    endloop
  endfacet
  facet normal 0 0.999892 0.0147043
    outer loop
      vertex 10.0461 2.2 6.5
      vertex 10.4096 2.25 3.1
      vertex 9.08749 2.2 6.5
    endloop
  endfacet
  facet normal 0.769801 0.559292 0.307568
    outer loop
      vertex 5.35662 9.20484 3.1
      vertex 4.90051 7.96288 6.5
      vertex 10.4096 2.25 3.1
    endloop
  endfacet
  facet normal 0.950953 -0.308987 0.0147047
    outer loop
      vertex 6.04174 11.3134 3.1
      vertex 5.19672 8.87453 6.5
      vertex 5.35662 9.20484 3.1
    endloop
  endfacet
  facet normal 0.781655 0.3983 0.479971
    outer loop
      vertex 5.75282 11.8804 3.1
      vertex 4.93991 9.37855 6.5
      vertex 6.04174 11.3134 3.1
    endloop
  endfacet
  facet normal 0.244413 0.752197 0.611933
    outer loop
      vertex 2.32902 12.9929 3.1
      vertex 4.93991 9.37855 6.5
      vertex 5.75282 11.8804 3.1
    endloop
  endfacet
  facet normal 0.244401 0.752196 0.611939
    outer loop
      vertex 4.93991 9.37855 6.5
      vertex 2.32902 12.9929 3.1
      vertex 1.51611 10.491 6.5
    endloop
  endfacet
  facet normal -0.39826 0.781673 0.479976
    outer loop
      vertex 1.76199 12.704 3.1
      vertex 1.01208 10.2342 6.5
      vertex 2.32902 12.9929 3.1
    endloop
  endfacet
  facet normal -0.950954 0.308981 0.0147019
    outer loop
      vertex 1.07687 10.5954 3.1
      vertex 0.715864 9.32255 6.5
      vertex 1.76199 12.704 3.1
    endloop
  endfacet
  facet normal -0.294036 0.904956 0.307568
    outer loop
      vertex 1.07687 10.5954 3.1
      vertex -7.09904 7.9389 3.1
      vertex -6.05881 7.12133 6.5
    endloop
  endfacet
  facet normal 0.587722 0.80893 0.0147023
    outer loop
      vertex -7.09904 7.9389 3.1
      vertex -8.8927 9.24207 3.1
      vertex -6.8343 7.68476 6.5
    endloop
  endfacet
  facet normal -0.137233 0.866489 0.479963
    outer loop
      vertex -8.8927 9.24207 3.1
      vertex -9.52126 9.14252 3.1
      vertex -7.39302 7.59627 6.5
    endloop
  endfacet
  facet normal -0.639854 0.464884 0.611939
    outer loop
      vertex -11.6373 6.23006 3.1
      vertex -7.39302 7.59627 6.5
      vertex -9.52126 9.14252 3.1
    endloop
  endfacet
  facet normal -0.639855 0.464881 0.611941
    outer loop
      vertex -7.39302 7.59627 6.5
      vertex -11.6373 6.23006 3.1
      vertex -9.50905 4.6838 6.5
    endloop
  endfacet
  facet normal -0.866493 -0.137302 0.479935
    outer loop
      vertex -9.42055 4.12508 6.5
      vertex -11.6373 6.23006 3.1
      vertex -11.5377 5.6015 3.1
    endloop
  endfacet
  facet normal -0.587728 -0.808925 0.0147083
    outer loop
      vertex -8.64506 3.56166 6.5
      vertex -11.5377 5.6015 3.1
      vertex -9.74407 4.29833 3.1
    endloop
  endfacet
  facet normal -0.951526 0 0.307569
    outer loop
      vertex -9.74407 4.29833 3.1
      vertex -8.64506 -3.56166 6.5
      vertex -8.64506 3.56166 6.5
    endloop
  endfacet
  facet normal -0.951526 0 0.307569
    outer loop
      vertex -8.64506 -3.56166 6.5
      vertex -9.74407 4.29833 3.1
      vertex -9.74407 -4.29833 3.1
    endloop
  endfacet
  facet normal -0.587728 0.808925 0.0147046
    outer loop
      vertex -9.74407 -4.29833 3.1
      vertex -11.5377 -5.6015 3.1
      vertex -9.42055 -4.12508 6.5
    endloop
  endfacet
  facet normal -0.86649 0.137302 0.479942
    outer loop
      vertex -11.5377 -5.6015 3.1
      vertex -11.6373 -6.23006 3.1
      vertex -9.50905 -4.6838 6.5
    endloop
  endfacet
  facet normal -0.137233 -0.866489 0.479962
    outer loop
      vertex -6.8343 -7.68476 6.5
      vertex -9.52126 -9.14252 3.1
      vertex -8.8927 -9.24207 3.1
    endloop
  endfacet
  facet normal 0.587722 -0.80893 0.0147032
    outer loop
      vertex -6.05881 -7.12133 6.5
      vertex -8.8927 -9.24207 3.1
      vertex -7.09904 -7.9389 3.1
    endloop
  endfacet
  facet normal -0.294037 -0.904956 0.307566
    outer loop
      vertex 0.715864 -9.32255 6.5
      vertex -7.09904 -7.9389 3.1
      vertex 1.07687 -10.5954 3.1
    endloop
  endfacet
  facet normal -0.950954 -0.308981 0.0147034
    outer loop
      vertex 1.76199 -12.704 3.1
      vertex 1.01208 -10.2342 6.5
      vertex 1.07687 -10.5954 3.1
    endloop
  endfacet
  facet normal -0.39826 -0.781673 0.479976
    outer loop
      vertex 2.32902 -12.9929 3.1
      vertex 1.51611 -10.491 6.5
      vertex 1.76199 -12.704 3.1
    endloop
  endfacet
  facet normal 0.781654 -0.398299 0.479974
    outer loop
      vertex 6.04174 -11.3134 3.1
      vertex 5.19672 -8.87453 6.5
      vertex 5.75282 -11.8804 3.1
    endloop
  endfacet
  facet normal 0.950953 0.308987 0.014703
    outer loop
      vertex 5.35662 -9.20484 3.1
      vertex 4.90051 -7.96288 6.5
      vertex 6.04174 -11.3134 3.1
    endloop
  endfacet
  facet normal 0.769801 -0.559293 0.307567
    outer loop
      vertex 9.08749 -2.2 6.5
      vertex 5.35662 -9.20484 3.1
      vertex 10.4096 -2.25 3.1
    endloop
  endfacet
  facet normal 0.707107 0.707107 0
    outer loop
      vertex 10.4461 1.8 9.1
      vertex 10.0461 2.2 6.5
      vertex 10.0461 2.2 9.1
    endloop
  endfacet
  facet normal 0.707107 0.707107 0
    outer loop
      vertex 10.0461 2.2 6.5
      vertex 10.4461 1.8 9.1
      vertex 10.4461 1.8 6.5
    endloop
  endfacet
  facet normal 0 1 -0
    outer loop
      vertex 10.0461 2.2 6.5
      vertex 9.08749 2.2 9.1
      vertex 10.0461 2.2 9.1
    endloop
  endfacet
  facet normal 0 1 0
    outer loop
      vertex 9.08749 2.2 9.1
      vertex 10.0461 2.2 6.5
      vertex 9.08749 2.2 6.5
    endloop
  endfacet
  facet normal 0.809017 0.587785 0
    outer loop
      vertex 9.08749 2.2 9.1
      vertex 4.90051 7.96288 6.5
      vertex 4.90051 7.96288 9.1
    endloop
  endfacet
  facet normal 0.809017 0.587785 0
    outer loop
      vertex 4.90051 7.96288 6.5
      vertex 9.08749 2.2 9.1
      vertex 9.08749 2.2 6.5
    endloop
  endfacet
  facet normal 0.891007 0.453989 0
    outer loop
      vertex 5.19672 8.87453 9.1
      vertex 4.93991 9.37855 6.5
      vertex 4.93991 9.37855 9.1
    endloop
  endfacet
  facet normal 0.891007 0.453989 0
    outer loop
      vertex 4.93991 9.37855 6.5
      vertex 5.19672 8.87453 9.1
      vertex 5.19672 8.87453 6.5
    endloop
  endfacet
  facet normal 0.309014 0.951057 -0
    outer loop
      vertex 4.93991 9.37855 6.5
      vertex 1.51611 10.491 9.1
      vertex 4.93991 9.37855 9.1
    endloop
  endfacet
  facet normal 0.309014 0.951057 0
    outer loop
      vertex 1.51611 10.491 9.1
      vertex 4.93991 9.37855 6.5
      vertex 1.51611 10.491 6.5
    endloop
  endfacet
  facet normal -0.453968 0.891018 0
    outer loop
      vertex 1.51611 10.491 6.5
      vertex 1.01208 10.2342 9.1
      vertex 1.51611 10.491 9.1
    endloop
  endfacet
  facet normal -0.453968 0.891018 0
    outer loop
      vertex 1.01208 10.2342 9.1
      vertex 1.51611 10.491 6.5
      vertex 1.01208 10.2342 6.5
    endloop
  endfacet
  facet normal -0.951056 0.30902 0
    outer loop
      vertex 0.715864 9.32255 6.5
      vertex 1.01208 10.2342 9.1
      vertex 1.01208 10.2342 6.5
    endloop
  endfacet
  facet normal -0.951056 0.30902 0
    outer loop
      vertex 1.01208 10.2342 9.1
      vertex 0.715864 9.32255 6.5
      vertex 0.715864 9.32255 9.1
    endloop
  endfacet
  facet normal -0.309016 0.951057 0
    outer loop
      vertex 0.715864 9.32255 6.5
      vertex -6.05881 7.12133 9.1
      vertex 0.715864 9.32255 9.1
    endloop
  endfacet
  facet normal -0.309016 0.951057 0
    outer loop
      vertex -6.05881 7.12133 9.1
      vertex 0.715864 9.32255 6.5
      vertex -6.05881 7.12133 6.5
    endloop
  endfacet
  facet normal 0.587788 0.809015 -0
    outer loop
      vertex -6.05881 7.12133 6.5
      vertex -6.8343 7.68476 9.1
      vertex -6.05881 7.12133 9.1
    endloop
  endfacet
  facet normal 0.587788 0.809015 0
    outer loop
      vertex -6.8343 7.68476 9.1
      vertex -6.05881 7.12133 6.5
      vertex -6.8343 7.68476 6.5
    endloop
  endfacet
  facet normal -0.15643 0.987689 0
    outer loop
      vertex -6.8343 7.68476 6.5
      vertex -7.39302 7.59627 9.1
      vertex -6.8343 7.68476 9.1
    endloop
  endfacet
  facet normal -0.15643 0.987689 0
    outer loop
      vertex -7.39302 7.59627 9.1
      vertex -6.8343 7.68476 6.5
      vertex -7.39302 7.59627 6.5
    endloop
  endfacet
  facet normal -0.809017 0.587785 0
    outer loop
      vertex -9.50905 4.6838 6.5
      vertex -7.39302 7.59627 9.1
      vertex -7.39302 7.59627 6.5
    endloop
  endfacet
  facet normal -0.809017 0.587785 0
    outer loop
      vertex -7.39302 7.59627 9.1
      vertex -9.50905 4.6838 6.5
      vertex -9.50905 4.6838 9.1
    endloop
  endfacet
  facet normal -1 0 0
    outer loop
      vertex -8.64506 -3.56166 6.5
      vertex -8.64506 3.56166 9.1
      vertex -8.64506 3.56166 6.5
    endloop
  endfacet
  facet normal -1 -0 0
    outer loop
      vertex -8.64506 3.56166 9.1
      vertex -8.64506 -3.56166 6.5
      vertex -8.64506 -3.56166 9.1
    endloop
  endfacet
  facet normal -0.587781 0.80902 0
    outer loop
      vertex -8.64506 -3.56166 6.5
      vertex -9.42055 -4.12508 9.1
      vertex -8.64506 -3.56166 9.1
    endloop
  endfacet
  facet normal -0.587781 0.80902 0
    outer loop
      vertex -9.42055 -4.12508 9.1
      vertex -8.64506 -3.56166 6.5
      vertex -9.42055 -4.12508 6.5
    endloop
  endfacet
  facet normal -0.987686 0.156447 0
    outer loop
      vertex -9.50905 -4.6838 6.5
      vertex -9.42055 -4.12508 9.1
      vertex -9.42055 -4.12508 6.5
    endloop
  endfacet
  facet normal -0.987686 0.156447 0
    outer loop
      vertex -9.42055 -4.12508 9.1
      vertex -9.50905 -4.6838 6.5
      vertex -9.50905 -4.6838 9.1
    endloop
  endfacet
  facet normal 0.951057 0.309014 0
    outer loop
      vertex 5.19672 -8.87453 9.1
      vertex 4.90051 -7.96288 6.5
      vertex 4.90051 -7.96288 9.1
    endloop
  endfacet
  facet normal 0.951057 0.309014 0
    outer loop
      vertex 4.90051 -7.96288 6.5
      vertex 5.19672 -8.87453 9.1
      vertex 5.19672 -8.87453 6.5
    endloop
  endfacet
  facet normal 0.490931 0.490931 -0.719704
    outer loop
      vertex 10.4461 1.8 9.1
      vertex 12.2718 2.1 10.55
      vertex 12.5718 1.8 10.55
    endloop
  endfacet
  facet normal 0.490931 0.490931 -0.719704
    outer loop
      vertex 12.2718 2.1 10.55
      vertex 10.4461 1.8 9.1
      vertex 10.0461 2.2 9.1
    endloop
  endfacet
  facet normal 0 0.99763 0.0688021
    outer loop
      vertex 10.0461 2.2 9.1
      vertex 12.0687 2.1 10.55
      vertex 12.2718 2.1 10.55
    endloop
  endfacet
  facet normal 0 0.99763 0.0688021
    outer loop
      vertex 12.0687 2.1 10.55
      vertex 10.0461 2.2 9.1
      vertex 9.08749 2.2 9.1
    endloop
  endfacet
  facet normal 0.424426 0.308364 -0.851337
    outer loop
      vertex 9.08749 2.2 9.1
      vertex 4.90051 7.96288 9.1
      vertex 5.72664 10.829 10.55
    endloop
  endfacet
  facet normal 0.948805 -0.308282 0.0687871
    outer loop
      vertex 5.78941 11.0222 10.55
      vertex 4.90051 7.96288 9.1
      vertex 5.19672 8.87453 9.1
    endloop
  endfacet
  facet normal 0.618599 0.315191 -0.719716
    outer loop
      vertex 5.19672 8.87453 9.1
      vertex 4.93991 9.37855 9.1
      vertex 5.5968 11.4003 10.55
    endloop
  endfacet
  facet normal 0.174121 0.535919 -0.826119
    outer loop
      vertex 4.93991 9.37855 9.1
      vertex 2.173 12.5127 10.55
      vertex 5.5968 11.4003 10.55
    endloop
  endfacet
  facet normal 0.174131 0.535925 -0.826113
    outer loop
      vertex 2.173 12.5127 10.55
      vertex 4.93991 9.37855 9.1
      vertex 1.51611 10.491 9.1
    endloop
  endfacet
  facet normal -0.315173 0.618602 -0.719721
    outer loop
      vertex 1.51611 10.491 9.1
      vertex 1.01208 10.2342 9.1
      vertex 1.79497 12.3201 10.55
    endloop
  endfacet
  facet normal -0.948802 0.308288 0.0687969
    outer loop
      vertex 1.01208 10.2342 9.1
      vertex 0.715864 9.32255 9.1
      vertex 1.7322 12.1269 10.55
    endloop
  endfacet
  facet normal -0.162115 0.498941 -0.851338
    outer loop
      vertex -6.05881 7.12133 9.1
      vertex -8.5294 8.79271 10.55
      vertex 0.715864 9.32255 9.1
    endloop
  endfacet
  facet normal 0.586395 0.807098 0.0688041
    outer loop
      vertex -6.8343 7.68476 9.1
      vertex -8.69374 8.91212 10.55
      vertex -6.05881 7.12133 9.1
    endloop
  endfacet
  facet normal -0.108606 0.685728 -0.71971
    outer loop
      vertex -7.39302 7.59627 9.1
      vertex -9.11278 8.84575 10.55
      vertex -6.8343 7.68476 9.1
    endloop
  endfacet
  facet normal -0.455885 0.331219 -0.826113
    outer loop
      vertex -9.50905 4.6838 9.1
      vertex -9.11278 8.84575 10.55
      vertex -7.39302 7.59627 9.1
    endloop
  endfacet
  facet normal -0.455887 0.331219 -0.826112
    outer loop
      vertex -9.11278 8.84575 10.55
      vertex -9.50905 4.6838 9.1
      vertex -11.2288 5.93328 10.55
    endloop
  endfacet
  facet normal -0.685738 -0.108619 -0.719698
    outer loop
      vertex -9.42055 4.12508 9.1
      vertex -11.1624 5.51424 10.55
      vertex -9.50905 4.6838 9.1
    endloop
  endfacet
  facet normal -0.586388 -0.807103 0.0688075
    outer loop
      vertex -8.64506 3.56166 9.1
      vertex -10.9981 5.39484 10.55
      vertex -9.42055 4.12508 9.1
    endloop
  endfacet
  facet normal -0.524616 0 -0.851339
    outer loop
      vertex -10.9981 -5.39484 10.55
      vertex -8.64506 3.56166 9.1
      vertex -8.64506 -3.56166 9.1
    endloop
  endfacet
  facet normal -0.524616 0 -0.851339
    outer loop
      vertex -8.64506 3.56166 9.1
      vertex -10.9981 -5.39484 10.55
      vertex -10.9981 5.39484 10.55
    endloop
  endfacet
  facet normal -0.586387 0.807102 0.0688243
    outer loop
      vertex -9.42055 -4.12508 9.1
      vertex -11.1624 -5.51424 10.55
      vertex -8.64506 -3.56166 9.1
    endloop
  endfacet
  facet normal -0.685732 0.108618 -0.719704
    outer loop
      vertex -9.50905 -4.6838 9.1
      vertex -11.2288 -5.93328 10.55
      vertex -9.42055 -4.12508 9.1
    endloop
  endfacet
  facet normal -0.108605 -0.685727 -0.71971
    outer loop
      vertex -6.8343 -7.68476 9.1
      vertex -8.69374 -8.91212 10.55
      vertex -7.39302 -7.59627 9.1
    endloop
  endfacet
  facet normal 0.586395 -0.807098 0.0688092
    outer loop
      vertex -6.05881 -7.12133 9.1
      vertex -8.5294 -8.79271 10.55
      vertex -6.8343 -7.68476 9.1
    endloop
  endfacet
  facet normal -0.162115 -0.498941 -0.851338
    outer loop
      vertex 1.7322 -12.1269 10.55
      vertex -6.05881 -7.12133 9.1
      vertex 0.715864 -9.32255 9.1
    endloop
  endfacet
  facet normal -0.948802 -0.308288 0.0687936
    outer loop
      vertex 1.79497 -12.3201 10.55
      vertex 0.715864 -9.32255 9.1
      vertex 1.01208 -10.2342 9.1
    endloop
  endfacet
  facet normal -0.315174 -0.618602 -0.71972
    outer loop
      vertex 2.173 -12.5127 10.55
      vertex 1.01208 -10.2342 9.1
      vertex 1.51611 -10.491 9.1
    endloop
  endfacet
  facet normal 0.618606 -0.315194 -0.719707
    outer loop
      vertex 5.78941 -11.0222 10.55
      vertex 4.93991 -9.37855 9.1
      vertex 5.19672 -8.87453 9.1
    endloop
  endfacet
  facet normal 0.948805 0.308282 0.0687846
    outer loop
      vertex 5.19672 -8.87453 9.1
      vertex 4.90051 -7.96288 9.1
      vertex 5.72664 -10.829 10.55
    endloop
  endfacet
  facet normal 0.424419 -0.308359 -0.851342
    outer loop
      vertex 12.0687 -2.1 10.55
      vertex 4.90051 -7.96288 9.1
      vertex 9.08749 -2.2 9.1
    endloop
  endfacet
  facet normal 0.707107 0.707107 0
    outer loop
      vertex 12.5718 1.8 11.15
      vertex 12.2718 2.1 10.55
      vertex 12.2718 2.1 11.15
    endloop
  endfacet
  facet normal 0.707107 0.707107 0
    outer loop
      vertex 12.2718 2.1 10.55
      vertex 12.5718 1.8 11.15
      vertex 12.5718 1.8 10.55
    endloop
  endfacet
  facet normal 0 1 -0
    outer loop
      vertex 12.2718 2.1 10.55
      vertex 12.0687 2.1 11.15
      vertex 12.2718 2.1 11.15
    endloop
  endfacet
  facet normal 0 1 0
    outer loop
      vertex 12.0687 2.1 11.15
      vertex 12.2718 2.1 10.55
      vertex 12.0687 2.1 10.55
    endloop
  endfacet
  facet normal 0.809014 0.58779 0
    outer loop
      vertex 12.0687 2.1 11.15
      vertex 5.72664 10.829 10.55
      vertex 5.72664 10.829 11.15
    endloop
  endfacet
  facet normal 0.809014 0.58779 0
    outer loop
      vertex 5.72664 10.829 10.55
      vertex 12.0687 2.1 11.15
      vertex 12.0687 2.1 10.55
    endloop
  endfacet
  facet normal 0.891046 0.453913 0
    outer loop
      vertex 5.78941 11.0222 11.15
      vertex 5.5968 11.4003 10.55
      vertex 5.5968 11.4003 11.15
    endloop
  endfacet
  facet normal 0.891046 0.453913 0
    outer loop
      vertex 5.5968 11.4003 10.55
      vertex 5.78941 11.0222 11.15
      vertex 5.78941 11.0222 10.55
    endloop
  endfacet
  facet normal 0.309002 0.951061 -0
    outer loop
      vertex 5.5968 11.4003 10.55
      vertex 2.173 12.5127 11.15
      vertex 5.5968 11.4003 11.15
    endloop
  endfacet
  facet normal 0.309002 0.951061 0
    outer loop
      vertex 2.173 12.5127 11.15
      vertex 5.5968 11.4003 10.55
      vertex 2.173 12.5127 10.55
    endloop
  endfacet
  facet normal -0.453961 0.891022 0
    outer loop
      vertex 2.173 12.5127 10.55
      vertex 1.79497 12.3201 11.15
      vertex 2.173 12.5127 11.15
    endloop
  endfacet
  facet normal -0.453961 0.891022 0
    outer loop
      vertex 1.79497 12.3201 11.15
      vertex 2.173 12.5127 10.55
      vertex 1.79497 12.3201 10.55
    endloop
  endfacet
  facet normal -0.951063 0.308997 0
    outer loop
      vertex 1.7322 12.1269 10.55
      vertex 1.79497 12.3201 11.15
      vertex 1.79497 12.3201 10.55
    endloop
  endfacet
  facet normal -0.951063 0.308997 0
    outer loop
      vertex 1.79497 12.3201 11.15
      vertex 1.7322 12.1269 10.55
      vertex 1.7322 12.1269 11.15
    endloop
  endfacet
  facet normal -0.309016 0.951057 0
    outer loop
      vertex 1.7322 12.1269 10.55
      vertex -8.5294 8.79271 11.15
      vertex 1.7322 12.1269 11.15
    endloop
  endfacet
  facet normal -0.309016 0.951057 0
    outer loop
      vertex -8.5294 8.79271 11.15
      vertex 1.7322 12.1269 10.55
      vertex -8.5294 8.79271 10.55
    endloop
  endfacet
  facet normal 0.587817 0.808994 -0
    outer loop
      vertex -8.5294 8.79271 10.55
      vertex -8.69374 8.91212 11.15
      vertex -8.5294 8.79271 11.15
    endloop
  endfacet
  facet normal 0.587817 0.808994 0
    outer loop
      vertex -8.69374 8.91212 11.15
      vertex -8.5294 8.79271 10.55
      vertex -8.69374 8.91212 10.55
    endloop
  endfacet
  facet normal -0.156436 0.987688 0
    outer loop
      vertex -8.69374 8.91212 10.55
      vertex -9.11278 8.84575 11.15
      vertex -8.69374 8.91212 11.15
    endloop
  endfacet
  facet normal -0.156436 0.987688 0
    outer loop
      vertex -9.11278 8.84575 11.15
      vertex -8.69374 8.91212 10.55
      vertex -9.11278 8.84575 10.55
    endloop
  endfacet
  facet normal -0.809019 0.587783 0
    outer loop
      vertex -11.2288 5.93328 10.55
      vertex -9.11278 8.84575 11.15
      vertex -9.11278 8.84575 10.55
    endloop
  endfacet
  facet normal -0.809019 0.587783 0
    outer loop
      vertex -9.11278 8.84575 11.15
      vertex -11.2288 5.93328 10.55
      vertex -11.2288 5.93328 11.15
    endloop
  endfacet
  facet normal -1 0 0
    outer loop
      vertex -10.9981 -5.39484 10.55
      vertex -10.9981 5.39484 11.15
      vertex -10.9981 5.39484 10.55
    endloop
  endfacet
  facet normal -1 -0 0
    outer loop
      vertex -10.9981 5.39484 11.15
      vertex -10.9981 -5.39484 10.55
      vertex -10.9981 -5.39484 11.15
    endloop
  endfacet
  facet normal -0.587879 0.808949 0
    outer loop
      vertex -10.9981 -5.39484 10.55
      vertex -11.1624 -5.51424 11.15
      vertex -10.9981 -5.39484 11.15
    endloop
  endfacet
  facet normal -0.587879 0.808949 0
    outer loop
      vertex -11.1624 -5.51424 11.15
      vertex -10.9981 -5.39484 10.55
      vertex -11.1624 -5.51424 10.55
    endloop
  endfacet
  facet normal -0.987677 0.156505 0
    outer loop
      vertex -11.2288 -5.93328 10.55
      vertex -11.1624 -5.51424 11.15
      vertex -11.1624 -5.51424 10.55
    endloop
  endfacet
  facet normal -0.987677 0.156505 0
    outer loop
      vertex -11.1624 -5.51424 11.15
      vertex -11.2288 -5.93328 10.55
      vertex -11.2288 -5.93328 11.15
    endloop
  endfacet
  facet normal 0.951063 0.308997 0
    outer loop
      vertex 5.78941 -11.0222 11.15
      vertex 5.72664 -10.829 10.55
      vertex 5.72664 -10.829 11.15
    endloop
  endfacet
  facet normal 0.951063 0.308997 0
    outer loop
      vertex 5.72664 -10.829 10.55
      vertex 5.78941 -11.0222 11.15
      vertex 5.78941 -11.0222 10.55
    endloop
  endfacet
  facet normal 0.26706 0.26706 0.925936
    outer loop
      vertex 12.2718 2.1 11.15
      vertex 11.3583 1.8 11.5
      vertex 12.5718 1.8 11.15
    endloop
  endfacet
  facet normal 0.26706 0.26706 0.925936
    outer loop
      vertex 11.3583 1.8 11.5
      vertex 12.2718 2.1 11.15
      vertex 11.1083 2.05 11.5
    endloop
  endfacet
  facet normal -0 0.989949 0.141421
    outer loop
      vertex 12.0687 2.1 11.15
      vertex 11.1083 2.05 11.5
      vertex 12.2718 2.1 11.15
    endloop
  endfacet
  facet normal 0 0.989949 0.141421
    outer loop
      vertex 11.1083 2.05 11.5
      vertex 12.0687 2.1 11.15
      vertex 10.9599 2.05 11.5
    endloop
  endfacet
  facet normal 0.285937 0.207748 0.935457
    outer loop
      vertex 5.72664 10.829 11.15
      vertex 5.33647 9.79002 11.5
      vertex 12.0687 2.1 11.15
    endloop
  endfacet
  facet normal 0.941493 -0.305888 0.141508
    outer loop
      vertex 5.78941 11.0222 11.15
      vertex 5.38231 9.9311 11.5
      vertex 5.72664 10.829 11.15
    endloop
  endfacet
  facet normal 0.336539 0.171438 0.925932
    outer loop
      vertex 5.5968 11.4003 11.15
      vertex 5.2218 10.2461 11.5
      vertex 5.78941 11.0222 11.15
    endloop
  endfacet
  facet normal 0.0856324 0.263564 0.960834
    outer loop
      vertex 2.173 12.5127 11.15
      vertex 1.79799 11.3586 11.5
      vertex 5.5968 11.4003 11.15
    endloop
  endfacet
  facet normal -0.171449 0.336516 0.925939
    outer loop
      vertex 1.79497 12.3201 11.15
      vertex 1.48297 11.1981 11.5
      vertex 2.173 12.5127 11.15
    endloop
  endfacet
  facet normal -0.941514 0.305894 0.141353
    outer loop
      vertex 1.7322 12.1269 11.15
      vertex 1.43714 11.057 11.5
      vertex 1.79497 12.3201 11.15
    endloop
  endfacet
  facet normal -0.109218 0.336138 0.935459
    outer loop
      vertex 1.7322 12.1269 11.15
      vertex -8.5294 8.79271 11.15
      vertex -7.66181 8.10057 11.5
    endloop
  endfacet
  facet normal 0.581918 0.800875 0.141317
    outer loop
      vertex -8.5294 8.79271 11.15
      vertex -8.69374 8.91212 11.15
      vertex -7.78181 8.18775 11.5
    endloop
  endfacet
  facet normal -0.0590811 0.37302 0.92594
    outer loop
      vertex -8.69374 8.91212 11.15
      vertex -9.11278 8.84575 11.15
      vertex -8.13101 8.13245 11.5
    endloop
  endfacet
  facet normal -0.224194 0.162884 0.960836
    outer loop
      vertex -9.11278 8.84575 11.15
      vertex -10.247 5.21999 11.5
      vertex -8.13101 8.13245 11.5
    endloop
  endfacet
  facet normal -0.22419 0.162883 0.960837
    outer loop
      vertex -10.247 5.21999 11.5
      vertex -9.11278 8.84575 11.15
      vertex -11.2288 5.93328 11.15
    endloop
  endfacet
  facet normal -0.373041 -0.0591112 0.92593
    outer loop
      vertex -10.1917 4.87078 11.5
      vertex -11.2288 5.93328 11.15
      vertex -11.1624 5.51424 11.15
    endloop
  endfacet
  facet normal -0.581936 -0.800771 0.141835
    outer loop
      vertex -10.0717 4.7836 11.5
      vertex -11.1624 5.51424 11.15
      vertex -10.9981 5.39484 11.15
    endloop
  endfacet
  facet normal -0.353424 0 0.935463
    outer loop
      vertex -10.9981 5.39484 11.15
      vertex -10.0717 -4.7836 11.5
      vertex -10.0717 4.7836 11.5
    endloop
  endfacet
  facet normal -0.353424 0 0.935463
    outer loop
      vertex -10.0717 -4.7836 11.5
      vertex -10.9981 5.39484 11.15
      vertex -10.9981 -5.39484 11.15
    endloop
  endfacet
  facet normal -0.581941 0.800778 0.141775
    outer loop
      vertex -10.9981 -5.39484 11.15
      vertex -11.1624 -5.51424 11.15
      vertex -10.1917 -4.87078 11.5
    endloop
  endfacet
  facet normal -0.373028 0.0591091 0.925935
    outer loop
      vertex -11.1624 -5.51424 11.15
      vertex -11.2288 -5.93328 11.15
      vertex -10.247 -5.21999 11.5
    endloop
  endfacet
  facet normal -0.0590806 -0.373017 0.925942
    outer loop
      vertex -7.78181 -8.18775 11.5
      vertex -9.11278 -8.84575 11.15
      vertex -8.69374 -8.91212 11.15
    endloop
  endfacet
  facet normal 0.581921 -0.800878 0.141289
    outer loop
      vertex -7.66181 -8.10057 11.5
      vertex -8.69374 -8.91212 11.15
      vertex -8.5294 -8.79271 11.15
    endloop
  endfacet
  facet normal -0.109218 -0.33614 0.935458
    outer loop
      vertex 1.43714 -11.057 11.5
      vertex -8.5294 -8.79271 11.15
      vertex 1.7322 -12.1269 11.15
    endloop
  endfacet
  facet normal -0.941518 -0.305896 0.141319
    outer loop
      vertex 1.79497 -12.3201 11.15
      vertex 1.48297 -11.1981 11.5
      vertex 1.7322 -12.1269 11.15
    endloop
  endfacet
  facet normal -0.17145 -0.336517 0.925938
    outer loop
      vertex 1.79799 -11.3586 11.5
      vertex 1.79497 -12.3201 11.15
      vertex 2.173 -12.5127 11.15
    endloop
  endfacet
  facet normal 0.0856264 -0.263545 0.960839
    outer loop
      vertex 5.2218 -10.2461 11.5
      vertex 2.173 -12.5127 11.15
      vertex 5.5968 -11.4003 11.15
    endloop
  endfacet
  facet normal 0.336552 -0.171445 0.925926
    outer loop
      vertex 5.78941 -11.0222 11.15
      vertex 5.38231 -9.9311 11.5
      vertex 5.5968 -11.4003 11.15
    endloop
  endfacet
  facet normal 0.941491 0.305887 0.141517
    outer loop
      vertex 5.72664 -10.829 11.15
      vertex 5.33647 -9.79002 11.5
      vertex 5.78941 -11.0222 11.15
    endloop
  endfacet
  facet normal 0.285919 -0.207734 0.935466
    outer loop
      vertex 10.9599 -2.05 11.5
      vertex 5.72664 -10.829 11.15
      vertex 12.0687 -2.1 11.15
    endloop
  endfacet
  facet normal 0.707107 0.707107 0
    outer loop
      vertex 11.3583 1.8 12
      vertex 11.1083 2.05 11.5
      vertex 11.1083 2.05 12
    endloop
  endfacet
  facet normal 0.707107 0.707107 0
    outer loop
      vertex 11.1083 2.05 11.5
      vertex 11.3583 1.8 12
      vertex 11.3583 1.8 11.5
    endloop
  endfacet
  facet normal 0 1 -0
    outer loop
      vertex 11.1083 2.05 11.5
      vertex 10.9599 2.05 12
      vertex 11.1083 2.05 12
    endloop
  endfacet
  facet normal 0 1 0
    outer loop
      vertex 10.9599 2.05 12
      vertex 11.1083 2.05 11.5
      vertex 10.9599 2.05 11.5
    endloop
  endfacet
  facet normal 0.809018 0.587784 0
    outer loop
      vertex 10.9599 2.05 12
      vertex 5.33647 9.79002 11.5
      vertex 5.33647 9.79002 12
    endloop
  endfacet
  facet normal 0.809018 0.587784 0
    outer loop
      vertex 5.33647 9.79002 11.5
      vertex 10.9599 2.05 12
      vertex 10.9599 2.05 11.5
    endloop
  endfacet
  facet normal 0.890996 0.454012 0
    outer loop
      vertex 5.38231 9.9311 12
      vertex 5.2218 10.2461 11.5
      vertex 5.2218 10.2461 12
    endloop
  endfacet
  facet normal 0.890996 0.454012 0
    outer loop
      vertex 5.2218 10.2461 11.5
      vertex 5.38231 9.9311 12
      vertex 5.38231 9.9311 11.5
    endloop
  endfacet
  facet normal 0.309026 0.951054 -0
    outer loop
      vertex 5.2218 10.2461 11.5
      vertex 1.79799 11.3586 12
      vertex 5.2218 10.2461 12
    endloop
  endfacet
  facet normal 0.309026 0.951054 0
    outer loop
      vertex 1.79799 11.3586 12
      vertex 5.2218 10.2461 11.5
      vertex 1.79799 11.3586 11.5
    endloop
  endfacet
  facet normal -0.453966 0.891019 0
    outer loop
      vertex 1.79799 11.3586 11.5
      vertex 1.48297 11.1981 12
      vertex 1.79799 11.3586 12
    endloop
  endfacet
  facet normal -0.453966 0.891019 0
    outer loop
      vertex 1.48297 11.1981 12
      vertex 1.79799 11.3586 11.5
      vertex 1.48297 11.1981 11.5
    endloop
  endfacet
  facet normal -0.951089 0.308918 0
    outer loop
      vertex 1.43714 11.057 11.5
      vertex 1.48297 11.1981 12
      vertex 1.48297 11.1981 11.5
    endloop
  endfacet
  facet normal -0.951089 0.308918 0
    outer loop
      vertex 1.48297 11.1981 12
      vertex 1.43714 11.057 11.5
      vertex 1.43714 11.057 12
    endloop
  endfacet
  facet normal -0.309017 0.951056 0
    outer loop
      vertex 1.43714 11.057 11.5
      vertex -7.66181 8.10057 12
      vertex 1.43714 11.057 12
    endloop
  endfacet
  facet normal -0.309017 0.951056 0
    outer loop
      vertex -7.66181 8.10057 12
      vertex 1.43714 11.057 11.5
      vertex -7.66181 8.10057 11.5
    endloop
  endfacet
  facet normal 0.587763 0.809033 -0
    outer loop
      vertex -7.66181 8.10057 11.5
      vertex -7.78181 8.18775 12
      vertex -7.66181 8.10057 12
    endloop
  endfacet
  facet normal 0.587763 0.809033 0
    outer loop
      vertex -7.78181 8.18775 12
      vertex -7.66181 8.10057 11.5
      vertex -7.78181 8.18775 11.5
    endloop
  endfacet
  facet normal -0.156413 0.987692 0
    outer loop
      vertex -7.78181 8.18775 11.5
      vertex -8.13101 8.13245 12
      vertex -7.78181 8.18775 12
    endloop
  endfacet
  facet normal -0.156413 0.987692 0
    outer loop
      vertex -8.13101 8.13245 12
      vertex -7.78181 8.18775 11.5
      vertex -8.13101 8.13245 11.5
    endloop
  endfacet
  facet normal -0.809022 0.587779 0
    outer loop
      vertex -10.247 5.21999 11.5
      vertex -8.13101 8.13245 12
      vertex -8.13101 8.13245 11.5
    endloop
  endfacet
  facet normal -0.809022 0.587779 0
    outer loop
      vertex -8.13101 8.13245 12
      vertex -10.247 5.21999 11.5
      vertex -10.247 5.21999 12
    endloop
  endfacet
  facet normal -1 0 0
    outer loop
      vertex -10.0717 -4.7836 11.5
      vertex -10.0717 4.7836 12
      vertex -10.0717 4.7836 11.5
    endloop
  endfacet
  facet normal -1 -0 0
    outer loop
      vertex -10.0717 4.7836 12
      vertex -10.0717 -4.7836 11.5
      vertex -10.0717 -4.7836 12
    endloop
  endfacet
  facet normal -0.587763 0.809033 0
    outer loop
      vertex -10.0717 -4.7836 11.5
      vertex -10.1917 -4.87078 12
      vertex -10.0717 -4.7836 12
    endloop
  endfacet
  facet normal -0.587763 0.809033 0
    outer loop
      vertex -10.1917 -4.87078 12
      vertex -10.0717 -4.7836 11.5
      vertex -10.1917 -4.87078 11.5
    endloop
  endfacet
  facet normal -0.987692 0.156408 0
    outer loop
      vertex -10.247 -5.21999 11.5
      vertex -10.1917 -4.87078 12
      vertex -10.1917 -4.87078 11.5
    endloop
  endfacet
  facet normal -0.987692 0.156408 0
    outer loop
      vertex -10.1917 -4.87078 12
      vertex -10.247 -5.21999 11.5
      vertex -10.247 -5.21999 12
    endloop
  endfacet
  facet normal 0.951056 0.309019 0
    outer loop
      vertex 5.38231 -9.9311 12
      vertex 5.33647 -9.79002 11.5
      vertex 5.33647 -9.79002 12
    endloop
  endfacet
  facet normal 0.951056 0.309019 0
    outer loop
      vertex 5.33647 -9.79002 11.5
      vertex 5.38231 -9.9311 12
      vertex 5.38231 -9.9311 11.5
    endloop
  endfacet
  facet normal 0.426968 0.426968 -0.797117
    outer loop
      vertex 11.3583 1.8 12
      vertex 12.2718 2.1 12.65
      vertex 12.5718 1.8 12.65
    endloop
  endfacet
  facet normal 0.426968 0.426968 -0.797117
    outer loop
      vertex 12.2718 2.1 12.65
      vertex 11.3583 1.8 12
      vertex 11.1083 2.05 12
    endloop
  endfacet
  facet normal 0 0.997054 -0.0766965
    outer loop
      vertex 11.1083 2.05 12
      vertex 12.0687 2.1 12.65
      vertex 12.2718 2.1 12.65
    endloop
  endfacet
  facet normal 0 0.997054 -0.0766965
    outer loop
      vertex 12.0687 2.1 12.65
      vertex 11.1083 2.05 12
      vertex 10.9599 2.05 12
    endloop
  endfacet
  facet normal 0.464687 0.337614 -0.818586
    outer loop
      vertex 10.9599 2.05 12
      vertex 5.33647 9.79002 12
      vertex 5.72664 10.829 12.65
    endloop
  endfacet
  facet normal 0.948254 -0.308109 -0.0767029
    outer loop
      vertex 5.78941 11.0222 12.65
      vertex 5.33647 9.79002 12
      vertex 5.38231 9.9311 12
    endloop
  endfacet
  facet normal 0.537977 0.274129 -0.797141
    outer loop
      vertex 5.38231 9.9311 12
      vertex 5.2218 10.2461 12
      vertex 5.5968 11.4003 12.65
    endloop
  endfacet
  facet normal 0.145913 0.44906 -0.881507
    outer loop
      vertex 5.2218 10.2461 12
      vertex 1.79799 11.3586 12
      vertex 2.173 12.5127 12.65
    endloop
  endfacet
  facet normal -0.274114 0.538014 -0.797121
    outer loop
      vertex 1.79799 11.3586 12
      vertex 1.48297 11.1981 12
      vertex 1.79497 12.3201 12.65
    endloop
  endfacet
  facet normal -0.9483 0.308013 -0.076519
    outer loop
      vertex 1.48297 11.1981 12
      vertex 1.43714 11.057 12
      vertex 1.7322 12.1269 12.65
    endloop
  endfacet
  facet normal -0.177493 0.546266 -0.81859
    outer loop
      vertex -7.66181 8.10057 12
      vertex -8.5294 8.79271 12.65
      vertex 1.43714 11.057 12
    endloop
  endfacet
  facet normal 0.586029 0.806646 -0.0767591
    outer loop
      vertex -7.78181 8.18775 12
      vertex -8.69374 8.91212 12.65
      vertex -7.66181 8.10057 12
    endloop
  endfacet
  facet normal -0.0944453 0.596389 -0.79712
    outer loop
      vertex -8.13101 8.13245 12
      vertex -9.11278 8.84575 12.65
      vertex -7.78181 8.18775 12
    endloop
  endfacet
  facet normal -0.381988 0.277526 -0.881513
    outer loop
      vertex -10.247 5.21999 12
      vertex -9.11278 8.84575 12.65
      vertex -8.13101 8.13245 12
    endloop
  endfacet
  facet normal -0.381982 0.277524 -0.881516
    outer loop
      vertex -9.11278 8.84575 12.65
      vertex -10.247 5.21999 12
      vertex -11.2288 5.93328 12.65
    endloop
  endfacet
  facet normal -0.596377 -0.0944407 -0.79713
    outer loop
      vertex -10.1917 4.87078 12
      vertex -11.1624 5.51424 12.65
      vertex -10.247 5.21999 12
    endloop
  endfacet
  facet normal -0.586032 -0.806651 -0.076681
    outer loop
      vertex -10.0717 4.7836 12
      vertex -10.9981 5.39484 12.65
      vertex -10.1917 4.87078 12
    endloop
  endfacet
  facet normal -0.574363 0 -0.8186
    outer loop
      vertex -10.9981 -5.39484 12.65
      vertex -10.0717 4.7836 12
      vertex -10.0717 -4.7836 12
    endloop
  endfacet
  facet normal -0.574363 0 -0.8186
    outer loop
      vertex -10.0717 4.7836 12
      vertex -10.9981 -5.39484 12.65
      vertex -10.9981 5.39484 12.65
    endloop
  endfacet
  facet normal -0.586034 0.806654 -0.0766365
    outer loop
      vertex -10.1917 -4.87078 12
      vertex -11.1624 -5.51424 12.65
      vertex -10.0717 -4.7836 12
    endloop
  endfacet
  facet normal -0.596359 0.0944378 -0.797144
    outer loop
      vertex -10.247 -5.21999 12
      vertex -11.2288 -5.93328 12.65
      vertex -10.1917 -4.87078 12
    endloop
  endfacet
  facet normal -0.0944447 -0.596385 -0.797123
    outer loop
      vertex -7.78181 -8.18775 12
      vertex -8.69374 -8.91212 12.65
      vertex -8.13101 -8.13245 12
    endloop
  endfacet
  facet normal 0.58603 -0.806648 -0.0767381
    outer loop
      vertex -7.66181 -8.10057 12
      vertex -8.5294 -8.79271 12.65
      vertex -7.78181 -8.18775 12
    endloop
  endfacet
  facet normal -0.177494 -0.546269 -0.818588
    outer loop
      vertex 1.7322 -12.1269 12.65
      vertex -7.66181 -8.10057 12
      vertex 1.43714 -11.057 12
    endloop
  endfacet
  facet normal -0.948302 -0.308013 -0.0764934
    outer loop
      vertex 1.79497 -12.3201 12.65
      vertex 1.43714 -11.057 12
      vertex 1.48297 -11.1981 12
    endloop
  endfacet
  facet normal -0.274114 -0.538016 -0.79712
    outer loop
      vertex 2.173 -12.5127 12.65
      vertex 1.48297 -11.1981 12
      vertex 1.79799 -11.3586 12
    endloop
  endfacet
  facet normal 0.145905 -0.449034 -0.881522
    outer loop
      vertex 5.5968 -11.4003 12.65
      vertex 1.79799 -11.3586 12
      vertex 5.2218 -10.2461 12
    endloop
  endfacet
  facet normal 0.537996 -0.274139 -0.797125
    outer loop
      vertex 5.78941 -11.0222 12.65
      vertex 5.2218 -10.2461 12
      vertex 5.38231 -9.9311 12
    endloop
  endfacet
  facet normal 0.948254 0.308108 -0.0767101
    outer loop
      vertex 5.38231 -9.9311 12
      vertex 5.33647 -9.79002 12
      vertex 5.72664 -10.829 12.65
    endloop
  endfacet
  facet normal 0.464661 -0.337594 -0.818609
    outer loop
      vertex 12.0687 -2.1 12.65
      vertex 5.33647 -9.79002 12
      vertex 10.9599 -2.05 12
    endloop
  endfacet
  facet normal 0.707107 0.707107 0
    outer loop
      vertex 12.5718 1.8 13.25
      vertex 12.2718 2.1 12.65
      vertex 12.2718 2.1 13.25
    endloop
  endfacet
  facet normal 0.707107 0.707107 0
    outer loop
      vertex 12.2718 2.1 12.65
      vertex 12.5718 1.8 13.25
      vertex 12.5718 1.8 12.65
    endloop
  endfacet
  facet normal 0.809014 0.58779 0
    outer loop
      vertex 12.0687 2.1 13.25
      vertex 5.72664 10.829 12.65
      vertex 5.72664 10.829 13.25
    endloop
  endfacet
  facet normal 0.809014 0.58779 0
    outer loop
      vertex 5.72664 10.829 12.65
      vertex 12.0687 2.1 13.25
      vertex 12.0687 2.1 12.65
    endloop
  endfacet
  facet normal 0.891046 0.453913 0
    outer loop
      vertex 5.78941 11.0222 13.25
      vertex 5.5968 11.4003 12.65
      vertex 5.5968 11.4003 13.25
    endloop
  endfacet
  facet normal 0.891046 0.453913 0
    outer loop
      vertex 5.5968 11.4003 12.65
      vertex 5.78941 11.0222 13.25
      vertex 5.78941 11.0222 12.65
    endloop
  endfacet
  facet normal 0.309002 0.951061 -0
    outer loop
      vertex 5.5968 11.4003 12.65
      vertex 2.173 12.5127 13.25
      vertex 5.5968 11.4003 13.25
    endloop
  endfacet
  facet normal 0.309002 0.951061 0
    outer loop
      vertex 2.173 12.5127 13.25
      vertex 5.5968 11.4003 12.65
      vertex 2.173 12.5127 12.65
    endloop
  endfacet
  facet normal -0.453961 0.891022 0
    outer loop
      vertex 2.173 12.5127 12.65
      vertex 1.79497 12.3201 13.25
      vertex 2.173 12.5127 13.25
    endloop
  endfacet
  facet normal -0.453961 0.891022 0
    outer loop
      vertex 1.79497 12.3201 13.25
      vertex 2.173 12.5127 12.65
      vertex 1.79497 12.3201 12.65
    endloop
  endfacet
  facet normal -0.951063 0.308997 0
    outer loop
      vertex 1.7322 12.1269 12.65
      vertex 1.79497 12.3201 13.25
      vertex 1.79497 12.3201 12.65
    endloop
  endfacet
  facet normal -0.951063 0.308997 0
    outer loop
      vertex 1.79497 12.3201 13.25
      vertex 1.7322 12.1269 12.65
      vertex 1.7322 12.1269 13.25
    endloop
  endfacet
  facet normal -0.309016 0.951057 0
    outer loop
      vertex 1.7322 12.1269 12.65
      vertex -8.5294 8.79271 13.25
      vertex 1.7322 12.1269 13.25
    endloop
  endfacet
  facet normal -0.309016 0.951057 0
    outer loop
      vertex -8.5294 8.79271 13.25
      vertex 1.7322 12.1269 12.65
      vertex -8.5294 8.79271 12.65
    endloop
  endfacet
  facet normal 0.587817 0.808994 -0
    outer loop
      vertex -8.5294 8.79271 12.65
      vertex -8.69374 8.91212 13.25
      vertex -8.5294 8.79271 13.25
    endloop
  endfacet
  facet normal 0.587817 0.808994 0
    outer loop
      vertex -8.69374 8.91212 13.25
      vertex -8.5294 8.79271 12.65
      vertex -8.69374 8.91212 12.65
    endloop
  endfacet
  facet normal -0.156436 0.987688 0
    outer loop
      vertex -8.69374 8.91212 12.65
      vertex -9.11278 8.84575 13.25
      vertex -8.69374 8.91212 13.25
    endloop
  endfacet
  facet normal -0.156436 0.987688 0
    outer loop
      vertex -9.11278 8.84575 13.25
      vertex -8.69374 8.91212 12.65
      vertex -9.11278 8.84575 12.65
    endloop
  endfacet
  facet normal -0.809019 0.587783 0
    outer loop
      vertex -11.2288 5.93328 12.65
      vertex -9.11278 8.84575 13.25
      vertex -9.11278 8.84575 12.65
    endloop
  endfacet
  facet normal -0.809019 0.587783 0
    outer loop
      vertex -9.11278 8.84575 13.25
      vertex -11.2288 5.93328 12.65
      vertex -11.2288 5.93328 13.25
    endloop
  endfacet
  facet normal -1 0 0
    outer loop
      vertex -10.9981 -5.39484 12.65
      vertex -10.9981 5.39484 13.25
      vertex -10.9981 5.39484 12.65
    endloop
  endfacet
  facet normal -1 -0 0
    outer loop
      vertex -10.9981 5.39484 13.25
      vertex -10.9981 -5.39484 12.65
      vertex -10.9981 -5.39484 13.25
    endloop
  endfacet
  facet normal -0.587879 0.808949 0
    outer loop
      vertex -10.9981 -5.39484 12.65
      vertex -11.1624 -5.51424 13.25
      vertex -10.9981 -5.39484 13.25
    endloop
  endfacet
  facet normal -0.587879 0.808949 0
    outer loop
      vertex -11.1624 -5.51424 13.25
      vertex -10.9981 -5.39484 12.65
      vertex -11.1624 -5.51424 12.65
    endloop
  endfacet
  facet normal -0.987677 0.156505 0
    outer loop
      vertex -11.2288 -5.93328 12.65
      vertex -11.1624 -5.51424 13.25
      vertex -11.1624 -5.51424 12.65
    endloop
  endfacet
  facet normal -0.987677 0.156505 0
    outer loop
      vertex -11.1624 -5.51424 13.25
      vertex -11.2288 -5.93328 12.65
      vertex -11.2288 -5.93328 13.25
    endloop
  endfacet
  facet normal 0.951063 0.308997 0
    outer loop
      vertex 5.78941 -11.0222 13.25
      vertex 5.72664 -10.829 12.65
      vertex 5.72664 -10.829 13.25
    endloop
  endfacet
  facet normal 0.951063 0.308997 0
    outer loop
      vertex 5.72664 -10.829 12.65
      vertex 5.78941 -11.0222 13.25
      vertex 5.78941 -11.0222 12.65
    endloop
  endfacet
  facet normal 0.233277 0.233277 0.944015
    outer loop
      vertex 12.2718 2.1 13.25
      vertex 10.9531 1.8 13.65
      vertex 12.5718 1.8 13.25
    endloop
  endfacet
  facet normal 0.233277 0.233277 0.944015
    outer loop
      vertex 10.9531 1.8 13.65
      vertex 12.2718 2.1 13.25
      vertex 10.6531 2.1 13.65
    endloop
  endfacet
  facet normal 0 1 -0
    outer loop
      vertex 12.0687 2.1 13.25
      vertex 10.6531 2.1 13.65
      vertex 12.2718 2.1 13.25
    endloop
  endfacet
  facet normal 0 1 0
    outer loop
      vertex 10.6531 2.1 13.65
      vertex 12.0687 2.1 13.25
      vertex 10.3899 2.1 13.65
    endloop
  endfacet
  facet normal 0 1 -0
    outer loop
      vertex 12.2718 2.1 12.65
      vertex 12.0687 2.1 13.25
      vertex 12.2718 2.1 13.25
    endloop
  endfacet
  facet normal 0 1 0
    outer loop
      vertex 12.0687 2.1 13.25
      vertex 12.2718 2.1 12.65
      vertex 12.0687 2.1 12.65
    endloop
  endfacet
  facet normal 0.228565 0.166064 0.95926
    outer loop
      vertex 5.72664 10.829 13.25
      vertex 5.20787 9.23244 13.65
      vertex 12.0687 2.1 13.25
    endloop
  endfacet
  facet normal 0.951063 -0.308997 0.000114397
    outer loop
      vertex 5.78941 11.0222 13.25
      vertex 5.2892 9.48275 13.65
      vertex 5.72664 10.829 13.25
    endloop
  endfacet
  facet normal 0.293976 0.149756 0.944008
    outer loop
      vertex 5.5968 11.4003 13.25
      vertex 5.09659 9.86077 13.65
      vertex 5.78941 11.0222 13.25
    endloop
  endfacet
  facet normal 0.0741272 0.228152 0.970799
    outer loop
      vertex 2.173 12.5127 13.25
      vertex 1.67279 10.9732 13.65
      vertex 5.5968 11.4003 13.25
    endloop
  endfacet
  facet normal -0.149757 0.293938 0.94402
    outer loop
      vertex 1.79497 12.3201 13.25
      vertex 1.29476 10.7806 13.65
      vertex 2.173 12.5127 13.25
    endloop
  endfacet
  facet normal -0.951063 0.308997 -7.19943e-05
    outer loop
      vertex 1.7322 12.1269 13.25
      vertex 1.21344 10.5303 13.65
      vertex 1.79497 12.3201 13.25
    endloop
  endfacet
  facet normal -0.0873038 0.268694 0.959261
    outer loop
      vertex 1.7322 12.1269 13.25
      vertex -8.5294 8.79271 13.25
      vertex -7.17126 7.80596 13.65
    endloop
  endfacet
  facet normal 0.587817 0.808994 -0.000157739
    outer loop
      vertex -8.5294 8.79271 13.25
      vertex -8.69374 8.91212 13.25
      vertex -7.38417 7.96066 13.65
    endloop
  endfacet
  facet normal -0.0516071 0.325839 0.944016
    outer loop
      vertex -8.69374 8.91212 13.25
      vertex -7.80322 7.89429 13.65
      vertex -7.38417 7.96066 13.65
    endloop
  endfacet
  facet normal -0.0516082 0.325838 0.944016
    outer loop
      vertex -7.80322 7.89429 13.65
      vertex -8.69374 8.91212 13.25
      vertex -9.11278 8.84575 13.25
    endloop
  endfacet
  facet normal -0.194079 0.141006 0.970799
    outer loop
      vertex -9.11278 8.84575 13.25
      vertex -9.91924 4.98183 13.65
      vertex -7.80322 7.89429 13.65
    endloop
  endfacet
  facet normal -0.19408 0.141006 0.970799
    outer loop
      vertex -9.91924 4.98183 13.65
      vertex -9.11278 8.84575 13.25
      vertex -11.2288 5.93328 13.25
    endloop
  endfacet
  facet normal -0.587879 -0.808949 0.000493407
    outer loop
      vertex -9.63995 4.40809 13.65
      vertex -11.1624 5.51424 13.25
      vertex -10.9981 5.39484 13.25
    endloop
  endfacet
  facet normal -0.28252 0 0.959261
    outer loop
      vertex -10.9981 5.39484 13.25
      vertex -9.63995 -4.40809 13.65
      vertex -9.63995 4.40809 13.65
    endloop
  endfacet
  facet normal -0.28252 0 0.959261
    outer loop
      vertex -9.63995 -4.40809 13.65
      vertex -10.9981 5.39484 13.25
      vertex -10.9981 -5.39484 13.25
    endloop
  endfacet
  facet normal -0.587879 0.808949 0.000426471
    outer loop
      vertex -10.9981 -5.39484 13.25
      vertex -11.1624 -5.51424 13.25
      vertex -9.85287 -4.56279 13.65
    endloop
  endfacet
  facet normal -0.325849 0.0516099 0.944012
    outer loop
      vertex -11.1624 -5.51424 13.25
      vertex -9.91924 -4.98183 13.65
      vertex -9.85287 -4.56279 13.65
    endloop
  endfacet
  facet normal -0.325858 0.0516346 0.944008
    outer loop
      vertex -9.91924 -4.98183 13.65
      vertex -11.1624 -5.51424 13.25
      vertex -11.2288 -5.93328 13.25
    endloop
  endfacet
  facet normal 0.587817 -0.808994 -0.000160017
    outer loop
      vertex -7.17126 -7.80596 13.65
      vertex -8.69374 -8.91212 13.25
      vertex -8.5294 -8.79271 13.25
    endloop
  endfacet
  facet normal -0.0873032 -0.268692 0.959261
    outer loop
      vertex 1.21344 -10.5303 13.65
      vertex -8.5294 -8.79271 13.25
      vertex 1.7322 -12.1269 13.25
    endloop
  endfacet
  facet normal -0.951063 -0.308997 -7.57724e-05
    outer loop
      vertex 1.79497 -12.3201 13.25
      vertex 1.29476 -10.7806 13.65
      vertex 1.7322 -12.1269 13.25
    endloop
  endfacet
  facet normal -0.149757 -0.293938 0.94402
    outer loop
      vertex 2.173 -12.5127 13.25
      vertex 1.67279 -10.9732 13.65
      vertex 1.79497 -12.3201 13.25
    endloop
  endfacet
  facet normal 0.074126 -0.228149 0.9708
    outer loop
      vertex 5.09659 -9.86077 13.65
      vertex 2.173 -12.5127 13.25
      vertex 5.5968 -11.4003 13.25
    endloop
  endfacet
  facet normal 0.293984 -0.14976 0.944005
    outer loop
      vertex 5.78941 -11.0222 13.25
      vertex 5.2892 -9.48275 13.65
      vertex 5.5968 -11.4003 13.25
    endloop
  endfacet
  facet normal 0.951063 0.308997 0.000126671
    outer loop
      vertex 5.72664 -10.829 13.25
      vertex 5.20787 -9.23244 13.65
      vertex 5.78941 -11.0222 13.25
    endloop
  endfacet
  facet normal 0.228559 -0.16606 0.959263
    outer loop
      vertex 10.3899 -2.1 13.65
      vertex 5.72664 -10.829 13.25
      vertex 12.0687 -2.1 13.25
    endloop
  endfacet
  facet normal 0.707107 -0.707107 0
    outer loop
      vertex 10.9531 -1.8 14.4
      vertex 10.6531 -2.1 13.65
      vertex 10.9531 -1.8 13.65
    endloop
  endfacet
  facet normal 0.707107 0.707107 1.00857e-15
    outer loop
      vertex 10.6531 2.1 13.65
      vertex 10.6031 2.15 14.4
      vertex 10.9531 1.8 13.65
    endloop
  endfacet
  facet normal 0 0.997785 -0.066519
    outer loop
      vertex 10.3899 2.1 13.65
      vertex 10.6031 2.15 14.4
      vertex 10.6531 2.1 13.65
    endloop
  endfacet
  facet normal 0 0.997785 -0.066519
    outer loop
      vertex 10.6031 2.15 14.4
      vertex 10.3899 2.1 13.65
      vertex 10.2264 2.15 14.4
    endloop
  endfacet
  facet normal 0.801515 0.582336 0.135866
    outer loop
      vertex 5.20787 9.23244 13.65
      vertex 5.20491 9.06153 14.4
      vertex 10.3899 2.1 13.65
    endloop
  endfacet
  facet normal 0.948951 -0.30833 -0.066519
    outer loop
      vertex 5.3213 9.41974 14.4
      vertex 5.20787 9.23244 13.65
      vertex 5.2892 9.48275 13.65
    endloop
  endfacet
  facet normal 0.891007 0.453989 0
    outer loop
      vertex 5.2892 9.48275 13.65
      vertex 5.09659 9.86077 13.65
      vertex 5.09659 9.86077 14.4
    endloop
  endfacet
  facet normal 0.309009 0.951059 -0
    outer loop
      vertex 5.09659 9.86077 13.65
      vertex 1.67279 10.9732 14.4
      vertex 5.09659 9.86077 14.4
    endloop
  endfacet
  facet normal 0.309009 0.951059 0
    outer loop
      vertex 1.67279 10.9732 14.4
      vertex 5.09659 9.86077 13.65
      vertex 1.67279 10.9732 13.65
    endloop
  endfacet
  facet normal -0.453961 0.891022 3.0264e-06
    outer loop
      vertex 1.29476 10.7806 13.65
      vertex 1.23176 10.7485 14.4
      vertex 1.67279 10.9732 13.65
    endloop
  endfacet
  facet normal -0.948957 0.308307 -0.066535
    outer loop
      vertex 1.21344 10.5303 13.65
      vertex 1.11537 10.3903 14.4
      vertex 1.29476 10.7806 13.65
    endloop
  endfacet
  facet normal -0.30615 0.942237 0.13587
    outer loop
      vertex 1.21344 10.5303 13.65
      vertex -7.17126 7.80596 13.65
      vertex -7.00962 7.75033 14.4
    endloop
  endfacet
  facet normal 0.586513 0.807204 -0.0665196
    outer loop
      vertex -7.17126 7.80596 13.65
      vertex -7.38417 7.96066 13.65
      vertex -7.31433 7.97172 14.4
    endloop
  endfacet
  facet normal -0.156432 0.987689 0
    outer loop
      vertex -7.38417 7.96066 13.65
      vertex -7.80322 7.89429 13.65
      vertex -7.80322 7.89429 14.4
    endloop
  endfacet
  facet normal -0.809018 0.587784 0
    outer loop
      vertex -9.91924 4.98183 13.65
      vertex -7.80322 7.89429 14.4
      vertex -7.80322 7.89429 13.65
    endloop
  endfacet
  facet normal -0.809018 0.587784 0
    outer loop
      vertex -7.80322 7.89429 14.4
      vertex -9.91924 4.98183 13.65
      vertex -9.91924 4.98183 14.4
    endloop
  endfacet
  facet normal -0.987688 -0.156436 -2.19486e-06
    outer loop
      vertex -9.84181 4.49295 14.4
      vertex -9.91924 4.98183 13.65
      vertex -9.85287 4.56279 13.65
    endloop
  endfacet
  facet normal -0.586495 -0.807217 -0.0665178
    outer loop
      vertex -9.5371 4.27156 14.4
      vertex -9.85287 4.56279 13.65
      vertex -9.63995 4.40809 13.65
    endloop
  endfacet
  facet normal -0.990728 0 0.135862
    outer loop
      vertex -9.63995 4.40809 13.65
      vertex -9.5371 -4.27156 14.4
      vertex -9.5371 4.27156 14.4
    endloop
  endfacet
  facet normal -0.990728 0 0.135862
    outer loop
      vertex -9.5371 -4.27156 14.4
      vertex -9.63995 4.40809 13.65
      vertex -9.63995 -4.40809 13.65
    endloop
  endfacet
  facet normal -0.586495 0.807217 -0.0665192
    outer loop
      vertex -9.63995 -4.40809 13.65
      vertex -9.85287 -4.56279 13.65
      vertex -9.84181 -4.49295 14.4
    endloop
  endfacet
  facet normal -0.987688 0.156436 0
    outer loop
      vertex -9.85287 -4.56279 13.65
      vertex -9.91924 -4.98183 13.65
      vertex -9.91924 -4.98183 14.4
    endloop
  endfacet
  facet normal -0.156432 -0.987689 1.84724e-06
    outer loop
      vertex -7.31433 -7.97172 14.4
      vertex -7.80322 -7.89429 13.65
      vertex -7.38417 -7.96066 13.65
    endloop
  endfacet
  facet normal 0.586512 -0.807203 -0.0665322
    outer loop
      vertex -7.00962 -7.75033 14.4
      vertex -7.38417 -7.96066 13.65
      vertex -7.17126 -7.80596 13.65
    endloop
  endfacet
  facet normal -0.306151 -0.94224 0.135853
    outer loop
      vertex 1.11537 -10.3903 14.4
      vertex -7.17126 -7.80596 13.65
      vertex 1.21344 -10.5303 13.65
    endloop
  endfacet
  facet normal -0.948958 -0.308307 -0.066517
    outer loop
      vertex 1.23176 -10.7485 14.4
      vertex 1.21344 -10.5303 13.65
      vertex 1.29476 -10.7806 13.65
    endloop
  endfacet
  facet normal -0.453961 -0.891022 -0
    outer loop
      vertex 1.67279 -10.9732 14.4
      vertex 1.29476 -10.7806 13.65
      vertex 1.67279 -10.9732 13.65
    endloop
  endfacet
  facet normal 0.891007 -0.453989 6.01547e-06
    outer loop
      vertex 5.3213 -9.41974 14.4
      vertex 5.09659 -9.86077 13.65
      vertex 5.2892 -9.48275 13.65
    endloop
  endfacet
  facet normal 0.948951 0.30833 -0.0665171
    outer loop
      vertex 5.20787 -9.23244 13.65
      vertex 5.20491 -9.06153 14.4
      vertex 5.2892 -9.48275 13.65
    endloop
  endfacet
  facet normal 0.80151 -0.582332 0.135907
    outer loop
      vertex 10.2264 -2.15 14.4
      vertex 5.20787 -9.23244 13.65
      vertex 10.3899 -2.1 13.65
    endloop
  endfacet
  facet normal 0.448472 -0.448472 -0.77314
    outer loop
      vertex 13.8838 -1.8 16.1
      vertex 10.6031 -2.15 14.4
      vertex 10.9531 -1.8 14.4
    endloop
  endfacet
  facet normal 0.448472 0.448472 -0.77314
    outer loop
      vertex 10.9531 1.8 14.4
      vertex 10.6031 2.15 14.4
      vertex 13.4338 2.25 16.1
    endloop
  endfacet
  facet normal 0 0.998274 -0.058722
    outer loop
      vertex 10.6031 2.15 14.4
      vertex 10.7163 2.25 16.1
      vertex 13.4338 2.25 16.1
    endloop
  endfacet
  facet normal 0 0.998274 -0.058722
    outer loop
      vertex 10.7163 2.25 16.1
      vertex 10.6031 2.15 14.4
      vertex 10.2264 2.15 14.4
    endloop
  endfacet
  facet normal 0.781497 0.567787 -0.258614
    outer loop
      vertex 10.2264 2.15 14.4
      vertex 5.20491 9.06153 14.4
      vertex 5.45141 9.49656 16.1
    endloop
  endfacet
  facet normal 0.949415 -0.308485 -0.0587243
    outer loop
      vertex 6.29115 12.081 16.1
      vertex 5.20491 9.06153 14.4
      vertex 5.3213 9.41974 14.4
    endloop
  endfacet
  facet normal 0.565109 0.28793 -0.773142
    outer loop
      vertex 5.3213 9.41974 14.4
      vertex 5.09659 9.86077 14.4
      vertex 6.00223 12.6481 16.1
    endloop
  endfacet
  facet normal 0.155047 0.4772 -0.865009
    outer loop
      vertex 5.09659 9.86077 14.4
      vertex 1.67279 10.9732 14.4
      vertex 2.57843 13.7605 16.1
    endloop
  endfacet
  facet normal -0.287913 0.565102 -0.773153
    outer loop
      vertex 1.67279 10.9732 14.4
      vertex 1.23176 10.7485 14.4
      vertex 2.0114 13.4716 16.1
    endloop
  endfacet
  facet normal -0.949412 0.308493 -0.0587213
    outer loop
      vertex 1.23176 10.7485 14.4
      vertex 1.11537 10.3903 14.4
      vertex 1.17165 10.8871 16.1
    endloop
  endfacet
  facet normal -0.298504 0.918702 -0.258616
    outer loop
      vertex -7.00962 7.75033 14.4
      vertex -7.34719 8.1192 16.1
      vertex 1.11537 10.3903 14.4
    endloop
  endfacet
  facet normal 0.586781 0.807615 -0.058702
    outer loop
      vertex -7.31433 7.97172 14.4
      vertex -9.54566 9.71648 16.1
      vertex -7.00962 7.75033 14.4
    endloop
  endfacet
  facet normal -0.0992129 0.626427 -0.773141
    outer loop
      vertex -7.80322 7.89429 14.4
      vertex -10.1742 9.61693 16.1
      vertex -7.31433 7.97172 14.4
    endloop
  endfacet
  facet normal -0.405933 0.294927 -0.865007
    outer loop
      vertex -9.91924 4.98183 14.4
      vertex -10.1742 9.61693 16.1
      vertex -7.80322 7.89429 14.4
    endloop
  endfacet
  facet normal -0.405937 0.294926 -0.865005
    outer loop
      vertex -10.1742 9.61693 16.1
      vertex -9.91924 4.98183 14.4
      vertex -12.2902 6.70446 16.1
    endloop
  endfacet
  facet normal -0.626422 -0.0992142 -0.773144
    outer loop
      vertex -9.84181 4.49295 14.4
      vertex -12.1907 6.0759 16.1
      vertex -9.91924 4.98183 14.4
    endloop
  endfacet
  facet normal -0.58678 -0.807614 -0.0587239
    outer loop
      vertex -9.5371 4.27156 14.4
      vertex -9.99222 4.47862 16.1
      vertex -9.84181 4.49295 14.4
    endloop
  endfacet
  facet normal -0.965982 0 -0.25861
    outer loop
      vertex -9.5371 -4.27156 14.4
      vertex -9.99222 4.47862 16.1
      vertex -9.5371 4.27156 14.4
    endloop
  endfacet
  facet normal -0.965982 -0 -0.25861
    outer loop
      vertex -9.99222 4.47862 16.1
      vertex -9.5371 -4.27156 14.4
      vertex -9.99222 -4.47862 16.1
    endloop
  endfacet
  facet normal -0.586779 0.807613 -0.0587461
    outer loop
      vertex -9.84181 -4.49295 14.4
      vertex -12.1907 -6.0759 16.1
      vertex -9.5371 -4.27156 14.4
    endloop
  endfacet
  facet normal -0.626431 0.0992157 -0.773136
    outer loop
      vertex -9.91924 -4.98183 14.4
      vertex -12.2902 -6.70446 16.1
      vertex -9.84181 -4.49295 14.4
    endloop
  endfacet
  facet normal -0.0992129 -0.626426 -0.773141
    outer loop
      vertex -7.31433 -7.97172 14.4
      vertex -9.54566 -9.71648 16.1
      vertex -7.80322 -7.89429 14.4
    endloop
  endfacet
  facet normal 0.58678 -0.807614 -0.0587208
    outer loop
      vertex -7.00962 -7.75033 14.4
      vertex -7.34719 -8.1192 16.1
      vertex -7.31433 -7.97172 14.4
    endloop
  endfacet
  facet normal -0.298506 -0.918707 -0.258596
    outer loop
      vertex 1.17165 -10.8871 16.1
      vertex -7.00962 -7.75033 14.4
      vertex 1.11537 -10.3903 14.4
    endloop
  endfacet
  facet normal -0.949411 -0.308492 -0.0587392
    outer loop
      vertex 2.0114 -13.4716 16.1
      vertex 1.11537 -10.3903 14.4
      vertex 1.23176 -10.7485 14.4
    endloop
  endfacet
  facet normal -0.287913 -0.565101 -0.773154
    outer loop
      vertex 2.57843 -13.7605 16.1
      vertex 1.23176 -10.7485 14.4
      vertex 1.67279 -10.9732 14.4
    endloop
  endfacet
  facet normal 0.155046 -0.477196 -0.865011
    outer loop
      vertex 6.00223 -12.6481 16.1
      vertex 1.67279 -10.9732 14.4
      vertex 5.09659 -9.86077 14.4
    endloop
  endfacet
  facet normal 0.565113 -0.287932 -0.773138
    outer loop
      vertex 6.29115 -12.081 16.1
      vertex 5.09659 -9.86077 14.4
      vertex 5.3213 -9.41974 14.4
    endloop
  endfacet
  facet normal 0.949415 0.308485 -0.0587239
    outer loop
      vertex 5.3213 -9.41974 14.4
      vertex 5.20491 -9.06153 14.4
      vertex 5.45141 -9.49656 16.1
    endloop
  endfacet
  facet normal 0.781498 -0.567788 -0.258609
    outer loop
      vertex 10.7163 -2.25 16.1
      vertex 5.20491 -9.06153 14.4
      vertex 10.2264 -2.15 14.4
    endloop
  endfacet
  facet normal 0.707107 0.707107 0
    outer loop
      vertex 13.8838 1.8 25.7
      vertex 13.4338 2.25 16.1
      vertex 13.4338 2.25 25.7
    endloop
  endfacet
  facet normal 0.707107 0.707107 0
    outer loop
      vertex 13.4338 2.25 16.1
      vertex 13.8838 1.8 25.7
      vertex 13.8838 1.8 16.1
    endloop
  endfacet
  facet normal 0 1 -0
    outer loop
      vertex 13.4338 2.25 16.1
      vertex 10.7163 2.25 25.7
      vertex 13.4338 2.25 25.7
    endloop
  endfacet
  facet normal 0 1 0
    outer loop
      vertex 10.7163 2.25 25.7
      vertex 13.4338 2.25 16.1
      vertex 10.7163 2.25 16.1
    endloop
  endfacet
  facet normal 0.809019 0.587782 0
    outer loop
      vertex 10.7163 2.25 25.7
      vertex 5.45141 9.49656 16.1
      vertex 5.45141 9.49656 25.7
    endloop
  endfacet
  facet normal 0.809019 0.587782 0
    outer loop
      vertex 5.45141 9.49656 16.1
      vertex 10.7163 2.25 25.7
      vertex 10.7163 2.25 16.1
    endloop
  endfacet
  facet normal 0.891027 0.453951 0
    outer loop
      vertex 6.29115 12.081 25.7
      vertex 6.00223 12.6481 16.1
      vertex 6.00223 12.6481 25.7
    endloop
  endfacet
  facet normal 0.891027 0.453951 0
    outer loop
      vertex 6.00223 12.6481 16.1
      vertex 6.29115 12.081 25.7
      vertex 6.29115 12.081 16.1
    endloop
  endfacet
  facet normal 0.309002 0.951061 -0
    outer loop
      vertex 6.00223 12.6481 16.1
      vertex 2.57843 13.7605 25.7
      vertex 6.00223 12.6481 25.7
    endloop
  endfacet
  facet normal 0.309002 0.951061 0
    outer loop
      vertex 2.57843 13.7605 25.7
      vertex 6.00223 12.6481 16.1
      vertex 2.57843 13.7605 16.1
    endloop
  endfacet
  facet normal -0.45397 0.891017 0
    outer loop
      vertex 2.57843 13.7605 16.1
      vertex 2.0114 13.4716 25.7
      vertex 2.57843 13.7605 25.7
    endloop
  endfacet
  facet normal -0.45397 0.891017 0
    outer loop
      vertex 2.0114 13.4716 25.7
      vertex 2.57843 13.7605 16.1
      vertex 2.0114 13.4716 16.1
    endloop
  endfacet
  facet normal -0.951057 0.309015 0
    outer loop
      vertex 1.17165 10.8871 16.1
      vertex 2.0114 13.4716 25.7
      vertex 2.0114 13.4716 16.1
    endloop
  endfacet
  facet normal -0.951057 0.309015 0
    outer loop
      vertex 2.0114 13.4716 25.7
      vertex 1.17165 10.8871 16.1
      vertex 1.17165 10.8871 25.7
    endloop
  endfacet
  facet normal -0.309013 0.951058 0
    outer loop
      vertex 1.17165 10.8871 16.1
      vertex -7.34719 8.1192 25.7
      vertex 1.17165 10.8871 25.7
    endloop
  endfacet
  facet normal -0.309013 0.951058 0
    outer loop
      vertex -7.34719 8.1192 25.7
      vertex 1.17165 10.8871 16.1
      vertex -7.34719 8.1192 16.1
    endloop
  endfacet
  facet normal 0.587785 0.809017 -0
    outer loop
      vertex -7.34719 8.1192 16.1
      vertex -9.54566 9.71648 25.7
      vertex -7.34719 8.1192 25.7
    endloop
  endfacet
  facet normal 0.587785 0.809017 0
    outer loop
      vertex -9.54566 9.71648 25.7
      vertex -7.34719 8.1192 16.1
      vertex -9.54566 9.71648 16.1
    endloop
  endfacet
  facet normal -0.156433 0.987689 0
    outer loop
      vertex -9.54566 9.71648 16.1
      vertex -10.1742 9.61693 25.7
      vertex -9.54566 9.71648 25.7
    endloop
  endfacet
  facet normal -0.156433 0.987689 0
    outer loop
      vertex -10.1742 9.61693 25.7
      vertex -9.54566 9.71648 16.1
      vertex -10.1742 9.61693 16.1
    endloop
  endfacet
  facet normal -0.809021 0.587779 0
    outer loop
      vertex -12.2902 6.70446 16.1
      vertex -10.1742 9.61693 25.7
      vertex -10.1742 9.61693 16.1
    endloop
  endfacet
  facet normal -0.809021 0.587779 0
    outer loop
      vertex -10.1742 9.61693 25.7
      vertex -12.2902 6.70446 16.1
      vertex -12.2902 6.70446 25.7
    endloop
  endfacet
  facet normal -1 0 0
    outer loop
      vertex -9.99222 -4.47862 16.1
      vertex -9.99222 4.47862 25.7
      vertex -9.99222 4.47862 16.1
    endloop
  endfacet
  facet normal -1 -0 0
    outer loop
      vertex -9.99222 4.47862 25.7
      vertex -9.99222 -4.47862 16.1
      vertex -9.99222 -4.47862 25.7
    endloop
  endfacet
  facet normal -0.587783 0.809019 0
    outer loop
      vertex -9.99222 -4.47862 16.1
      vertex -12.1907 -6.0759 25.7
      vertex -9.99222 -4.47862 25.7
    endloop
  endfacet
  facet normal -0.587783 0.809019 0
    outer loop
      vertex -12.1907 -6.0759 25.7
      vertex -9.99222 -4.47862 16.1
      vertex -12.1907 -6.0759 16.1
    endloop
  endfacet
  facet normal -0.987701 0.156351 0
    outer loop
      vertex -12.2902 -6.70446 16.1
      vertex -12.1907 -6.0759 25.7
      vertex -12.1907 -6.0759 16.1
    endloop
  endfacet
  facet normal -0.987701 0.156351 0
    outer loop
      vertex -12.1907 -6.0759 25.7
      vertex -12.2902 -6.70446 16.1
      vertex -12.2902 -6.70446 25.7
    endloop
  endfacet
  facet normal 0.951056 0.309019 0
    outer loop
      vertex 6.29115 -12.081 25.7
      vertex 5.45141 -9.49656 16.1
      vertex 5.45141 -9.49656 25.7
    endloop
  endfacet
  facet normal 0.951056 0.309019 0
    outer loop
      vertex 5.45141 -9.49656 16.1
      vertex 6.29115 -12.081 25.7
      vertex 6.29115 -12.081 16.1
    endloop
  endfacet
  facet normal 0.345587 -0.345587 0.872433
    outer loop
      vertex 13.8838 -1.8 25.7
      vertex 11.8642 -1.8 26.5
      vertex 13.4338 -2.25 25.7
    endloop
  endfacet
  facet normal 0.345587 0.345587 0.872433
    outer loop
      vertex 13.4338 2.25 25.7
      vertex 11.4642 2.2 26.5
      vertex 13.8838 1.8 25.7
    endloop
  endfacet
  facet normal -0 0.998053 0.0623783
    outer loop
      vertex 10.7163 2.25 25.7
      vertex 11.4642 2.2 26.5
      vertex 13.4338 2.25 25.7
    endloop
  endfacet
  facet normal 0 0.998053 0.0623783
    outer loop
      vertex 11.4642 2.2 26.5
      vertex 10.7163 2.25 25.7
      vertex 10.3692 2.2 26.5
    endloop
  endfacet
  facet normal 0.754285 0.548015 0.361572
    outer loop
      vertex 5.45141 9.49656 25.7
      vertex 5.29658 9.18184 26.5
      vertex 10.7163 2.25 25.7
    endloop
  endfacet
  facet normal 0.949204 -0.308417 0.0623786
    outer loop
      vertex 5.63497 10.2233 26.5
      vertex 5.45141 9.49656 25.7
      vertex 6.29115 12.081 25.7
    endloop
  endfacet
  facet normal 0.435487 0.221867 0.872426
    outer loop
      vertex 6.00223 12.6481 25.7
      vertex 5.37815 10.7273 26.5
      vertex 6.29115 12.081 25.7
    endloop
  endfacet
  facet normal 0.113801 0.350262 0.929713
    outer loop
      vertex 2.57843 13.7605 25.7
      vertex 1.95435 11.8398 26.5
      vertex 6.00223 12.6481 25.7
    endloop
  endfacet
  facet normal -0.221872 0.435472 0.872432
    outer loop
      vertex 2.0114 13.4716 25.7
      vertex 1.45032 11.583 26.5
      vertex 2.57843 13.7605 25.7
    endloop
  endfacet
  facet normal -0.949205 0.308414 0.0623765
    outer loop
      vertex 1.17165 10.8871 25.7
      vertex 1.11193 10.5415 26.5
      vertex 2.0114 13.4716 25.7
    endloop
  endfacet
  facet normal -0.288106 0.886712 0.361575
    outer loop
      vertex 1.17165 10.8871 25.7
      vertex -7.34719 8.1192 25.7
      vertex -7.09572 7.87469 26.5
    endloop
  endfacet
  facet normal 0.58664 0.807442 0.062382
    outer loop
      vertex -7.34719 8.1192 25.7
      vertex -9.54566 9.71648 25.7
      vertex -7.98163 8.51834 26.5
    endloop
  endfacet
  facet normal -0.0764548 0.482721 0.87243
    outer loop
      vertex -9.54566 9.71648 25.7
      vertex -10.1742 9.61693 25.7
      vertex -8.54035 8.42985 26.5
    endloop
  endfacet
  facet normal -0.297946 0.216473 0.929714
    outer loop
      vertex -10.1742 9.61693 25.7
      vertex -10.6564 5.51739 26.5
      vertex -8.54035 8.42985 26.5
    endloop
  endfacet
  facet normal -0.297955 0.216474 0.929711
    outer loop
      vertex -10.6564 5.51739 26.5
      vertex -10.1742 9.61693 25.7
      vertex -12.2902 6.70446 25.7
    endloop
  endfacet
  facet normal -0.4827 -0.0764106 0.872446
    outer loop
      vertex -10.5679 4.95867 26.5
      vertex -12.2902 6.70446 25.7
      vertex -12.1907 6.0759 25.7
    endloop
  endfacet
  facet normal -0.586638 -0.807443 0.0623836
    outer loop
      vertex -9.68197 4.31502 26.5
      vertex -12.1907 6.0759 25.7
      vertex -9.99222 4.47862 25.7
    endloop
  endfacet
  facet normal -0.932343 0 0.361574
    outer loop
      vertex -9.99222 4.47862 25.7
      vertex -9.68197 -4.31502 26.5
      vertex -9.68197 4.31502 26.5
    endloop
  endfacet
  facet normal -0.932343 0 0.361574
    outer loop
      vertex -9.68197 -4.31502 26.5
      vertex -9.99222 4.47862 25.7
      vertex -9.99222 -4.47862 25.7
    endloop
  endfacet
  facet normal -0.586639 0.807443 0.0623714
    outer loop
      vertex -9.99222 -4.47862 25.7
      vertex -12.1907 -6.0759 25.7
      vertex -10.5679 -4.95867 26.5
    endloop
  endfacet
  facet normal -0.482714 0.0764128 0.872438
    outer loop
      vertex -12.1907 -6.0759 25.7
      vertex -12.2902 -6.70446 25.7
      vertex -10.6564 -5.51739 26.5
    endloop
  endfacet
  facet normal -0.0764547 -0.482721 0.872431
    outer loop
      vertex -7.98163 -8.51834 26.5
      vertex -10.1742 -9.61693 25.7
      vertex -9.54566 -9.71648 25.7
    endloop
  endfacet
  facet normal 0.58664 -0.807442 0.0623815
    outer loop
      vertex -7.09572 -7.87469 26.5
      vertex -9.54566 -9.71648 25.7
      vertex -7.34719 -8.1192 25.7
    endloop
  endfacet
  facet normal -0.288109 -0.886719 0.361555
    outer loop
      vertex 1.11193 -10.5415 26.5
      vertex -7.34719 -8.1192 25.7
      vertex 1.17165 -10.8871 25.7
    endloop
  endfacet
  facet normal -0.949206 -0.308414 0.0623625
    outer loop
      vertex 1.45032 -11.583 26.5
      vertex 1.17165 -10.8871 25.7
      vertex 2.0114 -13.4716 25.7
    endloop
  endfacet
  facet normal -0.221872 -0.435472 0.872432
    outer loop
      vertex 2.57843 -13.7605 25.7
      vertex 1.95435 -11.8398 26.5
      vertex 2.0114 -13.4716 25.7
    endloop
  endfacet
  facet normal 0.113796 -0.350248 0.929719
    outer loop
      vertex 5.37815 -10.7273 26.5
      vertex 2.57843 -13.7605 25.7
      vertex 6.00223 -12.6481 25.7
    endloop
  endfacet
  facet normal 0.435496 -0.221872 0.872419
    outer loop
      vertex 6.29115 -12.081 25.7
      vertex 5.63497 -10.2233 26.5
      vertex 6.00223 -12.6481 25.7
    endloop
  endfacet
  facet normal 0.949204 0.308417 0.0623754
    outer loop
      vertex 5.45141 -9.49656 25.7
      vertex 5.29658 -9.18184 26.5
      vertex 6.29115 -12.081 25.7
    endloop
  endfacet
  facet normal 0.7543 -0.548026 0.361523
    outer loop
      vertex 10.3692 -2.2 26.5
      vertex 5.45141 -9.49656 25.7
      vertex 10.7163 -2.25 25.7
    endloop
  endfacet
  facet normal 0.682975 -0.682975 0.259018
    outer loop
      vertex 11.7125 -1.8 26.9
      vertex 11.4642 -2.2 26.5
      vertex 11.8642 -1.8 26.5
    endloop
  endfacet
  facet normal 0.682975 0.682975 0.259018
    outer loop
      vertex 11.4642 2.2 26.5
      vertex 11.4125 2.1 26.9
      vertex 11.8642 1.8 26.5
    endloop
  endfacet
  facet normal -0 0.970143 0.242536
    outer loop
      vertex 10.3692 2.2 26.5
      vertex 11.4125 2.1 26.9
      vertex 11.4642 2.2 26.5
    endloop
  endfacet
  facet normal 0 0.970143 0.242536
    outer loop
      vertex 11.4125 2.1 26.9
      vertex 10.3692 2.2 26.5
      vertex 10.2368 2.1 26.9
    endloop
  endfacet
  facet normal 0.747317 0.542959 0.383032
    outer loop
      vertex 5.29658 9.18184 26.5
      vertex 5.16057 9.08686 26.9
      vertex 10.3692 2.2 26.5
    endloop
  endfacet
  facet normal 0.922657 -0.299789 0.242553
    outer loop
      vertex 5.52387 10.205 26.9
      vertex 5.29658 9.18184 26.5
      vertex 5.63497 10.2233 26.5
    endloop
  endfacet
  facet normal 0.860572 0.438516 0.259075
    outer loop
      vertex 5.37815 10.7273 26.5
      vertex 5.33126 10.583 26.9
      vertex 5.63497 10.2233 26.5
    endloop
  endfacet
  facet normal 0.288939 0.88923 0.354661
    outer loop
      vertex 1.95435 11.8398 26.5
      vertex 1.90746 11.6955 26.9
      vertex 5.37815 10.7273 26.5
    endloop
  endfacet
  facet normal -0.438469 0.860599 0.259064
    outer loop
      vertex 1.95435 11.8398 26.5
      vertex 1.45032 11.583 26.5
      vertex 1.52944 11.5029 26.9
    endloop
  endfacet
  facet normal -0.922664 0.299779 0.242535
    outer loop
      vertex 1.45032 11.583 26.5
      vertex 1.11193 10.5415 26.5
      vertex 1.16613 10.3847 26.9
    endloop
  endfacet
  facet normal -0.285448 0.878526 0.38303
    outer loop
      vertex 1.11193 10.5415 26.5
      vertex -7.09572 7.87469 26.5
      vertex -7.04741 7.71599 26.9
    endloop
  endfacet
  facet normal 0.570236 0.784864 0.242529
    outer loop
      vertex -7.98163 8.51834 26.5
      vertex -7.99855 8.40703 26.9
      vertex -7.09572 7.87469 26.5
    endloop
  endfacet
  facet normal -0.151089 0.953965 0.25908
    outer loop
      vertex -7.98163 8.51834 26.5
      vertex -8.54035 8.42985 26.5
      vertex -8.41759 8.34066 26.9
    endloop
  endfacet
  facet normal -0.756416 0.549575 0.354686
    outer loop
      vertex -10.6564 5.51739 26.5
      vertex -8.41759 8.34066 26.9
      vertex -8.54035 8.42985 26.5
    endloop
  endfacet
  facet normal -0.756401 0.549553 0.354752
    outer loop
      vertex -8.41759 8.34066 26.9
      vertex -10.6564 5.51739 26.5
      vertex -10.5336 5.4282 26.9
    endloop
  endfacet
  facet normal -0.953925 -0.1511 0.259223
    outer loop
      vertex -10.4672 5.00916 26.9
      vertex -10.6564 5.51739 26.5
      vertex -10.5679 4.95867 26.5
    endloop
  endfacet
  facet normal -0.570227 -0.78487 0.242528
    outer loop
      vertex -9.51611 4.31812 26.9
      vertex -10.5679 4.95867 26.5
      vertex -9.68197 4.31502 26.5
    endloop
  endfacet
  facet normal -0.923737 0 0.383028
    outer loop
      vertex -9.68197 -4.31502 26.5
      vertex -9.51611 4.31812 26.9
      vertex -9.68197 4.31502 26.5
    endloop
  endfacet
  facet normal -0.923737 0 0.383028
    outer loop
      vertex -9.51611 4.31812 26.9
      vertex -9.68197 -4.31502 26.5
      vertex -9.51611 -4.31812 26.9
    endloop
  endfacet
  facet normal -0.570214 0.784852 0.242619
    outer loop
      vertex -9.68197 -4.31502 26.5
      vertex -10.5679 -4.95867 26.5
      vertex -10.4672 -5.00916 26.9
    endloop
  endfacet
  facet normal -0.953939 0.151102 0.259167
    outer loop
      vertex -10.5679 -4.95867 26.5
      vertex -10.6564 -5.51739 26.5
      vertex -10.5336 -5.4282 26.9
    endloop
  endfacet
  facet normal -0.151089 -0.953967 0.259074
    outer loop
      vertex -7.99855 -8.40703 26.9
      vertex -8.54035 -8.42985 26.5
      vertex -7.98163 -8.51834 26.5
    endloop
  endfacet
  facet normal 0.570236 -0.784865 0.242525
    outer loop
      vertex -7.04741 -7.71599 26.9
      vertex -7.98163 -8.51834 26.5
      vertex -7.09572 -7.87469 26.5
    endloop
  endfacet
  facet normal -0.285445 -0.878515 0.383056
    outer loop
      vertex 1.16613 -10.3847 26.9
      vertex -7.09572 -7.87469 26.5
      vertex 1.11193 -10.5415 26.5
    endloop
  endfacet
  facet normal -0.922664 -0.29978 0.242534
    outer loop
      vertex 1.52944 -11.5029 26.9
      vertex 1.11193 -10.5415 26.5
      vertex 1.45032 -11.583 26.5
    endloop
  endfacet
  facet normal -0.43847 -0.860599 0.259062
    outer loop
      vertex 1.90746 -11.6955 26.9
      vertex 1.45032 -11.583 26.5
      vertex 1.95435 -11.8398 26.5
    endloop
  endfacet
  facet normal 0.288939 -0.88923 0.354661
    outer loop
      vertex 5.33126 -10.583 26.9
      vertex 1.95435 -11.8398 26.5
      vertex 5.37815 -10.7273 26.5
    endloop
  endfacet
  facet normal 0.860569 -0.438515 0.259085
    outer loop
      vertex 5.52387 -10.205 26.9
      vertex 5.37815 -10.7273 26.5
      vertex 5.63497 -10.2233 26.5
    endloop
  endfacet
  facet normal 0.922659 0.299789 0.242542
    outer loop
      vertex 5.29658 -9.18184 26.5
      vertex 5.16057 -9.08686 26.9
      vertex 5.63497 -10.2233 26.5
    endloop
  endfacet
  facet normal 0.747297 -0.542945 0.383091
    outer loop
      vertex 10.2368 -2.1 26.9
      vertex 5.29658 -9.18184 26.5
      vertex 10.3692 -2.2 26.5
    endloop
  endfacet
  facet normal 0.452401 0.452401 -0.768548
    outer loop
      vertex 11.7125 1.8 26.9
      vertex 13.1812 2.2 28
      vertex 13.5812 1.8 28
    endloop
  endfacet
  facet normal 0.452401 0.452401 -0.768548
    outer loop
      vertex 13.1812 2.2 28
      vertex 11.7125 1.8 26.9
      vertex 11.4125 2.1 26.9
    endloop
  endfacet
  facet normal 0 0.995893 -0.0905357
    outer loop
      vertex 11.4125 2.1 26.9
      vertex 11.2367 2.2 28
      vertex 13.1812 2.2 28
    endloop
  endfacet
  facet normal 0 0.995893 -0.0905357
    outer loop
      vertex 11.2367 2.2 28
      vertex 11.4125 2.1 26.9
      vertex 10.2368 2.1 26.9
    endloop
  endfacet
  facet normal 0.635191 0.461492 -0.61932
    outer loop
      vertex 10.2368 2.1 26.9
      vertex 5.16057 9.08686 26.9
      vertex 5.56464 10.0069 28
    endloop
  endfacet
  facet normal 0.947152 -0.307743 -0.0905379
    outer loop
      vertex 6.16555 11.8563 28
      vertex 5.16057 9.08686 26.9
      vertex 5.52387 10.205 26.9
    endloop
  endfacet
  facet normal 0.570037 0.290463 -0.768563
    outer loop
      vertex 5.52387 10.205 26.9
      vertex 5.33126 10.583 26.9
      vertex 5.90873 12.3603 28
    endloop
  endfacet
  facet normal 0.15676 0.482441 -0.861787
    outer loop
      vertex 5.33126 10.583 26.9
      vertex 1.90746 11.6955 26.9
      vertex 2.48493 13.4728 28
    endloop
  endfacet
  facet normal -0.290448 0.570068 -0.768546
    outer loop
      vertex 1.90746 11.6955 26.9
      vertex 1.52944 11.5029 26.9
      vertex 1.9809 13.2159 28
    endloop
  endfacet
  facet normal -0.947155 0.307737 -0.0905246
    outer loop
      vertex 1.52944 11.5029 26.9
      vertex 1.16613 10.3847 26.9
      vertex 1.37999 11.3665 28
    endloop
  endfacet
  facet normal -0.242621 0.746719 -0.61931
    outer loop
      vertex -7.04741 7.71599 26.9
      vertex -7.79752 8.38458 28
      vertex 1.16613 10.3847 26.9
    endloop
  endfacet
  facet normal 0.585369 0.805696 -0.0905349
    outer loop
      vertex -7.99855 8.40703 26.9
      vertex -9.37072 9.52757 28
      vertex -7.04741 7.71599 26.9
    endloop
  endfacet
  facet normal -0.100085 0.631906 -0.768556
    outer loop
      vertex -8.41759 8.34066 26.9
      vertex -9.92944 9.43908 28
      vertex -7.99855 8.40703 26.9
    endloop
  endfacet
  facet normal -0.410393 0.298166 -0.861786
    outer loop
      vertex -10.5336 5.4282 26.9
      vertex -9.92944 9.43908 28
      vertex -8.41759 8.34066 26.9
    endloop
  endfacet
  facet normal -0.410383 0.298166 -0.86179
    outer loop
      vertex -9.92944 9.43908 28
      vertex -10.5336 5.4282 26.9
      vertex -12.0455 6.52662 28
    endloop
  endfacet
  facet normal -0.631902 -0.10013 -0.768553
    outer loop
      vertex -10.4672 5.00916 26.9
      vertex -11.957 5.9679 28
      vertex -10.5336 5.4282 26.9
    endloop
  endfacet
  facet normal -0.585387 -0.805678 -0.0905755
    outer loop
      vertex -10.3838 4.8249 28
      vertex -10.4672 5.00916 26.9
      vertex -9.51611 4.31812 26.9
    endloop
  endfacet
  facet normal -0.785136 0 -0.619323
    outer loop
      vertex -9.51611 -4.31812 26.9
      vertex -10.3838 4.8249 28
      vertex -9.51611 4.31812 26.9
    endloop
  endfacet
  facet normal -0.785136 -0 -0.619323
    outer loop
      vertex -10.3838 4.8249 28
      vertex -9.51611 -4.31812 26.9
      vertex -10.3838 -4.8249 28
    endloop
  endfacet
  facet normal -0.585385 0.805676 -0.0906123
    outer loop
      vertex -10.4672 -5.00916 26.9
      vertex -11.957 -5.9679 28
      vertex -9.51611 -4.31812 26.9
    endloop
  endfacet
  facet normal -0.631911 0.100131 -0.768546
    outer loop
      vertex -10.5336 -5.4282 26.9
      vertex -12.0455 -6.52662 28
      vertex -10.4672 -5.00916 26.9
    endloop
  endfacet
  facet normal -0.100085 -0.631907 -0.768555
    outer loop
      vertex -7.99855 -8.40703 26.9
      vertex -9.37072 -9.52757 28
      vertex -8.41759 -8.34066 26.9
    endloop
  endfacet
  facet normal 0.585369 -0.805696 -0.0905354
    outer loop
      vertex -7.79752 -8.38458 28
      vertex -7.99855 -8.40703 26.9
      vertex -7.04741 -7.71599 26.9
    endloop
  endfacet
  facet normal -0.242621 -0.746719 -0.619311
    outer loop
      vertex 1.37999 -11.3665 28
      vertex -7.04741 -7.71599 26.9
      vertex 1.16613 -10.3847 26.9
    endloop
  endfacet
  facet normal -0.947158 -0.307737 -0.0905002
    outer loop
      vertex 1.9809 -13.2159 28
      vertex 1.16613 -10.3847 26.9
      vertex 1.52944 -11.5029 26.9
    endloop
  endfacet
  facet normal -0.290436 -0.570045 -0.768567
    outer loop
      vertex 2.48493 -13.4728 28
      vertex 1.52944 -11.5029 26.9
      vertex 1.90746 -11.6955 26.9
    endloop
  endfacet
  facet normal 0.15676 -0.482441 -0.861787
    outer loop
      vertex 5.90873 -12.3603 28
      vertex 1.90746 -11.6955 26.9
      vertex 5.33126 -10.583 26.9
    endloop
  endfacet
  facet normal 0.570036 -0.290462 -0.768564
    outer loop
      vertex 6.16555 -11.8563 28
      vertex 5.33126 -10.583 26.9
      vertex 5.52387 -10.205 26.9
    endloop
  endfacet
  facet normal 0.947153 0.307744 -0.0905268
    outer loop
      vertex 5.52387 -10.205 26.9
      vertex 5.16057 -9.08686 26.9
      vertex 5.56464 -10.0069 28
    endloop
  endfacet
  facet normal 0.635182 -0.461485 -0.619334
    outer loop
      vertex 11.2367 -2.2 28
      vertex 5.16057 -9.08686 26.9
      vertex 10.2368 -2.1 26.9
    endloop
  endfacet
  facet normal 0.707107 0.707107 0
    outer loop
      vertex 13.5812 1.8 28.6
      vertex 13.1812 2.2 28
      vertex 13.1812 2.2 28.6
    endloop
  endfacet
  facet normal 0.707107 0.707107 0
    outer loop
      vertex 13.1812 2.2 28
      vertex 13.5812 1.8 28.6
      vertex 13.5812 1.8 28
    endloop
  endfacet
  facet normal 0 1 -0
    outer loop
      vertex 13.1812 2.2 28
      vertex 11.2367 2.2 28.6
      vertex 13.1812 2.2 28.6
    endloop
  endfacet
  facet normal 0 1 0
    outer loop
      vertex 11.2367 2.2 28.6
      vertex 13.1812 2.2 28
      vertex 11.2367 2.2 28
    endloop
  endfacet
  facet normal 0.809016 0.587786 0
    outer loop
      vertex 11.2367 2.2 28.6
      vertex 5.56464 10.0069 28
      vertex 5.56464 10.0069 28.6
    endloop
  endfacet
  facet normal 0.809016 0.587786 0
    outer loop
      vertex 5.56464 10.0069 28
      vertex 11.2367 2.2 28.6
      vertex 11.2367 2.2 28
    endloop
  endfacet
  facet normal 0.890993 0.454017 0
    outer loop
      vertex 6.16555 11.8563 28.6
      vertex 5.90873 12.3603 28
      vertex 5.90873 12.3603 28.6
    endloop
  endfacet
  facet normal 0.890993 0.454017 0
    outer loop
      vertex 5.90873 12.3603 28
      vertex 6.16555 11.8563 28.6
      vertex 6.16555 11.8563 28
    endloop
  endfacet
  facet normal 0.309027 0.951053 -0
    outer loop
      vertex 5.90873 12.3603 28
      vertex 2.48493 13.4728 28.6
      vertex 5.90873 12.3603 28.6
    endloop
  endfacet
  facet normal 0.309027 0.951053 0
    outer loop
      vertex 2.48493 13.4728 28.6
      vertex 5.90873 12.3603 28
      vertex 2.48493 13.4728 28
    endloop
  endfacet
  facet normal -0.454108 0.890947 0
    outer loop
      vertex 2.48493 13.4728 28
      vertex 1.9809 13.2159 28.6
      vertex 2.48493 13.4728 28.6
    endloop
  endfacet
  facet normal -0.454108 0.890947 0
    outer loop
      vertex 1.9809 13.2159 28.6
      vertex 2.48493 13.4728 28
      vertex 1.9809 13.2159 28
    endloop
  endfacet
  facet normal -0.951056 0.309019 0
    outer loop
      vertex 1.37999 11.3665 28
      vertex 1.9809 13.2159 28.6
      vertex 1.9809 13.2159 28
    endloop
  endfacet
  facet normal -0.951056 0.309019 0
    outer loop
      vertex 1.9809 13.2159 28.6
      vertex 1.37999 11.3665 28
      vertex 1.37999 11.3665 28.6
    endloop
  endfacet
  facet normal -0.309014 0.951058 0
    outer loop
      vertex 1.37999 11.3665 28
      vertex -7.79752 8.38458 28.6
      vertex 1.37999 11.3665 28.6
    endloop
  endfacet
  facet normal -0.309014 0.951058 0
    outer loop
      vertex -7.79752 8.38458 28.6
      vertex 1.37999 11.3665 28
      vertex -7.79752 8.38458 28
    endloop
  endfacet
  facet normal 0.587783 0.809019 -0
    outer loop
      vertex -7.79752 8.38458 28
      vertex -9.37072 9.52757 28.6
      vertex -7.79752 8.38458 28.6
    endloop
  endfacet
  facet normal 0.587783 0.809019 0
    outer loop
      vertex -9.37072 9.52757 28.6
      vertex -7.79752 8.38458 28
      vertex -9.37072 9.52757 28
    endloop
  endfacet
  facet normal -0.15643 0.987689 0
    outer loop
      vertex -9.37072 9.52757 28
      vertex -9.92944 9.43908 28.6
      vertex -9.37072 9.52757 28.6
    endloop
  endfacet
  facet normal -0.15643 0.987689 0
    outer loop
      vertex -9.92944 9.43908 28.6
      vertex -9.37072 9.52757 28
      vertex -9.92944 9.43908 28
    endloop
  endfacet
  facet normal -0.809013 0.587791 0
    outer loop
      vertex -12.0455 6.52662 28
      vertex -9.92944 9.43908 28.6
      vertex -9.92944 9.43908 28
    endloop
  endfacet
  facet normal -0.809013 0.587791 0
    outer loop
      vertex -9.92944 9.43908 28.6
      vertex -12.0455 6.52662 28
      vertex -12.0455 6.52662 28.6
    endloop
  endfacet
  facet normal -1 0 0
    outer loop
      vertex -10.3838 -4.8249 28
      vertex -10.3838 4.8249 28.6
      vertex -10.3838 4.8249 28
    endloop
  endfacet
  facet normal -1 -0 0
    outer loop
      vertex -10.3838 4.8249 28.6
      vertex -10.3838 -4.8249 28
      vertex -10.3838 -4.8249 28.6
    endloop
  endfacet
  facet normal -0.587786 0.809016 0
    outer loop
      vertex -10.3838 -4.8249 28
      vertex -11.957 -5.9679 28.6
      vertex -10.3838 -4.8249 28.6
    endloop
  endfacet
  facet normal -0.587786 0.809016 0
    outer loop
      vertex -11.957 -5.9679 28.6
      vertex -10.3838 -4.8249 28
      vertex -11.957 -5.9679 28
    endloop
  endfacet
  facet normal -0.987686 0.156447 0
    outer loop
      vertex -12.0455 -6.52662 28
      vertex -11.957 -5.9679 28.6
      vertex -11.957 -5.9679 28
    endloop
  endfacet
  facet normal -0.987686 0.156447 0
    outer loop
      vertex -11.957 -5.9679 28.6
      vertex -12.0455 -6.52662 28
      vertex -12.0455 -6.52662 28.6
    endloop
  endfacet
  facet normal 0.951056 0.309019 0
    outer loop
      vertex 6.16555 -11.8563 28.6
      vertex 5.56464 -10.0069 28
      vertex 5.56464 -10.0069 28.6
    endloop
  endfacet
  facet normal 0.951056 0.309019 0
    outer loop
      vertex 5.56464 -10.0069 28
      vertex 6.16555 -11.8563 28.6
      vertex 6.16555 -11.8563 28
    endloop
  endfacet
  facet normal 0.405765 0.405765 0.818969
    outer loop
      vertex 13.1812 2.2 28.6
      vertex 12.9757 1.8 28.9
      vertex 13.5812 1.8 28.6
    endloop
  endfacet
  facet normal 0.405765 0.405765 0.818969
    outer loop
      vertex 12.9757 1.8 28.9
      vertex 13.1812 2.2 28.6
      vertex 12.6257 2.15 28.9
    endloop
  endfacet
  facet normal -0 0.986394 0.164399
    outer loop
      vertex 11.2367 2.2 28.6
      vertex 12.6257 2.15 28.9
      vertex 13.1812 2.2 28.6
    endloop
  endfacet
  facet normal 0 0.986394 0.164399
    outer loop
      vertex 12.6257 2.15 28.9
      vertex 11.2367 2.2 28.6
      vertex 11.2463 2.15 28.9
    endloop
  endfacet
  facet normal 0.806929 0.58627 0.0717818
    outer loop
      vertex 5.56464 10.0069 28.6
      vertex 5.52008 10.0315 28.9
      vertex 11.2367 2.2 28.6
    endloop
  endfacet
  facet normal 0.938123 -0.304817 0.164352
    outer loop
      vertex 5.94634 11.3434 28.9
      vertex 5.56464 10.0069 28.6
      vertex 6.16555 11.8563 28.6
    endloop
  endfacet
  facet normal 0.511269 0.260524 0.818981
    outer loop
      vertex 5.90873 12.3603 28.6
      vertex 5.72163 11.7844 28.9
      vertex 6.16555 11.8563 28.6
    endloop
  endfacet
  facet normal 0.137189 0.422208 0.896058
    outer loop
      vertex 2.48493 13.4728 28.6
      vertex 5.72163 11.7844 28.9
      vertex 5.90873 12.3603 28.6
    endloop
  endfacet
  facet normal 0.137188 0.422206 0.896059
    outer loop
      vertex 5.72163 11.7844 28.9
      vertex 2.48493 13.4728 28.6
      vertex 2.29782 12.8969 28.9
    endloop
  endfacet
  facet normal -0.260626 0.511339 0.818905
    outer loop
      vertex 1.9809 13.2159 28.6
      vertex 1.8568 12.6722 28.9
      vertex 2.48493 13.4728 28.6
    endloop
  endfacet
  facet normal -0.93812 0.304815 0.164373
    outer loop
      vertex 1.9809 13.2159 28.6
      vertex 1.37999 11.3665 28.6
      vertex 1.43054 11.3603 28.9
    endloop
  endfacet
  facet normal -0.308218 0.948609 0.0717042
    outer loop
      vertex -7.79752 8.38458 28.6
      vertex -7.83474 8.34981 28.9
      vertex 1.37999 11.3665 28.6
    endloop
  endfacet
  facet normal 0.579787 0.798012 0.164389
    outer loop
      vertex -7.79752 8.38458 28.6
      vertex -9.37072 9.52757 28.6
      vertex -8.9507 9.16061 28.9
    endloop
  endfacet
  facet normal -0.0897666 0.56678 0.818964
    outer loop
      vertex -9.37072 9.52757 28.6
      vertex -9.92944 9.43908 28.6
      vertex -9.43959 9.08318 28.9
    endloop
  endfacet
  facet normal -0.359173 0.260952 0.896046
    outer loop
      vertex -9.92944 9.43908 28.6
      vertex -11.5556 6.17072 28.9
      vertex -9.43959 9.08318 28.9
    endloop
  endfacet
  facet normal -0.359151 0.260942 0.896058
    outer loop
      vertex -11.5556 6.17072 28.9
      vertex -9.92944 9.43908 28.6
      vertex -12.0455 6.52662 28.6
    endloop
  endfacet
  facet normal -0.566774 -0.0897758 0.818967
    outer loop
      vertex -11.4782 5.68184 28.9
      vertex -12.0455 6.52662 28.6
      vertex -11.957 5.9679 28.6
    endloop
  endfacet
  facet normal -0.579781 -0.797998 0.164476
    outer loop
      vertex -10.3622 4.87104 28.9
      vertex -11.957 5.9679 28.6
      vertex -10.3838 4.8249 28.6
    endloop
  endfacet
  facet normal -0.997418 0 0.0718141
    outer loop
      vertex -10.3838 -4.8249 28.6
      vertex -10.3622 4.87104 28.9
      vertex -10.3838 4.8249 28.6
    endloop
  endfacet
  facet normal -0.997418 0 0.0718141
    outer loop
      vertex -10.3622 4.87104 28.9
      vertex -10.3838 -4.8249 28.6
      vertex -10.3622 -4.87104 28.9
    endloop
  endfacet
  facet normal -0.579787 0.798007 0.164415
    outer loop
      vertex -10.3838 -4.8249 28.6
      vertex -11.957 -5.9679 28.6
      vertex -11.4782 -5.68184 28.9
    endloop
  endfacet
  facet normal -0.566741 0.0897705 0.818991
    outer loop
      vertex -11.957 -5.9679 28.6
      vertex -12.0455 -6.52662 28.6
      vertex -11.5556 -6.17072 28.9
    endloop
  endfacet
  facet normal -0.0897665 -0.56678 0.818964
    outer loop
      vertex -8.9507 -9.16061 28.9
      vertex -9.92944 -9.43908 28.6
      vertex -9.37072 -9.52757 28.6
    endloop
  endfacet
  facet normal 0.579783 -0.798008 0.164421
    outer loop
      vertex -7.83474 -8.34981 28.9
      vertex -9.37072 -9.52757 28.6
      vertex -7.79752 -8.38458 28.6
    endloop
  endfacet
  facet normal -0.308222 -0.948621 0.0715402
    outer loop
      vertex 1.43054 -11.3603 28.9
      vertex -7.79752 -8.38458 28.6
      vertex 1.37999 -11.3665 28.6
    endloop
  endfacet
  facet normal -0.938122 -0.304816 0.164359
    outer loop
      vertex 1.8568 -12.6722 28.9
      vertex 1.37999 -11.3665 28.6
      vertex 1.9809 -13.2159 28.6
    endloop
  endfacet
  facet normal -0.260595 -0.511279 0.818953
    outer loop
      vertex 2.29782 -12.8969 28.9
      vertex 1.9809 -13.2159 28.6
      vertex 2.48493 -13.4728 28.6
    endloop
  endfacet
  facet normal 0.511264 -0.260522 0.818986
    outer loop
      vertex 5.94634 -11.3434 28.9
      vertex 5.90873 -12.3603 28.6
      vertex 6.16555 -11.8563 28.6
    endloop
  endfacet
  facet normal 0.938126 0.304817 0.164338
    outer loop
      vertex 5.56464 -10.0069 28.6
      vertex 5.52008 -10.0315 28.9
      vertex 6.16555 -11.8563 28.6
    endloop
  endfacet
  facet normal 0.806923 -0.586265 0.0718894
    outer loop
      vertex 11.2463 -2.15 28.9
      vertex 5.56464 -10.0069 28.6
      vertex 11.2367 -2.2 28.6
    endloop
  endfacet
  facet normal 0.707107 0.707107 0
    outer loop
      vertex 12.9757 1.8 29.4
      vertex 12.6257 2.15 28.9
      vertex 12.6257 2.15 29.4
    endloop
  endfacet
  facet normal 0.707107 0.707107 0
    outer loop
      vertex 12.6257 2.15 28.9
      vertex 12.9757 1.8 29.4
      vertex 12.9757 1.8 28.9
    endloop
  endfacet
  facet normal 0 1 -0
    outer loop
      vertex 12.6257 2.15 28.9
      vertex 11.2463 2.15 29.4
      vertex 12.6257 2.15 29.4
    endloop
  endfacet
  facet normal 0 1 0
    outer loop
      vertex 11.2463 2.15 29.4
      vertex 12.6257 2.15 28.9
      vertex 11.2463 2.15 28.9
    endloop
  endfacet
  facet normal 0.809018 0.587784 0
    outer loop
      vertex 11.2463 2.15 29.4
      vertex 5.52008 10.0315 28.9
      vertex 5.52008 10.0315 29.4
    endloop
  endfacet
  facet normal 0.809018 0.587784 0
    outer loop
      vertex 5.52008 10.0315 28.9
      vertex 11.2463 2.15 29.4
      vertex 11.2463 2.15 28.9
    endloop
  endfacet
  facet normal 0.890999 0.454005 0
    outer loop
      vertex 5.94634 11.3434 29.4
      vertex 5.72163 11.7844 28.9
      vertex 5.72163 11.7844 29.4
    endloop
  endfacet
  facet normal 0.890999 0.454005 0
    outer loop
      vertex 5.72163 11.7844 28.9
      vertex 5.94634 11.3434 29.4
      vertex 5.94634 11.3434 28.9
    endloop
  endfacet
  facet normal 0.309026 0.951054 -0
    outer loop
      vertex 5.72163 11.7844 28.9
      vertex 2.29782 12.8969 29.4
      vertex 5.72163 11.7844 29.4
    endloop
  endfacet
  facet normal 0.309026 0.951054 0
    outer loop
      vertex 2.29782 12.8969 29.4
      vertex 5.72163 11.7844 28.9
      vertex 2.29782 12.8969 28.9
    endloop
  endfacet
  facet normal -0.453973 0.891015 0
    outer loop
      vertex 2.29782 12.8969 28.9
      vertex 1.8568 12.6722 29.4
      vertex 2.29782 12.8969 29.4
    endloop
  endfacet
  facet normal -0.453973 0.891015 0
    outer loop
      vertex 1.8568 12.6722 29.4
      vertex 2.29782 12.8969 28.9
      vertex 1.8568 12.6722 28.9
    endloop
  endfacet
  facet normal -0.951057 0.309016 0
    outer loop
      vertex 1.43054 11.3603 28.9
      vertex 1.8568 12.6722 29.4
      vertex 1.8568 12.6722 28.9
    endloop
  endfacet
  facet normal -0.951057 0.309016 0
    outer loop
      vertex 1.8568 12.6722 29.4
      vertex 1.43054 11.3603 28.9
      vertex 1.43054 11.3603 29.4
    endloop
  endfacet
  facet normal -0.309019 0.951056 0
    outer loop
      vertex 1.43054 11.3603 28.9
      vertex -7.83474 8.34981 29.4
      vertex 1.43054 11.3603 29.4
    endloop
  endfacet
  facet normal -0.309019 0.951056 0
    outer loop
      vertex -7.83474 8.34981 29.4
      vertex 1.43054 11.3603 28.9
      vertex -7.83474 8.34981 28.9
    endloop
  endfacet
  facet normal 0.587789 0.809014 -0
    outer loop
      vertex -7.83474 8.34981 28.9
      vertex -8.9507 9.16061 29.4
      vertex -7.83474 8.34981 29.4
    endloop
  endfacet
  facet normal 0.587789 0.809014 0
    outer loop
      vertex -8.9507 9.16061 29.4
      vertex -7.83474 8.34981 28.9
      vertex -8.9507 9.16061 28.9
    endloop
  endfacet
  facet normal -0.156429 0.987689 0
    outer loop
      vertex -8.9507 9.16061 28.9
      vertex -9.43959 9.08318 29.4
      vertex -8.9507 9.16061 29.4
    endloop
  endfacet
  facet normal -0.156429 0.987689 0
    outer loop
      vertex -9.43959 9.08318 29.4
      vertex -8.9507 9.16061 28.9
      vertex -9.43959 9.08318 28.9
    endloop
  endfacet
  facet normal -0.809019 0.587782 0
    outer loop
      vertex -11.5556 6.17072 28.9
      vertex -9.43959 9.08318 29.4
      vertex -9.43959 9.08318 28.9
    endloop
  endfacet
  facet normal -0.809019 0.587782 0
    outer loop
      vertex -9.43959 9.08318 29.4
      vertex -11.5556 6.17072 28.9
      vertex -11.5556 6.17072 29.4
    endloop
  endfacet
  facet normal -1 0 0
    outer loop
      vertex -10.3622 -4.87104 28.9
      vertex -10.3622 4.87104 29.4
      vertex -10.3622 4.87104 28.9
    endloop
  endfacet
  facet normal -1 -0 0
    outer loop
      vertex -10.3622 4.87104 29.4
      vertex -10.3622 -4.87104 28.9
      vertex -10.3622 -4.87104 29.4
    endloop
  endfacet
  facet normal -0.587775 0.809024 0
    outer loop
      vertex -10.3622 -4.87104 28.9
      vertex -11.4782 -5.68184 29.4
      vertex -10.3622 -4.87104 29.4
    endloop
  endfacet
  facet normal -0.587775 0.809024 0
    outer loop
      vertex -11.4782 -5.68184 29.4
      vertex -10.3622 -4.87104 28.9
      vertex -11.4782 -5.68184 28.9
    endloop
  endfacet
  facet normal -0.987698 0.156373 0
    outer loop
      vertex -11.5556 -6.17072 28.9
      vertex -11.4782 -5.68184 29.4
      vertex -11.4782 -5.68184 28.9
    endloop
  endfacet
  facet normal -0.987698 0.156373 0
    outer loop
      vertex -11.4782 -5.68184 29.4
      vertex -11.5556 -6.17072 28.9
      vertex -11.5556 -6.17072 29.4
    endloop
  endfacet
  facet normal 0.951057 0.309016 0
    outer loop
      vertex 5.94634 -11.3434 29.4
      vertex 5.52008 -10.0315 28.9
      vertex 5.52008 -10.0315 29.4
    endloop
  endfacet
  facet normal 0.951057 0.309016 0
    outer loop
      vertex 5.52008 -10.0315 28.9
      vertex 5.94634 -11.3434 29.4
      vertex 5.94634 -11.3434 28.9
    endloop
  endfacet
  facet normal 0.447531 0.447531 -0.774229
    outer loop
      vertex 12.9757 1.8 29.4
      vertex 13.1812 2.2 29.75
      vertex 13.5812 1.8 29.75
    endloop
  endfacet
  facet normal 0.447531 0.447531 -0.774229
    outer loop
      vertex 13.1812 2.2 29.75
      vertex 12.9757 1.8 29.4
      vertex 12.6257 2.15 29.4
    endloop
  endfacet
  facet normal 0 0.989949 -0.141421
    outer loop
      vertex 12.6257 2.15 29.4
      vertex 11.2367 2.2 29.75
      vertex 13.1812 2.2 29.75
    endloop
  endfacet
  facet normal 0 0.989949 -0.141421
    outer loop
      vertex 11.2367 2.2 29.75
      vertex 12.6257 2.15 29.4
      vertex 11.2463 2.15 29.4
    endloop
  endfacet
  facet normal 0.807483 0.586668 -0.0615698
    outer loop
      vertex 11.2463 2.15 29.4
      vertex 5.52008 10.0315 29.4
      vertex 5.56464 10.0069 29.75
    endloop
  endfacet
  facet normal 0.941503 -0.305911 -0.141386
    outer loop
      vertex 6.16555 11.8563 29.75
      vertex 5.52008 10.0315 29.4
      vertex 5.94634 11.3434 29.4
    endloop
  endfacet
  facet normal 0.563906 0.287336 -0.77424
    outer loop
      vertex 5.94634 11.3434 29.4
      vertex 5.72163 11.7844 29.4
      vertex 5.90873 12.3603 29.75
    endloop
  endfacet
  facet normal 0.154645 0.475931 -0.86578
    outer loop
      vertex 5.72163 11.7844 29.4
      vertex 2.48493 13.4728 29.75
      vertex 5.90873 12.3603 29.75
    endloop
  endfacet
  facet normal 0.154644 0.47593 -0.865781
    outer loop
      vertex 2.48493 13.4728 29.75
      vertex 5.72163 11.7844 29.4
      vertex 2.29782 12.8969 29.4
    endloop
  endfacet
  facet normal -0.28734 0.563965 -0.774196
    outer loop
      vertex 2.29782 12.8969 29.4
      vertex 1.8568 12.6722 29.4
      vertex 1.9809 13.2159 29.75
    endloop
  endfacet
  facet normal -0.941501 0.305911 -0.141399
    outer loop
      vertex 1.43054 11.3603 29.4
      vertex 1.37999 11.3665 29.75
      vertex 1.8568 12.6722 29.4
    endloop
  endfacet
  facet normal -0.308434 0.949256 -0.061502
    outer loop
      vertex 1.43054 11.3603 29.4
      vertex -7.83474 8.34981 29.4
      vertex -7.79752 8.38458 29.75
    endloop
  endfacet
  facet normal 0.581883 0.800886 -0.141402
    outer loop
      vertex -8.9507 9.16061 29.4
      vertex -9.37072 9.52757 29.75
      vertex -7.83474 8.34981 29.4
    endloop
  endfacet
  facet normal -0.099006 0.62512 -0.774224
    outer loop
      vertex -9.43959 9.08318 29.4
      vertex -9.92944 9.43908 29.75
      vertex -8.9507 9.16061 29.4
    endloop
  endfacet
  facet normal -0.404874 0.294156 -0.865765
    outer loop
      vertex -11.5556 6.17072 29.4
      vertex -9.92944 9.43908 29.75
      vertex -9.43959 9.08318 29.4
    endloop
  endfacet
  facet normal -0.404851 0.294146 -0.86578
    outer loop
      vertex -9.92944 9.43908 29.75
      vertex -11.5556 6.17072 29.4
      vertex -12.0455 6.52662 29.75
    endloop
  endfacet
  facet normal -0.625098 -0.0989661 -0.774247
    outer loop
      vertex -11.4782 5.68184 29.4
      vertex -11.957 5.9679 29.75
      vertex -11.5556 6.17072 29.4
    endloop
  endfacet
  facet normal -0.581862 -0.800885 -0.141489
    outer loop
      vertex -10.3838 4.8249 29.75
      vertex -11.4782 5.68184 29.4
      vertex -10.3622 4.87104 29.4
    endloop
  endfacet
  facet normal -0.998101 0 -0.0615971
    outer loop
      vertex -10.3622 4.87104 29.4
      vertex -10.3838 -4.8249 29.75
      vertex -10.3838 4.8249 29.75
    endloop
  endfacet
  facet normal -0.998101 0 -0.0615971
    outer loop
      vertex -10.3838 -4.8249 29.75
      vertex -10.3622 4.87104 29.4
      vertex -10.3622 -4.87104 29.4
    endloop
  endfacet
  facet normal -0.581868 0.800894 -0.141414
    outer loop
      vertex -11.4782 -5.68184 29.4
      vertex -11.957 -5.9679 29.75
      vertex -10.3622 -4.87104 29.4
    endloop
  endfacet
  facet normal -0.625061 0.0989603 -0.774278
    outer loop
      vertex -11.5556 -6.17072 29.4
      vertex -12.0455 -6.52662 29.75
      vertex -11.4782 -5.68184 29.4
    endloop
  endfacet
  facet normal -0.099006 -0.62512 -0.774224
    outer loop
      vertex -9.37072 -9.52757 29.75
      vertex -9.43959 -9.08318 29.4
      vertex -8.9507 -9.16061 29.4
    endloop
  endfacet
  facet normal 0.58188 -0.800881 -0.141441
    outer loop
      vertex -7.79752 -8.38458 29.75
      vertex -8.9507 -9.16061 29.4
      vertex -7.83474 -8.34981 29.4
    endloop
  endfacet
  facet normal -0.308436 -0.949264 -0.0613625
    outer loop
      vertex 1.37999 -11.3665 29.75
      vertex -7.83474 -8.34981 29.4
      vertex 1.43054 -11.3603 29.4
    endloop
  endfacet
  facet normal -0.941504 -0.305912 -0.141381
    outer loop
      vertex 1.9809 -13.2159 29.75
      vertex 1.43054 -11.3603 29.4
      vertex 1.8568 -12.6722 29.4
    endloop
  endfacet
  facet normal -0.287306 -0.563897 -0.774258
    outer loop
      vertex 2.48493 -13.4728 29.75
      vertex 1.8568 -12.6722 29.4
      vertex 2.29782 -12.8969 29.4
    endloop
  endfacet
  facet normal 0.5639 -0.287333 -0.774245
    outer loop
      vertex 6.16555 -11.8563 29.75
      vertex 5.72163 -11.7844 29.4
      vertex 5.94634 -11.3434 29.4
    endloop
  endfacet
  facet normal 0.941506 0.305912 -0.141368
    outer loop
      vertex 5.94634 -11.3434 29.4
      vertex 5.52008 -10.0315 29.4
      vertex 5.56464 -10.0069 29.75
    endloop
  endfacet
  facet normal 0.807479 -0.586665 -0.0616613
    outer loop
      vertex 11.2367 -2.2 29.75
      vertex 5.52008 -10.0315 29.4
      vertex 11.2463 -2.15 29.4
    endloop
  endfacet
  facet normal 0.707107 0.707107 0
    outer loop
      vertex 13.5812 1.8 30.6
      vertex 13.1812 2.2 29.75
      vertex 13.1812 2.2 30.6
    endloop
  endfacet
  facet normal 0.707107 0.707107 0
    outer loop
      vertex 13.1812 2.2 29.75
      vertex 13.5812 1.8 30.6
      vertex 13.5812 1.8 29.75
    endloop
  endfacet
  facet normal 0.809016 0.587786 0
    outer loop
      vertex 11.2367 2.2 30.6
      vertex 5.56464 10.0069 29.75
      vertex 5.56464 10.0069 30.6
    endloop
  endfacet
  facet normal 0.809016 0.587786 0
    outer loop
      vertex 5.56464 10.0069 29.75
      vertex 11.2367 2.2 30.6
      vertex 11.2367 2.2 29.75
    endloop
  endfacet
  facet normal 0.890993 0.454017 0
    outer loop
      vertex 6.16555 11.8563 30.6
      vertex 5.90873 12.3603 29.75
      vertex 5.90873 12.3603 30.6
    endloop
  endfacet
  facet normal 0.890993 0.454017 0
    outer loop
      vertex 5.90873 12.3603 29.75
      vertex 6.16555 11.8563 30.6
      vertex 6.16555 11.8563 29.75
    endloop
  endfacet
  facet normal 0.309027 0.951053 -0
    outer loop
      vertex 5.90873 12.3603 29.75
      vertex 2.48493 13.4728 30.6
      vertex 5.90873 12.3603 30.6
    endloop
  endfacet
  facet normal 0.309027 0.951053 0
    outer loop
      vertex 2.48493 13.4728 30.6
      vertex 5.90873 12.3603 29.75
      vertex 2.48493 13.4728 29.75
    endloop
  endfacet
  facet normal -0.454108 0.890947 0
    outer loop
      vertex 2.48493 13.4728 29.75
      vertex 1.9809 13.2159 30.6
      vertex 2.48493 13.4728 30.6
    endloop
  endfacet
  facet normal -0.454108 0.890947 0
    outer loop
      vertex 1.9809 13.2159 30.6
      vertex 2.48493 13.4728 29.75
      vertex 1.9809 13.2159 29.75
    endloop
  endfacet
  facet normal -0.951056 0.309019 0
    outer loop
      vertex 1.37999 11.3665 29.75
      vertex 1.9809 13.2159 30.6
      vertex 1.9809 13.2159 29.75
    endloop
  endfacet
  facet normal -0.951056 0.309019 0
    outer loop
      vertex 1.9809 13.2159 30.6
      vertex 1.37999 11.3665 29.75
      vertex 1.37999 11.3665 30.6
    endloop
  endfacet
  facet normal -0.309014 0.951058 0
    outer loop
      vertex 1.37999 11.3665 29.75
      vertex -7.79752 8.38458 30.6
      vertex 1.37999 11.3665 30.6
    endloop
  endfacet
  facet normal -0.309014 0.951058 0
    outer loop
      vertex -7.79752 8.38458 30.6
      vertex 1.37999 11.3665 29.75
      vertex -7.79752 8.38458 29.75
    endloop
  endfacet
  facet normal 0.587783 0.809019 -0
    outer loop
      vertex -7.79752 8.38458 29.75
      vertex -9.37072 9.52757 30.6
      vertex -7.79752 8.38458 30.6
    endloop
  endfacet
  facet normal 0.587783 0.809019 0
    outer loop
      vertex -9.37072 9.52757 30.6
      vertex -7.79752 8.38458 29.75
      vertex -9.37072 9.52757 29.75
    endloop
  endfacet
  facet normal -0.15643 0.987689 0
    outer loop
      vertex -9.37072 9.52757 29.75
      vertex -9.92944 9.43908 30.6
      vertex -9.37072 9.52757 30.6
    endloop
  endfacet
  facet normal -0.15643 0.987689 0
    outer loop
      vertex -9.92944 9.43908 30.6
      vertex -9.37072 9.52757 29.75
      vertex -9.92944 9.43908 29.75
    endloop
  endfacet
  facet normal -0.809013 0.587791 0
    outer loop
      vertex -12.0455 6.52662 29.75
      vertex -9.92944 9.43908 30.6
      vertex -9.92944 9.43908 29.75
    endloop
  endfacet
  facet normal -0.809013 0.587791 0
    outer loop
      vertex -9.92944 9.43908 30.6
      vertex -12.0455 6.52662 29.75
      vertex -12.0455 6.52662 30.6
    endloop
  endfacet
  facet normal -1 0 0
    outer loop
      vertex -10.3838 -4.8249 29.75
      vertex -10.3838 4.8249 30.6
      vertex -10.3838 4.8249 29.75
    endloop
  endfacet
  facet normal -1 -0 0
    outer loop
      vertex -10.3838 4.8249 30.6
      vertex -10.3838 -4.8249 29.75
      vertex -10.3838 -4.8249 30.6
    endloop
  endfacet
  facet normal -0.587786 0.809016 0
    outer loop
      vertex -10.3838 -4.8249 29.75
      vertex -11.957 -5.9679 30.6
      vertex -10.3838 -4.8249 30.6
    endloop
  endfacet
  facet normal -0.587786 0.809016 0
    outer loop
      vertex -11.957 -5.9679 30.6
      vertex -10.3838 -4.8249 29.75
      vertex -11.957 -5.9679 29.75
    endloop
  endfacet
  facet normal -0.987686 0.156447 0
    outer loop
      vertex -12.0455 -6.52662 29.75
      vertex -11.957 -5.9679 30.6
      vertex -11.957 -5.9679 29.75
    endloop
  endfacet
  facet normal -0.987686 0.156447 0
    outer loop
      vertex -11.957 -5.9679 30.6
      vertex -12.0455 -6.52662 29.75
      vertex -12.0455 -6.52662 30.6
    endloop
  endfacet
  facet normal 0.951056 0.309019 0
    outer loop
      vertex 6.16555 -11.8563 30.6
      vertex 5.56464 -10.0069 29.75
      vertex 5.56464 -10.0069 30.6
    endloop
  endfacet
  facet normal 0.951056 0.309019 0
    outer loop
      vertex 5.56464 -10.0069 29.75
      vertex 6.16555 -11.8563 30.6
      vertex 6.16555 -11.8563 29.75
    endloop
  endfacet
  facet normal 0.706673 -0.706673 0.0350246
    outer loop
      vertex 13.5744 -1.8 30.7372
      vertex 13.1812 -2.2 30.6
      vertex 13.5812 -1.8 30.6
    endloop
  endfacet
  facet normal 0.706673 0.706673 0.0350246
    outer loop
      vertex 13.1812 2.2 30.6
      vertex 13.1744 2.2 30.7372
      vertex 13.5812 1.8 30.6
    endloop
  endfacet
  facet normal 0.808345 0.587298 0.0407424
    outer loop
      vertex 5.56464 10.0069 30.6
      vertex 5.56252 10.0003 30.7372
      vertex 11.2367 2.2 30.6
    endloop
  endfacet
  facet normal 0.951056 -0.309019 -8.3116e-05
    outer loop
      vertex 6.16345 11.8498 30.7372
      vertex 5.56464 10.0069 30.6
      vertex 6.16555 11.8563 30.6
    endloop
  endfacet
  facet normal 0.890443 0.453737 0.0351255
    outer loop
      vertex 5.90873 12.3603 30.6
      vertex 5.90663 12.3538 30.7372
      vertex 6.16555 11.8563 30.6
    endloop
  endfacet
  facet normal 0.308645 0.949877 0.0497256
    outer loop
      vertex 2.48493 13.4728 30.6
      vertex 5.90663 12.3538 30.7372
      vertex 5.90873 12.3603 30.6
    endloop
  endfacet
  facet normal 0.308645 0.949877 0.0497256
    outer loop
      vertex 5.90663 12.3538 30.7372
      vertex 2.48493 13.4728 30.6
      vertex 2.48283 13.4663 30.7372
    endloop
  endfacet
  facet normal -0.453826 0.890393 0.035237
    outer loop
      vertex 1.9809 13.2159 30.6
      vertex 2.48283 13.4663 30.7372
      vertex 2.48493 13.4728 30.6
    endloop
  endfacet
  facet normal -0.453696 0.890485 0.0345943
    outer loop
      vertex 2.48283 13.4663 30.7372
      vertex 1.9809 13.2159 30.6
      vertex 1.9788 13.2095 30.7372
    endloop
  endfacet
  facet normal -0.951056 0.309019 -5.55219e-05
    outer loop
      vertex 1.37999 11.3665 30.6
      vertex 1.37787 11.36 30.7372
      vertex 1.9809 13.2159 30.6
    endloop
  endfacet
  facet normal -0.30876 0.950277 0.0404944
    outer loop
      vertex 1.37999 11.3665 30.6
      vertex -7.79752 8.38458 30.6
      vertex -7.79196 8.38054 30.7372
    endloop
  endfacet
  facet normal 0.587783 0.809019 -3.51467e-05
    outer loop
      vertex -7.79752 8.38458 30.6
      vertex -9.37072 9.52757 30.6
      vertex -9.36522 9.52358 30.7372
    endloop
  endfacet
  facet normal -0.156334 0.987082 0.0350449
    outer loop
      vertex -9.37072 9.52757 30.6
      vertex -9.92944 9.43908 30.6
      vertex -9.92394 9.43508 30.7372
    endloop
  endfacet
  facet normal -0.80802 0.587071 0.0495073
    outer loop
      vertex -9.92944 9.43908 30.6
      vertex -12.0455 6.52662 30.6
      vertex -12.04 6.52262 30.7372
    endloop
  endfacet
  facet normal -0.987081 -0.156351 0.0350112
    outer loop
      vertex -11.9515 5.9639 30.7372
      vertex -12.0455 6.52662 30.6
      vertex -11.957 5.9679 30.6
    endloop
  endfacet
  facet normal -0.587786 -0.809016 0.000227904
    outer loop
      vertex -10.3782 4.82087 30.7372
      vertex -11.957 5.9679 30.6
      vertex -10.3838 4.8249 30.6
    endloop
  endfacet
  facet normal -0.999168 0 0.0407824
    outer loop
      vertex -10.3838 4.8249 30.6
      vertex -10.3782 -4.82087 30.7372
      vertex -10.3782 4.82087 30.7372
    endloop
  endfacet
  facet normal -0.999168 0 0.0407824
    outer loop
      vertex -10.3782 -4.82087 30.7372
      vertex -10.3838 4.8249 30.6
      vertex -10.3838 -4.8249 30.6
    endloop
  endfacet
  facet normal -0.587786 0.809016 -2.36135e-05
    outer loop
      vertex -10.3838 -4.8249 30.6
      vertex -11.957 -5.9679 30.6
      vertex -11.9515 -5.9639 30.7372
    endloop
  endfacet
  facet normal -0.987081 0.156351 0.0350112
    outer loop
      vertex -11.957 -5.9679 30.6
      vertex -12.0455 -6.52662 30.6
      vertex -12.04 -6.52262 30.7372
    endloop
  endfacet
  facet normal -0.80802 -0.587071 0.0495073
    outer loop
      vertex -9.92394 -9.43508 30.7372
      vertex -12.0455 -6.52662 30.6
      vertex -9.92944 -9.43908 30.6
    endloop
  endfacet
  facet normal -0.156334 -0.987085 0.0349731
    outer loop
      vertex -9.36522 -9.52358 30.7372
      vertex -9.92944 -9.43908 30.6
      vertex -9.37072 -9.52757 30.6
    endloop
  endfacet
  facet normal 0.587783 -0.809019 2.63722e-06
    outer loop
      vertex -7.79196 -8.38054 30.7372
      vertex -9.37072 -9.52757 30.6
      vertex -7.79752 -8.38458 30.6
    endloop
  endfacet
  facet normal -0.308763 -0.950287 0.0402499
    outer loop
      vertex 1.37787 -11.36 30.7372
      vertex -7.79752 -8.38458 30.6
      vertex 1.37999 -11.3665 30.6
    endloop
  endfacet
  facet normal -0.951056 -0.309019 -0.000142116
    outer loop
      vertex 1.9788 -13.2095 30.7372
      vertex 1.37999 -11.3665 30.6
      vertex 1.9809 -13.2159 30.6
    endloop
  endfacet
  facet normal 0.890443 -0.453737 0.0351255
    outer loop
      vertex 6.16345 -11.8498 30.7372
      vertex 5.90873 -12.3603 30.6
      vertex 6.16555 -11.8563 30.6
    endloop
  endfacet
  facet normal 0.951056 0.309019 -0.00016971
    outer loop
      vertex 5.56464 -10.0069 30.6
      vertex 5.56252 -10.0003 30.7372
      vertex 6.16555 -11.8563 30.6
    endloop
  endfacet
  facet normal 0.808347 -0.5873 0.040653
    outer loop
      vertex 11.2298 -2.2 30.7372
      vertex 5.56464 -10.0069 30.6
      vertex 11.2367 -2.2 30.6
    endloop
  endfacet
  facet normal 0.703195 0.703195 0.105039
    outer loop
      vertex 13.5541 1.8 30.8731
      vertex 13.1744 2.2 30.7372
      vertex 13.1541 2.2 30.8731
    endloop
  endfacet
  facet normal 0.703195 0.703195 0.105039
    outer loop
      vertex 13.1744 2.2 30.7372
      vertex 13.5541 1.8 30.8731
      vertex 13.5744 1.8 30.7372
    endloop
  endfacet
  facet normal 0.803043 0.583448 0.121283
    outer loop
      vertex 5.56252 10.0003 30.7372
      vertex 5.55617 9.98079 30.8731
      vertex 11.2298 2.2 30.7372
    endloop
  endfacet
  facet normal 0.951058 -0.309013 0.000133971
    outer loop
      vertex 6.15716 11.8305 30.8731
      vertex 5.56252 10.0003 30.7372
      vertex 6.16345 11.8498 30.7372
    endloop
  endfacet
  facet normal 0.886061 0.451505 0.105066
    outer loop
      vertex 5.90035 12.3345 30.8731
      vertex 6.16345 11.8498 30.7372
      vertex 5.90663 12.3538 30.7372
    endloop
  endfacet
  facet normal 0.886063 0.451488 0.105129
    outer loop
      vertex 6.16345 11.8498 30.7372
      vertex 5.90035 12.3345 30.8731
      vertex 6.15716 11.8305 30.8731
    endloop
  endfacet
  facet normal 0.305637 0.940621 0.147707
    outer loop
      vertex 2.48283 13.4663 30.7372
      vertex 5.90035 12.3345 30.8731
      vertex 5.90663 12.3538 30.7372
    endloop
  endfacet
  facet normal 0.305581 0.940533 0.148384
    outer loop
      vertex 5.90035 12.3345 30.8731
      vertex 2.48283 13.4663 30.7372
      vertex 2.47655 13.4469 30.8731
    endloop
  endfacet
  facet normal -0.451429 0.886034 0.105622
    outer loop
      vertex 1.9788 13.2095 30.7372
      vertex 2.47655 13.4469 30.8731
      vertex 2.48283 13.4663 30.7372
    endloop
  endfacet
  facet normal -0.451429 0.886034 0.105622
    outer loop
      vertex 2.47655 13.4469 30.8731
      vertex 1.9788 13.2095 30.7372
      vertex 1.97252 13.1901 30.8731
    endloop
  endfacet
  facet normal -0.951058 0.309013 -9.90989e-05
    outer loop
      vertex 1.37787 11.36 30.7372
      vertex 1.37152 11.3405 30.8731
      vertex 1.9788 13.2095 30.7372
    endloop
  endfacet
  facet normal -0.306733 0.944027 0.121356
    outer loop
      vertex 1.37787 11.36 30.7372
      vertex -7.79196 8.38054 30.7372
      vertex -7.77534 8.36847 30.8731
    endloop
  endfacet
  facet normal 0.587785 0.809017 6.62634e-06
    outer loop
      vertex -7.79196 8.38054 30.7372
      vertex -9.36522 9.52358 30.7372
      vertex -9.34876 9.51162 30.8731
    endloop
  endfacet
  facet normal -0.155579 0.982205 0.105211
    outer loop
      vertex -9.36522 9.52358 30.7372
      vertex -9.92394 9.43508 30.7372
      vertex -9.90748 9.42313 30.8731
    endloop
  endfacet
  facet normal -0.800072 0.581296 0.148254
    outer loop
      vertex -9.92394 9.43508 30.7372
      vertex -12.04 6.52262 30.7372
      vertex -12.0235 6.51067 30.8731
    endloop
  endfacet
  facet normal -0.587772 -0.809027 -0.000117927
    outer loop
      vertex -10.3616 4.80879 30.8731
      vertex -11.9515 5.9639 30.7372
      vertex -10.3782 4.82087 30.7372
    endloop
  endfacet
  facet normal -0.992622 0 0.121247
    outer loop
      vertex -10.3782 4.82087 30.7372
      vertex -10.3616 -4.80879 30.8731
      vertex -10.3616 4.80879 30.8731
    endloop
  endfacet
  facet normal -0.992622 0 0.121247
    outer loop
      vertex -10.3616 -4.80879 30.8731
      vertex -10.3782 4.82087 30.7372
      vertex -10.3782 -4.82087 30.7372
    endloop
  endfacet
  facet normal -0.587772 0.809027 0.000223473
    outer loop
      vertex -10.3782 -4.82087 30.7372
      vertex -11.9515 -5.9639 30.7372
      vertex -11.935 -5.95195 30.8731
    endloop
  endfacet
  facet normal -0.982167 0.155573 0.105568
    outer loop
      vertex -11.9515 -5.9639 30.7372
      vertex -12.0235 -6.51067 30.8731
      vertex -11.935 -5.95195 30.8731
    endloop
  endfacet
  facet normal -0.982167 0.155573 0.105568
    outer loop
      vertex -12.0235 -6.51067 30.8731
      vertex -11.9515 -5.9639 30.7372
      vertex -12.04 -6.52262 30.7372
    endloop
  endfacet
  facet normal -0.8001 -0.581316 0.148023
    outer loop
      vertex -9.90748 -9.42313 30.8731
      vertex -12.04 -6.52262 30.7372
      vertex -9.92394 -9.43508 30.7372
    endloop
  endfacet
  facet normal -0.155578 -0.982197 0.105282
    outer loop
      vertex -9.34876 -9.51162 30.8731
      vertex -9.92394 -9.43508 30.7372
      vertex -9.36522 -9.52358 30.7372
    endloop
  endfacet
  facet normal 0.587785 -0.809017 -3.05609e-05
    outer loop
      vertex -7.77534 -8.36847 30.8731
      vertex -9.36522 -9.52358 30.7372
      vertex -7.79196 -8.38054 30.7372
    endloop
  endfacet
  facet normal -0.306742 -0.944054 0.121128
    outer loop
      vertex 1.37152 -11.3405 30.8731
      vertex -7.79196 -8.38054 30.7372
      vertex 1.37787 -11.36 30.7372
    endloop
  endfacet
  facet normal -0.951058 -0.309013 0.000163394
    outer loop
      vertex 1.97252 -13.1901 30.8731
      vertex 1.37787 -11.36 30.7372
      vertex 1.9788 -13.2095 30.7372
    endloop
  endfacet
  facet normal 0.951058 0.309013 7.63606e-05
    outer loop
      vertex 5.56252 -10.0003 30.7372
      vertex 5.55617 -9.98079 30.8731
      vertex 6.16345 -11.8498 30.7372
    endloop
  endfacet
  facet normal 0.803 -0.583417 0.12172
    outer loop
      vertex 11.2092 -2.2 30.8731
      vertex 5.56252 -10.0003 30.7372
      vertex 11.2298 -2.2 30.7372
    endloop
  endfacet
  facet normal 0.696072 -0.696072 0.175976
    outer loop
      vertex 13.5204 -1.8 31.0064
      vertex 13.1541 -2.2 30.8731
      vertex 13.5541 -1.8 30.8731
    endloop
  endfacet
  facet normal 0.696072 0.696072 0.175976
    outer loop
      vertex 13.1541 2.2 30.8731
      vertex 13.1204 2.2 31.0064
      vertex 13.5541 1.8 30.8731
    endloop
  endfacet
  facet normal 0.792306 0.57564 0.202212
    outer loop
      vertex 5.55617 9.98079 30.8731
      vertex 5.54566 9.94843 31.0064
      vertex 11.2092 2.2 30.8731
    endloop
  endfacet
  facet normal 0.951059 -0.309009 -0.000211356
    outer loop
      vertex 6.14676 11.7984 31.0064
      vertex 5.55617 9.98079 30.8731
      vertex 6.15716 11.8305 30.8731
    endloop
  endfacet
  facet normal 0.877125 0.446934 0.17579
    outer loop
      vertex 5.88994 12.3025 31.0064
      vertex 6.15716 11.8305 30.8731
      vertex 5.90035 12.3345 30.8731
    endloop
  endfacet
  facet normal 0.877114 0.446857 0.17604
    outer loop
      vertex 6.15716 11.8305 30.8731
      vertex 5.88994 12.3025 31.0064
      vertex 6.14676 11.7984 31.0064
    endloop
  endfacet
  facet normal 0.299603 0.922133 0.244764
    outer loop
      vertex 2.47655 13.4469 30.8731
      vertex 2.46614 13.4149 31.0064
      vertex 5.90035 12.3345 30.8731
    endloop
  endfacet
  facet normal -0.446908 0.877162 0.17567
    outer loop
      vertex 1.97252 13.1901 30.8731
      vertex 2.46614 13.4149 31.0064
      vertex 2.47655 13.4469 30.8731
    endloop
  endfacet
  facet normal -0.446908 0.877162 0.17567
    outer loop
      vertex 2.46614 13.4149 31.0064
      vertex 1.97252 13.1901 30.8731
      vertex 1.96211 13.1581 31.0064
    endloop
  endfacet
  facet normal -0.951052 0.30903 0.000127696
    outer loop
      vertex 1.37152 11.3405 30.8731
      vertex 1.36101 11.3081 31.0064
      vertex 1.97252 13.1901 30.8731
    endloop
  endfacet
  facet normal -0.302636 0.931406 0.202225
    outer loop
      vertex 1.37152 11.3405 30.8731
      vertex -7.77534 8.36847 30.8731
      vertex -7.74782 8.34847 31.0064
    endloop
  endfacet
  facet normal 0.587783 0.809019 -5.49357e-06
    outer loop
      vertex -7.77534 8.36847 30.8731
      vertex -9.34876 9.51162 30.8731
      vertex -9.32152 9.49183 31.0064
    endloop
  endfacet
  facet normal -0.153993 0.972303 0.175819
    outer loop
      vertex -9.34876 9.51162 30.8731
      vertex -9.90748 9.42313 30.8731
      vertex -9.88024 9.40334 31.0064
    endloop
  endfacet
  facet normal -0.784428 0.569919 0.244675
    outer loop
      vertex -9.90748 9.42313 30.8731
      vertex -12.0235 6.51067 30.8731
      vertex -11.9963 6.49088 31.0064
    endloop
  endfacet
  facet normal -0.587791 -0.809013 -0.000119963
    outer loop
      vertex -10.3341 4.78879 31.0064
      vertex -11.935 5.95195 30.8731
      vertex -10.3616 4.80879 30.8731
    endloop
  endfacet
  facet normal -0.979376 0 0.202047
    outer loop
      vertex -10.3616 4.80879 30.8731
      vertex -10.3341 -4.78879 31.0064
      vertex -10.3341 4.78879 31.0064
    endloop
  endfacet
  facet normal -0.979376 0 0.202047
    outer loop
      vertex -10.3341 -4.78879 31.0064
      vertex -10.3616 4.80879 30.8731
      vertex -10.3616 -4.80879 30.8731
    endloop
  endfacet
  facet normal -0.587791 0.809013 -0.000229002
    outer loop
      vertex -10.3616 -4.80879 30.8731
      vertex -11.935 -5.95195 30.8731
      vertex -11.9078 -5.93215 31.0064
    endloop
  endfacet
  facet normal -0.972352 0.154016 0.175532
    outer loop
      vertex -11.935 -5.95195 30.8731
      vertex -11.9963 -6.49088 31.0064
      vertex -11.9078 -5.93215 31.0064
    endloop
  endfacet
  facet normal -0.972349 0.154018 0.175543
    outer loop
      vertex -11.9963 -6.49088 31.0064
      vertex -11.935 -5.95195 30.8731
      vertex -12.0235 -6.51067 30.8731
    endloop
  endfacet
  facet normal -0.784383 -0.569886 0.244896
    outer loop
      vertex -9.88024 -9.40334 31.0064
      vertex -12.0235 -6.51067 30.8731
      vertex -9.90748 -9.42313 30.8731
    endloop
  endfacet
  facet normal -0.153993 -0.972303 0.175819
    outer loop
      vertex -9.32152 -9.49183 31.0064
      vertex -9.90748 -9.42313 30.8731
      vertex -9.34876 -9.51162 30.8731
    endloop
  endfacet
  facet normal 0.587783 -0.809019 3.43763e-05
    outer loop
      vertex -7.74782 -8.34847 31.0064
      vertex -9.34876 -9.51162 30.8731
      vertex -7.77534 -8.36847 30.8731
    endloop
  endfacet
  facet normal -0.302617 -0.931349 0.202515
    outer loop
      vertex 1.36101 -11.3081 31.0064
      vertex -7.77534 -8.36847 30.8731
      vertex 1.37152 -11.3405 30.8731
    endloop
  endfacet
  facet normal -0.951052 -0.30903 -8.61592e-05
    outer loop
      vertex 1.96211 -13.1581 31.0064
      vertex 1.37152 -11.3405 30.8731
      vertex 1.97252 -13.1901 30.8731
    endloop
  endfacet
  facet normal 0.299603 -0.922133 0.244764
    outer loop
      vertex 5.88994 -12.3025 31.0064
      vertex 2.47655 -13.4469 30.8731
      vertex 5.90035 -12.3345 30.8731
    endloop
  endfacet
  facet normal 0.951059 0.309009 -2.92543e-05
    outer loop
      vertex 5.55617 -9.98079 30.8731
      vertex 5.54566 -9.94843 31.0064
      vertex 6.15716 -11.8305 30.8731
    endloop
  endfacet
  facet normal 0.792326 -0.575654 0.202094
    outer loop
      vertex 11.1752 -2.2 31.0064
      vertex 5.55617 -9.98079 30.8731
      vertex 11.2092 -2.2 30.8731
    endloop
  endfacet
  facet normal 0.685149 -0.685149 0.247268
    outer loop
      vertex 13.4737 -1.8 31.1358
      vertex 13.1204 -2.2 31.0064
      vertex 13.5204 -1.8 31.0064
    endloop
  endfacet
  facet normal 0.685149 0.685149 0.247268
    outer loop
      vertex 13.1204 2.2 31.0064
      vertex 13.0737 2.2 31.1358
      vertex 13.5204 1.8 31.0064
    endloop
  endfacet
  facet normal 0.775965 0.563769 0.28292
    outer loop
      vertex 5.54566 9.94843 31.0064
      vertex 5.53108 9.90356 31.1358
      vertex 11.1752 2.2 31.0064
    endloop
  endfacet
  facet normal 0.951055 -0.309021 2.47396e-05
    outer loop
      vertex 6.13233 11.754 31.1358
      vertex 5.54566 9.94843 31.0064
      vertex 6.14676 11.7984 31.0064
    endloop
  endfacet
  facet normal 0.863302 0.43982 0.247523
    outer loop
      vertex 5.87551 12.258 31.1358
      vertex 6.14676 11.7984 31.0064
      vertex 5.88994 12.3025 31.0064
    endloop
  endfacet
  facet normal 0.863335 0.439924 0.247222
    outer loop
      vertex 6.14676 11.7984 31.0064
      vertex 5.87551 12.258 31.1358
      vertex 6.13233 11.754 31.1358
    endloop
  endfacet
  facet normal 0.290663 0.894617 0.339376
    outer loop
      vertex 2.46614 13.4149 31.0064
      vertex 2.45171 13.3705 31.1358
      vertex 5.88994 12.3025 31.0064
    endloop
  endfacet
  facet normal -0.43988 0.863368 0.247187
    outer loop
      vertex 1.96211 13.1581 31.0064
      vertex 2.45171 13.3705 31.1358
      vertex 2.46614 13.4149 31.0064
    endloop
  endfacet
  facet normal -0.43988 0.863368 0.247187
    outer loop
      vertex 2.45171 13.3705 31.1358
      vertex 1.96211 13.1581 31.0064
      vertex 1.94768 13.1137 31.1358
    endloop
  endfacet
  facet normal -0.951057 0.309016 6.51147e-05
    outer loop
      vertex 1.36101 11.3081 31.0064
      vertex 1.34643 11.2632 31.1358
      vertex 1.96211 13.1581 31.0064
    endloop
  endfacet
  facet normal -0.296392 0.912203 0.282911
    outer loop
      vertex 1.36101 11.3081 31.0064
      vertex -7.74782 8.34847 31.0064
      vertex -7.70965 8.32074 31.1358
    endloop
  endfacet
  facet normal 0.587785 0.809017 7.64454e-06
    outer loop
      vertex -7.74782 8.34847 31.0064
      vertex -9.32152 9.49183 31.0064
      vertex -9.28374 9.46438 31.1358
    endloop
  endfacet
  facet normal -0.151572 0.957018 0.247269
    outer loop
      vertex -9.32152 9.49183 31.0064
      vertex -9.88024 9.40334 31.0064
      vertex -9.84246 9.37589 31.1358
    endloop
  endfacet
  facet normal -0.760943 0.552866 0.339566
    outer loop
      vertex -9.88024 9.40334 31.0064
      vertex -11.9963 6.49088 31.0064
      vertex -11.9585 6.46343 31.1358
    endloop
  endfacet
  facet normal -0.587785 -0.809017 0.000149582
    outer loop
      vertex -10.2959 4.76106 31.1358
      vertex -11.9078 5.93215 31.0064
      vertex -10.3341 4.78879 31.0064
    endloop
  endfacet
  facet normal -0.959082 0 0.283129
    outer loop
      vertex -10.3341 4.78879 31.0064
      vertex -10.2959 -4.76106 31.1358
      vertex -10.2959 4.76106 31.1358
    endloop
  endfacet
  facet normal -0.959082 0 0.283129
    outer loop
      vertex -10.2959 -4.76106 31.1358
      vertex -10.3341 4.78879 31.0064
      vertex -10.3341 -4.78879 31.0064
    endloop
  endfacet
  facet normal -0.587785 0.809017 0.000145724
    outer loop
      vertex -10.3341 -4.78879 31.0064
      vertex -11.9078 -5.93215 31.0064
      vertex -11.87 -5.90471 31.1358
    endloop
  endfacet
  facet normal -0.956981 0.151584 0.247407
    outer loop
      vertex -11.9078 -5.93215 31.0064
      vertex -11.9585 -6.46343 31.1358
      vertex -11.87 -5.90471 31.1358
    endloop
  endfacet
  facet normal -0.956984 0.151581 0.247396
    outer loop
      vertex -11.9585 -6.46343 31.1358
      vertex -11.9078 -5.93215 31.0064
      vertex -11.9963 -6.49088 31.0064
    endloop
  endfacet
  facet normal -0.760973 -0.552888 0.339462
    outer loop
      vertex -9.84246 -9.37589 31.1358
      vertex -11.9963 -6.49088 31.0064
      vertex -9.88024 -9.40334 31.0064
    endloop
  endfacet
  facet normal -0.151572 -0.957018 0.247269
    outer loop
      vertex -9.28374 -9.46438 31.1358
      vertex -9.88024 -9.40334 31.0064
      vertex -9.32152 -9.49183 31.0064
    endloop
  endfacet
  facet normal 0.587785 -0.809017 -1.33098e-05
    outer loop
      vertex -7.70965 -8.32074 31.1358
      vertex -9.32152 -9.49183 31.0064
      vertex -7.74782 -8.34847 31.0064
    endloop
  endfacet
  facet normal -0.296374 -0.912147 0.283109
    outer loop
      vertex 1.34643 -11.2632 31.1358
      vertex -7.74782 -8.34847 31.0064
      vertex 1.36101 -11.3081 31.0064
    endloop
  endfacet
  facet normal -0.951057 -0.309016 -2.64591e-05
    outer loop
      vertex 1.94768 -13.1137 31.1358
      vertex 1.36101 -11.3081 31.0064
      vertex 1.96211 -13.1581 31.0064
    endloop
  endfacet
  facet normal 0.290595 -0.894407 0.339987
    outer loop
      vertex 5.87551 -12.258 31.1358
      vertex 2.46614 -13.4149 31.0064
      vertex 5.88994 -12.3025 31.0064
    endloop
  endfacet
  facet normal 0.951055 0.309021 4.78972e-06
    outer loop
      vertex 5.54566 -9.94843 31.0064
      vertex 5.53108 -9.90356 31.1358
      vertex 6.14676 -11.7984 31.0064
    endloop
  endfacet
  facet normal 0.775938 -0.56375 0.283031
    outer loop
      vertex 11.128 -2.2 31.1358
      vertex 5.54566 -9.94843 31.0064
      vertex 11.1752 -2.2 31.0064
    endloop
  endfacet
  facet normal 0.670071 -0.670071 0.31939
    outer loop
      vertex 13.4145 -1.8 31.26
      vertex 13.0737 -2.2 31.1358
      vertex 13.4737 -1.8 31.1358
    endloop
  endfacet
  facet normal 0.670071 0.670071 0.31939
    outer loop
      vertex 13.0737 2.2 31.1358
      vertex 13.0145 2.2 31.26
      vertex 13.4737 1.8 31.1358
    endloop
  endfacet
  facet normal 0.753704 0.547593 0.363418
    outer loop
      vertex 5.53108 9.90356 31.1358
      vertex 5.51257 9.84661 31.26
      vertex 11.128 2.2 31.1358
    endloop
  endfacet
  facet normal 0.951056 -0.30902 0.000205609
    outer loop
      vertex 6.11401 11.6977 31.26
      vertex 5.53108 9.90356 31.1358
      vertex 6.13233 11.754 31.1358
    endloop
  endfacet
  facet normal 0.844296 0.430222 0.319489
    outer loop
      vertex 5.87551 12.258 31.1358
      vertex 5.8572 12.2017 31.26
      vertex 6.13233 11.754 31.1358
    endloop
  endfacet
  facet normal 0.278956 0.858508 0.430287
    outer loop
      vertex 2.45171 13.3705 31.1358
      vertex 5.8572 12.2017 31.26
      vertex 5.87551 12.258 31.1358
    endloop
  endfacet
  facet normal 0.278851 0.85826 0.43085
    outer loop
      vertex 5.8572 12.2017 31.26
      vertex 2.45171 13.3705 31.1358
      vertex 2.4334 13.3141 31.26
    endloop
  endfacet
  facet normal -0.430106 0.844184 0.319941
    outer loop
      vertex 1.94768 13.1137 31.1358
      vertex 1.92937 13.0573 31.26
      vertex 2.45171 13.3705 31.1358
    endloop
  endfacet
  facet normal -0.951059 0.309011 -9.56926e-05
    outer loop
      vertex 1.34643 11.2632 31.1358
      vertex 1.32793 11.2063 31.26
      vertex 1.94768 13.1137 31.1358
    endloop
  endfacet
  facet normal -0.287885 0.886031 0.363416
    outer loop
      vertex 1.34643 11.2632 31.1358
      vertex -7.70965 8.32074 31.1358
      vertex -7.6612 8.28554 31.26
    endloop
  endfacet
  facet normal 0.587784 0.809018 -4.95888e-05
    outer loop
      vertex -7.70965 8.32074 31.1358
      vertex -9.28374 9.46438 31.1358
      vertex -9.23579 9.42955 31.26
    endloop
  endfacet
  facet normal -0.148238 0.935859 0.319678
    outer loop
      vertex -9.28374 9.46438 31.1358
      vertex -9.79451 9.34105 31.26
      vertex -9.23579 9.42955 31.26
    endloop
  endfacet
  facet normal -0.148218 0.935841 0.31974
    outer loop
      vertex -9.79451 9.34105 31.26
      vertex -9.28374 9.46438 31.1358
      vertex -9.84246 9.37589 31.1358
    endloop
  endfacet
  facet normal -0.730136 0.530478 0.430691
    outer loop
      vertex -11.9585 6.46343 31.1358
      vertex -9.79451 9.34105 31.26
      vertex -9.84246 9.37589 31.1358
    endloop
  endfacet
  facet normal -0.730049 0.530403 0.430931
    outer loop
      vertex -9.79451 9.34105 31.26
      vertex -11.9585 6.46343 31.1358
      vertex -11.9105 6.42859 31.26
    endloop
  endfacet
  facet normal -0.935732 -0.148218 0.320058
    outer loop
      vertex -11.822 5.86987 31.26
      vertex -11.9585 6.46343 31.1358
      vertex -11.87 5.90471 31.1358
    endloop
  endfacet
  facet normal -0.587785 -0.809017 -0.000230328
    outer loop
      vertex -10.2475 4.72586 31.26
      vertex -11.87 5.90471 31.1358
      vertex -10.2959 4.76106 31.1358
    endloop
  endfacet
  facet normal -0.931751 0 0.363098
    outer loop
      vertex -10.2959 4.76106 31.1358
      vertex -10.2475 -4.72586 31.26
      vertex -10.2475 4.72586 31.26
    endloop
  endfacet
  facet normal -0.931751 0 0.363098
    outer loop
      vertex -10.2475 -4.72586 31.26
      vertex -10.2959 4.76106 31.1358
      vertex -10.2959 -4.76106 31.1358
    endloop
  endfacet
  facet normal -0.587785 0.809017 0.000221622
    outer loop
      vertex -10.2959 -4.76106 31.1358
      vertex -11.87 -5.90471 31.1358
      vertex -11.822 -5.86987 31.26
    endloop
  endfacet
  facet normal -0.935732 0.148218 0.320058
    outer loop
      vertex -11.87 -5.90471 31.1358
      vertex -11.9585 -6.46343 31.1358
      vertex -11.9105 -6.42859 31.26
    endloop
  endfacet
  facet normal 0.587784 -0.809018 -5.75204e-06
    outer loop
      vertex -7.6612 -8.28554 31.26
      vertex -9.28374 -9.46438 31.1358
      vertex -7.70965 -8.32074 31.1358
    endloop
  endfacet
  facet normal -0.287925 -0.886153 0.363088
    outer loop
      vertex 1.32793 -11.2063 31.26
      vertex -7.70965 -8.32074 31.1358
      vertex 1.34643 -11.2632 31.1358
    endloop
  endfacet
  facet normal -0.951059 -0.309011 0.000115224
    outer loop
      vertex 1.92937 -13.0573 31.26
      vertex 1.34643 -11.2632 31.1358
      vertex 1.94768 -13.1137 31.1358
    endloop
  endfacet
  facet normal -0.430106 -0.844184 0.319941
    outer loop
      vertex 2.4334 -13.3141 31.26
      vertex 1.94768 -13.1137 31.1358
      vertex 2.45171 -13.3705 31.1358
    endloop
  endfacet
  facet normal 0.844277 -0.430213 0.31955
    outer loop
      vertex 6.11401 -11.6977 31.26
      vertex 5.87551 -12.258 31.1358
      vertex 6.13233 -11.754 31.1358
    endloop
  endfacet
  facet normal 0.951056 0.30902 4.32725e-05
    outer loop
      vertex 5.53108 -9.90356 31.1358
      vertex 5.51257 -9.84661 31.26
      vertex 6.13233 -11.754 31.1358
    endloop
  endfacet
  facet normal 0.753847 -0.547698 0.362963
    outer loop
      vertex 11.0682 -2.2 31.26
      vertex 5.53108 -9.90356 31.1358
      vertex 11.128 -2.2 31.1358
    endloop
  endfacet
  facet normal 0.650071 -0.650071 0.393464
    outer loop
      vertex 13.3432 -1.8 31.3778
      vertex 13.0145 -2.2 31.26
      vertex 13.4145 -1.8 31.26
    endloop
  endfacet
  facet normal 0.650071 0.650071 0.393464
    outer loop
      vertex 13.0145 2.2 31.26
      vertex 12.9432 2.2 31.3778
      vertex 13.4145 1.8 31.26
    endloop
  endfacet
  facet normal 0.725164 0.526867 0.443338
    outer loop
      vertex 5.51257 9.84661 31.26
      vertex 5.49032 9.77811 31.3778
      vertex 11.0682 2.2 31.26
    endloop
  endfacet
  facet normal 0.951059 -0.30901 -7.25324e-05
    outer loop
      vertex 6.09199 11.6299 31.3778
      vertex 5.51257 9.84661 31.26
      vertex 6.11401 11.6977 31.26
    endloop
  endfacet
  facet normal 0.819171 0.417403 0.393362
    outer loop
      vertex 5.83518 12.1339 31.3778
      vertex 6.11401 11.6977 31.26
      vertex 5.8572 12.2017 31.26
    endloop
  endfacet
  facet normal 0.819171 0.417403 0.393362
    outer loop
      vertex 6.11401 11.6977 31.26
      vertex 5.83518 12.1339 31.3778
      vertex 6.09199 11.6299 31.3778
    endloop
  endfacet
  facet normal 0.264456 0.813957 0.51724
    outer loop
      vertex 2.4334 13.3141 31.26
      vertex 2.41137 13.2464 31.3778
      vertex 5.8572 12.2017 31.26
    endloop
  endfacet
  facet normal -0.417359 0.819165 0.393421
    outer loop
      vertex 1.92937 13.0573 31.26
      vertex 1.90734 12.9895 31.3778
      vertex 2.4334 13.3141 31.26
    endloop
  endfacet
  facet normal -0.951054 0.309023 -2.0151e-05
    outer loop
      vertex 1.32793 11.2063 31.26
      vertex 1.30567 11.1378 31.3778
      vertex 1.92937 13.0573 31.26
    endloop
  endfacet
  facet normal -0.276992 0.85249 0.443323
    outer loop
      vertex 1.32793 11.2063 31.26
      vertex -7.6612 8.28554 31.26
      vertex -7.60294 8.24321 31.3778
    endloop
  endfacet
  facet normal 0.587786 0.809016 3.22696e-05
    outer loop
      vertex -7.6612 8.28554 31.26
      vertex -9.23579 9.42955 31.26
      vertex -9.17814 9.38766 31.3778
    endloop
  endfacet
  facet normal -0.143839 0.908085 0.39331
    outer loop
      vertex -9.23579 9.42955 31.26
      vertex -9.79451 9.34105 31.26
      vertex -9.73686 9.29916 31.3778
    endloop
  endfacet
  facet normal -0.692217 0.502916 0.517601
    outer loop
      vertex -11.9105 6.42859 31.26
      vertex -9.73686 9.29916 31.3778
      vertex -9.79451 9.34105 31.26
    endloop
  endfacet
  facet normal -0.692316 0.503001 0.517386
    outer loop
      vertex -9.73686 9.29916 31.3778
      vertex -11.9105 6.42859 31.26
      vertex -11.8529 6.3867 31.3778
    endloop
  endfacet
  facet normal -0.587808 -0.809 0.000205866
    outer loop
      vertex -10.1892 4.68353 31.3778
      vertex -11.822 5.86987 31.26
      vertex -10.2475 4.72586 31.26
    endloop
  endfacet
  facet normal -0.896246 0 0.443558
    outer loop
      vertex -10.2475 4.72586 31.26
      vertex -10.1892 -4.68353 31.3778
      vertex -10.1892 4.68353 31.3778
    endloop
  endfacet
  facet normal -0.896246 0 0.443558
    outer loop
      vertex -10.1892 -4.68353 31.3778
      vertex -10.2475 4.72586 31.26
      vertex -10.2475 -4.72586 31.26
    endloop
  endfacet
  facet normal -0.587808 0.809 -0.000265321
    outer loop
      vertex -10.2475 -4.72586 31.26
      vertex -11.822 -5.86987 31.26
      vertex -11.7644 -5.82798 31.3778
    endloop
  endfacet
  facet normal -0.908241 0.143863 0.392939
    outer loop
      vertex -11.822 -5.86987 31.26
      vertex -11.8529 -6.3867 31.3778
      vertex -11.7644 -5.82798 31.3778
    endloop
  endfacet
  facet normal -0.908241 0.143863 0.392939
    outer loop
      vertex -11.8529 -6.3867 31.3778
      vertex -11.822 -5.86987 31.26
      vertex -11.9105 -6.42859 31.26
    endloop
  endfacet
  facet normal -0.143839 -0.908085 0.39331
    outer loop
      vertex -9.17814 -9.38766 31.3778
      vertex -9.79451 -9.34105 31.26
      vertex -9.23579 -9.42955 31.26
    endloop
  endfacet
  facet normal 0.587786 -0.809016 1.03461e-05
    outer loop
      vertex -7.60294 -8.24321 31.3778
      vertex -9.23579 -9.42955 31.26
      vertex -7.6612 -8.28554 31.26
    endloop
  endfacet
  facet normal -0.276986 -0.85247 0.443366
    outer loop
      vertex 1.30567 -11.1378 31.3778
      vertex -7.6612 -8.28554 31.26
      vertex 1.32793 -11.2063 31.26
    endloop
  endfacet
  facet normal -0.951054 -0.309023 4.44891e-07
    outer loop
      vertex 1.90734 -12.9895 31.3778
      vertex 1.32793 -11.2063 31.26
      vertex 1.92937 -13.0573 31.26
    endloop
  endfacet
  facet normal -0.417473 -0.819389 0.392833
    outer loop
      vertex 2.41137 -13.2464 31.3778
      vertex 1.92937 -13.0573 31.26
      vertex 2.4334 -13.3141 31.26
    endloop
  endfacet
  facet normal 0.264365 -0.813675 0.517729
    outer loop
      vertex 5.83518 -12.1339 31.3778
      vertex 2.4334 -13.3141 31.26
      vertex 5.8572 -12.2017 31.26
    endloop
  endfacet
  facet normal 0.951059 0.30901 -5.18472e-05
    outer loop
      vertex 5.51257 -9.84661 31.26
      vertex 5.49032 -9.77811 31.3778
      vertex 6.11401 -11.6977 31.26
    endloop
  endfacet
  facet normal 0.725003 -0.526749 0.443741
    outer loop
      vertex 10.9961 -2.2 31.3778
      vertex 5.51257 -9.84661 31.26
      vertex 11.0682 -2.2 31.26
    endloop
  endfacet
  facet normal 0.625026 -0.625026 0.467637
    outer loop
      vertex 13.2606 -1.8 31.4882
      vertex 12.9432 -2.2 31.3778
      vertex 13.3432 -1.8 31.3778
    endloop
  endfacet
  facet normal 0.625026 0.625026 0.467637
    outer loop
      vertex 12.9432 2.2 31.3778
      vertex 12.8606 2.2 31.4882
      vertex 13.3432 1.8 31.3778
    endloop
  endfacet
  facet normal 0.690126 0.501402 0.521844
    outer loop
      vertex 5.49032 9.77811 31.3778
      vertex 5.46452 9.69872 31.4882
      vertex 10.9961 2.2 31.3778
    endloop
  endfacet
  facet normal 0.951058 -0.309011 -0.000156222
    outer loop
      vertex 6.06647 11.5513 31.4882
      vertex 5.49032 9.77811 31.3778
      vertex 6.09199 11.6299 31.3778
    endloop
  endfacet
  facet normal 0.787634 0.401334 0.467509
    outer loop
      vertex 5.83518 12.1339 31.3778
      vertex 5.80965 12.0554 31.4882
      vertex 6.09199 11.6299 31.3778
    endloop
  endfacet
  facet normal 0.247394 0.761375 0.599253
    outer loop
      vertex 2.41137 13.2464 31.3778
      vertex 2.38585 13.1678 31.4882
      vertex 5.83518 12.1339 31.3778
    endloop
  endfacet
  facet normal -0.401347 0.78743 0.467841
    outer loop
      vertex 1.90734 12.9895 31.3778
      vertex 2.38585 13.1678 31.4882
      vertex 2.41137 13.2464 31.3778
    endloop
  endfacet
  facet normal -0.401343 0.787729 0.467341
    outer loop
      vertex 2.38585 13.1678 31.4882
      vertex 1.90734 12.9895 31.3778
      vertex 1.88182 12.911 31.4882
    endloop
  endfacet
  facet normal -0.951054 0.309025 -5.87117e-06
    outer loop
      vertex 1.30567 11.1378 31.3778
      vertex 1.27987 11.0584 31.4882
      vertex 1.90734 12.9895 31.3778
    endloop
  endfacet
  facet normal -0.263602 0.811281 0.521859
    outer loop
      vertex 1.30567 11.1378 31.3778
      vertex -7.60294 8.24321 31.3778
      vertex -7.5354 8.19414 31.4882
    endloop
  endfacet
  facet normal 0.587785 0.809017 1.77293e-05
    outer loop
      vertex -7.60294 8.24321 31.3778
      vertex -9.17814 9.38766 31.3778
      vertex -9.11132 9.33911 31.4882
    endloop
  endfacet
  facet normal -0.138293 0.873072 0.467569
    outer loop
      vertex -9.17814 9.38766 31.3778
      vertex -9.73686 9.29916 31.3778
      vertex -9.67004 9.25062 31.4882
    endloop
  endfacet
  facet normal -0.647804 0.47066 0.599023
    outer loop
      vertex -11.8529 6.3867 31.3778
      vertex -9.67004 9.25062 31.4882
      vertex -9.73686 9.29916 31.3778
    endloop
  endfacet
  facet normal -0.647848 0.470696 0.598948
    outer loop
      vertex -9.67004 9.25062 31.4882
      vertex -11.8529 6.3867 31.3778
      vertex -11.7861 6.33816 31.4882
    endloop
  endfacet
  facet normal -0.873113 -0.138299 0.46749
    outer loop
      vertex -11.6976 5.77944 31.4882
      vertex -11.8529 6.3867 31.3778
      vertex -11.7644 5.82798 31.3778
    endloop
  endfacet
  facet normal -0.587785 -0.809017 -0.0002079
    outer loop
      vertex -10.1217 4.63446 31.4882
      vertex -11.7644 5.82798 31.3778
      vertex -10.1892 4.68353 31.3778
    endloop
  endfacet
  facet normal -0.853167 0 0.521638
    outer loop
      vertex -10.1892 4.68353 31.3778
      vertex -10.1217 -4.63446 31.4882
      vertex -10.1217 4.63446 31.4882
    endloop
  endfacet
  facet normal -0.853167 0 0.521638
    outer loop
      vertex -10.1217 -4.63446 31.4882
      vertex -10.1892 4.68353 31.3778
      vertex -10.1892 -4.68353 31.3778
    endloop
  endfacet
  facet normal -0.587785 0.809017 -5.09316e-05
    outer loop
      vertex -10.1892 -4.68353 31.3778
      vertex -11.7644 -5.82798 31.3778
      vertex -11.6976 -5.77944 31.4882
    endloop
  endfacet
  facet normal -0.873113 0.138299 0.46749
    outer loop
      vertex -11.7644 -5.82798 31.3778
      vertex -11.8529 -6.3867 31.3778
      vertex -11.7861 -6.33816 31.4882
    endloop
  endfacet
  facet normal -0.138288 -0.87304 0.467631
    outer loop
      vertex -9.11132 -9.33911 31.4882
      vertex -9.73686 -9.29916 31.3778
      vertex -9.17814 -9.38766 31.3778
    endloop
  endfacet
  facet normal 0.587785 -0.809017 -5.06618e-06
    outer loop
      vertex -7.5354 -8.19414 31.4882
      vertex -9.17814 -9.38766 31.3778
      vertex -7.60294 -8.24321 31.3778
    endloop
  endfacet
  facet normal -0.2636 -0.811275 0.521869
    outer loop
      vertex 1.27987 -11.0584 31.4882
      vertex -7.60294 -8.24321 31.3778
      vertex 1.30567 -11.1378 31.3778
    endloop
  endfacet
  facet normal -0.951054 -0.309025 -0.000112999
    outer loop
      vertex 1.88182 -12.911 31.4882
      vertex 1.30567 -11.1378 31.3778
      vertex 1.90734 -12.9895 31.3778
    endloop
  endfacet
  facet normal 0.247493 -0.761679 0.598825
    outer loop
      vertex 5.80965 -12.0554 31.4882
      vertex 2.41137 -13.2464 31.3778
      vertex 5.83518 -12.1339 31.3778
    endloop
  endfacet
  facet normal 0.787526 -0.401279 0.467737
    outer loop
      vertex 6.06647 -11.5513 31.4882
      vertex 5.83518 -12.1339 31.3778
      vertex 6.09199 -11.6299 31.3778
    endloop
  endfacet
  facet normal 0.951058 0.309011 4.46631e-05
    outer loop
      vertex 5.49032 -9.77811 31.3778
      vertex 5.46452 -9.69872 31.4882
      vertex 6.09199 -11.6299 31.3778
    endloop
  endfacet
  facet normal 0.690306 -0.501533 0.521481
    outer loop
      vertex 10.9127 -2.2 31.4882
      vertex 5.49032 -9.77811 31.3778
      vertex 10.9961 -2.2 31.3778
    endloop
  endfacet
  facet normal 0.593597 -0.593597 0.543401
    outer loop
      vertex 13.1675 -1.8 31.5899
      vertex 12.8606 -2.2 31.4882
      vertex 13.2606 -1.8 31.4882
    endloop
  endfacet
  facet normal 0.593597 0.593597 0.543401
    outer loop
      vertex 12.8606 2.2 31.4882
      vertex 12.7675 2.2 31.5899
      vertex 13.2606 1.8 31.4882
    endloop
  endfacet
  facet normal 0.647567 0.470488 0.599415
    outer loop
      vertex 5.46452 9.69872 31.4882
      vertex 5.43543 9.60919 31.5899
      vertex 10.9127 2.2 31.4882
    endloop
  endfacet
  facet normal 0.951055 -0.309022 0.000225525
    outer loop
      vertex 6.03769 11.4628 31.5899
      vertex 5.46452 9.69872 31.4882
      vertex 6.06647 11.5513 31.4882
    endloop
  endfacet
  facet normal 0.747918 0.381036 0.543534
    outer loop
      vertex 5.80965 12.0554 31.4882
      vertex 5.78088 11.9668 31.5899
      vertex 6.06647 11.5513 31.4882
    endloop
  endfacet
  facet normal 0.227967 0.701649 0.67507
    outer loop
      vertex 2.38585 13.1678 31.4882
      vertex 2.35708 13.0793 31.5899
      vertex 5.80965 12.0554 31.4882
    endloop
  endfacet
  facet normal -0.381157 0.748111 0.543185
    outer loop
      vertex 1.88182 12.911 31.4882
      vertex 2.35708 13.0793 31.5899
      vertex 2.38585 13.1678 31.4882
    endloop
  endfacet
  facet normal -0.381141 0.747786 0.543643
    outer loop
      vertex 2.35708 13.0793 31.5899
      vertex 1.88182 12.911 31.4882
      vertex 1.85305 12.8224 31.5899
    endloop
  endfacet
  facet normal -0.951056 0.309019 -8.8887e-05
    outer loop
      vertex 1.27987 11.0584 31.4882
      vertex 1.25078 10.9689 31.5899
      vertex 1.88182 12.911 31.4882
    endloop
  endfacet
  facet normal -0.247352 0.76127 0.599404
    outer loop
      vertex 1.27987 11.0584 31.4882
      vertex -7.5354 8.19414 31.4882
      vertex -7.45924 8.13881 31.5899
    endloop
  endfacet
  facet normal 0.587784 0.809018 -2.46585e-06
    outer loop
      vertex -7.5354 8.19414 31.4882
      vertex -9.11132 9.33911 31.4882
      vertex -9.03599 9.28438 31.5899
    endloop
  endfacet
  facet normal -0.131314 0.829107 0.54345
    outer loop
      vertex -9.11132 9.33911 31.4882
      vertex -9.59471 9.19589 31.5899
      vertex -9.03599 9.28438 31.5899
    endloop
  endfacet
  facet normal -0.131314 0.829107 0.54345
    outer loop
      vertex -9.59471 9.19589 31.5899
      vertex -9.11132 9.33911 31.4882
      vertex -9.67004 9.25062 31.4882
    endloop
  endfacet
  facet normal -0.596702 0.433521 0.675282
    outer loop
      vertex -9.67004 9.25062 31.4882
      vertex -11.7107 6.28342 31.5899
      vertex -9.59471 9.19589 31.5899
    endloop
  endfacet
  facet normal -0.596512 0.433398 0.675529
    outer loop
      vertex -11.7107 6.28342 31.5899
      vertex -9.67004 9.25062 31.4882
      vertex -11.7861 6.33816 31.4882
    endloop
  endfacet
  facet normal -0.587792 -0.809012 0.000267177
    outer loop
      vertex -10.0455 4.57913 31.5899
      vertex -11.6976 5.77944 31.4882
      vertex -10.1217 4.63446 31.4882
    endloop
  endfacet
  facet normal -0.800283 0 0.599622
    outer loop
      vertex -10.1217 4.63446 31.4882
      vertex -10.0455 -4.57913 31.5899
      vertex -10.0455 4.57913 31.5899
    endloop
  endfacet
  facet normal -0.800283 0 0.599622
    outer loop
      vertex -10.0455 -4.57913 31.5899
      vertex -10.1217 4.63446 31.4882
      vertex -10.1217 -4.63446 31.4882
    endloop
  endfacet
  facet normal -0.587792 0.809012 0.000336822
    outer loop
      vertex -10.1217 -4.63446 31.4882
      vertex -11.6976 -5.77944 31.4882
      vertex -11.6222 -5.7247 31.5899
    endloop
  endfacet
  facet normal -0.828854 0.131289 0.543843
    outer loop
      vertex -11.6976 -5.77944 31.4882
      vertex -11.7107 -6.28342 31.5899
      vertex -11.6222 -5.7247 31.5899
    endloop
  endfacet
  facet normal -0.828854 0.131289 0.543843
    outer loop
      vertex -11.7107 -6.28342 31.5899
      vertex -11.6976 -5.77944 31.4882
      vertex -11.7861 -6.33816 31.4882
    endloop
  endfacet
  facet normal 0.587784 -0.809018 -2.65596e-05
    outer loop
      vertex -7.45924 -8.13881 31.5899
      vertex -9.11132 -9.33911 31.4882
      vertex -7.5354 -8.19414 31.4882
    endloop
  endfacet
  facet normal -0.247383 -0.761365 0.59927
    outer loop
      vertex 1.25078 -10.9689 31.5899
      vertex -7.5354 -8.19414 31.4882
      vertex 1.27987 -11.0584 31.4882
    endloop
  endfacet
  facet normal -0.951056 -0.309019 0.00016894
    outer loop
      vertex 1.85305 -12.8224 31.5899
      vertex 1.27987 -11.0584 31.4882
      vertex 1.88182 -12.911 31.4882
    endloop
  endfacet
  facet normal 0.227861 -0.701323 0.675445
    outer loop
      vertex 5.78088 -11.9668 31.5899
      vertex 2.38585 -13.1678 31.4882
      vertex 5.80965 -12.0554 31.4882
    endloop
  endfacet
  facet normal 0.748041 -0.381099 0.543322
    outer loop
      vertex 6.03769 -11.4628 31.5899
      vertex 5.80965 -12.0554 31.4882
      vertex 6.06647 -11.5513 31.4882
    endloop
  endfacet
  facet normal 0.951055 0.309022 -5.20586e-06
    outer loop
      vertex 5.46452 -9.69872 31.4882
      vertex 5.43543 -9.60919 31.5899
      vertex 6.06647 -11.5513 31.4882
    endloop
  endfacet
  facet normal 0.647413 -0.470377 0.599669
    outer loop
      vertex 10.8185 -2.2 31.5899
      vertex 5.46452 -9.69872 31.4882
      vertex 10.9127 -2.2 31.4882
    endloop
  endfacet
  facet normal 0.555516 -0.555516 0.618711
    outer loop
      vertex 13.0647 -1.8 31.6822
      vertex 12.7675 -2.2 31.5899
      vertex 13.1675 -1.8 31.5899
    endloop
  endfacet
  facet normal 0.555516 0.555516 0.618711
    outer loop
      vertex 12.7675 2.2 31.5899
      vertex 12.6647 2.2 31.6822
      vertex 13.1675 1.8 31.5899
    endloop
  endfacet
  facet normal 0.59813 0.434565 0.673345
    outer loop
      vertex 5.43543 9.60919 31.5899
      vertex 5.40332 9.51037 31.6822
      vertex 10.8185 2.2 31.5899
    endloop
  endfacet
  facet normal 0.951059 -0.30901 -0.000271888
    outer loop
      vertex 6.00594 11.365 31.6822
      vertex 5.43543 9.60919 31.5899
      vertex 6.03769 11.4628 31.5899
    endloop
  endfacet
  facet normal 0.700153 0.356758 0.618474
    outer loop
      vertex 5.74913 11.8691 31.6822
      vertex 6.03769 11.4628 31.5899
      vertex 5.78088 11.9668 31.5899
    endloop
  endfacet
  facet normal 0.700035 0.356628 0.618682
    outer loop
      vertex 6.03769 11.4628 31.5899
      vertex 5.74913 11.8691 31.6822
      vertex 6.00594 11.365 31.6822
    endloop
  endfacet
  facet normal 0.206535 0.635625 0.743858
    outer loop
      vertex 2.35708 13.0793 31.5899
      vertex 5.74913 11.8691 31.6822
      vertex 5.78088 11.9668 31.5899
    endloop
  endfacet
  facet normal 0.206408 0.635295 0.744175
    outer loop
      vertex 5.74913 11.8691 31.6822
      vertex 2.35708 13.0793 31.5899
      vertex 2.32532 12.9815 31.6822
    endloop
  endfacet
  facet normal -0.356715 0.699865 0.618824
    outer loop
      vertex 1.85305 12.8224 31.5899
      vertex 2.32532 12.9815 31.6822
      vertex 2.35708 13.0793 31.5899
    endloop
  endfacet
  facet normal -0.356751 0.700207 0.618416
    outer loop
      vertex 2.32532 12.9815 31.6822
      vertex 1.85305 12.8224 31.5899
      vertex 1.82129 12.7247 31.6822
    endloop
  endfacet
  facet normal -0.951052 0.309032 0.000373315
    outer loop
      vertex 1.25078 10.9689 31.5899
      vertex 1.21868 10.87 31.6822
      vertex 1.85305 12.8224 31.5899
    endloop
  endfacet
  facet normal -0.228462 0.703126 0.673364
    outer loop
      vertex 1.25078 10.9689 31.5899
      vertex -7.45924 8.13881 31.5899
      vertex -7.37518 8.07773 31.6822
    endloop
  endfacet
  facet normal 0.587783 0.809018 2.48258e-05
    outer loop
      vertex -7.45924 8.13881 31.5899
      vertex -9.03599 9.28438 31.5899
      vertex -8.95286 9.22398 31.6822
    endloop
  endfacet
  facet normal -0.122914 0.77607 0.618553
    outer loop
      vertex -9.03599 9.28438 31.5899
      vertex -9.51158 9.13549 31.6822
      vertex -8.95286 9.22398 31.6822
    endloop
  endfacet
  facet normal -0.122914 0.77607 0.618553
    outer loop
      vertex -9.51158 9.13549 31.6822
      vertex -9.03599 9.28438 31.5899
      vertex -9.59471 9.19589 31.5899
    endloop
  endfacet
  facet normal -0.540621 0.392783 0.743943
    outer loop
      vertex -9.59471 9.19589 31.5899
      vertex -11.6276 6.22303 31.6822
      vertex -9.51158 9.13549 31.6822
    endloop
  endfacet
  facet normal -0.540712 0.392842 0.743845
    outer loop
      vertex -11.6276 6.22303 31.6822
      vertex -9.59471 9.19589 31.5899
      vertex -11.7107 6.28342 31.5899
    endloop
  endfacet
  facet normal -0.776197 -0.122948 0.618387
    outer loop
      vertex -11.5391 5.66431 31.6822
      vertex -11.7107 6.28342 31.5899
      vertex -11.6222 5.7247 31.5899
    endloop
  endfacet
  facet normal -0.587795 -0.80901 4.19444e-05
    outer loop
      vertex -9.96144 4.51806 31.6822
      vertex -11.6222 5.7247 31.5899
      vertex -10.0455 4.57913 31.5899
    endloop
  endfacet
  facet normal -0.739338 0 0.673334
    outer loop
      vertex -10.0455 4.57913 31.5899
      vertex -9.96144 -4.51806 31.6822
      vertex -9.96144 4.51806 31.6822
    endloop
  endfacet
  facet normal -0.739338 0 0.673334
    outer loop
      vertex -9.96144 -4.51806 31.6822
      vertex -10.0455 4.57913 31.5899
      vertex -10.0455 -4.57913 31.5899
    endloop
  endfacet
  facet normal -0.587795 0.80901 -0.000111437
    outer loop
      vertex -10.0455 -4.57913 31.5899
      vertex -11.6222 -5.7247 31.5899
      vertex -11.5391 -5.66431 31.6822
    endloop
  endfacet
  facet normal -0.776197 0.122948 0.618387
    outer loop
      vertex -11.6222 -5.7247 31.5899
      vertex -11.7107 -6.28342 31.5899
      vertex -11.6276 -6.22303 31.6822
    endloop
  endfacet
  facet normal 0.587783 -0.809018 6.26818e-05
    outer loop
      vertex -7.37518 -8.07773 31.6822
      vertex -9.03599 -9.28438 31.5899
      vertex -7.45924 -8.13881 31.5899
    endloop
  endfacet
  facet normal -0.228372 -0.702849 0.673684
    outer loop
      vertex 1.21868 -10.87 31.6822
      vertex -7.45924 -8.13881 31.5899
      vertex 1.25078 -10.9689 31.5899
    endloop
  endfacet
  facet normal -0.951052 -0.309032 -0.000141097
    outer loop
      vertex 1.82129 -12.7247 31.6822
      vertex 1.25078 -10.9689 31.5899
      vertex 1.85305 -12.8224 31.5899
    endloop
  endfacet
  facet normal 0.951059 0.30901 2.27019e-05
    outer loop
      vertex 5.43543 -9.60919 31.5899
      vertex 5.40332 -9.51037 31.6822
      vertex 6.03769 -11.4628 31.5899
    endloop
  endfacet
  facet normal 0.598148 -0.434578 0.673321
    outer loop
      vertex 10.7146 -2.2 31.6822
      vertex 5.43543 -9.60919 31.5899
      vertex 10.8185 -2.2 31.5899
    endloop
  endfacet
  facet normal 0.509638 0.509638 0.693208
    outer loop
      vertex 12.6647 2.2 31.6822
      vertex 12.9533 1.8 31.7641
      vertex 13.0647 1.8 31.6822
    endloop
  endfacet
  facet normal 0.509638 0.509638 0.693208
    outer loop
      vertex 12.9533 1.8 31.7641
      vertex 12.6647 2.2 31.6822
      vertex 12.5533 2.2 31.7641
    endloop
  endfacet
  facet normal 0.540689 0.392832 0.743867
    outer loop
      vertex 5.40332 9.51037 31.6822
      vertex 5.3685 9.40321 31.7641
      vertex 10.7146 2.2 31.6822
    endloop
  endfacet
  facet normal 0.951054 -0.309024 0.00011838
    outer loop
      vertex 5.97152 11.2591 31.7641
      vertex 5.40332 9.51037 31.6822
      vertex 6.00594 11.365 31.6822
    endloop
  endfacet
  facet normal 0.642112 0.327119 0.693315
    outer loop
      vertex 5.7147 11.7631 31.7641
      vertex 6.00594 11.365 31.6822
      vertex 5.74913 11.8691 31.6822
    endloop
  endfacet
  facet normal 0.642263 0.327274 0.693101
    outer loop
      vertex 6.00594 11.365 31.6822
      vertex 5.7147 11.7631 31.7641
      vertex 5.97152 11.2591 31.7641
    endloop
  endfacet
  facet normal 0.182977 0.563178 0.805822
    outer loop
      vertex 2.32532 12.9815 31.6822
      vertex 5.7147 11.7631 31.7641
      vertex 5.74913 11.8691 31.6822
    endloop
  endfacet
  facet normal 0.183097 0.563496 0.805573
    outer loop
      vertex 5.7147 11.7631 31.7641
      vertex 2.32532 12.9815 31.6822
      vertex 2.2909 12.8756 31.7641
    endloop
  endfacet
  facet normal -0.327269 0.642341 0.693032
    outer loop
      vertex 1.82129 12.7247 31.6822
      vertex 2.2909 12.8756 31.7641
      vertex 2.32532 12.9815 31.6822
    endloop
  endfacet
  facet normal -0.327269 0.642341 0.693032
    outer loop
      vertex 2.2909 12.8756 31.7641
      vertex 1.82129 12.7247 31.6822
      vertex 1.78687 12.6188 31.7641
    endloop
  endfacet
  facet normal -0.951059 0.309008 -0.000257475
    outer loop
      vertex 1.21868 10.87 31.6822
      vertex 1.18386 10.7629 31.7641
      vertex 1.82129 12.7247 31.6822
    endloop
  endfacet
  facet normal -0.206524 0.635626 0.74386
    outer loop
      vertex 1.21868 10.87 31.6822
      vertex -7.37518 8.07773 31.6822
      vertex -7.28403 8.0115 31.7641
    endloop
  endfacet
  facet normal 0.587785 0.809017 -3.14692e-05
    outer loop
      vertex -7.37518 8.07773 31.6822
      vertex -8.95286 9.22398 31.6822
      vertex -8.86273 9.1585 31.7641
    endloop
  endfacet
  facet normal -0.112744 0.711859 0.693214
    outer loop
      vertex -8.95286 9.22398 31.6822
      vertex -9.51158 9.13549 31.6822
      vertex -9.42145 9.07001 31.7641
    endloop
  endfacet
  facet normal -0.479194 0.348159 0.805704
    outer loop
      vertex -9.51158 9.13549 31.6822
      vertex -11.5375 6.15755 31.7641
      vertex -9.42145 9.07001 31.7641
    endloop
  endfacet
  facet normal -0.479264 0.348205 0.805642
    outer loop
      vertex -11.5375 6.15755 31.7641
      vertex -9.51158 9.13549 31.6822
      vertex -11.6276 6.22303 31.6822
    endloop
  endfacet
  facet normal -0.711973 -0.112775 0.693092
    outer loop
      vertex -11.449 5.59883 31.7641
      vertex -11.6276 6.22303 31.6822
      vertex -11.5391 5.66431 31.6822
    endloop
  endfacet
  facet normal -0.58779 -0.809014 2.33431e-05
    outer loop
      vertex -9.87028 4.45183 31.7641
      vertex -11.5391 5.66431 31.6822
      vertex -9.96144 4.51806 31.6822
    endloop
  endfacet
  facet normal -0.668315 0 0.743878
    outer loop
      vertex -9.96144 4.51806 31.6822
      vertex -9.87028 -4.45183 31.7641
      vertex -9.87028 4.45183 31.7641
    endloop
  endfacet
  facet normal -0.668315 0 0.743878
    outer loop
      vertex -9.87028 -4.45183 31.7641
      vertex -9.96144 4.51806 31.6822
      vertex -9.96144 -4.51806 31.6822
    endloop
  endfacet
  facet normal -0.58779 0.809014 -0.000175638
    outer loop
      vertex -9.96144 -4.51806 31.6822
      vertex -11.5391 -5.66431 31.6822
      vertex -11.449 -5.59883 31.7641
    endloop
  endfacet
  facet normal -0.711973 0.112775 0.693092
    outer loop
      vertex -11.5391 -5.66431 31.6822
      vertex -11.6276 -6.22303 31.6822
      vertex -11.5375 -6.15755 31.7641
    endloop
  endfacet
  facet normal -0.112744 -0.711859 0.693214
    outer loop
      vertex -8.86273 -9.1585 31.7641
      vertex -9.51158 -9.13549 31.6822
      vertex -8.95286 -9.22398 31.6822
    endloop
  endfacet
  facet normal 0.587785 -0.809017 5.67193e-05
    outer loop
      vertex -7.28403 -8.0115 31.7641
      vertex -8.95286 -9.22398 31.6822
      vertex -7.37518 -8.07773 31.6822
    endloop
  endfacet
  facet normal -0.206595 -0.635844 0.743654
    outer loop
      vertex 1.18386 -10.7629 31.7641
      vertex -7.37518 -8.07773 31.6822
      vertex 1.21868 -10.87 31.6822
    endloop
  endfacet
  facet normal -0.951059 -0.309008 -0.000140092
    outer loop
      vertex 1.78687 -12.6188 31.7641
      vertex 1.21868 -10.87 31.6822
      vertex 1.82129 -12.7247 31.6822
    endloop
  endfacet
  facet normal 0.951054 0.309024 9.12521e-06
    outer loop
      vertex 5.40332 -9.51037 31.6822
      vertex 5.3685 -9.40321 31.7641
      vertex 6.00594 -11.365 31.6822
    endloop
  endfacet
  facet normal 0.540625 -0.392786 0.743938
    outer loop
      vertex 10.6019 -2.2 31.7641
      vertex 5.40332 -9.51037 31.6822
      vertex 10.7146 -2.2 31.6822
    endloop
  endfacet
  facet normal 0.454494 -0.454494 0.766074
    outer loop
      vertex 12.8343 -1.8 31.8347
      vertex 12.5533 -2.2 31.7641
      vertex 12.9533 -1.8 31.7641
    endloop
  endfacet
  facet normal 0.454494 0.454494 0.766074
    outer loop
      vertex 12.5533 2.2 31.7641
      vertex 12.4343 2.2 31.8347
      vertex 12.9533 1.8 31.7641
    endloop
  endfacet
  facet normal 0.474831 0.344983 0.809643
    outer loop
      vertex 5.3685 9.40321 31.7641
      vertex 5.3313 9.28872 31.8347
      vertex 10.6019 2.2 31.7641
    endloop
  endfacet
  facet normal 0.951056 -0.309019 -0.000150896
    outer loop
      vertex 5.93475 11.1459 31.8347
      vertex 5.3685 9.40321 31.7641
      vertex 5.97152 11.2591 31.7641
    endloop
  endfacet
  facet normal 0.572826 0.291891 0.765944
    outer loop
      vertex 5.67793 11.65 31.8347
      vertex 5.97152 11.2591 31.7641
      vertex 5.7147 11.7631 31.7641
    endloop
  endfacet
  facet normal 0.572695 0.291766 0.76609
    outer loop
      vertex 5.97152 11.2591 31.7641
      vertex 5.67793 11.65 31.8347
      vertex 5.93475 11.1459 31.8347
    endloop
  endfacet
  facet normal 0.157656 0.485197 0.860075
    outer loop
      vertex 2.2909 12.8756 31.7641
      vertex 2.25413 12.7624 31.8347
      vertex 5.7147 11.7631 31.7641
    endloop
  endfacet
  facet normal -0.291738 0.572603 0.766169
    outer loop
      vertex 1.78687 12.6188 31.7641
      vertex 2.25413 12.7624 31.8347
      vertex 2.2909 12.8756 31.7641
    endloop
  endfacet
  facet normal -0.291738 0.572603 0.766169
    outer loop
      vertex 2.25413 12.7624 31.8347
      vertex 1.78687 12.6188 31.7641
      vertex 1.7501 12.5056 31.8347
    endloop
  endfacet
  facet normal -0.951058 0.309013 3.74902e-05
    outer loop
      vertex 1.18386 10.7629 31.7641
      vertex 1.14666 10.6484 31.8347
      vertex 1.78687 12.6188 31.7641
    endloop
  endfacet
  facet normal -0.181365 0.55818 0.809656
    outer loop
      vertex 1.18386 10.7629 31.7641
      vertex -7.28403 8.0115 31.7641
      vertex -7.18663 7.94074 31.8347
    endloop
  endfacet
  facet normal 0.587788 0.809015 2.94554e-05
    outer loop
      vertex -7.28403 8.0115 31.7641
      vertex -8.86273 9.1585 31.7641
      vertex -8.76647 9.08856 31.8347
    endloop
  endfacet
  facet normal -0.100552 0.634878 0.766041
    outer loop
      vertex -8.86273 9.1585 31.7641
      vertex -9.42145 9.07001 31.7641
      vertex -9.32519 9.00007 31.8347
    endloop
  endfacet
  facet normal -0.412829 0.299936 0.860006
    outer loop
      vertex -9.42145 9.07001 31.7641
      vertex -11.4412 6.08761 31.8347
      vertex -9.32519 9.00007 31.8347
    endloop
  endfacet
  facet normal -0.412743 0.299879 0.860067
    outer loop
      vertex -11.4412 6.08761 31.8347
      vertex -9.42145 9.07001 31.7641
      vertex -11.5375 6.15755 31.7641
    endloop
  endfacet
  facet normal -0.63472 -0.100538 0.766174
    outer loop
      vertex -11.3527 5.52889 31.8347
      vertex -11.5375 6.15755 31.7641
      vertex -11.449 5.59883 31.7641
    endloop
  endfacet
  facet normal -0.587783 -0.809019 -2.82879e-05
    outer loop
      vertex -9.77289 4.38107 31.8347
      vertex -11.449 5.59883 31.7641
      vertex -9.87028 4.45183 31.7641
    endloop
  endfacet
  facet normal -0.586925 0 0.809641
    outer loop
      vertex -9.87028 4.45183 31.7641
      vertex -9.77289 -4.38107 31.8347
      vertex -9.77289 4.38107 31.8347
    endloop
  endfacet
  facet normal -0.586925 0 0.809641
    outer loop
      vertex -9.77289 -4.38107 31.8347
      vertex -9.87028 4.45183 31.7641
      vertex -9.87028 -4.45183 31.7641
    endloop
  endfacet
  facet normal -0.587783 0.809019 0.000293413
    outer loop
      vertex -9.87028 -4.45183 31.7641
      vertex -11.449 -5.59883 31.7641
      vertex -11.3527 -5.52889 31.8347
    endloop
  endfacet
  facet normal -0.63472 0.100538 0.766174
    outer loop
      vertex -11.449 -5.59883 31.7641
      vertex -11.5375 -6.15755 31.7641
      vertex -11.4412 -6.08761 31.8347
    endloop
  endfacet
  facet normal -0.100552 -0.634878 0.766041
    outer loop
      vertex -8.76647 -9.08856 31.8347
      vertex -9.42145 -9.07001 31.7641
      vertex -8.86273 -9.1585 31.7641
    endloop
  endfacet
  facet normal 0.587788 -0.809015 -6.52402e-05
    outer loop
      vertex -7.18663 -7.94074 31.8347
      vertex -8.86273 -9.1585 31.7641
      vertex -7.28403 -8.0115 31.7641
    endloop
  endfacet
  facet normal -0.181358 -0.55816 0.809671
    outer loop
      vertex 1.14666 -10.6484 31.8347
      vertex -7.28403 -8.0115 31.7641
      vertex 1.18386 -10.7629 31.7641
    endloop
  endfacet
  facet normal -0.951058 -0.309013 0.000140009
    outer loop
      vertex 1.7501 -12.5056 31.8347
      vertex 1.18386 -10.7629 31.7641
      vertex 1.78687 -12.6188 31.7641
    endloop
  endfacet
  facet normal 0.157749 -0.485484 0.859896
    outer loop
      vertex 5.67793 -11.65 31.8347
      vertex 2.2909 -12.8756 31.7641
      vertex 5.7147 -11.7631 31.7641
    endloop
  endfacet
  facet normal 0.951056 0.309019 -4.73111e-06
    outer loop
      vertex 5.3685 -9.40321 31.7641
      vertex 5.3313 -9.28872 31.8347
      vertex 5.97152 -11.2591 31.7641
    endloop
  endfacet
  facet normal 0.475042 -0.345135 0.809455
    outer loop
      vertex 10.4816 -2.2 31.8347
      vertex 5.3685 -9.40321 31.7641
      vertex 10.6019 -2.2 31.7641
    endloop
  endfacet
  facet normal 0.390324 0.390324 0.833843
    outer loop
      vertex 12.4343 2.2 31.8347
      vertex 12.7089 1.8 31.8934
      vertex 12.8343 1.8 31.8347
    endloop
  endfacet
  facet normal 0.390324 0.390324 0.833843
    outer loop
      vertex 12.7089 1.8 31.8934
      vertex 12.4343 2.2 31.8347
      vertex 12.3089 2.2 31.8934
    endloop
  endfacet
  facet normal 0.401494 0.291705 0.868165
    outer loop
      vertex 5.3313 9.28872 31.8347
      vertex 5.29208 9.168 31.8934
      vertex 10.4816 2.2 31.8347
    endloop
  endfacet
  facet normal 0.951054 -0.309024 -6.35819e-05
    outer loop
      vertex 5.89599 11.0266 31.8934
      vertex 5.3313 9.28872 31.8347
      vertex 5.93475 11.1459 31.8347
    endloop
  endfacet
  facet normal 0.491769 0.250538 0.833903
    outer loop
      vertex 5.63917 11.5307 31.8934
      vertex 5.93475 11.1459 31.8347
      vertex 5.67793 11.65 31.8347
    endloop
  endfacet
  facet normal 0.491769 0.250538 0.833903
    outer loop
      vertex 5.93475 11.1459 31.8347
      vertex 5.63917 11.5307 31.8934
      vertex 5.89599 11.0266 31.8934
    endloop
  endfacet
  facet normal 0.130969 0.403103 0.905734
    outer loop
      vertex 2.25413 12.7624 31.8347
      vertex 2.21537 12.6431 31.8934
      vertex 5.67793 11.65 31.8347
    endloop
  endfacet
  facet normal -0.250529 0.491722 0.833933
    outer loop
      vertex 1.7501 12.5056 31.8347
      vertex 2.21537 12.6431 31.8934
      vertex 2.25413 12.7624 31.8347
    endloop
  endfacet
  facet normal -0.250529 0.491722 0.833933
    outer loop
      vertex 2.21537 12.6431 31.8934
      vertex 1.7501 12.5056 31.8347
      vertex 1.71134 12.3863 31.8934
    endloop
  endfacet
  facet normal -0.951057 0.309017 -0.000198451
    outer loop
      vertex 1.14666 10.6484 31.8347
      vertex 1.10743 10.5277 31.8934
      vertex 1.7501 12.5056 31.8347
    endloop
  endfacet
  facet normal -0.153354 0.471973 0.868173
    outer loop
      vertex 1.14666 10.6484 31.8347
      vertex -7.18663 7.94074 31.8347
      vertex -7.08394 7.86613 31.8934
    endloop
  endfacet
  facet normal 0.587785 0.809017 -3.04514e-05
    outer loop
      vertex -7.18663 7.94074 31.8347
      vertex -8.76647 9.08856 31.8347
      vertex -8.665 9.01484 31.8934
    endloop
  endfacet
  facet normal -0.08634 0.545145 0.833884
    outer loop
      vertex -8.76647 9.08856 31.8347
      vertex -9.32519 9.00007 31.8347
      vertex -9.22372 8.92635 31.8934
    endloop
  endfacet
  facet normal -0.342937 0.249152 0.905714
    outer loop
      vertex -9.32519 9.00007 31.8347
      vertex -11.3397 6.01388 31.8934
      vertex -9.22372 8.92635 31.8934
    endloop
  endfacet
  facet normal -0.342868 0.249106 0.905753
    outer loop
      vertex -11.3397 6.01388 31.8934
      vertex -9.32519 9.00007 31.8347
      vertex -11.4412 6.08761 31.8347
    endloop
  endfacet
  facet normal -0.545438 -0.0863961 0.833687
    outer loop
      vertex -11.2513 5.45516 31.8934
      vertex -11.4412 6.08761 31.8347
      vertex -11.3527 5.52889 31.8347
    endloop
  endfacet
  facet normal -0.587792 -0.809012 0.000100237
    outer loop
      vertex -9.67019 4.30646 31.8934
      vertex -11.3527 5.52889 31.8347
      vertex -9.77289 4.38107 31.8347
    endloop
  endfacet
  facet normal -0.49623 0 0.868191
    outer loop
      vertex -9.77289 4.38107 31.8347
      vertex -9.67019 -4.30646 31.8934
      vertex -9.67019 4.30646 31.8934
    endloop
  endfacet
  facet normal -0.49623 0 0.868191
    outer loop
      vertex -9.67019 -4.30646 31.8934
      vertex -9.77289 4.38107 31.8347
      vertex -9.77289 -4.38107 31.8347
    endloop
  endfacet
  facet normal -0.587792 0.809012 -0.00078902
    outer loop
      vertex -9.77289 -4.38107 31.8347
      vertex -11.3527 -5.52889 31.8347
      vertex -11.2513 -5.45516 31.8934
    endloop
  endfacet
  facet normal -0.545015 0.0863292 0.83397
    outer loop
      vertex -11.3527 -5.52889 31.8347
      vertex -11.4412 -6.08761 31.8347
      vertex -11.3397 -6.01388 31.8934
    endloop
  endfacet
  facet normal -0.08634 -0.545145 0.833884
    outer loop
      vertex -8.665 -9.01484 31.8934
      vertex -9.32519 -9.00007 31.8347
      vertex -8.76647 -9.08856 31.8347
    endloop
  endfacet
  facet normal 0.587785 -0.809017 1.94245e-05
    outer loop
      vertex -7.08394 -7.86613 31.8934
      vertex -8.76647 -9.08856 31.8347
      vertex -7.18663 -7.94074 31.8347
    endloop
  endfacet
  facet normal -0.153378 -0.472048 0.868128
    outer loop
      vertex 1.10743 -10.5277 31.8934
      vertex -7.18663 -7.94074 31.8347
      vertex 1.14666 -10.6484 31.8347
    endloop
  endfacet
  facet normal -0.951057 -0.309017 4.6411e-05
    outer loop
      vertex 1.71134 -12.3863 31.8934
      vertex 1.14666 -10.6484 31.8347
      vertex 1.7501 -12.5056 31.8347
    endloop
  endfacet
  facet normal 0.130969 -0.403103 0.905734
    outer loop
      vertex 5.63917 -11.5307 31.8934
      vertex 2.25413 -12.7624 31.8347
      vertex 5.67793 -11.65 31.8347
    endloop
  endfacet
  facet normal 0.951054 0.309024 -8.6231e-05
    outer loop
      vertex 5.3313 -9.28872 31.8347
      vertex 5.29208 -9.168 31.8934
      vertex 5.93475 -11.1459 31.8347
    endloop
  endfacet
  facet normal 0.401325 -0.291582 0.868284
    outer loop
      vertex 10.3546 -2.2 31.8934
      vertex 5.3313 -9.28872 31.8347
      vertex 10.4816 -2.2 31.8347
    endloop
  endfacet
  facet normal 0.316917 -0.316917 0.893939
    outer loop
      vertex 12.5783 -1.8 31.9397
      vertex 12.3089 -2.2 31.8934
      vertex 12.7089 -1.8 31.8934
    endloop
  endfacet
  facet normal 0.316917 0.316917 0.893939
    outer loop
      vertex 12.3089 2.2 31.8934
      vertex 12.1783 2.2 31.9397
      vertex 12.7089 1.8 31.8934
    endloop
  endfacet
  facet normal 0.321227 0.233384 0.917793
    outer loop
      vertex 5.29208 9.168 31.8934
      vertex 5.2512 9.04219 31.9397
      vertex 10.3546 2.2 31.8934
    endloop
  endfacet
  facet normal 0.951054 -0.309024 0.000493425
    outer loop
      vertex 5.85561 10.9024 31.9397
      vertex 5.29208 9.168 31.8934
      vertex 5.89599 11.0266 31.8934
    endloop
  endfacet
  facet normal 0.399183 0.203369 0.894033
    outer loop
      vertex 5.5988 11.4064 31.9397
      vertex 5.89599 11.0266 31.8934
      vertex 5.63917 11.5307 31.8934
    endloop
  endfacet
  facet normal 0.399275 0.203448 0.893973
    outer loop
      vertex 5.89599 11.0266 31.8934
      vertex 5.5988 11.4064 31.9397
      vertex 5.85561 10.9024 31.9397
    endloop
  endfacet
  facet normal 0.103186 0.317591 0.942597
    outer loop
      vertex 2.21537 12.6431 31.8934
      vertex 5.5988 11.4064 31.9397
      vertex 5.63917 11.5307 31.8934
    endloop
  endfacet
  facet normal 0.103259 0.317787 0.942523
    outer loop
      vertex 5.5988 11.4064 31.9397
      vertex 2.21537 12.6431 31.8934
      vertex 2.17499 12.5189 31.9397
    endloop
  endfacet
  facet normal -0.203333 0.399088 0.894083
    outer loop
      vertex 1.71134 12.3863 31.8934
      vertex 1.67096 12.262 31.9397
      vertex 2.21537 12.6431 31.8934
    endloop
  endfacet
  facet normal -0.951054 0.309024 -8.49894e-05
    outer loop
      vertex 1.10743 10.5277 31.8934
      vertex 1.06655 10.4019 31.9397
      vertex 1.71134 12.3863 31.8934
    endloop
  endfacet
  facet normal -0.122705 0.377641 0.917786
    outer loop
      vertex 1.10743 10.5277 31.8934
      vertex -7.08394 7.86613 31.8934
      vertex -6.97692 7.78838 31.9397
    endloop
  endfacet
  facet normal 0.587786 0.809016 -5.22313e-05
    outer loop
      vertex -7.08394 7.86613 31.8934
      vertex -8.665 9.01484 31.8934
      vertex -8.55929 8.93804 31.9397
    endloop
  endfacet
  facet normal -0.0700783 0.44247 0.894041
    outer loop
      vertex -8.665 9.01484 31.8934
      vertex -9.22372 8.92635 31.8934
      vertex -9.11801 8.84954 31.9397
    endloop
  endfacet
  facet normal -0.270201 0.196309 0.942579
    outer loop
      vertex -9.22372 8.92635 31.8934
      vertex -11.234 5.93708 31.9397
      vertex -9.11801 8.84954 31.9397
    endloop
  endfacet
  facet normal -0.270227 0.196326 0.942567
    outer loop
      vertex -11.234 5.93708 31.9397
      vertex -9.22372 8.92635 31.8934
      vertex -11.3397 6.01388 31.8934
    endloop
  endfacet
  facet normal -0.442108 -0.0699498 0.89423
    outer loop
      vertex -11.1455 5.37836 31.9397
      vertex -11.3397 6.01388 31.8934
      vertex -11.2513 5.45516 31.8934
    endloop
  endfacet
  facet normal -0.587771 -0.809028 -0.000273265
    outer loop
      vertex -9.56318 4.2287 31.9397
      vertex -11.2513 5.45516 31.8934
      vertex -9.67019 4.30646 31.8934
    endloop
  endfacet
  facet normal -0.397095 0 0.917778
    outer loop
      vertex -9.67019 4.30646 31.8934
      vertex -9.56318 -4.2287 31.9397
      vertex -9.56318 4.2287 31.9397
    endloop
  endfacet
  facet normal -0.397095 0 0.917778
    outer loop
      vertex -9.56318 -4.2287 31.9397
      vertex -9.67019 4.30646 31.8934
      vertex -9.67019 -4.30646 31.8934
    endloop
  endfacet
  facet normal -0.58777 0.809027 0.00114064
    outer loop
      vertex -9.67019 -4.30646 31.8934
      vertex -11.2513 -5.45516 31.8934
      vertex -11.1455 -5.37836 31.9397
    endloop
  endfacet
  facet normal -0.442486 0.0700095 0.894039
    outer loop
      vertex -11.2513 -5.45516 31.8934
      vertex -11.3397 -6.01388 31.8934
      vertex -11.234 -5.93708 31.9397
    endloop
  endfacet
  facet normal -0.0700843 -0.442508 0.894022
    outer loop
      vertex -8.55929 -8.93804 31.9397
      vertex -9.22372 -8.92635 31.8934
      vertex -8.665 -9.01484 31.8934
    endloop
  endfacet
  facet normal 0.587786 -0.809016 -8.32102e-05
    outer loop
      vertex -6.97692 -7.78838 31.9397
      vertex -8.665 -9.01484 31.8934
      vertex -7.08394 -7.86613 31.8934
    endloop
  endfacet
  facet normal -0.12271 -0.377659 0.917778
    outer loop
      vertex 1.06655 -10.4019 31.9397
      vertex -7.08394 -7.86613 31.8934
      vertex 1.10743 -10.5277 31.8934
    endloop
  endfacet
  facet normal -0.951054 -0.309024 0.000174013
    outer loop
      vertex 1.67096 -12.262 31.9397
      vertex 1.10743 -10.5277 31.8934
      vertex 1.71134 -12.3863 31.8934
    endloop
  endfacet
  facet normal -0.203489 -0.399396 0.89391
    outer loop
      vertex 2.17499 -12.5189 31.9397
      vertex 1.71134 -12.3863 31.8934
      vertex 2.21537 -12.6431 31.8934
    endloop
  endfacet
  facet normal 0.951054 0.309024 1.82456e-05
    outer loop
      vertex 5.29208 -9.168 31.8934
      vertex 5.2512 -9.04219 31.9397
      vertex 5.89599 -11.0266 31.8934
    endloop
  endfacet
  facet normal 0.321198 -0.233363 0.917809
    outer loop
      vertex 10.2223 -2.2 31.9397
      vertex 5.29208 -9.168 31.8934
      vertex 10.3546 -2.2 31.8934
    endloop
  endfacet
  facet normal 0.233989 0.233989 0.943662
    outer loop
      vertex 12.1783 2.2 31.9397
      vertex 12.4436 1.8 31.9731
      vertex 12.5783 1.8 31.9397
    endloop
  endfacet
  facet normal 0.233989 0.233989 0.943662
    outer loop
      vertex 12.4436 1.8 31.9731
      vertex 12.1783 2.2 31.9397
      vertex 12.0436 2.2 31.9731
    endloop
  endfacet
  facet normal 0.234424 0.170317 0.957098
    outer loop
      vertex 5.2512 9.04219 31.9397
      vertex 5.20906 8.9125 31.9731
      vertex 10.2223 2.2 31.9397
    endloop
  endfacet
  facet normal 0.951058 -0.309013 -0.000330376
    outer loop
      vertex 5.814 10.7743 31.9731
      vertex 5.2512 9.04219 31.9397
      vertex 5.85561 10.9024 31.9397
    endloop
  endfacet
  facet normal 0.294882 0.150255 0.943646
    outer loop
      vertex 5.55719 11.2783 31.9731
      vertex 5.85561 10.9024 31.9397
      vertex 5.5988 11.4064 31.9397
    endloop
  endfacet
  facet normal 0.294882 0.150255 0.943646
    outer loop
      vertex 5.85561 10.9024 31.9397
      vertex 5.55719 11.2783 31.9731
      vertex 5.814 10.7743 31.9731
    endloop
  endfacet
  facet normal 0.0743794 0.228909 0.970602
    outer loop
      vertex 2.17499 12.5189 31.9397
      vertex 5.55719 11.2783 31.9731
      vertex 5.5988 11.4064 31.9397
    endloop
  endfacet
  facet normal 0.0743812 0.228913 0.970601
    outer loop
      vertex 5.55719 11.2783 31.9731
      vertex 2.17499 12.5189 31.9397
      vertex 2.13339 12.3908 31.9731
    endloop
  endfacet
  facet normal -0.150406 0.295091 0.943557
    outer loop
      vertex 1.67096 12.262 31.9397
      vertex 1.62936 12.134 31.9731
      vertex 2.17499 12.5189 31.9397
    endloop
  endfacet
  facet normal -0.951052 0.309029 0.000112714
    outer loop
      vertex 1.06655 10.4019 31.9397
      vertex 1.02441 10.2722 31.9731
      vertex 1.67096 12.262 31.9397
    endloop
  endfacet
  facet normal -0.0895453 0.275588 0.957096
    outer loop
      vertex 1.06655 10.4019 31.9397
      vertex -6.97692 7.78838 31.9397
      vertex -6.8666 7.70823 31.9731
    endloop
  endfacet
  facet normal 0.587786 0.809017 -5.66682e-05
    outer loop
      vertex -6.97692 7.78838 31.9397
      vertex -8.55929 8.93804 31.9397
      vertex -8.45036 8.8589 31.9731
    endloop
  endfacet
  facet normal -0.0517894 0.326958 0.943619
    outer loop
      vertex -8.55929 8.93804 31.9397
      vertex -9.11801 8.84954 31.9397
      vertex -9.00908 8.7704 31.9731
    endloop
  endfacet
  facet normal -0.194817 0.141541 0.970573
    outer loop
      vertex -9.11801 8.84954 31.9397
      vertex -11.234 5.93708 31.9397
      vertex -11.1251 5.85794 31.9731
    endloop
  endfacet
  facet normal -0.327048 -0.0518037 0.943587
    outer loop
      vertex -11.0366 5.29922 31.9731
      vertex -11.234 5.93708 31.9397
      vertex -11.1455 5.37836 31.9397
    endloop
  endfacet
  facet normal -0.587798 -0.809008 0.000291457
    outer loop
      vertex -9.45285 4.14855 31.9731
      vertex -11.1455 5.37836 31.9397
      vertex -9.56318 4.2287 31.9397
    endloop
  endfacet
  facet normal -0.289743 0 0.957105
    outer loop
      vertex -9.56318 4.2287 31.9397
      vertex -9.45285 -4.14855 31.9731
      vertex -9.45285 4.14855 31.9731
    endloop
  endfacet
  facet normal -0.289743 0 0.957105
    outer loop
      vertex -9.45285 -4.14855 31.9731
      vertex -9.56318 4.2287 31.9397
      vertex -9.56318 -4.2287 31.9397
    endloop
  endfacet
  facet normal -0.587798 0.809008 -0.00041072
    outer loop
      vertex -9.56318 -4.2287 31.9397
      vertex -11.1455 -5.37836 31.9397
      vertex -11.0366 -5.29922 31.9731
    endloop
  endfacet
  facet normal -0.327048 0.0518037 0.943587
    outer loop
      vertex -11.1455 -5.37836 31.9397
      vertex -11.234 -5.93708 31.9397
      vertex -11.1251 -5.85794 31.9731
    endloop
  endfacet
  facet normal -0.194784 -0.141517 0.970583
    outer loop
      vertex -9.00908 -8.7704 31.9731
      vertex -11.234 -5.93708 31.9397
      vertex -9.11801 -8.84954 31.9397
    endloop
  endfacet
  facet normal -0.0517894 -0.326958 0.943619
    outer loop
      vertex -8.45036 -8.8589 31.9731
      vertex -9.11801 -8.84954 31.9397
      vertex -8.55929 -8.93804 31.9397
    endloop
  endfacet
  facet normal 0.587786 -0.809017 -5.41226e-05
    outer loop
      vertex -6.8666 -7.70823 31.9731
      vertex -8.55929 -8.93804 31.9397
      vertex -6.97692 -7.78838 31.9397
    endloop
  endfacet
  facet normal -0.0895368 -0.275562 0.957104
    outer loop
      vertex 1.02441 -10.2722 31.9731
      vertex -6.97692 -7.78838 31.9397
      vertex 1.06655 -10.4019 31.9397
    endloop
  endfacet
  facet normal -0.951052 -0.309029 -0.000240031
    outer loop
      vertex 1.62936 -12.134 31.9731
      vertex 1.06655 -10.4019 31.9397
      vertex 1.67096 -12.262 31.9397
    endloop
  endfacet
  facet normal -0.15028 -0.294845 0.943654
    outer loop
      vertex 2.13339 -12.3908 31.9731
      vertex 1.67096 -12.262 31.9397
      vertex 2.17499 -12.5189 31.9397
    endloop
  endfacet
  facet normal 0.951058 0.309013 5.07666e-05
    outer loop
      vertex 5.2512 -9.04219 31.9397
      vertex 5.20906 -8.9125 31.9731
      vertex 5.85561 -10.9024 31.9397
    endloop
  endfacet
  facet normal 0.234525 -0.170391 0.95706
    outer loop
      vertex 10.086 -2.2 31.9731
      vertex 5.2512 -9.04219 31.9397
      vertex 10.2223 -2.2 31.9397
    endloop
  endfacet
  facet normal 0.144038 -0.144038 0.979033
    outer loop
      vertex 12.3063 -1.8 31.9933
      vertex 12.0436 -2.2 31.9731
      vertex 12.4436 -1.8 31.9731
    endloop
  endfacet
  facet normal 0.144038 0.144038 0.979033
    outer loop
      vertex 12.0436 2.2 31.9731
      vertex 11.9063 2.2 31.9933
      vertex 12.4436 1.8 31.9731
    endloop
  endfacet
  facet normal 0.142894 0.103819 0.984278
    outer loop
      vertex 5.20906 8.9125 31.9731
      vertex 5.16607 8.78016 31.9933
      vertex 10.086 2.2 31.9731
    endloop
  endfacet
  facet normal 0.951056 -0.309019 -0.000227343
    outer loop
      vertex 5.77157 10.6437 31.9933
      vertex 5.20906 8.9125 31.9731
      vertex 5.814 10.7743 31.9731
    endloop
  endfacet
  facet normal 0.18146 0.0924617 0.979042
    outer loop
      vertex 5.51475 11.1477 31.9933
      vertex 5.814 10.7743 31.9731
      vertex 5.55719 11.2783 31.9731
    endloop
  endfacet
  facet normal 0.181472 0.0924713 0.979039
    outer loop
      vertex 5.814 10.7743 31.9731
      vertex 5.51475 11.1477 31.9933
      vertex 5.77157 10.6437 31.9933
    endloop
  endfacet
  facet normal 0.0449735 0.138409 0.989353
    outer loop
      vertex 2.13339 12.3908 31.9731
      vertex 2.09095 12.2602 31.9933
      vertex 5.55719 11.2783 31.9731
    endloop
  endfacet
  facet normal -0.0924602 0.181475 0.979039
    outer loop
      vertex 1.62936 12.134 31.9731
      vertex 1.58692 12.0034 31.9933
      vertex 2.13339 12.3908 31.9731
    endloop
  endfacet
  facet normal -0.951054 0.309023 0.00129002
    outer loop
      vertex 1.02441 10.2722 31.9731
      vertex 0.981417 10.1398 31.9933
      vertex 1.62936 12.134 31.9731
    endloop
  endfacet
  facet normal -0.0545784 0.167973 0.984279
    outer loop
      vertex 1.02441 10.2722 31.9731
      vertex -6.8666 7.70823 31.9731
      vertex -6.75403 7.62644 31.9933
    endloop
  endfacet
  facet normal 0.587786 0.809017 0.00044274
    outer loop
      vertex -6.8666 7.70823 31.9731
      vertex -8.45036 8.8589 31.9731
      vertex -8.33926 8.77817 31.9933
    endloop
  endfacet
  facet normal -0.0318617 0.20115 0.979042
    outer loop
      vertex -8.45036 8.8589 31.9731
      vertex -9.00908 8.7704 31.9731
      vertex -8.89798 8.68968 31.9933
    endloop
  endfacet
  facet normal -0.117734 0.0855387 0.989354
    outer loop
      vertex -9.00908 8.7704 31.9731
      vertex -11.1251 5.85794 31.9731
      vertex -11.014 5.77722 31.9933
    endloop
  endfacet
  facet normal -0.201157 -0.0318629 0.979041
    outer loop
      vertex -10.9255 5.2185 31.9933
      vertex -11.1251 5.85794 31.9731
      vertex -11.0366 5.29922 31.9731
    endloop
  endfacet
  facet normal -0.587788 -0.809015 -0.000391899
    outer loop
      vertex -9.34029 4.06676 31.9933
      vertex -11.0366 5.29922 31.9731
      vertex -9.45285 4.14855 31.9731
    endloop
  endfacet
  facet normal -0.176638 0 0.984276
    outer loop
      vertex -9.45285 4.14855 31.9731
      vertex -9.34029 -4.06676 31.9933
      vertex -9.34029 4.06676 31.9933
    endloop
  endfacet
  facet normal -0.176638 0 0.984276
    outer loop
      vertex -9.34029 -4.06676 31.9933
      vertex -9.45285 4.14855 31.9731
      vertex -9.45285 -4.14855 31.9731
    endloop
  endfacet
  facet normal -0.587788 0.809015 -2.18237e-05
    outer loop
      vertex -9.45285 -4.14855 31.9731
      vertex -11.0366 -5.29922 31.9731
      vertex -10.9255 -5.2185 31.9933
    endloop
  endfacet
  facet normal -0.201157 0.0318629 0.979041
    outer loop
      vertex -11.0366 -5.29922 31.9731
      vertex -11.1251 -5.85794 31.9731
      vertex -11.014 -5.77722 31.9933
    endloop
  endfacet
  facet normal -0.117734 -0.0855387 0.989354
    outer loop
      vertex -8.89798 -8.68968 31.9933
      vertex -11.1251 -5.85794 31.9731
      vertex -9.00908 -8.7704 31.9731
    endloop
  endfacet
  facet normal -0.0318586 -0.20113 0.979046
    outer loop
      vertex -8.33926 -8.77817 31.9933
      vertex -9.00908 -8.7704 31.9731
      vertex -8.45036 -8.8589 31.9731
    endloop
  endfacet
  facet normal 0.587786 -0.809017 0.000121598
    outer loop
      vertex -6.75403 -7.62644 31.9933
      vertex -8.45036 -8.8589 31.9731
      vertex -6.8666 -7.70823 31.9731
    endloop
  endfacet
  facet normal -0.0545499 -0.167886 0.984296
    outer loop
      vertex 0.981417 -10.1398 31.9933
      vertex -6.8666 -7.70823 31.9731
      vertex 1.02441 -10.2722 31.9731
    endloop
  endfacet
  facet normal -0.951054 -0.309024 -0.00021045
    outer loop
      vertex 1.58692 -12.0034 31.9933
      vertex 1.02441 -10.2722 31.9731
      vertex 1.62936 -12.134 31.9731
    endloop
  endfacet
  facet normal -0.0924602 -0.181475 0.979039
    outer loop
      vertex 2.09095 -12.2602 31.9933
      vertex 1.62936 -12.134 31.9731
      vertex 2.13339 -12.3908 31.9731
    endloop
  endfacet
  facet normal 0.0449735 -0.138409 0.989353
    outer loop
      vertex 5.51475 -11.1477 31.9933
      vertex 2.13339 -12.3908 31.9731
      vertex 5.55719 -11.2783 31.9731
    endloop
  endfacet
  facet normal 0.951056 0.309019 -0.000479913
    outer loop
      vertex 5.20906 -8.9125 31.9731
      vertex 5.16607 -8.78016 31.9933
      vertex 5.814 -10.7743 31.9731
    endloop
  endfacet
  facet normal 0.142865 -0.103798 0.984284
    outer loop
      vertex 9.94683 -2.2 31.9933
      vertex 5.20906 -8.9125 31.9731
      vertex 10.086 -2.2 31.9731
    endloop
  endfacet
  facet normal 0.0481934 -0.0481934 0.997675
    outer loop
      vertex 12.1676 -1.8 32
      vertex 11.9063 -2.2 31.9933
      vertex 12.3063 -1.8 31.9933
    endloop
  endfacet
  facet normal 0.0481934 0.0481934 0.997675
    outer loop
      vertex 11.9063 2.2 31.9933
      vertex 11.7676 2.2 32
      vertex 12.3063 1.8 31.9933
    endloop
  endfacet
  facet normal 0 1 0
    outer loop
      vertex 11.128 2.2 31.1358
      vertex 11.7676 2.2 32
      vertex 11.9063 2.2 31.9933
    endloop
  endfacet
  facet normal 0 1 0
    outer loop
      vertex 11.7676 2.2 32
      vertex 9.94683 2.2 31.9933
      vertex 9.80625 2.2 32
    endloop
  endfacet
  facet normal 0 1 0
    outer loop
      vertex 11.1752 2.2 31.0064
      vertex 11.9063 2.2 31.9933
      vertex 12.0436 2.2 31.9731
    endloop
  endfacet
  facet normal 0 1 0
    outer loop
      vertex 11.7676 2.2 32
      vertex 10.086 2.2 31.9731
      vertex 9.94683 2.2 31.9933
    endloop
  endfacet
  facet normal 0 1 0
    outer loop
      vertex 11.1752 2.2 31.0064
      vertex 12.0436 2.2 31.9731
      vertex 12.1783 2.2 31.9397
    endloop
  endfacet
  facet normal 0 1 0
    outer loop
      vertex 11.7676 2.2 32
      vertex 10.2223 2.2 31.9397
      vertex 10.086 2.2 31.9731
    endloop
  endfacet
  facet normal 0 1 0
    outer loop
      vertex 11.1752 2.2 31.0064
      vertex 12.1783 2.2 31.9397
      vertex 12.3089 2.2 31.8934
    endloop
  endfacet
  facet normal 0 1 0
    outer loop
      vertex 11.7676 2.2 32
      vertex 10.3546 2.2 31.8934
      vertex 10.2223 2.2 31.9397
    endloop
  endfacet
  facet normal 0 1 0
    outer loop
      vertex 11.2092 2.2 30.8731
      vertex 12.3089 2.2 31.8934
      vertex 12.4343 2.2 31.8347
    endloop
  endfacet
  facet normal 0 1 0
    outer loop
      vertex 11.7676 2.2 32
      vertex 10.4816 2.2 31.8347
      vertex 10.3546 2.2 31.8934
    endloop
  endfacet
  facet normal 0 1 0
    outer loop
      vertex 11.2092 2.2 30.8731
      vertex 12.4343 2.2 31.8347
      vertex 12.5533 2.2 31.7641
    endloop
  endfacet
  facet normal 0 1 0
    outer loop
      vertex 11.7676 2.2 32
      vertex 10.6019 2.2 31.7641
      vertex 10.4816 2.2 31.8347
    endloop
  endfacet
  facet normal 0 1 0
    outer loop
      vertex 11.2092 2.2 30.8731
      vertex 12.5533 2.2 31.7641
      vertex 12.6647 2.2 31.6822
    endloop
  endfacet
  facet normal 0 1 0
    outer loop
      vertex 11.7676 2.2 32
      vertex 10.7146 2.2 31.6822
      vertex 10.6019 2.2 31.7641
    endloop
  endfacet
  facet normal 0 1 0
    outer loop
      vertex 11.2092 2.2 30.8731
      vertex 12.6647 2.2 31.6822
      vertex 12.7675 2.2 31.5899
    endloop
  endfacet
  facet normal 0 1 0
    outer loop
      vertex 11.7676 2.2 32
      vertex 10.8185 2.2 31.5899
      vertex 10.7146 2.2 31.6822
    endloop
  endfacet
  facet normal 0 1 0
    outer loop
      vertex 11.2298 2.2 30.7372
      vertex 12.7675 2.2 31.5899
      vertex 12.8606 2.2 31.4882
    endloop
  endfacet
  facet normal 0 1 0
    outer loop
      vertex 11.7676 2.2 32
      vertex 10.9127 2.2 31.4882
      vertex 10.8185 2.2 31.5899
    endloop
  endfacet
  facet normal 0 1 0
    outer loop
      vertex 11.2298 2.2 30.7372
      vertex 12.8606 2.2 31.4882
      vertex 12.9432 2.2 31.3778
    endloop
  endfacet
  facet normal 0 1 0
    outer loop
      vertex 11.7676 2.2 32
      vertex 10.9961 2.2 31.3778
      vertex 10.9127 2.2 31.4882
    endloop
  endfacet
  facet normal 0 1 0
    outer loop
      vertex 11.2298 2.2 30.7372
      vertex 12.9432 2.2 31.3778
      vertex 13.0145 2.2 31.26
    endloop
  endfacet
  facet normal 0 1 0
    outer loop
      vertex 11.7676 2.2 32
      vertex 11.0682 2.2 31.26
      vertex 10.9961 2.2 31.3778
    endloop
  endfacet
  facet normal 0 1 0
    outer loop
      vertex 11.2298 2.2 30.7372
      vertex 13.0145 2.2 31.26
      vertex 13.0737 2.2 31.1358
    endloop
  endfacet
  facet normal 0 1 0
    outer loop
      vertex 11.7676 2.2 32
      vertex 11.128 2.2 31.1358
      vertex 11.0682 2.2 31.26
    endloop
  endfacet
  facet normal 0 1 0
    outer loop
      vertex 11.2298 2.2 30.7372
      vertex 13.0737 2.2 31.1358
      vertex 13.1204 2.2 31.0064
    endloop
  endfacet
  facet normal 0 1 0
    outer loop
      vertex 11.9063 2.2 31.9933
      vertex 11.1752 2.2 31.0064
      vertex 11.128 2.2 31.1358
    endloop
  endfacet
  facet normal 0 1 0
    outer loop
      vertex 11.2367 2.2 30.6
      vertex 13.1204 2.2 31.0064
      vertex 13.1541 2.2 30.8731
    endloop
  endfacet
  facet normal 0 1 0
    outer loop
      vertex 12.3089 2.2 31.8934
      vertex 11.2092 2.2 30.8731
      vertex 11.1752 2.2 31.0064
    endloop
  endfacet
  facet normal 0 1 0
    outer loop
      vertex 11.2367 2.2 30.6
      vertex 13.1541 2.2 30.8731
      vertex 13.1744 2.2 30.7372
    endloop
  endfacet
  facet normal 0 1 0
    outer loop
      vertex 12.7675 2.2 31.5899
      vertex 11.2298 2.2 30.7372
      vertex 11.2092 2.2 30.8731
    endloop
  endfacet
  facet normal 0 1 0
    outer loop
      vertex 11.2367 2.2 30.6
      vertex 13.1744 2.2 30.7372
      vertex 13.1812 2.2 30.6
    endloop
  endfacet
  facet normal 0 1 0
    outer loop
      vertex 13.1204 2.2 31.0064
      vertex 11.2367 2.2 30.6
      vertex 11.2298 2.2 30.7372
    endloop
  endfacet
  facet normal 0 1 -0
    outer loop
      vertex 13.1812 2.2 29.75
      vertex 11.2367 2.2 30.6
      vertex 13.1812 2.2 30.6
    endloop
  endfacet
  facet normal 0 1 0
    outer loop
      vertex 11.2367 2.2 30.6
      vertex 13.1812 2.2 29.75
      vertex 11.2367 2.2 29.75
    endloop
  endfacet
  facet normal 0.0475743 0.0345647 0.998269
    outer loop
      vertex 5.16607 8.78016 31.9933
      vertex 5.12262 8.64646 32
      vertex 9.94683 2.2 31.9933
    endloop
  endfacet
  facet normal 0.951057 -0.309017 0.000447462
    outer loop
      vertex 5.72871 10.5118 32
      vertex 5.16607 8.78016 31.9933
      vertex 5.77157 10.6437 31.9933
    endloop
  endfacet
  facet normal 0.060728 0.0309448 0.997675
    outer loop
      vertex 5.47189 11.0158 32
      vertex 5.77157 10.6437 31.9933
      vertex 5.51475 11.1477 31.9933
    endloop
  endfacet
  facet normal 0.060728 0.0309448 0.997675
    outer loop
      vertex 5.77157 10.6437 31.9933
      vertex 5.47189 11.0158 32
      vertex 5.72871 10.5118 32
    endloop
  endfacet
  facet normal 0.0149116 0.0458915 0.998835
    outer loop
      vertex 2.09095 12.2602 31.9933
      vertex 2.04809 12.1283 32
      vertex 5.51475 11.1477 31.9933
    endloop
  endfacet
  facet normal -0.0309429 0.0607326 0.997674
    outer loop
      vertex 1.58692 12.0034 31.9933
      vertex 1.54406 11.8715 32
      vertex 2.09095 12.2602 31.9933
    endloop
  endfacet
  facet normal -0.951059 0.309009 -0.000636082
    outer loop
      vertex 0.981417 10.1398 31.9933
      vertex 0.937972 10.0061 32
      vertex 1.58692 12.0034 31.9933
    endloop
  endfacet
  facet normal -0.0181724 0.0559298 0.998269
    outer loop
      vertex 0.981417 10.1398 31.9933
      vertex -6.75403 7.62644 31.9933
      vertex -6.64029 7.54381 32
    endloop
  endfacet
  facet normal 0.587782 0.809018 -0.0014618
    outer loop
      vertex -6.75403 7.62644 31.9933
      vertex -8.33926 8.77817 31.9933
      vertex -8.22704 8.69665 32
    endloop
  endfacet
  facet normal -0.010661 0.0673131 0.997675
    outer loop
      vertex -8.33926 8.77817 31.9933
      vertex -8.89798 8.68968 31.9933
      vertex -8.78576 8.60815 32
    endloop
  endfacet
  facet normal -0.0390317 0.0283584 0.998835
    outer loop
      vertex -8.89798 8.68968 31.9933
      vertex -10.9018 5.69569 32
      vertex -8.78576 8.60815 32
    endloop
  endfacet
  facet normal -0.0390364 0.0283615 0.998835
    outer loop
      vertex -10.9018 5.69569 32
      vertex -8.89798 8.68968 31.9933
      vertex -11.014 5.77722 31.9933
    endloop
  endfacet
  facet normal -0.587791 -0.809012 0.000990636
    outer loop
      vertex -9.22655 3.98413 32
      vertex -10.9255 5.2185 31.9933
      vertex -9.34029 4.06676 31.9933
    endloop
  endfacet
  facet normal -0.0588043 0 0.99827
    outer loop
      vertex -9.34029 4.06676 31.9933
      vertex -9.22655 -3.98413 32
      vertex -9.22655 3.98413 32
    endloop
  endfacet
  facet normal -0.0588043 0 0.99827
    outer loop
      vertex -9.22655 -3.98413 32
      vertex -9.34029 4.06676 31.9933
      vertex -9.34029 -4.06676 31.9933
    endloop
  endfacet
  facet normal -0.587791 0.809012 -0.0012906
    outer loop
      vertex -9.34029 -4.06676 31.9933
      vertex -10.9255 -5.2185 31.9933
      vertex -10.8133 -5.13697 32
    endloop
  endfacet
  facet normal -0.067325 0.0106641 0.997674
    outer loop
      vertex -10.9255 -5.2185 31.9933
      vertex -10.9018 -5.69569 32
      vertex -10.8133 -5.13697 32
    endloop
  endfacet
  facet normal -0.067325 0.0106641 0.997674
    outer loop
      vertex -10.9018 -5.69569 32
      vertex -10.9255 -5.2185 31.9933
      vertex -11.014 -5.77722 31.9933
    endloop
  endfacet
  facet normal -0.0106621 -0.0673199 0.997674
    outer loop
      vertex -8.22704 -8.69665 32
      vertex -8.89798 -8.68968 31.9933
      vertex -8.33926 -8.77817 31.9933
    endloop
  endfacet
  facet normal 0.587783 -0.809018 -0.000778113
    outer loop
      vertex -6.64029 -7.54381 32
      vertex -8.33926 -8.77817 31.9933
      vertex -6.75403 -7.62644 31.9933
    endloop
  endfacet
  facet normal -0.0181727 -0.0559306 0.998269
    outer loop
      vertex 0.937972 -10.0061 32
      vertex -6.75403 -7.62644 31.9933
      vertex 0.981417 -10.1398 31.9933
    endloop
  endfacet
  facet normal -0.951059 -0.309009 -0.000613186
    outer loop
      vertex 1.54406 -11.8715 32
      vertex 0.981417 -10.1398 31.9933
      vertex 1.58692 -12.0034 31.9933
    endloop
  endfacet
  facet normal -0.0309429 -0.0607326 0.997674
    outer loop
      vertex 2.04809 -12.1283 32
      vertex 1.58692 -12.0034 31.9933
      vertex 2.09095 -12.2602 31.9933
    endloop
  endfacet
  facet normal 0.0149116 -0.0458915 0.998835
    outer loop
      vertex 5.47189 -11.0158 32
      vertex 2.09095 -12.2602 31.9933
      vertex 5.51475 -11.1477 31.9933
    endloop
  endfacet
  facet normal 0.951056 0.309016 0.00117784
    outer loop
      vertex 5.16607 -8.78016 31.9933
      vertex 5.12262 -8.64646 32
      vertex 5.77157 -10.6437 31.9933
    endloop
  endfacet
  facet normal 0.0475772 -0.0345668 0.998269
    outer loop
      vertex 9.80625 -2.2 32
      vertex 5.16607 -8.78016 31.9933
      vertex 9.94683 -2.2 31.9933
    endloop
  endfacet
  facet normal -0 -0.993151 -0.116841
    outer loop
      vertex 11.7659 -2.05 0
      vertex 12.5167 -2.15 0.849999
      vertex 11.519 -2.05 0
    endloop
  endfacet
  facet normal 0 -0.993151 -0.116841
    outer loop
      vertex 12.5167 -2.15 0.849999
      vertex 11.7659 -2.05 0
      vertex 13.2312 -2.15 0.849999
    endloop
  endfacet
  facet normal 0.430681 -0.430681 -0.793113
    outer loop
      vertex 13.2312 -2.15 0.849999
      vertex 12.0159 -1.8 0
      vertex 13.5812 -1.8 0.849999
    endloop
  endfacet
  facet normal 0.430681 -0.430681 -0.793113
    outer loop
      vertex 12.0159 -1.8 0
      vertex 13.2312 -2.15 0.849999
      vertex 11.7659 -2.05 0
    endloop
  endfacet
  facet normal 0.477207 0 -0.878791
    outer loop
      vertex 12.0159 -1.8 0
      vertex 13.5812 1.8 0.849999
      vertex 13.5812 -1.8 0.849999
    endloop
  endfacet
  facet normal 0.477207 0 -0.878791
    outer loop
      vertex 13.5812 1.8 0.849999
      vertex 12.0159 -1.8 0
      vertex 12.0159 1.8 0
    endloop
  endfacet
  facet normal 0.566724 0.41175 -0.713643
    outer loop
      vertex 11.519 2.05 0
      vertex 5.91264 11.2397 0.849999
      vertex 12.5167 2.15 0.849999
    endloop
  endfacet
  facet normal 0.944545 -0.306894 -0.116836
    outer loop
      vertex 5.91264 11.2397 0.849999
      vertex 5.50923 10.3217 0
      vertex 6.13345 11.9193 0.849999
    endloop
  endfacet
  facet normal 0.542667 0.276526 -0.793124
    outer loop
      vertex 6.13345 11.9193 0.849999
      vertex 5.58554 10.5566 0
      vertex 5.90873 12.3603 0.849999
    endloop
  endfacet
  facet normal -0.276628 0.542698 -0.793067
    outer loop
      vertex 2.48493 13.4728 0.849999
      vertex 2.00122 11.9841 0
      vertex 2.04391 13.248 0.849999
    endloop
  endfacet
  facet normal -0.944525 0.306933 -0.116893
    outer loop
      vertex 2.04391 13.248 0.849999
      vertex 1.6862 11.8235 0
      vertex 1.8231 12.5685 0.849999
    endloop
  endfacet
  facet normal -0.216468 0.666213 -0.713654
    outer loop
      vertex 1.6099 11.5887 0
      vertex -8.86248 9.09651 0.849999
      vertex 1.8231 12.5685 0.849999
    endloop
  endfacet
  facet normal 0.58376 0.803476 -0.116832
    outer loop
      vertex -8.11411 8.42919 0
      vertex -9.44056 9.51651 0.849999
      vertex -8.86248 9.09651 0.849999
    endloop
  endfacet
  facet normal -0.0952787 0.601574 -0.793115
    outer loop
      vertex -8.31387 8.57432 0
      vertex -9.92944 9.43908 0.849999
      vertex -9.44056 9.51651 0.849999
    endloop
  endfacet
  facet normal -0.386064 0.280497 -0.878792
    outer loop
      vertex -8.66308 8.51901 0
      vertex -12.0455 6.52662 0.849999
      vertex -9.92944 9.43908 0.849999
    endloop
  endfacet
  facet normal -0.6016 -0.0953691 -0.793084
    outer loop
      vertex -11.968 6.03774 0.849999
      vertex -12.0455 6.52662 0.849999
      vertex -10.7791 5.60655 0
    endloop
  endfacet
  facet normal -0.583807 -0.803429 -0.116923
    outer loop
      vertex -11.39 5.61774 0.849999
      vertex -11.968 6.03774 0.849999
      vertex -10.7238 5.25735 0
    endloop
  endfacet
  facet normal -0.583803 0.803425 -0.116972
    outer loop
      vertex -10.524 -5.11222 0
      vertex -11.968 -6.03774 0.849999
      vertex -11.39 -5.61774 0.849999
    endloop
  endfacet
  facet normal -0.60162 0.0953721 -0.793069
    outer loop
      vertex -10.7238 -5.25735 0
      vertex -12.0455 -6.52662 0.849999
      vertex -11.968 -6.03774 0.849999
    endloop
  endfacet
  facet normal -0.386058 -0.280492 -0.878797
    outer loop
      vertex -9.92944 -9.43908 0.849999
      vertex -12.0455 -6.52662 0.849999
      vertex -10.7791 -5.60655 0
    endloop
  endfacet
  facet normal -0.0952787 -0.601574 -0.793115
    outer loop
      vertex -9.44056 -9.51651 0.849999
      vertex -9.92944 -9.43908 0.849999
      vertex -8.66308 -8.51901 0
    endloop
  endfacet
  facet normal 0.58376 -0.803476 -0.116836
    outer loop
      vertex -8.86248 -9.09651 0.849999
      vertex -9.44056 -9.51651 0.849999
      vertex -8.31387 -8.57432 0
    endloop
  endfacet
  facet normal -0.216473 -0.66623 -0.713637
    outer loop
      vertex 1.8231 -12.5685 0.849999
      vertex -8.86248 -9.09651 0.849999
      vertex -8.11411 -8.42919 0
    endloop
  endfacet
  facet normal -0.944525 -0.306933 -0.116894
    outer loop
      vertex 1.8231 -12.5685 0.849999
      vertex 1.6099 -11.5887 0
      vertex 2.04391 -13.248 0.849999
    endloop
  endfacet
  facet normal -0.276624 -0.542691 -0.793074
    outer loop
      vertex 2.04391 -13.248 0.849999
      vertex 1.6862 -11.8235 0
      vertex 2.48493 -13.4728 0.849999
    endloop
  endfacet
  facet normal 0.147469 -0.453847 -0.878792
    outer loop
      vertex 2.48493 -13.4728 0.849999
      vertex 5.42503 -10.8716 0
      vertex 5.90873 -12.3603 0.849999
    endloop
  endfacet
  facet normal 0.147468 -0.453846 -0.878793
    outer loop
      vertex 5.42503 -10.8716 0
      vertex 2.48493 -13.4728 0.849999
      vertex 2.00122 -11.9841 0
    endloop
  endfacet
  facet normal 0.542668 -0.276527 -0.793123
    outer loop
      vertex 5.90873 -12.3603 0.849999
      vertex 5.42503 -10.8716 0
      vertex 6.13345 -11.9193 0.849999
    endloop
  endfacet
  facet normal 0.944544 0.306893 -0.116849
    outer loop
      vertex 6.13345 -11.9193 0.849999
      vertex 5.58554 -10.5566 0
      vertex 5.91264 -11.2397 0.849999
    endloop
  endfacet
  facet normal 0.566718 -0.411745 -0.71365
    outer loop
      vertex 5.91264 -11.2397 0.849999
      vertex 5.50923 -10.3217 0
      vertex 12.5167 -2.15 0.849999
    endloop
  endfacet
  facet normal 0 -0.998371 -0.0570498
    outer loop
      vertex 12.5167 -2.15 0.849999
      vertex 13.1312 -2.25 2.6
      vertex 11.2268 -2.25 2.6
    endloop
  endfacet
  facet normal 0 -0.998371 -0.0570498
    outer loop
      vertex 13.1312 -2.25 2.6
      vertex 12.5167 -2.15 0.849999
      vertex 13.2312 -2.15 0.849999
    endloop
  endfacet
  facet normal 0.707107 -0.707107 -2.74143e-16
    outer loop
      vertex 13.5812 -1.8 2.6
      vertex 13.1312 -2.25 2.6
      vertex 13.2312 -2.15 0.849999
    endloop
  endfacet
  facet normal 1 -0 0
    outer loop
      vertex 13.5812 -1.8 2.6
      vertex 13.5812 1.8 0.849999
      vertex 13.5812 1.8 2.6
    endloop
  endfacet
  facet normal 1 0 0
    outer loop
      vertex 13.5812 1.8 0.849999
      vertex 13.5812 -1.8 2.6
      vertex 13.5812 -1.8 0.849999
    endloop
  endfacet
  facet normal 0.707107 0.707107 -0
    outer loop
      vertex 13.5812 1.8 0.849999
      vertex 13.1312 2.25 2.6
      vertex 13.5812 1.8 2.6
    endloop
  endfacet
  facet normal 0.70505 0.512253 0.49041
    outer loop
      vertex 12.5167 2.15 0.849999
      vertex 5.60913 9.98199 2.6
      vertex 11.2268 2.25 2.6
    endloop
  endfacet
  facet normal 0.949509 -0.308509 -0.0570452
    outer loop
      vertex 6.19765 11.7933 2.6
      vertex 5.60913 9.98199 2.6
      vertex 5.91264 11.2397 0.849999
    endloop
  endfacet
  facet normal 0.890994 0.454014 2.26284e-06
    outer loop
      vertex 6.13345 11.9193 0.849999
      vertex 5.90873 12.3603 2.6
      vertex 6.19765 11.7933 2.6
    endloop
  endfacet
  facet normal -0.454095 0.890953 0
    outer loop
      vertex 2.48493 13.4728 0.849999
      vertex 1.9179 13.1838 2.6
      vertex 2.48493 13.4728 2.6
    endloop
  endfacet
  facet normal -0.949504 0.308526 -0.0570512
    outer loop
      vertex 2.04391 13.248 0.849999
      vertex 1.32938 11.3726 2.6
      vertex 1.9179 13.1838 2.6
    endloop
  endfacet
  facet normal -0.269307 0.828831 0.490421
    outer loop
      vertex 1.8231 12.5685 0.849999
      vertex -7.76012 8.41921 2.6
      vertex 1.32938 11.3726 2.6
    endloop
  endfacet
  facet normal 0.586829 0.807699 -0.0570526
    outer loop
      vertex -8.86248 9.09651 0.849999
      vertex -9.30088 9.53864 2.6
      vertex -7.76012 8.41921 2.6
    endloop
  endfacet
  facet normal -0.156443 0.987687 -3.13551e-06
    outer loop
      vertex -9.44056 9.51651 0.849999
      vertex -9.92944 9.43908 2.6
      vertex -9.30088 9.53864 2.6
    endloop
  endfacet
  facet normal -0.987677 -0.156505 -0
    outer loop
      vertex -12.0455 6.52662 2.6
      vertex -12.0455 6.52662 0.849999
      vertex -11.9459 5.89806 2.6
    endloop
  endfacet
  facet normal -0.586843 -0.807688 -0.0570563
    outer loop
      vertex -11.9459 5.89806 2.6
      vertex -11.968 6.03774 0.849999
      vertex -10.4052 4.77863 2.6
    endloop
  endfacet
  facet normal -0.586844 0.807689 -0.0570373
    outer loop
      vertex -11.39 -5.61774 0.849999
      vertex -11.9459 -5.89806 2.6
      vertex -10.4052 -4.77863 2.6
    endloop
  endfacet
  facet normal -0.987677 0.156505 -1.88129e-05
    outer loop
      vertex -11.968 -6.03774 0.849999
      vertex -12.0455 -6.52662 2.6
      vertex -11.9459 -5.89806 2.6
    endloop
  endfacet
  facet normal -0.809013 -0.587791 0
    outer loop
      vertex -9.92944 -9.43908 0.849999
      vertex -12.0455 -6.52662 2.6
      vertex -12.0455 -6.52662 0.849999
    endloop
  endfacet
  facet normal -0.809013 -0.587791 0
    outer loop
      vertex -12.0455 -6.52662 2.6
      vertex -9.92944 -9.43908 0.849999
      vertex -9.92944 -9.43908 2.6
    endloop
  endfacet
  facet normal -0.156443 -0.987687 -0
    outer loop
      vertex -9.92944 -9.43908 2.6
      vertex -9.92944 -9.43908 0.849999
      vertex -9.30088 -9.53864 2.6
    endloop
  endfacet
  facet normal 0.586829 -0.807699 -0.0570529
    outer loop
      vertex -9.30088 -9.53864 2.6
      vertex -9.44056 -9.51651 0.849999
      vertex -7.76012 -8.41921 2.6
    endloop
  endfacet
  facet normal -0.269306 -0.828831 0.490422
    outer loop
      vertex -7.76012 -8.41921 2.6
      vertex -8.86248 -9.09651 0.849999
      vertex 1.32938 -11.3726 2.6
    endloop
  endfacet
  facet normal -0.949504 -0.308526 -0.0570417
    outer loop
      vertex 1.9179 -13.1838 2.6
      vertex 1.32938 -11.3726 2.6
      vertex 1.8231 -12.5685 0.849999
    endloop
  endfacet
  facet normal -0.454095 -0.890953 -1.21786e-05
    outer loop
      vertex 2.48493 -13.4728 2.6
      vertex 1.9179 -13.1838 2.6
      vertex 2.04391 -13.248 0.849999
    endloop
  endfacet
  facet normal 0.309027 -0.951053 0
    outer loop
      vertex 2.48493 -13.4728 0.849999
      vertex 5.90873 -12.3603 2.6
      vertex 2.48493 -13.4728 2.6
    endloop
  endfacet
  facet normal 0.309027 -0.951053 0
    outer loop
      vertex 5.90873 -12.3603 2.6
      vertex 2.48493 -13.4728 0.849999
      vertex 5.90873 -12.3603 0.849999
    endloop
  endfacet
  facet normal 0.890994 -0.454014 0
    outer loop
      vertex 5.90873 -12.3603 2.6
      vertex 5.90873 -12.3603 0.849999
      vertex 6.19765 -11.7933 2.6
    endloop
  endfacet
  facet normal 0.949509 0.308509 -0.057046
    outer loop
      vertex 6.13345 -11.9193 0.849999
      vertex 5.60913 -9.98199 2.6
      vertex 6.19765 -11.7933 2.6
    endloop
  endfacet
  facet normal 0.705042 -0.512248 0.490426
    outer loop
      vertex 11.2268 -2.25 2.6
      vertex 5.60913 -9.98199 2.6
      vertex 5.91264 -11.2397 0.849999
    endloop
  endfacet
  facet normal 0 -1 0
    outer loop
      vertex 11.2268 -2.25 2.6
      vertex 12.6267 -2.25 3.1
      vertex 10.4096 -2.25 3.1
    endloop
  endfacet
  facet normal 0 -1 -0
    outer loop
      vertex 12.6267 -2.25 3.1
      vertex 11.2268 -2.25 2.6
      vertex 13.1312 -2.25 2.6
    endloop
  endfacet
  facet normal 0.575618 -0.575618 0.580799
    outer loop
      vertex 13.0767 -1.8 3.1
      vertex 13.1312 -2.25 2.6
      vertex 13.5812 -1.8 2.6
    endloop
  endfacet
  facet normal 0.575618 -0.575618 0.580799
    outer loop
      vertex 13.1312 -2.25 2.6
      vertex 13.0767 -1.8 3.1
      vertex 12.6267 -2.25 3.1
    endloop
  endfacet
  facet normal 0.703932 0 0.710267
    outer loop
      vertex 13.0767 1.8 3.1
      vertex 13.5812 -1.8 2.6
      vertex 13.5812 1.8 2.6
    endloop
  endfacet
  facet normal 0.703932 0 0.710267
    outer loop
      vertex 13.5812 -1.8 2.6
      vertex 13.0767 1.8 3.1
      vertex 13.0767 -1.8 3.1
    endloop
  endfacet
  facet normal 0.488001 0.354553 0.797589
    outer loop
      vertex 11.2268 2.25 2.6
      vertex 5.35662 9.20484 3.1
      vertex 10.4096 2.25 3.1
    endloop
  endfacet
  facet normal 0.951056 -0.30902 -7.68797e-06
    outer loop
      vertex 6.04174 11.3134 3.1
      vertex 5.35662 9.20484 3.1
      vertex 5.60913 9.98199 2.6
    endloop
  endfacet
  facet normal 0.72527 0.369568 0.580865
    outer loop
      vertex 6.19765 11.7933 2.6
      vertex 5.75282 11.8804 3.1
      vertex 6.04174 11.3134 3.1
    endloop
  endfacet
  facet normal -0.369523 0.725271 0.580891
    outer loop
      vertex 2.48493 13.4728 2.6
      vertex 1.76199 12.704 3.1
      vertex 2.32902 12.9929 3.1
    endloop
  endfacet
  facet normal -0.951057 0.309015 -2.81898e-05
    outer loop
      vertex 1.9179 13.1838 2.6
      vertex 1.07687 10.5954 3.1
      vertex 1.76199 12.704 3.1
    endloop
  endfacet
  facet normal -0.186398 0.573678 0.79759
    outer loop
      vertex 1.32938 11.3726 2.6
      vertex -7.09904 7.9389 3.1
      vertex 1.07687 10.5954 3.1
    endloop
  endfacet
  facet normal 0.587785 0.809017 1.19174e-05
    outer loop
      vertex -7.76012 8.41921 2.6
      vertex -8.8927 9.24207 3.1
      vertex -7.09904 7.9389 3.1
    endloop
  endfacet
  facet normal -0.804 -0.1274 0.580822
    outer loop
      vertex -11.6373 6.23006 3.1
      vertex -12.0455 6.52662 2.6
      vertex -11.5377 5.6015 3.1
    endloop
  endfacet
  facet normal -0.587792 -0.809012 3.16466e-05
    outer loop
      vertex -11.5377 5.6015 3.1
      vertex -11.9459 5.89806 2.6
      vertex -9.74407 4.29833 3.1
    endloop
  endfacet
  facet normal -0.587792 0.809012 7.60404e-05
    outer loop
      vertex -10.4052 -4.77863 2.6
      vertex -11.5377 -5.6015 3.1
      vertex -9.74407 -4.29833 3.1
    endloop
  endfacet
  facet normal -0.804 0.1274 0.580822
    outer loop
      vertex -11.5377 -5.6015 3.1
      vertex -11.9459 -5.89806 2.6
      vertex -11.6373 -6.23006 3.1
    endloop
  endfacet
  facet normal -0.56947 -0.413747 0.710294
    outer loop
      vertex -11.6373 -6.23006 3.1
      vertex -9.92944 -9.43908 2.6
      vertex -9.52126 -9.14252 3.1
    endloop
  endfacet
  facet normal -0.569459 -0.413743 0.710305
    outer loop
      vertex -9.92944 -9.43908 2.6
      vertex -11.6373 -6.23006 3.1
      vertex -12.0455 -6.52662 2.6
    endloop
  endfacet
  facet normal -0.127349 -0.804001 0.580831
    outer loop
      vertex -9.30088 -9.53864 2.6
      vertex -9.52126 -9.14252 3.1
      vertex -9.92944 -9.43908 2.6
    endloop
  endfacet
  facet normal -0.127336 -0.803999 0.580836
    outer loop
      vertex -9.52126 -9.14252 3.1
      vertex -9.30088 -9.53864 2.6
      vertex -8.8927 -9.24207 3.1
    endloop
  endfacet
  facet normal 0.587785 -0.809017 1.60712e-05
    outer loop
      vertex -8.8927 -9.24207 3.1
      vertex -9.30088 -9.53864 2.6
      vertex -7.09904 -7.9389 3.1
    endloop
  endfacet
  facet normal -0.186406 -0.573703 0.79757
    outer loop
      vertex -7.09904 -7.9389 3.1
      vertex -7.76012 -8.41921 2.6
      vertex 1.07687 -10.5954 3.1
    endloop
  endfacet
  facet normal -0.951057 -0.309015 2.9478e-05
    outer loop
      vertex 1.76199 -12.704 3.1
      vertex 1.07687 -10.5954 3.1
      vertex 1.32938 -11.3726 2.6
    endloop
  endfacet
  facet normal -0.369555 -0.725332 0.580794
    outer loop
      vertex 2.32902 -12.9929 3.1
      vertex 1.76199 -12.704 3.1
      vertex 1.9179 -13.1838 2.6
    endloop
  endfacet
  facet normal 0.217514 -0.669416 0.710331
    outer loop
      vertex 5.75282 -11.8804 3.1
      vertex 2.48493 -13.4728 2.6
      vertex 5.90873 -12.3603 2.6
    endloop
  endfacet
  facet normal 0.217514 -0.669416 0.710331
    outer loop
      vertex 2.48493 -13.4728 2.6
      vertex 5.75282 -11.8804 3.1
      vertex 2.32902 -12.9929 3.1
    endloop
  endfacet
  facet normal 0.72527 -0.369568 0.580865
    outer loop
      vertex 6.04174 -11.3134 3.1
      vertex 5.75282 -11.8804 3.1
      vertex 5.90873 -12.3603 2.6
    endloop
  endfacet
  facet normal 0.951056 0.30902 -3.92395e-05
    outer loop
      vertex 6.19765 -11.7933 2.6
      vertex 5.35662 -9.20484 3.1
      vertex 6.04174 -11.3134 3.1
    endloop
  endfacet
  facet normal 0.488023 -0.354569 0.797568
    outer loop
      vertex 10.4096 -2.25 3.1
      vertex 5.35662 -9.20484 3.1
      vertex 5.60913 -9.98199 2.6
    endloop
  endfacet
  facet normal 0 -0.999892 0.0147043
    outer loop
      vertex 10.4096 -2.25 3.1
      vertex 10.0461 -2.2 6.5
      vertex 9.08749 -2.2 6.5
    endloop
  endfacet
  facet normal 0 -0.999892 0.0147043
    outer loop
      vertex 10.0461 -2.2 6.5
      vertex 10.4096 -2.25 3.1
      vertex 12.6267 -2.25 3.1
    endloop
  endfacet
  facet normal 0.620338 -0.620338 0.479959
    outer loop
      vertex 10.4461 -1.8 6.5
      vertex 10.0461 -2.2 6.5
      vertex 12.6267 -2.25 3.1
    endloop
  endfacet
  facet normal 0.79091 -0 0.611932
    outer loop
      vertex 10.4461 -1.8 6.5
      vertex 13.0767 1.8 3.1
      vertex 10.4461 1.8 6.5
    endloop
  endfacet
  facet normal 0.79091 0 0.611932
    outer loop
      vertex 13.0767 1.8 3.1
      vertex 10.4461 -1.8 6.5
      vertex 13.0767 -1.8 3.1
    endloop
  endfacet
  facet normal 0.620338 0.620338 0.479959
    outer loop
      vertex 13.0767 1.8 3.1
      vertex 10.0461 2.2 6.5
      vertex 10.4461 1.8 6.5
    endloop
  endfacet
  facet normal 0.769801 0.559294 0.307567
    outer loop
      vertex 10.4096 2.25 3.1
      vertex 4.90051 7.96288 6.5
      vertex 9.08749 2.2 6.5
    endloop
  endfacet
  facet normal 0.950955 -0.308981 0.0147054
    outer loop
      vertex 5.19672 8.87453 6.5
      vertex 4.90051 7.96288 6.5
      vertex 5.35662 9.20484 3.1
    endloop
  endfacet
  facet normal 0.78167 0.398279 0.479964
    outer loop
      vertex 6.04174 11.3134 3.1
      vertex 4.93991 9.37855 6.5
      vertex 5.19672 8.87453 6.5
    endloop
  endfacet
  facet normal -0.398257 0.781673 0.479977
    outer loop
      vertex 2.32902 12.9929 3.1
      vertex 1.01208 10.2342 6.5
      vertex 1.51611 10.491 6.5
    endloop
  endfacet
  facet normal -0.950953 0.308986 0.0147075
    outer loop
      vertex 1.76199 12.704 3.1
      vertex 0.715864 9.32255 6.5
      vertex 1.01208 10.2342 6.5
    endloop
  endfacet
  facet normal -0.294037 0.904956 0.307566
    outer loop
      vertex 1.07687 10.5954 3.1
      vertex -6.05881 7.12133 6.5
      vertex 0.715864 9.32255 6.5
    endloop
  endfacet
  facet normal 0.587724 0.808928 0.014702
    outer loop
      vertex -6.05881 7.12133 6.5
      vertex -7.09904 7.9389 3.1
      vertex -6.8343 7.68476 6.5
    endloop
  endfacet
  facet normal -0.137234 0.866488 0.479963
    outer loop
      vertex -6.8343 7.68476 6.5
      vertex -8.8927 9.24207 3.1
      vertex -7.39302 7.59627 6.5
    endloop
  endfacet
  facet normal -0.866486 -0.137249 0.479963
    outer loop
      vertex -9.50905 4.6838 6.5
      vertex -11.6373 6.23006 3.1
      vertex -9.42055 4.12508 6.5
    endloop
  endfacet
  facet normal -0.587717 -0.808933 0.0146945
    outer loop
      vertex -9.42055 4.12508 6.5
      vertex -11.5377 5.6015 3.1
      vertex -8.64506 3.56166 6.5
    endloop
  endfacet
  facet normal -0.587717 0.808933 0.0147031
    outer loop
      vertex -8.64506 -3.56166 6.5
      vertex -9.74407 -4.29833 3.1
      vertex -9.42055 -4.12508 6.5
    endloop
  endfacet
  facet normal -0.86649 0.13725 0.479956
    outer loop
      vertex -9.42055 -4.12508 6.5
      vertex -11.5377 -5.6015 3.1
      vertex -9.50905 -4.6838 6.5
    endloop
  endfacet
  facet normal -0.639855 -0.464881 0.611941
    outer loop
      vertex -11.6373 -6.23006 3.1
      vertex -7.39302 -7.59627 6.5
      vertex -9.50905 -4.6838 6.5
    endloop
  endfacet
  facet normal -0.639854 -0.464884 0.611939
    outer loop
      vertex -7.39302 -7.59627 6.5
      vertex -11.6373 -6.23006 3.1
      vertex -9.52126 -9.14252 3.1
    endloop
  endfacet
  facet normal -0.137234 -0.866488 0.479963
    outer loop
      vertex -7.39302 -7.59627 6.5
      vertex -9.52126 -9.14252 3.1
      vertex -6.8343 -7.68476 6.5
    endloop
  endfacet
  facet normal 0.587724 -0.808928 0.0147
    outer loop
      vertex -6.8343 -7.68476 6.5
      vertex -8.8927 -9.24207 3.1
      vertex -6.05881 -7.12133 6.5
    endloop
  endfacet
  facet normal -0.294037 -0.904955 0.307568
    outer loop
      vertex -6.05881 -7.12133 6.5
      vertex -7.09904 -7.9389 3.1
      vertex 0.715864 -9.32255 6.5
    endloop
  endfacet
  facet normal -0.950953 -0.308986 0.014704
    outer loop
      vertex 1.01208 -10.2342 6.5
      vertex 0.715864 -9.32255 6.5
      vertex 1.07687 -10.5954 3.1
    endloop
  endfacet
  facet normal -0.398258 -0.781674 0.479976
    outer loop
      vertex 1.51611 -10.491 6.5
      vertex 1.01208 -10.2342 6.5
      vertex 1.76199 -12.704 3.1
    endloop
  endfacet
  facet normal 0.244401 -0.752196 0.611939
    outer loop
      vertex 2.32902 -12.9929 3.1
      vertex 4.93991 -9.37855 6.5
      vertex 1.51611 -10.491 6.5
    endloop
  endfacet
  facet normal 0.244413 -0.752197 0.611933
    outer loop
      vertex 4.93991 -9.37855 6.5
      vertex 2.32902 -12.9929 3.1
      vertex 5.75282 -11.8804 3.1
    endloop
  endfacet
  facet normal 0.781672 -0.39828 0.479961
    outer loop
      vertex 5.19672 -8.87453 6.5
      vertex 4.93991 -9.37855 6.5
      vertex 5.75282 -11.8804 3.1
    endloop
  endfacet
  facet normal 0.950955 0.308981 0.0147094
    outer loop
      vertex 6.04174 -11.3134 3.1
      vertex 4.90051 -7.96288 6.5
      vertex 5.19672 -8.87453 6.5
    endloop
  endfacet
  facet normal 0.7698 -0.559293 0.307569
    outer loop
      vertex 9.08749 -2.2 6.5
      vertex 4.90051 -7.96288 6.5
      vertex 5.35662 -9.20484 3.1
    endloop
  endfacet
  facet normal 0 -1 0
    outer loop
      vertex 9.08749 -2.2 6.5
      vertex 10.0461 -2.2 9.1
      vertex 9.08749 -2.2 9.1
    endloop
  endfacet
  facet normal 0 -1 -0
    outer loop
      vertex 10.0461 -2.2 9.1
      vertex 9.08749 -2.2 6.5
      vertex 10.0461 -2.2 6.5
    endloop
  endfacet
  facet normal 0.707107 -0.707107 0
    outer loop
      vertex 10.0461 -2.2 9.1
      vertex 10.4461 -1.8 6.5
      vertex 10.4461 -1.8 9.1
    endloop
  endfacet
  facet normal 0.707107 -0.707107 0
    outer loop
      vertex 10.4461 -1.8 6.5
      vertex 10.0461 -2.2 9.1
      vertex 10.0461 -2.2 6.5
    endloop
  endfacet
  facet normal 1 -0 0
    outer loop
      vertex 10.4461 -1.8 9.1
      vertex 10.4461 1.8 6.5
      vertex 10.4461 1.8 9.1
    endloop
  endfacet
  facet normal 1 0 0
    outer loop
      vertex 10.4461 1.8 6.5
      vertex 10.4461 -1.8 9.1
      vertex 10.4461 -1.8 6.5
    endloop
  endfacet
  facet normal 0.951057 -0.309014 0
    outer loop
      vertex 4.90051 7.96288 9.1
      vertex 5.19672 8.87453 6.5
      vertex 5.19672 8.87453 9.1
    endloop
  endfacet
  facet normal 0.951057 -0.309014 0
    outer loop
      vertex 5.19672 8.87453 6.5
      vertex 4.90051 7.96288 9.1
      vertex 4.90051 7.96288 6.5
    endloop
  endfacet
  facet normal -0.987686 -0.156447 0
    outer loop
      vertex -9.42055 4.12508 6.5
      vertex -9.50905 4.6838 9.1
      vertex -9.50905 4.6838 6.5
    endloop
  endfacet
  facet normal -0.987686 -0.156447 0
    outer loop
      vertex -9.50905 4.6838 9.1
      vertex -9.42055 4.12508 6.5
      vertex -9.42055 4.12508 9.1
    endloop
  endfacet
  facet normal -0.587781 -0.80902 0
    outer loop
      vertex -9.42055 4.12508 6.5
      vertex -8.64506 3.56166 9.1
      vertex -9.42055 4.12508 9.1
    endloop
  endfacet
  facet normal -0.587781 -0.80902 -0
    outer loop
      vertex -8.64506 3.56166 9.1
      vertex -9.42055 4.12508 6.5
      vertex -8.64506 3.56166 6.5
    endloop
  endfacet
  facet normal -0.809017 -0.587785 0
    outer loop
      vertex -7.39302 -7.59627 6.5
      vertex -9.50905 -4.6838 9.1
      vertex -9.50905 -4.6838 6.5
    endloop
  endfacet
  facet normal -0.809017 -0.587785 0
    outer loop
      vertex -9.50905 -4.6838 9.1
      vertex -7.39302 -7.59627 6.5
      vertex -7.39302 -7.59627 9.1
    endloop
  endfacet
  facet normal -0.15643 -0.987689 0
    outer loop
      vertex -7.39302 -7.59627 6.5
      vertex -6.8343 -7.68476 9.1
      vertex -7.39302 -7.59627 9.1
    endloop
  endfacet
  facet normal -0.15643 -0.987689 -0
    outer loop
      vertex -6.8343 -7.68476 9.1
      vertex -7.39302 -7.59627 6.5
      vertex -6.8343 -7.68476 6.5
    endloop
  endfacet
  facet normal 0.587788 -0.809015 0
    outer loop
      vertex -6.8343 -7.68476 6.5
      vertex -6.05881 -7.12133 9.1
      vertex -6.8343 -7.68476 9.1
    endloop
  endfacet
  facet normal 0.587788 -0.809015 0
    outer loop
      vertex -6.05881 -7.12133 9.1
      vertex -6.8343 -7.68476 6.5
      vertex -6.05881 -7.12133 6.5
    endloop
  endfacet
  facet normal -0.309016 -0.951057 0
    outer loop
      vertex -6.05881 -7.12133 6.5
      vertex 0.715864 -9.32255 9.1
      vertex -6.05881 -7.12133 9.1
    endloop
  endfacet
  facet normal -0.309016 -0.951057 -0
    outer loop
      vertex 0.715864 -9.32255 9.1
      vertex -6.05881 -7.12133 6.5
      vertex 0.715864 -9.32255 6.5
    endloop
  endfacet
  facet normal -0.951056 -0.30902 0
    outer loop
      vertex 1.01208 -10.2342 6.5
      vertex 0.715864 -9.32255 9.1
      vertex 0.715864 -9.32255 6.5
    endloop
  endfacet
  facet normal -0.951056 -0.30902 0
    outer loop
      vertex 0.715864 -9.32255 9.1
      vertex 1.01208 -10.2342 6.5
      vertex 1.01208 -10.2342 9.1
    endloop
  endfacet
  facet normal -0.453968 -0.891018 0
    outer loop
      vertex 1.01208 -10.2342 6.5
      vertex 1.51611 -10.491 9.1
      vertex 1.01208 -10.2342 9.1
    endloop
  endfacet
  facet normal -0.453968 -0.891018 -0
    outer loop
      vertex 1.51611 -10.491 9.1
      vertex 1.01208 -10.2342 6.5
      vertex 1.51611 -10.491 6.5
    endloop
  endfacet
  facet normal 0.309014 -0.951057 0
    outer loop
      vertex 1.51611 -10.491 6.5
      vertex 4.93991 -9.37855 9.1
      vertex 1.51611 -10.491 9.1
    endloop
  endfacet
  facet normal 0.309014 -0.951057 0
    outer loop
      vertex 4.93991 -9.37855 9.1
      vertex 1.51611 -10.491 6.5
      vertex 4.93991 -9.37855 6.5
    endloop
  endfacet
  facet normal 0.891007 -0.453989 0
    outer loop
      vertex 4.93991 -9.37855 9.1
      vertex 5.19672 -8.87453 6.5
      vertex 5.19672 -8.87453 9.1
    endloop
  endfacet
  facet normal 0.891007 -0.453989 0
    outer loop
      vertex 5.19672 -8.87453 6.5
      vertex 4.93991 -9.37855 9.1
      vertex 4.93991 -9.37855 6.5
    endloop
  endfacet
  facet normal 0.809017 -0.587785 0
    outer loop
      vertex 4.90051 -7.96288 9.1
      vertex 9.08749 -2.2 6.5
      vertex 9.08749 -2.2 9.1
    endloop
  endfacet
  facet normal 0.809017 -0.587785 0
    outer loop
      vertex 9.08749 -2.2 6.5
      vertex 4.90051 -7.96288 9.1
      vertex 4.90051 -7.96288 6.5
    endloop
  endfacet
  facet normal 0 -0.99763 0.0688021
    outer loop
      vertex 10.0461 -2.2 9.1
      vertex 12.0687 -2.1 10.55
      vertex 9.08749 -2.2 9.1
    endloop
  endfacet
  facet normal 0 -0.99763 0.0688021
    outer loop
      vertex 12.0687 -2.1 10.55
      vertex 10.0461 -2.2 9.1
      vertex 12.2718 -2.1 10.55
    endloop
  endfacet
  facet normal 0.490931 -0.490931 -0.719704
    outer loop
      vertex 12.2718 -2.1 10.55
      vertex 10.4461 -1.8 9.1
      vertex 12.5718 -1.8 10.55
    endloop
  endfacet
  facet normal 0.490931 -0.490931 -0.719704
    outer loop
      vertex 10.4461 -1.8 9.1
      vertex 12.2718 -2.1 10.55
      vertex 10.0461 -2.2 9.1
    endloop
  endfacet
  facet normal 0.563512 0 -0.826108
    outer loop
      vertex 10.4461 -1.8 9.1
      vertex 12.5718 1.8 10.55
      vertex 12.5718 -1.8 10.55
    endloop
  endfacet
  facet normal 0.563512 0 -0.826108
    outer loop
      vertex 12.5718 1.8 10.55
      vertex 10.4461 -1.8 9.1
      vertex 10.4461 1.8 9.1
    endloop
  endfacet
  facet normal 0.424419 0.308362 -0.851341
    outer loop
      vertex 9.08749 2.2 9.1
      vertex 5.72664 10.829 10.55
      vertex 12.0687 2.1 10.55
    endloop
  endfacet
  facet normal 0.948813 -0.308266 0.0687479
    outer loop
      vertex 5.72664 10.829 10.55
      vertex 4.90051 7.96288 9.1
      vertex 5.78941 11.0222 10.55
    endloop
  endfacet
  facet normal 0.618663 0.315157 -0.719675
    outer loop
      vertex 5.78941 11.0222 10.55
      vertex 5.19672 8.87453 9.1
      vertex 5.5968 11.4003 10.55
    endloop
  endfacet
  facet normal -0.315168 0.618602 -0.719723
    outer loop
      vertex 2.173 12.5127 10.55
      vertex 1.51611 10.491 9.1
      vertex 1.79497 12.3201 10.55
    endloop
  endfacet
  facet normal -0.948807 0.308264 0.06883
    outer loop
      vertex 1.79497 12.3201 10.55
      vertex 1.01208 10.2342 9.1
      vertex 1.7322 12.1269 10.55
    endloop
  endfacet
  facet normal -0.162115 0.498941 -0.851338
    outer loop
      vertex 0.715864 9.32255 9.1
      vertex -8.5294 8.79271 10.55
      vertex 1.7322 12.1269 10.55
    endloop
  endfacet
  facet normal 0.586421 0.807072 0.0688845
    outer loop
      vertex -6.05881 7.12133 9.1
      vertex -8.69374 8.91212 10.55
      vertex -8.5294 8.79271 10.55
    endloop
  endfacet
  facet normal -0.108609 0.685725 -0.719712
    outer loop
      vertex -6.8343 7.68476 9.1
      vertex -9.11278 8.84575 10.55
      vertex -8.69374 8.91212 10.55
    endloop
  endfacet
  facet normal -0.685746 -0.108662 -0.719684
    outer loop
      vertex -11.1624 5.51424 10.55
      vertex -11.2288 5.93328 10.55
      vertex -9.50905 4.6838 9.1
    endloop
  endfacet
  facet normal -0.586492 -0.807041 0.0686396
    outer loop
      vertex -10.9981 5.39484 10.55
      vertex -11.1624 5.51424 10.55
      vertex -9.42055 4.12508 9.1
    endloop
  endfacet
  facet normal -0.586496 0.807045 0.06856
    outer loop
      vertex -8.64506 -3.56166 9.1
      vertex -11.1624 -5.51424 10.55
      vertex -10.9981 -5.39484 10.55
    endloop
  endfacet
  facet normal -0.685754 0.108663 -0.719676
    outer loop
      vertex -9.42055 -4.12508 9.1
      vertex -11.2288 -5.93328 10.55
      vertex -11.1624 -5.51424 10.55
    endloop
  endfacet
  facet normal -0.455885 -0.331219 -0.826113
    outer loop
      vertex -9.11278 -8.84575 10.55
      vertex -9.50905 -4.6838 9.1
      vertex -7.39302 -7.59627 9.1
    endloop
  endfacet
  facet normal -0.455887 -0.331219 -0.826112
    outer loop
      vertex -9.50905 -4.6838 9.1
      vertex -9.11278 -8.84575 10.55
      vertex -11.2288 -5.93328 10.55
    endloop
  endfacet
  facet normal -0.108609 -0.685725 -0.719712
    outer loop
      vertex -8.69374 -8.91212 10.55
      vertex -9.11278 -8.84575 10.55
      vertex -7.39302 -7.59627 9.1
    endloop
  endfacet
  facet normal 0.586422 -0.807073 0.0688603
    outer loop
      vertex -8.5294 -8.79271 10.55
      vertex -8.69374 -8.91212 10.55
      vertex -6.8343 -7.68476 9.1
    endloop
  endfacet
  facet normal -0.162115 -0.498941 -0.851338
    outer loop
      vertex 1.7322 -12.1269 10.55
      vertex -8.5294 -8.79271 10.55
      vertex -6.05881 -7.12133 9.1
    endloop
  endfacet
  facet normal -0.948806 -0.308264 0.0688458
    outer loop
      vertex 1.7322 -12.1269 10.55
      vertex 0.715864 -9.32255 9.1
      vertex 1.79497 -12.3201 10.55
    endloop
  endfacet
  facet normal -0.315167 -0.618601 -0.719724
    outer loop
      vertex 1.79497 -12.3201 10.55
      vertex 1.01208 -10.2342 9.1
      vertex 2.173 -12.5127 10.55
    endloop
  endfacet
  facet normal 0.174121 -0.535919 -0.826119
    outer loop
      vertex 2.173 -12.5127 10.55
      vertex 4.93991 -9.37855 9.1
      vertex 5.5968 -11.4003 10.55
    endloop
  endfacet
  facet normal 0.174131 -0.535925 -0.826113
    outer loop
      vertex 4.93991 -9.37855 9.1
      vertex 2.173 -12.5127 10.55
      vertex 1.51611 -10.491 9.1
    endloop
  endfacet
  facet normal 0.618653 -0.315151 -0.719686
    outer loop
      vertex 5.5968 -11.4003 10.55
      vertex 4.93991 -9.37855 9.1
      vertex 5.78941 -11.0222 10.55
    endloop
  endfacet
  facet normal 0.948812 0.308266 0.0687597
    outer loop
      vertex 5.78941 -11.0222 10.55
      vertex 5.19672 -8.87453 9.1
      vertex 5.72664 -10.829 10.55
    endloop
  endfacet
  facet normal 0.424423 -0.308365 -0.851338
    outer loop
      vertex 5.72664 -10.829 10.55
      vertex 4.90051 -7.96288 9.1
      vertex 12.0687 -2.1 10.55
    endloop
  endfacet
  facet normal 0 -1 0
    outer loop
      vertex 12.0687 -2.1 10.55
      vertex 12.2718 -2.1 11.15
      vertex 12.0687 -2.1 11.15
    endloop
  endfacet
  facet normal 0 -1 -0
    outer loop
      vertex 12.2718 -2.1 11.15
      vertex 12.0687 -2.1 10.55
      vertex 12.2718 -2.1 10.55
    endloop
  endfacet
  facet normal 0.707107 -0.707107 0
    outer loop
      vertex 12.2718 -2.1 11.15
      vertex 12.5718 -1.8 10.55
      vertex 12.5718 -1.8 11.15
    endloop
  endfacet
  facet normal 0.707107 -0.707107 0
    outer loop
      vertex 12.5718 -1.8 10.55
      vertex 12.2718 -2.1 11.15
      vertex 12.2718 -2.1 10.55
    endloop
  endfacet
  facet normal 1 -0 0
    outer loop
      vertex 12.5718 -1.8 11.15
      vertex 12.5718 1.8 10.55
      vertex 12.5718 1.8 11.15
    endloop
  endfacet
  facet normal 1 0 0
    outer loop
      vertex 12.5718 1.8 10.55
      vertex 12.5718 -1.8 11.15
      vertex 12.5718 -1.8 10.55
    endloop
  endfacet
  facet normal 0.951063 -0.308997 0
    outer loop
      vertex 5.72664 10.829 11.15
      vertex 5.78941 11.0222 10.55
      vertex 5.78941 11.0222 11.15
    endloop
  endfacet
  facet normal 0.951063 -0.308997 0
    outer loop
      vertex 5.78941 11.0222 10.55
      vertex 5.72664 10.829 11.15
      vertex 5.72664 10.829 10.55
    endloop
  endfacet
  facet normal -0.987677 -0.156505 0
    outer loop
      vertex -11.1624 5.51424 10.55
      vertex -11.2288 5.93328 11.15
      vertex -11.2288 5.93328 10.55
    endloop
  endfacet
  facet normal -0.987677 -0.156505 0
    outer loop
      vertex -11.2288 5.93328 11.15
      vertex -11.1624 5.51424 10.55
      vertex -11.1624 5.51424 11.15
    endloop
  endfacet
  facet normal -0.587879 -0.808949 0
    outer loop
      vertex -11.1624 5.51424 10.55
      vertex -10.9981 5.39484 11.15
      vertex -11.1624 5.51424 11.15
    endloop
  endfacet
  facet normal -0.587879 -0.808949 -0
    outer loop
      vertex -10.9981 5.39484 11.15
      vertex -11.1624 5.51424 10.55
      vertex -10.9981 5.39484 10.55
    endloop
  endfacet
  facet normal -0.809019 -0.587783 0
    outer loop
      vertex -9.11278 -8.84575 10.55
      vertex -11.2288 -5.93328 11.15
      vertex -11.2288 -5.93328 10.55
    endloop
  endfacet
  facet normal -0.809019 -0.587783 0
    outer loop
      vertex -11.2288 -5.93328 11.15
      vertex -9.11278 -8.84575 10.55
      vertex -9.11278 -8.84575 11.15
    endloop
  endfacet
  facet normal -0.156436 -0.987688 0
    outer loop
      vertex -9.11278 -8.84575 10.55
      vertex -8.69374 -8.91212 11.15
      vertex -9.11278 -8.84575 11.15
    endloop
  endfacet
  facet normal -0.156436 -0.987688 -0
    outer loop
      vertex -8.69374 -8.91212 11.15
      vertex -9.11278 -8.84575 10.55
      vertex -8.69374 -8.91212 10.55
    endloop
  endfacet
  facet normal 0.587817 -0.808994 0
    outer loop
      vertex -8.69374 -8.91212 10.55
      vertex -8.5294 -8.79271 11.15
      vertex -8.69374 -8.91212 11.15
    endloop
  endfacet
  facet normal 0.587817 -0.808994 0
    outer loop
      vertex -8.5294 -8.79271 11.15
      vertex -8.69374 -8.91212 10.55
      vertex -8.5294 -8.79271 10.55
    endloop
  endfacet
  facet normal -0.309016 -0.951057 0
    outer loop
      vertex -8.5294 -8.79271 10.55
      vertex 1.7322 -12.1269 11.15
      vertex -8.5294 -8.79271 11.15
    endloop
  endfacet
  facet normal -0.309016 -0.951057 -0
    outer loop
      vertex 1.7322 -12.1269 11.15
      vertex -8.5294 -8.79271 10.55
      vertex 1.7322 -12.1269 10.55
    endloop
  endfacet
  facet normal -0.951063 -0.308997 0
    outer loop
      vertex 1.79497 -12.3201 10.55
      vertex 1.7322 -12.1269 11.15
      vertex 1.7322 -12.1269 10.55
    endloop
  endfacet
  facet normal -0.951063 -0.308997 0
    outer loop
      vertex 1.7322 -12.1269 11.15
      vertex 1.79497 -12.3201 10.55
      vertex 1.79497 -12.3201 11.15
    endloop
  endfacet
  facet normal -0.453961 -0.891022 0
    outer loop
      vertex 1.79497 -12.3201 10.55
      vertex 2.173 -12.5127 11.15
      vertex 1.79497 -12.3201 11.15
    endloop
  endfacet
  facet normal -0.453961 -0.891022 -0
    outer loop
      vertex 2.173 -12.5127 11.15
      vertex 1.79497 -12.3201 10.55
      vertex 2.173 -12.5127 10.55
    endloop
  endfacet
  facet normal 0.309002 -0.951061 0
    outer loop
      vertex 2.173 -12.5127 10.55
      vertex 5.5968 -11.4003 11.15
      vertex 2.173 -12.5127 11.15
    endloop
  endfacet
  facet normal 0.309002 -0.951061 0
    outer loop
      vertex 5.5968 -11.4003 11.15
      vertex 2.173 -12.5127 10.55
      vertex 5.5968 -11.4003 10.55
    endloop
  endfacet
  facet normal 0.891046 -0.453913 0
    outer loop
      vertex 5.5968 -11.4003 11.15
      vertex 5.78941 -11.0222 10.55
      vertex 5.78941 -11.0222 11.15
    endloop
  endfacet
  facet normal 0.891046 -0.453913 0
    outer loop
      vertex 5.78941 -11.0222 10.55
      vertex 5.5968 -11.4003 11.15
      vertex 5.5968 -11.4003 10.55
    endloop
  endfacet
  facet normal 0.809014 -0.58779 0
    outer loop
      vertex 5.72664 -10.829 11.15
      vertex 12.0687 -2.1 10.55
      vertex 12.0687 -2.1 11.15
    endloop
  endfacet
  facet normal 0.809014 -0.58779 0
    outer loop
      vertex 12.0687 -2.1 10.55
      vertex 5.72664 -10.829 11.15
      vertex 5.72664 -10.829 10.55
    endloop
  endfacet
  facet normal 0 -0.989949 0.141421
    outer loop
      vertex 12.0687 -2.1 11.15
      vertex 11.1083 -2.05 11.5
      vertex 10.9599 -2.05 11.5
    endloop
  endfacet
  facet normal 0 -0.989949 0.141421
    outer loop
      vertex 11.1083 -2.05 11.5
      vertex 12.0687 -2.1 11.15
      vertex 12.2718 -2.1 11.15
    endloop
  endfacet
  facet normal 0.26706 -0.26706 0.925936
    outer loop
      vertex 11.3583 -1.8 11.5
      vertex 12.2718 -2.1 11.15
      vertex 12.5718 -1.8 11.15
    endloop
  endfacet
  facet normal 0.26706 -0.26706 0.925936
    outer loop
      vertex 12.2718 -2.1 11.15
      vertex 11.3583 -1.8 11.5
      vertex 11.1083 -2.05 11.5
    endloop
  endfacet
  facet normal 0.277126 0 0.960834
    outer loop
      vertex 11.3583 1.8 11.5
      vertex 12.5718 -1.8 11.15
      vertex 12.5718 1.8 11.15
    endloop
  endfacet
  facet normal 0.277126 0 0.960834
    outer loop
      vertex 12.5718 -1.8 11.15
      vertex 11.3583 1.8 11.5
      vertex 11.3583 -1.8 11.5
    endloop
  endfacet
  facet normal 0.285919 0.207731 0.935467
    outer loop
      vertex 12.0687 2.1 11.15
      vertex 5.33647 9.79002 11.5
      vertex 10.9599 2.05 11.5
    endloop
  endfacet
  facet normal 0.941494 -0.305912 0.141446
    outer loop
      vertex 5.38231 9.9311 11.5
      vertex 5.33647 9.79002 11.5
      vertex 5.72664 10.829 11.15
    endloop
  endfacet
  facet normal 0.336504 0.171467 0.92594
    outer loop
      vertex 5.78941 11.0222 11.15
      vertex 5.2218 10.2461 11.5
      vertex 5.38231 9.9311 11.5
    endloop
  endfacet
  facet normal 0.0856331 0.263543 0.960839
    outer loop
      vertex 5.5968 11.4003 11.15
      vertex 1.79799 11.3586 11.5
      vertex 5.2218 10.2461 11.5
    endloop
  endfacet
  facet normal -0.171453 0.336517 0.925937
    outer loop
      vertex 2.173 12.5127 11.15
      vertex 1.48297 11.1981 11.5
      vertex 1.79799 11.3586 11.5
    endloop
  endfacet
  facet normal -0.94158 0.30583 0.141052
    outer loop
      vertex 1.79497 12.3201 11.15
      vertex 1.43714 11.057 11.5
      vertex 1.48297 11.1981 11.5
    endloop
  endfacet
  facet normal -0.109219 0.33614 0.935458
    outer loop
      vertex 1.7322 12.1269 11.15
      vertex -7.66181 8.10057 11.5
      vertex 1.43714 11.057 11.5
    endloop
  endfacet
  facet normal 0.581849 0.800893 0.141497
    outer loop
      vertex -7.66181 8.10057 11.5
      vertex -8.5294 8.79271 11.15
      vertex -7.78181 8.18775 11.5
    endloop
  endfacet
  facet normal -0.059073 0.373025 0.925939
    outer loop
      vertex -7.78181 8.18775 11.5
      vertex -8.69374 8.91212 11.15
      vertex -8.13101 8.13245 11.5
    endloop
  endfacet
  facet normal -0.373003 -0.0590678 0.925948
    outer loop
      vertex -10.247 5.21999 11.5
      vertex -11.2288 5.93328 11.15
      vertex -10.1917 4.87078 11.5
    endloop
  endfacet
  facet normal -0.581865 -0.800915 0.141312
    outer loop
      vertex -10.1917 4.87078 11.5
      vertex -11.1624 5.51424 11.15
      vertex -10.0717 4.7836 11.5
    endloop
  endfacet
  facet normal -0.581858 0.800905 0.141393
    outer loop
      vertex -10.0717 -4.7836 11.5
      vertex -10.9981 -5.39484 11.15
      vertex -10.1917 -4.87078 11.5
    endloop
  endfacet
  facet normal -0.373018 0.0590702 0.925942
    outer loop
      vertex -10.1917 -4.87078 11.5
      vertex -11.1624 -5.51424 11.15
      vertex -10.247 -5.21999 11.5
    endloop
  endfacet
  facet normal -0.224194 -0.162884 0.960836
    outer loop
      vertex -10.247 -5.21999 11.5
      vertex -9.11278 -8.84575 11.15
      vertex -8.13101 -8.13245 11.5
    endloop
  endfacet
  facet normal -0.22419 -0.162883 0.960837
    outer loop
      vertex -9.11278 -8.84575 11.15
      vertex -10.247 -5.21999 11.5
      vertex -11.2288 -5.93328 11.15
    endloop
  endfacet
  facet normal -0.0590736 -0.373029 0.925937
    outer loop
      vertex -8.13101 -8.13245 11.5
      vertex -9.11278 -8.84575 11.15
      vertex -7.78181 -8.18775 11.5
    endloop
  endfacet
  facet normal 0.581846 -0.800889 0.141535
    outer loop
      vertex -7.78181 -8.18775 11.5
      vertex -8.69374 -8.91212 11.15
      vertex -7.66181 -8.10057 11.5
    endloop
  endfacet
  facet normal -0.109218 -0.336138 0.935459
    outer loop
      vertex -7.66181 -8.10057 11.5
      vertex -8.5294 -8.79271 11.15
      vertex 1.43714 -11.057 11.5
    endloop
  endfacet
  facet normal -0.941573 -0.305828 0.141099
    outer loop
      vertex 1.48297 -11.1981 11.5
      vertex 1.43714 -11.057 11.5
      vertex 1.7322 -12.1269 11.15
    endloop
  endfacet
  facet normal -0.171452 -0.336516 0.925938
    outer loop
      vertex 1.79799 -11.3586 11.5
      vertex 1.48297 -11.1981 11.5
      vertex 1.79497 -12.3201 11.15
    endloop
  endfacet
  facet normal 0.0856391 -0.263561 0.960834
    outer loop
      vertex 5.2218 -10.2461 11.5
      vertex 1.79799 -11.3586 11.5
      vertex 2.173 -12.5127 11.15
    endloop
  endfacet
  facet normal 0.336488 -0.171459 0.925947
    outer loop
      vertex 5.38231 -9.9311 11.5
      vertex 5.2218 -10.2461 11.5
      vertex 5.5968 -11.4003 11.15
    endloop
  endfacet
  facet normal 0.941496 0.305913 0.141433
    outer loop
      vertex 5.78941 -11.0222 11.15
      vertex 5.33647 -9.79002 11.5
      vertex 5.38231 -9.9311 11.5
    endloop
  endfacet
  facet normal 0.28594 -0.207747 0.935457
    outer loop
      vertex 10.9599 -2.05 11.5
      vertex 5.33647 -9.79002 11.5
      vertex 5.72664 -10.829 11.15
    endloop
  endfacet
  facet normal 0 -1 0
    outer loop
      vertex 10.9599 -2.05 11.5
      vertex 11.1083 -2.05 12
      vertex 10.9599 -2.05 12
    endloop
  endfacet
  facet normal 0 -1 -0
    outer loop
      vertex 11.1083 -2.05 12
      vertex 10.9599 -2.05 11.5
      vertex 11.1083 -2.05 11.5
    endloop
  endfacet
  facet normal 0.707107 -0.707107 0
    outer loop
      vertex 11.1083 -2.05 12
      vertex 11.3583 -1.8 11.5
      vertex 11.3583 -1.8 12
    endloop
  endfacet
  facet normal 0.707107 -0.707107 0
    outer loop
      vertex 11.3583 -1.8 11.5
      vertex 11.1083 -2.05 12
      vertex 11.1083 -2.05 11.5
    endloop
  endfacet
  facet normal 1 -0 0
    outer loop
      vertex 11.3583 -1.8 12
      vertex 11.3583 1.8 11.5
      vertex 11.3583 1.8 12
    endloop
  endfacet
  facet normal 1 0 0
    outer loop
      vertex 11.3583 1.8 11.5
      vertex 11.3583 -1.8 12
      vertex 11.3583 -1.8 11.5
    endloop
  endfacet
  facet normal 0.951056 -0.309019 0
    outer loop
      vertex 5.33647 9.79002 12
      vertex 5.38231 9.9311 11.5
      vertex 5.38231 9.9311 12
    endloop
  endfacet
  facet normal 0.951056 -0.309019 0
    outer loop
      vertex 5.38231 9.9311 11.5
      vertex 5.33647 9.79002 12
      vertex 5.33647 9.79002 11.5
    endloop
  endfacet
  facet normal -0.987692 -0.156408 0
    outer loop
      vertex -10.1917 4.87078 11.5
      vertex -10.247 5.21999 12
      vertex -10.247 5.21999 11.5
    endloop
  endfacet
  facet normal -0.987692 -0.156408 0
    outer loop
      vertex -10.247 5.21999 12
      vertex -10.1917 4.87078 11.5
      vertex -10.1917 4.87078 12
    endloop
  endfacet
  facet normal -0.587763 -0.809033 0
    outer loop
      vertex -10.1917 4.87078 11.5
      vertex -10.0717 4.7836 12
      vertex -10.1917 4.87078 12
    endloop
  endfacet
  facet normal -0.587763 -0.809033 -0
    outer loop
      vertex -10.0717 4.7836 12
      vertex -10.1917 4.87078 11.5
      vertex -10.0717 4.7836 11.5
    endloop
  endfacet
  facet normal -0.809022 -0.587779 0
    outer loop
      vertex -8.13101 -8.13245 11.5
      vertex -10.247 -5.21999 12
      vertex -10.247 -5.21999 11.5
    endloop
  endfacet
  facet normal -0.809022 -0.587779 0
    outer loop
      vertex -10.247 -5.21999 12
      vertex -8.13101 -8.13245 11.5
      vertex -8.13101 -8.13245 12
    endloop
  endfacet
  facet normal -0.156413 -0.987692 0
    outer loop
      vertex -8.13101 -8.13245 11.5
      vertex -7.78181 -8.18775 12
      vertex -8.13101 -8.13245 12
    endloop
  endfacet
  facet normal -0.156413 -0.987692 -0
    outer loop
      vertex -7.78181 -8.18775 12
      vertex -8.13101 -8.13245 11.5
      vertex -7.78181 -8.18775 11.5
    endloop
  endfacet
  facet normal 0.587763 -0.809033 0
    outer loop
      vertex -7.78181 -8.18775 11.5
      vertex -7.66181 -8.10057 12
      vertex -7.78181 -8.18775 12
    endloop
  endfacet
  facet normal 0.587763 -0.809033 0
    outer loop
      vertex -7.66181 -8.10057 12
      vertex -7.78181 -8.18775 11.5
      vertex -7.66181 -8.10057 11.5
    endloop
  endfacet
  facet normal -0.309017 -0.951056 0
    outer loop
      vertex -7.66181 -8.10057 11.5
      vertex 1.43714 -11.057 12
      vertex -7.66181 -8.10057 12
    endloop
  endfacet
  facet normal -0.309017 -0.951056 -0
    outer loop
      vertex 1.43714 -11.057 12
      vertex -7.66181 -8.10057 11.5
      vertex 1.43714 -11.057 11.5
    endloop
  endfacet
  facet normal -0.951089 -0.308918 0
    outer loop
      vertex 1.48297 -11.1981 11.5
      vertex 1.43714 -11.057 12
      vertex 1.43714 -11.057 11.5
    endloop
  endfacet
  facet normal -0.951089 -0.308918 0
    outer loop
      vertex 1.43714 -11.057 12
      vertex 1.48297 -11.1981 11.5
      vertex 1.48297 -11.1981 12
    endloop
  endfacet
  facet normal -0.453966 -0.891019 0
    outer loop
      vertex 1.48297 -11.1981 11.5
      vertex 1.79799 -11.3586 12
      vertex 1.48297 -11.1981 12
    endloop
  endfacet
  facet normal -0.453966 -0.891019 -0
    outer loop
      vertex 1.79799 -11.3586 12
      vertex 1.48297 -11.1981 11.5
      vertex 1.79799 -11.3586 11.5
    endloop
  endfacet
  facet normal 0.309026 -0.951054 0
    outer loop
      vertex 1.79799 -11.3586 11.5
      vertex 5.2218 -10.2461 12
      vertex 1.79799 -11.3586 12
    endloop
  endfacet
  facet normal 0.309026 -0.951054 0
    outer loop
      vertex 5.2218 -10.2461 12
      vertex 1.79799 -11.3586 11.5
      vertex 5.2218 -10.2461 11.5
    endloop
  endfacet
  facet normal 0.890996 -0.454012 0
    outer loop
      vertex 5.2218 -10.2461 12
      vertex 5.38231 -9.9311 11.5
      vertex 5.38231 -9.9311 12
    endloop
  endfacet
  facet normal 0.890996 -0.454012 0
    outer loop
      vertex 5.38231 -9.9311 11.5
      vertex 5.2218 -10.2461 12
      vertex 5.2218 -10.2461 11.5
    endloop
  endfacet
  facet normal 0.809018 -0.587784 0
    outer loop
      vertex 5.33647 -9.79002 12
      vertex 10.9599 -2.05 11.5
      vertex 10.9599 -2.05 12
    endloop
  endfacet
  facet normal 0.809018 -0.587784 0
    outer loop
      vertex 10.9599 -2.05 11.5
      vertex 5.33647 -9.79002 12
      vertex 5.33647 -9.79002 11.5
    endloop
  endfacet
  facet normal -0 -0.997054 -0.0766965
    outer loop
      vertex 11.1083 -2.05 12
      vertex 12.0687 -2.1 12.65
      vertex 10.9599 -2.05 12
    endloop
  endfacet
  facet normal 0 -0.997054 -0.0766965
    outer loop
      vertex 12.0687 -2.1 12.65
      vertex 11.1083 -2.05 12
      vertex 12.2718 -2.1 12.65
    endloop
  endfacet
  facet normal 0.426968 -0.426968 -0.797117
    outer loop
      vertex 12.2718 -2.1 12.65
      vertex 11.3583 -1.8 12
      vertex 12.5718 -1.8 12.65
    endloop
  endfacet
  facet normal 0.426968 -0.426968 -0.797117
    outer loop
      vertex 11.3583 -1.8 12
      vertex 12.2718 -2.1 12.65
      vertex 11.1083 -2.05 12
    endloop
  endfacet
  facet normal 0.472171 0 -0.881507
    outer loop
      vertex 11.3583 -1.8 12
      vertex 12.5718 1.8 12.65
      vertex 12.5718 -1.8 12.65
    endloop
  endfacet
  facet normal 0.472171 0 -0.881507
    outer loop
      vertex 12.5718 1.8 12.65
      vertex 11.3583 -1.8 12
      vertex 11.3583 1.8 12
    endloop
  endfacet
  facet normal 0.46466 0.337599 -0.818607
    outer loop
      vertex 10.9599 2.05 12
      vertex 5.72664 10.829 12.65
      vertex 12.0687 2.1 12.65
    endloop
  endfacet
  facet normal 0.948258 -0.308086 -0.0767491
    outer loop
      vertex 5.72664 10.829 12.65
      vertex 5.33647 9.79002 12
      vertex 5.78941 11.0222 12.65
    endloop
  endfacet
  facet normal 0.538061 0.274097 -0.797095
    outer loop
      vertex 5.78941 11.0222 12.65
      vertex 5.38231 9.9311 12
      vertex 5.5968 11.4003 12.65
    endloop
  endfacet
  facet normal 0.145893 0.449038 -0.881522
    outer loop
      vertex 5.2218 10.2461 12
      vertex 2.173 12.5127 12.65
      vertex 5.5968 11.4003 12.65
    endloop
  endfacet
  facet normal -0.27411 0.538015 -0.797122
    outer loop
      vertex 1.79799 11.3586 12
      vertex 1.79497 12.3201 12.65
      vertex 2.173 12.5127 12.65
    endloop
  endfacet
  facet normal -0.948266 0.308088 -0.0766401
    outer loop
      vertex 1.79497 12.3201 12.65
      vertex 1.48297 11.1981 12
      vertex 1.7322 12.1269 12.65
    endloop
  endfacet
  facet normal -0.177493 0.546269 -0.818588
    outer loop
      vertex 1.43714 11.057 12
      vertex -8.5294 8.79271 12.65
      vertex 1.7322 12.1269 12.65
    endloop
  endfacet
  facet normal 0.586089 0.806615 -0.0766237
    outer loop
      vertex -7.66181 8.10057 12
      vertex -8.69374 8.91212 12.65
      vertex -8.5294 8.79271 12.65
    endloop
  endfacet
  facet normal -0.0944573 0.596374 -0.797129
    outer loop
      vertex -7.78181 8.18775 12
      vertex -9.11278 8.84575 12.65
      vertex -8.69374 8.91212 12.65
    endloop
  endfacet
  facet normal -0.596386 -0.0945018 -0.797115
    outer loop
      vertex -11.1624 5.51424 12.65
      vertex -11.2288 5.93328 12.65
      vertex -10.247 5.21999 12
    endloop
  endfacet
  facet normal -0.586138 -0.806554 -0.0768913
    outer loop
      vertex -10.9981 5.39484 12.65
      vertex -11.1624 5.51424 12.65
      vertex -10.1917 4.87078 12
    endloop
  endfacet
  facet normal -0.586137 0.806552 -0.0769238
    outer loop
      vertex -10.0717 -4.7836 12
      vertex -11.1624 -5.51424 12.65
      vertex -10.9981 -5.39484 12.65
    endloop
  endfacet
  facet normal -0.596402 0.0945043 -0.797104
    outer loop
      vertex -10.1917 -4.87078 12
      vertex -11.2288 -5.93328 12.65
      vertex -11.1624 -5.51424 12.65
    endloop
  endfacet
  facet normal -0.381988 -0.277526 -0.881513
    outer loop
      vertex -9.11278 -8.84575 12.65
      vertex -10.247 -5.21999 12
      vertex -8.13101 -8.13245 12
    endloop
  endfacet
  facet normal -0.381982 -0.277524 -0.881516
    outer loop
      vertex -10.247 -5.21999 12
      vertex -9.11278 -8.84575 12.65
      vertex -11.2288 -5.93328 12.65
    endloop
  endfacet
  facet normal -0.0944578 -0.596378 -0.797127
    outer loop
      vertex -8.69374 -8.91212 12.65
      vertex -9.11278 -8.84575 12.65
      vertex -8.13101 -8.13245 12
    endloop
  endfacet
  facet normal 0.586089 -0.806614 -0.076639
    outer loop
      vertex -8.5294 -8.79271 12.65
      vertex -8.69374 -8.91212 12.65
      vertex -7.78181 -8.18775 12
    endloop
  endfacet
  facet normal -0.177492 -0.546266 -0.81859
    outer loop
      vertex 1.7322 -12.1269 12.65
      vertex -8.5294 -8.79271 12.65
      vertex -7.66181 -8.10057 12
    endloop
  endfacet
  facet normal -0.948264 -0.308088 -0.0766588
    outer loop
      vertex 1.7322 -12.1269 12.65
      vertex 1.43714 -11.057 12
      vertex 1.79497 -12.3201 12.65
    endloop
  endfacet
  facet normal -0.274109 -0.538014 -0.797123
    outer loop
      vertex 1.79497 -12.3201 12.65
      vertex 1.48297 -11.1981 12
      vertex 2.173 -12.5127 12.65
    endloop
  endfacet
  facet normal 0.145902 -0.449064 -0.881507
    outer loop
      vertex 2.173 -12.5127 12.65
      vertex 1.79799 -11.3586 12
      vertex 5.5968 -11.4003 12.65
    endloop
  endfacet
  facet normal 0.538046 -0.274089 -0.797109
    outer loop
      vertex 5.5968 -11.4003 12.65
      vertex 5.2218 -10.2461 12
      vertex 5.78941 -11.0222 12.65
    endloop
  endfacet
  facet normal 0.948258 0.308086 -0.0767439
    outer loop
      vertex 5.78941 -11.0222 12.65
      vertex 5.38231 -9.9311 12
      vertex 5.72664 -10.829 12.65
    endloop
  endfacet
  facet normal 0.464683 -0.337616 -0.818587
    outer loop
      vertex 5.72664 -10.829 12.65
      vertex 5.33647 -9.79002 12
      vertex 12.0687 -2.1 12.65
    endloop
  endfacet
  facet normal 0.707107 -0.707107 0
    outer loop
      vertex 12.2718 -2.1 13.25
      vertex 12.5718 -1.8 12.65
      vertex 12.5718 -1.8 13.25
    endloop
  endfacet
  facet normal 0.707107 -0.707107 0
    outer loop
      vertex 12.5718 -1.8 12.65
      vertex 12.2718 -2.1 13.25
      vertex 12.2718 -2.1 12.65
    endloop
  endfacet
  facet normal 1 -0 0
    outer loop
      vertex 12.5718 -1.8 13.25
      vertex 12.5718 1.8 12.65
      vertex 12.5718 1.8 13.25
    endloop
  endfacet
  facet normal 1 0 0
    outer loop
      vertex 12.5718 1.8 12.65
      vertex 12.5718 -1.8 13.25
      vertex 12.5718 -1.8 12.65
    endloop
  endfacet
  facet normal 0.951063 -0.308997 0
    outer loop
      vertex 5.72664 10.829 13.25
      vertex 5.78941 11.0222 12.65
      vertex 5.78941 11.0222 13.25
    endloop
  endfacet
  facet normal 0.951063 -0.308997 0
    outer loop
      vertex 5.78941 11.0222 12.65
      vertex 5.72664 10.829 13.25
      vertex 5.72664 10.829 12.65
    endloop
  endfacet
  facet normal -0.987677 -0.156505 0
    outer loop
      vertex -11.1624 5.51424 12.65
      vertex -11.2288 5.93328 13.25
      vertex -11.2288 5.93328 12.65
    endloop
  endfacet
  facet normal -0.987677 -0.156505 0
    outer loop
      vertex -11.2288 5.93328 13.25
      vertex -11.1624 5.51424 12.65
      vertex -11.1624 5.51424 13.25
    endloop
  endfacet
  facet normal -0.587879 -0.808949 0
    outer loop
      vertex -11.1624 5.51424 12.65
      vertex -10.9981 5.39484 13.25
      vertex -11.1624 5.51424 13.25
    endloop
  endfacet
  facet normal -0.587879 -0.808949 -0
    outer loop
      vertex -10.9981 5.39484 13.25
      vertex -11.1624 5.51424 12.65
      vertex -10.9981 5.39484 12.65
    endloop
  endfacet
  facet normal -0.809019 -0.587783 0
    outer loop
      vertex -9.11278 -8.84575 12.65
      vertex -11.2288 -5.93328 13.25
      vertex -11.2288 -5.93328 12.65
    endloop
  endfacet
  facet normal -0.809019 -0.587783 0
    outer loop
      vertex -11.2288 -5.93328 13.25
      vertex -9.11278 -8.84575 12.65
      vertex -9.11278 -8.84575 13.25
    endloop
  endfacet
  facet normal -0.156436 -0.987688 0
    outer loop
      vertex -9.11278 -8.84575 12.65
      vertex -8.69374 -8.91212 13.25
      vertex -9.11278 -8.84575 13.25
    endloop
  endfacet
  facet normal -0.156436 -0.987688 -0
    outer loop
      vertex -8.69374 -8.91212 13.25
      vertex -9.11278 -8.84575 12.65
      vertex -8.69374 -8.91212 12.65
    endloop
  endfacet
  facet normal 0.587817 -0.808994 0
    outer loop
      vertex -8.69374 -8.91212 12.65
      vertex -8.5294 -8.79271 13.25
      vertex -8.69374 -8.91212 13.25
    endloop
  endfacet
  facet normal 0.587817 -0.808994 0
    outer loop
      vertex -8.5294 -8.79271 13.25
      vertex -8.69374 -8.91212 12.65
      vertex -8.5294 -8.79271 12.65
    endloop
  endfacet
  facet normal -0.309016 -0.951057 0
    outer loop
      vertex -8.5294 -8.79271 12.65
      vertex 1.7322 -12.1269 13.25
      vertex -8.5294 -8.79271 13.25
    endloop
  endfacet
  facet normal -0.309016 -0.951057 -0
    outer loop
      vertex 1.7322 -12.1269 13.25
      vertex -8.5294 -8.79271 12.65
      vertex 1.7322 -12.1269 12.65
    endloop
  endfacet
  facet normal -0.951063 -0.308997 0
    outer loop
      vertex 1.79497 -12.3201 12.65
      vertex 1.7322 -12.1269 13.25
      vertex 1.7322 -12.1269 12.65
    endloop
  endfacet
  facet normal -0.951063 -0.308997 0
    outer loop
      vertex 1.7322 -12.1269 13.25
      vertex 1.79497 -12.3201 12.65
      vertex 1.79497 -12.3201 13.25
    endloop
  endfacet
  facet normal -0.453961 -0.891022 0
    outer loop
      vertex 1.79497 -12.3201 12.65
      vertex 2.173 -12.5127 13.25
      vertex 1.79497 -12.3201 13.25
    endloop
  endfacet
  facet normal -0.453961 -0.891022 -0
    outer loop
      vertex 2.173 -12.5127 13.25
      vertex 1.79497 -12.3201 12.65
      vertex 2.173 -12.5127 12.65
    endloop
  endfacet
  facet normal 0.309002 -0.951061 0
    outer loop
      vertex 2.173 -12.5127 12.65
      vertex 5.5968 -11.4003 13.25
      vertex 2.173 -12.5127 13.25
    endloop
  endfacet
  facet normal 0.309002 -0.951061 0
    outer loop
      vertex 5.5968 -11.4003 13.25
      vertex 2.173 -12.5127 12.65
      vertex 5.5968 -11.4003 12.65
    endloop
  endfacet
  facet normal 0.891046 -0.453913 0
    outer loop
      vertex 5.5968 -11.4003 13.25
      vertex 5.78941 -11.0222 12.65
      vertex 5.78941 -11.0222 13.25
    endloop
  endfacet
  facet normal 0.891046 -0.453913 0
    outer loop
      vertex 5.78941 -11.0222 12.65
      vertex 5.5968 -11.4003 13.25
      vertex 5.5968 -11.4003 12.65
    endloop
  endfacet
  facet normal 0.809014 -0.58779 0
    outer loop
      vertex 5.72664 -10.829 13.25
      vertex 12.0687 -2.1 12.65
      vertex 12.0687 -2.1 13.25
    endloop
  endfacet
  facet normal 0.809014 -0.58779 0
    outer loop
      vertex 12.0687 -2.1 12.65
      vertex 5.72664 -10.829 13.25
      vertex 5.72664 -10.829 12.65
    endloop
  endfacet
  facet normal 0 -1 0
    outer loop
      vertex 12.0687 -2.1 13.25
      vertex 10.6531 -2.1 13.65
      vertex 10.3899 -2.1 13.65
    endloop
  endfacet
  facet normal 0 -1 0
    outer loop
      vertex 12.0687 -2.1 13.25
      vertex 12.2718 -2.1 13.25
      vertex 10.6531 -2.1 13.65
    endloop
  endfacet
  facet normal 0 -1 0
    outer loop
      vertex 12.0687 -2.1 12.65
      vertex 12.2718 -2.1 13.25
      vertex 12.0687 -2.1 13.25
    endloop
  endfacet
  facet normal 0 -1 -0
    outer loop
      vertex 12.2718 -2.1 13.25
      vertex 12.0687 -2.1 12.65
      vertex 12.2718 -2.1 12.65
    endloop
  endfacet
  facet normal 0.233277 -0.233277 0.944015
    outer loop
      vertex 10.9531 -1.8 13.65
      vertex 12.2718 -2.1 13.25
      vertex 12.5718 -1.8 13.25
    endloop
  endfacet
  facet normal 0.233277 -0.233277 0.944015
    outer loop
      vertex 12.2718 -2.1 13.25
      vertex 10.9531 -1.8 13.65
      vertex 10.6531 -2.1 13.65
    endloop
  endfacet
  facet normal 0.239896 0 0.970799
    outer loop
      vertex 10.9531 1.8 13.65
      vertex 12.5718 -1.8 13.25
      vertex 12.5718 1.8 13.25
    endloop
  endfacet
  facet normal 0.239896 0 0.970799
    outer loop
      vertex 12.5718 -1.8 13.25
      vertex 10.9531 1.8 13.65
      vertex 10.9531 -1.8 13.65
    endloop
  endfacet
  facet normal 0.228559 0.166058 0.959263
    outer loop
      vertex 12.0687 2.1 13.25
      vertex 5.20787 9.23244 13.65
      vertex 10.3899 2.1 13.65
    endloop
  endfacet
  facet normal 0.951057 -0.309015 4.83859e-05
    outer loop
      vertex 5.2892 9.48275 13.65
      vertex 5.20787 9.23244 13.65
      vertex 5.72664 10.829 13.25
    endloop
  endfacet
  facet normal 0.293949 0.149774 0.944014
    outer loop
      vertex 5.78941 11.0222 13.25
      vertex 5.09659 9.86077 13.65
      vertex 5.2892 9.48275 13.65
    endloop
  endfacet
  facet normal 0.0741278 0.228148 0.9708
    outer loop
      vertex 5.5968 11.4003 13.25
      vertex 1.67279 10.9732 13.65
      vertex 5.09659 9.86077 13.65
    endloop
  endfacet
  facet normal -0.149757 0.293938 0.94402
    outer loop
      vertex 2.173 12.5127 13.25
      vertex 1.29476 10.7806 13.65
      vertex 1.67279 10.9732 13.65
    endloop
  endfacet
  facet normal -0.951065 0.308992 -9.90107e-05
    outer loop
      vertex 1.79497 12.3201 13.25
      vertex 1.21344 10.5303 13.65
      vertex 1.29476 10.7806 13.65
    endloop
  endfacet
  facet normal -0.0873029 0.268692 0.959262
    outer loop
      vertex 1.7322 12.1269 13.25
      vertex -7.17126 7.80596 13.65
      vertex 1.21344 10.5303 13.65
    endloop
  endfacet
  facet normal 0.587815 0.808996 -0.000145486
    outer loop
      vertex -7.17126 7.80596 13.65
      vertex -8.5294 8.79271 13.25
      vertex -7.38417 7.96066 13.65
    endloop
  endfacet
  facet normal -0.325849 -0.0516099 0.944012
    outer loop
      vertex -9.91924 4.98183 13.65
      vertex -11.1624 5.51424 13.25
      vertex -9.85287 4.56279 13.65
    endloop
  endfacet
  facet normal -0.325858 -0.0516346 0.944008
    outer loop
      vertex -11.1624 5.51424 13.25
      vertex -9.91924 4.98183 13.65
      vertex -11.2288 5.93328 13.25
    endloop
  endfacet
  facet normal -0.587797 -0.809009 1.47899e-05
    outer loop
      vertex -9.85287 4.56279 13.65
      vertex -11.1624 5.51424 13.25
      vertex -9.63995 4.40809 13.65
    endloop
  endfacet
  facet normal -0.587797 0.809009 6.64453e-05
    outer loop
      vertex -9.63995 -4.40809 13.65
      vertex -10.9981 -5.39484 13.25
      vertex -9.85287 -4.56279 13.65
    endloop
  endfacet
  facet normal -0.194079 -0.141006 0.970799
    outer loop
      vertex -9.91924 -4.98183 13.65
      vertex -9.11278 -8.84575 13.25
      vertex -7.80322 -7.89429 13.65
    endloop
  endfacet
  facet normal -0.19408 -0.141006 0.970799
    outer loop
      vertex -9.11278 -8.84575 13.25
      vertex -9.91924 -4.98183 13.65
      vertex -11.2288 -5.93328 13.25
    endloop
  endfacet
  facet normal -0.0516071 -0.325839 0.944016
    outer loop
      vertex -7.80322 -7.89429 13.65
      vertex -8.69374 -8.91212 13.25
      vertex -7.38417 -7.96066 13.65
    endloop
  endfacet
  facet normal -0.0516082 -0.325838 0.944016
    outer loop
      vertex -8.69374 -8.91212 13.25
      vertex -7.80322 -7.89429 13.65
      vertex -9.11278 -8.84575 13.25
    endloop
  endfacet
  facet normal 0.587815 -0.808996 -0.000143728
    outer loop
      vertex -7.38417 -7.96066 13.65
      vertex -8.69374 -8.91212 13.25
      vertex -7.17126 -7.80596 13.65
    endloop
  endfacet
  facet normal -0.0873036 -0.268694 0.959261
    outer loop
      vertex -7.17126 -7.80596 13.65
      vertex -8.5294 -8.79271 13.25
      vertex 1.21344 -10.5303 13.65
    endloop
  endfacet
  facet normal -0.951065 -0.308992 -9.60944e-05
    outer loop
      vertex 1.29476 -10.7806 13.65
      vertex 1.21344 -10.5303 13.65
      vertex 1.7322 -12.1269 13.25
    endloop
  endfacet
  facet normal -0.149757 -0.293938 0.94402
    outer loop
      vertex 1.67279 -10.9732 13.65
      vertex 1.29476 -10.7806 13.65
      vertex 1.79497 -12.3201 13.25
    endloop
  endfacet
  facet normal 0.074129 -0.228152 0.970799
    outer loop
      vertex 5.09659 -9.86077 13.65
      vertex 1.67279 -10.9732 13.65
      vertex 2.173 -12.5127 13.25
    endloop
  endfacet
  facet normal 0.293941 -0.14977 0.944017
    outer loop
      vertex 5.2892 -9.48275 13.65
      vertex 5.09659 -9.86077 13.65
      vertex 5.5968 -11.4003 13.25
    endloop
  endfacet
  facet normal 0.951057 0.309015 3.89128e-05
    outer loop
      vertex 5.78941 -11.0222 13.25
      vertex 5.20787 -9.23244 13.65
      vertex 5.2892 -9.48275 13.65
    endloop
  endfacet
  facet normal 0.228567 -0.166064 0.95926
    outer loop
      vertex 10.3899 -2.1 13.65
      vertex 5.20787 -9.23244 13.65
      vertex 5.72664 -10.829 13.25
    endloop
  endfacet
  facet normal 0 -0.997785 -0.066519
    outer loop
      vertex 10.3899 -2.1 13.65
      vertex 10.6031 -2.15 14.4
      vertex 10.2264 -2.15 14.4
    endloop
  endfacet
  facet normal 0 -0.997785 -0.066519
    outer loop
      vertex 10.6031 -2.15 14.4
      vertex 10.3899 -2.1 13.65
      vertex 10.6531 -2.1 13.65
    endloop
  endfacet
  facet normal 0.707107 -0.707107 8.59813e-16
    outer loop
      vertex 10.9531 -1.8 14.4
      vertex 10.6031 -2.15 14.4
      vertex 10.6531 -2.1 13.65
    endloop
  endfacet
  facet normal 1 -0 0
    outer loop
      vertex 10.9531 -1.8 14.4
      vertex 10.9531 1.8 13.65
      vertex 10.9531 1.8 14.4
    endloop
  endfacet
  facet normal 1 0 0
    outer loop
      vertex 10.9531 1.8 13.65
      vertex 10.9531 -1.8 14.4
      vertex 10.9531 -1.8 13.65
    endloop
  endfacet
  facet normal 0.707107 0.707107 -0
    outer loop
      vertex 10.9531 1.8 13.65
      vertex 10.6031 2.15 14.4
      vertex 10.9531 1.8 14.4
    endloop
  endfacet
  facet normal 0.801512 0.582329 0.135908
    outer loop
      vertex 10.3899 2.1 13.65
      vertex 5.20491 9.06153 14.4
      vertex 10.2264 2.15 14.4
    endloop
  endfacet
  facet normal 0.94895 -0.308334 -0.0665179
    outer loop
      vertex 5.3213 9.41974 14.4
      vertex 5.20491 9.06153 14.4
      vertex 5.20787 9.23244 13.65
    endloop
  endfacet
  facet normal 0.891011 0.453981 5.15607e-06
    outer loop
      vertex 5.2892 9.48275 13.65
      vertex 5.09659 9.86077 14.4
      vertex 5.3213 9.41974 14.4
    endloop
  endfacet
  facet normal -0.453965 0.89102 0
    outer loop
      vertex 1.67279 10.9732 13.65
      vertex 1.23176 10.7485 14.4
      vertex 1.67279 10.9732 14.4
    endloop
  endfacet
  facet normal -0.948947 0.308342 -0.0665146
    outer loop
      vertex 1.29476 10.7806 13.65
      vertex 1.11537 10.3903 14.4
      vertex 1.23176 10.7485 14.4
    endloop
  endfacet
  facet normal -0.306152 0.942239 0.135852
    outer loop
      vertex 1.21344 10.5303 13.65
      vertex -7.00962 7.75033 14.4
      vertex 1.11537 10.3903 14.4
    endloop
  endfacet
  facet normal 0.586492 0.807218 -0.0665267
    outer loop
      vertex -7.17126 7.80596 13.65
      vertex -7.31433 7.97172 14.4
      vertex -7.00962 7.75033 14.4
    endloop
  endfacet
  facet normal -0.156429 0.987689 1.58335e-06
    outer loop
      vertex -7.38417 7.96066 13.65
      vertex -7.80322 7.89429 14.4
      vertex -7.31433 7.97172 14.4
    endloop
  endfacet
  facet normal -0.987689 -0.156433 -0
    outer loop
      vertex -9.91924 4.98183 14.4
      vertex -9.91924 4.98183 13.65
      vertex -9.84181 4.49295 14.4
    endloop
  endfacet
  facet normal -0.586492 -0.807219 -0.0665194
    outer loop
      vertex -9.84181 4.49295 14.4
      vertex -9.85287 4.56279 13.65
      vertex -9.5371 4.27156 14.4
    endloop
  endfacet
  facet normal -0.586492 0.807219 -0.0665184
    outer loop
      vertex -9.63995 -4.40809 13.65
      vertex -9.84181 -4.49295 14.4
      vertex -9.5371 -4.27156 14.4
    endloop
  endfacet
  facet normal -0.987689 0.156433 -1.88131e-06
    outer loop
      vertex -9.85287 -4.56279 13.65
      vertex -9.91924 -4.98183 14.4
      vertex -9.84181 -4.49295 14.4
    endloop
  endfacet
  facet normal -0.809018 -0.587784 0
    outer loop
      vertex -7.80322 -7.89429 13.65
      vertex -9.91924 -4.98183 14.4
      vertex -9.91924 -4.98183 13.65
    endloop
  endfacet
  facet normal -0.809018 -0.587784 0
    outer loop
      vertex -9.91924 -4.98183 14.4
      vertex -7.80322 -7.89429 13.65
      vertex -7.80322 -7.89429 14.4
    endloop
  endfacet
  facet normal -0.156429 -0.987689 -0
    outer loop
      vertex -7.80322 -7.89429 14.4
      vertex -7.80322 -7.89429 13.65
      vertex -7.31433 -7.97172 14.4
    endloop
  endfacet
  facet normal 0.586493 -0.807219 -0.066518
    outer loop
      vertex -7.31433 -7.97172 14.4
      vertex -7.38417 -7.96066 13.65
      vertex -7.00962 -7.75033 14.4
    endloop
  endfacet
  facet normal -0.306151 -0.942237 0.135871
    outer loop
      vertex -7.00962 -7.75033 14.4
      vertex -7.17126 -7.80596 13.65
      vertex 1.11537 -10.3903 14.4
    endloop
  endfacet
  facet normal -0.948947 -0.308341 -0.0665272
    outer loop
      vertex 1.23176 -10.7485 14.4
      vertex 1.11537 -10.3903 14.4
      vertex 1.21344 -10.5303 13.65
    endloop
  endfacet
  facet normal -0.453965 -0.89102 2.59408e-06
    outer loop
      vertex 1.67279 -10.9732 14.4
      vertex 1.23176 -10.7485 14.4
      vertex 1.29476 -10.7806 13.65
    endloop
  endfacet
  facet normal 0.309009 -0.951059 0
    outer loop
      vertex 1.67279 -10.9732 13.65
      vertex 5.09659 -9.86077 14.4
      vertex 1.67279 -10.9732 14.4
    endloop
  endfacet
  facet normal 0.309009 -0.951059 0
    outer loop
      vertex 5.09659 -9.86077 14.4
      vertex 1.67279 -10.9732 13.65
      vertex 5.09659 -9.86077 13.65
    endloop
  endfacet
  facet normal 0.891011 -0.453981 0
    outer loop
      vertex 5.09659 -9.86077 14.4
      vertex 5.09659 -9.86077 13.65
      vertex 5.3213 -9.41974 14.4
    endloop
  endfacet
  facet normal 0.94895 0.308334 -0.0665192
    outer loop
      vertex 5.2892 -9.48275 13.65
      vertex 5.20491 -9.06153 14.4
      vertex 5.3213 -9.41974 14.4
    endloop
  endfacet
  facet normal 0.801517 -0.582333 0.135865
    outer loop
      vertex 10.2264 -2.15 14.4
      vertex 5.20491 -9.06153 14.4
      vertex 5.20787 -9.23244 13.65
    endloop
  endfacet
  facet normal -0 -0.998274 -0.058722
    outer loop
      vertex 10.6031 -2.15 14.4
      vertex 10.7163 -2.25 16.1
      vertex 10.2264 -2.15 14.4
    endloop
  endfacet
  facet normal 0 -0.998274 -0.058722
    outer loop
      vertex 10.7163 -2.25 16.1
      vertex 10.6031 -2.15 14.4
      vertex 13.4338 -2.25 16.1
    endloop
  endfacet
  facet normal 0.448472 -0.448472 -0.77314
    outer loop
      vertex 13.4338 -2.25 16.1
      vertex 10.6031 -2.15 14.4
      vertex 13.8838 -1.8 16.1
    endloop
  endfacet
  facet normal 0.501761 0 -0.865006
    outer loop
      vertex 10.9531 -1.8 14.4
      vertex 13.8838 1.8 16.1
      vertex 13.8838 -1.8 16.1
    endloop
  endfacet
  facet normal 0.501761 0 -0.865006
    outer loop
      vertex 13.8838 1.8 16.1
      vertex 10.9531 -1.8 14.4
      vertex 10.9531 1.8 14.4
    endloop
  endfacet
  facet normal 0.448472 0.448472 -0.77314
    outer loop
      vertex 13.8838 1.8 16.1
      vertex 10.9531 1.8 14.4
      vertex 13.4338 2.25 16.1
    endloop
  endfacet
  facet normal 0.781498 0.567787 -0.258609
    outer loop
      vertex 10.2264 2.15 14.4
      vertex 5.45141 9.49656 16.1
      vertex 10.7163 2.25 16.1
    endloop
  endfacet
  facet normal 0.949415 -0.308485 -0.0587238
    outer loop
      vertex 5.45141 9.49656 16.1
      vertex 5.20491 9.06153 14.4
      vertex 6.29115 12.081 16.1
    endloop
  endfacet
  facet normal 0.565133 0.287918 -0.773129
    outer loop
      vertex 6.29115 12.081 16.1
      vertex 5.3213 9.41974 14.4
      vertex 6.00223 12.6481 16.1
    endloop
  endfacet
  facet normal 0.155042 0.477197 -0.865011
    outer loop
      vertex 5.09659 9.86077 14.4
      vertex 2.57843 13.7605 16.1
      vertex 6.00223 12.6481 16.1
    endloop
  endfacet
  facet normal -0.287917 0.565102 -0.773152
    outer loop
      vertex 2.57843 13.7605 16.1
      vertex 1.67279 10.9732 14.4
      vertex 2.0114 13.4716 16.1
    endloop
  endfacet
  facet normal -0.949416 0.308482 -0.0587206
    outer loop
      vertex 1.23176 10.7485 14.4
      vertex 1.17165 10.8871 16.1
      vertex 2.0114 13.4716 16.1
    endloop
  endfacet
  facet normal -0.298502 0.918708 -0.258597
    outer loop
      vertex 1.11537 10.3903 14.4
      vertex -7.34719 8.1192 16.1
      vertex 1.17165 10.8871 16.1
    endloop
  endfacet
  facet normal 0.58677 0.807621 -0.0587242
    outer loop
      vertex -7.00962 7.75033 14.4
      vertex -9.54566 9.71648 16.1
      vertex -7.34719 8.1192 16.1
    endloop
  endfacet
  facet normal -0.0992149 0.626424 -0.773142
    outer loop
      vertex -7.31433 7.97172 14.4
      vertex -10.1742 9.61693 16.1
      vertex -9.54566 9.71648 16.1
    endloop
  endfacet
  facet normal -0.626409 -0.0991595 -0.773162
    outer loop
      vertex -12.1907 6.0759 16.1
      vertex -12.2902 6.70446 16.1
      vertex -9.91924 4.98183 14.4
    endloop
  endfacet
  facet normal -0.586769 -0.807622 -0.058723
    outer loop
      vertex -9.99222 4.47862 16.1
      vertex -12.1907 6.0759 16.1
      vertex -9.84181 4.49295 14.4
    endloop
  endfacet
  facet normal -0.586769 0.807623 -0.0587199
    outer loop
      vertex -9.5371 -4.27156 14.4
      vertex -12.1907 -6.0759 16.1
      vertex -9.99222 -4.47862 16.1
    endloop
  endfacet
  facet normal -0.626402 0.0991583 -0.773168
    outer loop
      vertex -9.84181 -4.49295 14.4
      vertex -12.2902 -6.70446 16.1
      vertex -12.1907 -6.0759 16.1
    endloop
  endfacet
  facet normal -0.405933 -0.294927 -0.865007
    outer loop
      vertex -10.1742 -9.61693 16.1
      vertex -9.91924 -4.98183 14.4
      vertex -7.80322 -7.89429 14.4
    endloop
  endfacet
  facet normal -0.405937 -0.294926 -0.865005
    outer loop
      vertex -9.91924 -4.98183 14.4
      vertex -10.1742 -9.61693 16.1
      vertex -12.2902 -6.70446 16.1
    endloop
  endfacet
  facet normal -0.099215 -0.626425 -0.773142
    outer loop
      vertex -9.54566 -9.71648 16.1
      vertex -10.1742 -9.61693 16.1
      vertex -7.80322 -7.89429 14.4
    endloop
  endfacet
  facet normal 0.58677 -0.807621 -0.0587216
    outer loop
      vertex -7.34719 -8.1192 16.1
      vertex -9.54566 -9.71648 16.1
      vertex -7.31433 -7.97172 14.4
    endloop
  endfacet
  facet normal -0.298501 -0.918703 -0.258616
    outer loop
      vertex 1.17165 -10.8871 16.1
      vertex -7.34719 -8.1192 16.1
      vertex -7.00962 -7.75033 14.4
    endloop
  endfacet
  facet normal -0.949416 -0.308482 -0.0587181
    outer loop
      vertex 1.17165 -10.8871 16.1
      vertex 1.11537 -10.3903 14.4
      vertex 2.0114 -13.4716 16.1
    endloop
  endfacet
  facet normal -0.287918 -0.565102 -0.773151
    outer loop
      vertex 2.0114 -13.4716 16.1
      vertex 1.23176 -10.7485 14.4
      vertex 2.57843 -13.7605 16.1
    endloop
  endfacet
  facet normal 0.155044 -0.477201 -0.865009
    outer loop
      vertex 2.57843 -13.7605 16.1
      vertex 1.67279 -10.9732 14.4
      vertex 6.00223 -12.6481 16.1
    endloop
  endfacet
  facet normal 0.56513 -0.287917 -0.773131
    outer loop
      vertex 6.00223 -12.6481 16.1
      vertex 5.09659 -9.86077 14.4
      vertex 6.29115 -12.081 16.1
    endloop
  endfacet
  facet normal 0.949415 0.308485 -0.0587238
    outer loop
      vertex 6.29115 -12.081 16.1
      vertex 5.3213 -9.41974 14.4
      vertex 5.45141 -9.49656 16.1
    endloop
  endfacet
  facet normal 0.781497 -0.567786 -0.258614
    outer loop
      vertex 5.45141 -9.49656 16.1
      vertex 5.20491 -9.06153 14.4
      vertex 10.7163 -2.25 16.1
    endloop
  endfacet
  facet normal 0 -1 0
    outer loop
      vertex 10.7163 -2.25 16.1
      vertex 13.4338 -2.25 25.7
      vertex 10.7163 -2.25 25.7
    endloop
  endfacet
  facet normal 0 -1 -0
    outer loop
      vertex 13.4338 -2.25 25.7
      vertex 10.7163 -2.25 16.1
      vertex 13.4338 -2.25 16.1
    endloop
  endfacet
  facet normal 0.707107 -0.707107 0
    outer loop
      vertex 13.4338 -2.25 25.7
      vertex 13.8838 -1.8 16.1
      vertex 13.8838 -1.8 25.7
    endloop
  endfacet
  facet normal 0.707107 -0.707107 0
    outer loop
      vertex 13.8838 -1.8 16.1
      vertex 13.4338 -2.25 25.7
      vertex 13.4338 -2.25 16.1
    endloop
  endfacet
  facet normal 1 -0 0
    outer loop
      vertex 13.8838 -1.8 25.7
      vertex 13.8838 1.8 16.1
      vertex 13.8838 1.8 25.7
    endloop
  endfacet
  facet normal 1 0 0
    outer loop
      vertex 13.8838 1.8 16.1
      vertex 13.8838 -1.8 25.7
      vertex 13.8838 -1.8 16.1
    endloop
  endfacet
  facet normal 0.951056 -0.309019 0
    outer loop
      vertex 5.45141 9.49656 25.7
      vertex 6.29115 12.081 16.1
      vertex 6.29115 12.081 25.7
    endloop
  endfacet
  facet normal 0.951056 -0.309019 0
    outer loop
      vertex 6.29115 12.081 16.1
      vertex 5.45141 9.49656 25.7
      vertex 5.45141 9.49656 16.1
    endloop
  endfacet
  facet normal -0.987701 -0.156351 0
    outer loop
      vertex -12.1907 6.0759 16.1
      vertex -12.2902 6.70446 25.7
      vertex -12.2902 6.70446 16.1
    endloop
  endfacet
  facet normal -0.987701 -0.156351 0
    outer loop
      vertex -12.2902 6.70446 25.7
      vertex -12.1907 6.0759 16.1
      vertex -12.1907 6.0759 25.7
    endloop
  endfacet
  facet normal -0.587783 -0.809019 0
    outer loop
      vertex -12.1907 6.0759 16.1
      vertex -9.99222 4.47862 25.7
      vertex -12.1907 6.0759 25.7
    endloop
  endfacet
  facet normal -0.587783 -0.809019 -0
    outer loop
      vertex -9.99222 4.47862 25.7
      vertex -12.1907 6.0759 16.1
      vertex -9.99222 4.47862 16.1
    endloop
  endfacet
  facet normal -0.809021 -0.587779 0
    outer loop
      vertex -10.1742 -9.61693 16.1
      vertex -12.2902 -6.70446 25.7
      vertex -12.2902 -6.70446 16.1
    endloop
  endfacet
  facet normal -0.809021 -0.587779 0
    outer loop
      vertex -12.2902 -6.70446 25.7
      vertex -10.1742 -9.61693 16.1
      vertex -10.1742 -9.61693 25.7
    endloop
  endfacet
  facet normal -0.156433 -0.987689 0
    outer loop
      vertex -10.1742 -9.61693 16.1
      vertex -9.54566 -9.71648 25.7
      vertex -10.1742 -9.61693 25.7
    endloop
  endfacet
  facet normal -0.156433 -0.987689 -0
    outer loop
      vertex -9.54566 -9.71648 25.7
      vertex -10.1742 -9.61693 16.1
      vertex -9.54566 -9.71648 16.1
    endloop
  endfacet
  facet normal 0.587785 -0.809017 0
    outer loop
      vertex -9.54566 -9.71648 16.1
      vertex -7.34719 -8.1192 25.7
      vertex -9.54566 -9.71648 25.7
    endloop
  endfacet
  facet normal 0.587785 -0.809017 0
    outer loop
      vertex -7.34719 -8.1192 25.7
      vertex -9.54566 -9.71648 16.1
      vertex -7.34719 -8.1192 16.1
    endloop
  endfacet
  facet normal -0.309013 -0.951058 0
    outer loop
      vertex -7.34719 -8.1192 16.1
      vertex 1.17165 -10.8871 25.7
      vertex -7.34719 -8.1192 25.7
    endloop
  endfacet
  facet normal -0.309013 -0.951058 -0
    outer loop
      vertex 1.17165 -10.8871 25.7
      vertex -7.34719 -8.1192 16.1
      vertex 1.17165 -10.8871 16.1
    endloop
  endfacet
  facet normal -0.951057 -0.309015 0
    outer loop
      vertex 2.0114 -13.4716 16.1
      vertex 1.17165 -10.8871 25.7
      vertex 1.17165 -10.8871 16.1
    endloop
  endfacet
  facet normal -0.951057 -0.309015 0
    outer loop
      vertex 1.17165 -10.8871 25.7
      vertex 2.0114 -13.4716 16.1
      vertex 2.0114 -13.4716 25.7
    endloop
  endfacet
  facet normal -0.45397 -0.891017 0
    outer loop
      vertex 2.0114 -13.4716 16.1
      vertex 2.57843 -13.7605 25.7
      vertex 2.0114 -13.4716 25.7
    endloop
  endfacet
  facet normal -0.45397 -0.891017 -0
    outer loop
      vertex 2.57843 -13.7605 25.7
      vertex 2.0114 -13.4716 16.1
      vertex 2.57843 -13.7605 16.1
    endloop
  endfacet
  facet normal 0.309002 -0.951061 0
    outer loop
      vertex 2.57843 -13.7605 16.1
      vertex 6.00223 -12.6481 25.7
      vertex 2.57843 -13.7605 25.7
    endloop
  endfacet
  facet normal 0.309002 -0.951061 0
    outer loop
      vertex 6.00223 -12.6481 25.7
      vertex 2.57843 -13.7605 16.1
      vertex 6.00223 -12.6481 16.1
    endloop
  endfacet
  facet normal 0.891027 -0.453951 0
    outer loop
      vertex 6.00223 -12.6481 25.7
      vertex 6.29115 -12.081 16.1
      vertex 6.29115 -12.081 25.7
    endloop
  endfacet
  facet normal 0.891027 -0.453951 0
    outer loop
      vertex 6.29115 -12.081 16.1
      vertex 6.00223 -12.6481 25.7
      vertex 6.00223 -12.6481 16.1
    endloop
  endfacet
  facet normal 0.809019 -0.587782 0
    outer loop
      vertex 5.45141 -9.49656 25.7
      vertex 10.7163 -2.25 16.1
      vertex 10.7163 -2.25 25.7
    endloop
  endfacet
  facet normal 0.809019 -0.587782 0
    outer loop
      vertex 10.7163 -2.25 16.1
      vertex 5.45141 -9.49656 25.7
      vertex 5.45141 -9.49656 16.1
    endloop
  endfacet
  facet normal 0 -0.998053 0.0623783
    outer loop
      vertex 10.7163 -2.25 25.7
      vertex 11.4642 -2.2 26.5
      vertex 10.3692 -2.2 26.5
    endloop
  endfacet
  facet normal 0 -0.998053 0.0623783
    outer loop
      vertex 11.4642 -2.2 26.5
      vertex 10.7163 -2.25 25.7
      vertex 13.4338 -2.25 25.7
    endloop
  endfacet
  facet normal 0.345587 -0.345587 0.872433
    outer loop
      vertex 11.8642 -1.8 26.5
      vertex 11.4642 -2.2 26.5
      vertex 13.4338 -2.25 25.7
    endloop
  endfacet
  facet normal 0.368277 0 0.929716
    outer loop
      vertex 11.8642 1.8 26.5
      vertex 13.8838 -1.8 25.7
      vertex 13.8838 1.8 25.7
    endloop
  endfacet
  facet normal 0.368277 0 0.929716
    outer loop
      vertex 13.8838 -1.8 25.7
      vertex 11.8642 1.8 26.5
      vertex 11.8642 -1.8 26.5
    endloop
  endfacet
  facet normal 0.345587 0.345587 0.872433
    outer loop
      vertex 13.8838 1.8 25.7
      vertex 11.4642 2.2 26.5
      vertex 11.8642 1.8 26.5
    endloop
  endfacet
  facet normal 0.754297 0.548031 0.361523
    outer loop
      vertex 10.7163 2.25 25.7
      vertex 5.29658 9.18184 26.5
      vertex 10.3692 2.2 26.5
    endloop
  endfacet
  facet normal 0.949205 -0.308415 0.0623764
    outer loop
      vertex 5.63497 10.2233 26.5
      vertex 5.29658 9.18184 26.5
      vertex 5.45141 9.49656 25.7
    endloop
  endfacet
  facet normal 0.435456 0.221893 0.872434
    outer loop
      vertex 6.29115 12.081 25.7
      vertex 5.37815 10.7273 26.5
      vertex 5.63497 10.2233 26.5
    endloop
  endfacet
  facet normal 0.113806 0.350245 0.929719
    outer loop
      vertex 6.00223 12.6481 25.7
      vertex 1.95435 11.8398 26.5
      vertex 5.37815 10.7273 26.5
    endloop
  endfacet
  facet normal -0.22187 0.435472 0.872432
    outer loop
      vertex 2.57843 13.7605 25.7
      vertex 1.45032 11.583 26.5
      vertex 1.95435 11.8398 26.5
    endloop
  endfacet
  facet normal -0.949211 0.308405 0.0623373
    outer loop
      vertex 2.0114 13.4716 25.7
      vertex 1.11193 10.5415 26.5
      vertex 1.45032 11.583 26.5
    endloop
  endfacet
  facet normal -0.288111 0.886719 0.361555
    outer loop
      vertex 1.17165 10.8871 25.7
      vertex -7.09572 7.87469 26.5
      vertex 1.11193 10.5415 26.5
    endloop
  endfacet
  facet normal 0.58664 0.807442 0.0623817
    outer loop
      vertex -7.34719 8.1192 25.7
      vertex -7.98163 8.51834 26.5
      vertex -7.09572 7.87469 26.5
    endloop
  endfacet
  facet normal -0.0764535 0.482722 0.87243
    outer loop
      vertex -7.98163 8.51834 26.5
      vertex -9.54566 9.71648 25.7
      vertex -8.54035 8.42985 26.5
    endloop
  endfacet
  facet normal -0.482742 -0.0764653 0.872418
    outer loop
      vertex -10.6564 5.51739 26.5
      vertex -12.2902 6.70446 25.7
      vertex -10.5679 4.95867 26.5
    endloop
  endfacet
  facet normal -0.586632 -0.80745 0.0623495
    outer loop
      vertex -10.5679 4.95867 26.5
      vertex -12.1907 6.0759 25.7
      vertex -9.68197 4.31502 26.5
    endloop
  endfacet
  facet normal -0.586631 0.807448 0.0623797
    outer loop
      vertex -9.99222 -4.47862 25.7
      vertex -10.5679 -4.95867 26.5
      vertex -9.68197 -4.31502 26.5
    endloop
  endfacet
  facet normal -0.482726 0.0764628 0.872427
    outer loop
      vertex -10.5679 -4.95867 26.5
      vertex -12.1907 -6.0759 25.7
      vertex -10.6564 -5.51739 26.5
    endloop
  endfacet
  facet normal -0.297946 -0.216473 0.929714
    outer loop
      vertex -10.6564 -5.51739 26.5
      vertex -10.1742 -9.61693 25.7
      vertex -8.54035 -8.42985 26.5
    endloop
  endfacet
  facet normal -0.297955 -0.216474 0.929711
    outer loop
      vertex -10.1742 -9.61693 25.7
      vertex -10.6564 -5.51739 26.5
      vertex -12.2902 -6.70446 25.7
    endloop
  endfacet
  facet normal -0.0764535 -0.482723 0.87243
    outer loop
      vertex -8.54035 -8.42985 26.5
      vertex -10.1742 -9.61693 25.7
      vertex -7.98163 -8.51834 26.5
    endloop
  endfacet
  facet normal 0.58664 -0.807442 0.0623829
    outer loop
      vertex -7.98163 -8.51834 26.5
      vertex -9.54566 -9.71648 25.7
      vertex -7.09572 -7.87469 26.5
    endloop
  endfacet
  facet normal -0.288108 -0.886711 0.361575
    outer loop
      vertex -7.09572 -7.87469 26.5
      vertex -7.34719 -8.1192 25.7
      vertex 1.11193 -10.5415 26.5
    endloop
  endfacet
  facet normal -0.949208 -0.308404 0.0623721
    outer loop
      vertex 1.45032 -11.583 26.5
      vertex 1.11193 -10.5415 26.5
      vertex 1.17165 -10.8871 25.7
    endloop
  endfacet
  facet normal -0.22187 -0.435472 0.872432
    outer loop
      vertex 1.95435 -11.8398 26.5
      vertex 1.45032 -11.583 26.5
      vertex 2.0114 -13.4716 25.7
    endloop
  endfacet
  facet normal 0.11381 -0.350259 0.929713
    outer loop
      vertex 5.37815 -10.7273 26.5
      vertex 1.95435 -11.8398 26.5
      vertex 2.57843 -13.7605 25.7
    endloop
  endfacet
  facet normal 0.435445 -0.221887 0.872441
    outer loop
      vertex 5.63497 -10.2233 26.5
      vertex 5.37815 -10.7273 26.5
      vertex 6.00223 -12.6481 25.7
    endloop
  endfacet
  facet normal 0.949204 0.308414 0.0623843
    outer loop
      vertex 6.29115 -12.081 25.7
      vertex 5.29658 -9.18184 26.5
      vertex 5.63497 -10.2233 26.5
    endloop
  endfacet
  facet normal 0.754281 -0.548019 0.361572
    outer loop
      vertex 10.3692 -2.2 26.5
      vertex 5.29658 -9.18184 26.5
      vertex 5.45141 -9.49656 25.7
    endloop
  endfacet
  facet normal 0 -0.970143 0.242536
    outer loop
      vertex 10.3692 -2.2 26.5
      vertex 11.4125 -2.1 26.9
      vertex 10.2368 -2.1 26.9
    endloop
  endfacet
  facet normal 0 -0.970143 0.242536
    outer loop
      vertex 11.4125 -2.1 26.9
      vertex 10.3692 -2.2 26.5
      vertex 11.4642 -2.2 26.5
    endloop
  endfacet
  facet normal 0.682975 -0.682975 0.259018
    outer loop
      vertex 11.7125 -1.8 26.9
      vertex 11.4125 -2.1 26.9
      vertex 11.4642 -2.2 26.5
    endloop
  endfacet
  facet normal 0.935016 -0 0.354605
    outer loop
      vertex 11.7125 -1.8 26.9
      vertex 11.8642 1.8 26.5
      vertex 11.7125 1.8 26.9
    endloop
  endfacet
  facet normal 0.935016 0 0.354605
    outer loop
      vertex 11.8642 1.8 26.5
      vertex 11.7125 -1.8 26.9
      vertex 11.8642 -1.8 26.5
    endloop
  endfacet
  facet normal 0.682975 0.682975 0.259018
    outer loop
      vertex 11.8642 1.8 26.5
      vertex 11.4125 2.1 26.9
      vertex 11.7125 1.8 26.9
    endloop
  endfacet
  facet normal 0.747299 0.542942 0.383091
    outer loop
      vertex 10.3692 2.2 26.5
      vertex 5.16057 9.08686 26.9
      vertex 10.2368 2.1 26.9
    endloop
  endfacet
  facet normal 0.92266 -0.299786 0.242543
    outer loop
      vertex 5.52387 10.205 26.9
      vertex 5.16057 9.08686 26.9
      vertex 5.29658 9.18184 26.5
    endloop
  endfacet
  facet normal 0.860574 0.438506 0.259086
    outer loop
      vertex 5.63497 10.2233 26.5
      vertex 5.33126 10.583 26.9
      vertex 5.52387 10.205 26.9
    endloop
  endfacet
  facet normal 0.288939 0.88923 0.354661
    outer loop
      vertex 5.37815 10.7273 26.5
      vertex 1.90746 11.6955 26.9
      vertex 5.33126 10.583 26.9
    endloop
  endfacet
  facet normal -0.438472 0.860598 0.259061
    outer loop
      vertex 1.95435 11.8398 26.5
      vertex 1.52944 11.5029 26.9
      vertex 1.90746 11.6955 26.9
    endloop
  endfacet
  facet normal -0.922664 0.299779 0.242534
    outer loop
      vertex 1.45032 11.583 26.5
      vertex 1.16613 10.3847 26.9
      vertex 1.52944 11.5029 26.9
    endloop
  endfacet
  facet normal -0.285444 0.878516 0.383056
    outer loop
      vertex 1.11193 10.5415 26.5
      vertex -7.04741 7.71599 26.9
      vertex 1.16613 10.3847 26.9
    endloop
  endfacet
  facet normal 0.570235 0.784865 0.242525
    outer loop
      vertex -7.09572 7.87469 26.5
      vertex -7.99855 8.40703 26.9
      vertex -7.04741 7.71599 26.9
    endloop
  endfacet
  facet normal -0.151095 0.953966 0.259074
    outer loop
      vertex -7.98163 8.51834 26.5
      vertex -8.41759 8.34066 26.9
      vertex -7.99855 8.40703 26.9
    endloop
  endfacet
  facet normal -0.953934 -0.151158 0.259153
    outer loop
      vertex -10.5336 5.4282 26.9
      vertex -10.6564 5.51739 26.5
      vertex -10.4672 5.00916 26.9
    endloop
  endfacet
  facet normal -0.57024 -0.784831 0.242623
    outer loop
      vertex -10.4672 5.00916 26.9
      vertex -10.5679 4.95867 26.5
      vertex -9.51611 4.31812 26.9
    endloop
  endfacet
  facet normal -0.570253 0.784848 0.242538
    outer loop
      vertex -9.68197 -4.31502 26.5
      vertex -10.4672 -5.00916 26.9
      vertex -9.51611 -4.31812 26.9
    endloop
  endfacet
  facet normal -0.953915 0.151155 0.259228
    outer loop
      vertex -10.4672 -5.00916 26.9
      vertex -10.5679 -4.95867 26.5
      vertex -10.5336 -5.4282 26.9
    endloop
  endfacet
  facet normal -0.756401 -0.549553 0.354752
    outer loop
      vertex -10.6564 -5.51739 26.5
      vertex -8.41759 -8.34066 26.9
      vertex -10.5336 -5.4282 26.9
    endloop
  endfacet
  facet normal -0.756416 -0.549575 0.354686
    outer loop
      vertex -8.41759 -8.34066 26.9
      vertex -10.6564 -5.51739 26.5
      vertex -8.54035 -8.42985 26.5
    endloop
  endfacet
  facet normal -0.151094 -0.953964 0.259081
    outer loop
      vertex -8.41759 -8.34066 26.9
      vertex -8.54035 -8.42985 26.5
      vertex -7.99855 -8.40703 26.9
    endloop
  endfacet
  facet normal 0.570234 -0.784865 0.242529
    outer loop
      vertex -7.04741 -7.71599 26.9
      vertex -7.99855 -8.40703 26.9
      vertex -7.98163 -8.51834 26.5
    endloop
  endfacet
  facet normal -0.285447 -0.878526 0.38303
    outer loop
      vertex -7.04741 -7.71599 26.9
      vertex -7.09572 -7.87469 26.5
      vertex 1.16613 -10.3847 26.9
    endloop
  endfacet
  facet normal -0.922664 -0.299779 0.242534
    outer loop
      vertex 1.16613 -10.3847 26.9
      vertex 1.11193 -10.5415 26.5
      vertex 1.52944 -11.5029 26.9
    endloop
  endfacet
  facet normal -0.438472 -0.860598 0.259064
    outer loop
      vertex 1.52944 -11.5029 26.9
      vertex 1.45032 -11.583 26.5
      vertex 1.90746 -11.6955 26.9
    endloop
  endfacet
  facet normal 0.288939 -0.88923 0.354661
    outer loop
      vertex 5.33126 -10.583 26.9
      vertex 1.90746 -11.6955 26.9
      vertex 1.95435 -11.8398 26.5
    endloop
  endfacet
  facet normal 0.860577 -0.438507 0.259073
    outer loop
      vertex 5.52387 -10.205 26.9
      vertex 5.33126 -10.583 26.9
      vertex 5.37815 -10.7273 26.5
    endloop
  endfacet
  facet normal 0.922658 0.299785 0.242553
    outer loop
      vertex 5.63497 -10.2233 26.5
      vertex 5.16057 -9.08686 26.9
      vertex 5.52387 -10.205 26.9
    endloop
  endfacet
  facet normal 0.747318 -0.542956 0.383032
    outer loop
      vertex 10.2368 -2.1 26.9
      vertex 5.16057 -9.08686 26.9
      vertex 5.29658 -9.18184 26.5
    endloop
  endfacet
  facet normal -0 -0.995893 -0.0905357
    outer loop
      vertex 11.4125 -2.1 26.9
      vertex 11.2367 -2.2 28
      vertex 10.2368 -2.1 26.9
    endloop
  endfacet
  facet normal 0 -0.995893 -0.0905357
    outer loop
      vertex 11.2367 -2.2 28
      vertex 11.4125 -2.1 26.9
      vertex 13.1812 -2.2 28
    endloop
  endfacet
  facet normal 0.452401 -0.452401 -0.768548
    outer loop
      vertex 13.1812 -2.2 28
      vertex 11.7125 -1.8 26.9
      vertex 13.5812 -1.8 28
    endloop
  endfacet
  facet normal 0.452401 -0.452401 -0.768548
    outer loop
      vertex 11.7125 -1.8 26.9
      vertex 13.1812 -2.2 28
      vertex 11.4125 -2.1 26.9
    endloop
  endfacet
  facet normal 0.507282 0 -0.86178
    outer loop
      vertex 11.7125 -1.8 26.9
      vertex 13.5812 1.8 28
      vertex 13.5812 -1.8 28
    endloop
  endfacet
  facet normal 0.507282 0 -0.86178
    outer loop
      vertex 13.5812 1.8 28
      vertex 11.7125 -1.8 26.9
      vertex 11.7125 1.8 26.9
    endloop
  endfacet
  facet normal 0.635181 0.461488 -0.619333
    outer loop
      vertex 10.2368 2.1 26.9
      vertex 5.56464 10.0069 28
      vertex 11.2367 2.2 28
    endloop
  endfacet
  facet normal 0.947151 -0.30775 -0.0905211
    outer loop
      vertex 5.56464 10.0069 28
      vertex 5.16057 9.08686 26.9
      vertex 6.16555 11.8563 28
    endloop
  endfacet
  facet normal 0.57003 0.290466 -0.768567
    outer loop
      vertex 6.16555 11.8563 28
      vertex 5.52387 10.205 26.9
      vertex 5.90873 12.3603 28
    endloop
  endfacet
  facet normal 0.15676 0.482441 -0.861787
    outer loop
      vertex 5.33126 10.583 26.9
      vertex 2.48493 13.4728 28
      vertex 5.90873 12.3603 28
    endloop
  endfacet
  facet normal -0.290551 0.570053 -0.768518
    outer loop
      vertex 2.48493 13.4728 28
      vertex 1.90746 11.6955 26.9
      vertex 1.9809 13.2159 28
    endloop
  endfacet
  facet normal -0.947151 0.30775 -0.0905224
    outer loop
      vertex 1.52944 11.5029 26.9
      vertex 1.37999 11.3665 28
      vertex 1.9809 13.2159 28
    endloop
  endfacet
  facet normal -0.242621 0.746719 -0.619311
    outer loop
      vertex 1.16613 10.3847 26.9
      vertex -7.79752 8.38458 28
      vertex 1.37999 11.3665 28
    endloop
  endfacet
  facet normal 0.585369 0.805696 -0.0905356
    outer loop
      vertex -7.04741 7.71599 26.9
      vertex -9.37072 9.52757 28
      vertex -7.79752 8.38458 28
    endloop
  endfacet
  facet normal -0.100082 0.631909 -0.768553
    outer loop
      vertex -7.99855 8.40703 26.9
      vertex -9.92944 9.43908 28
      vertex -9.37072 9.52757 28
    endloop
  endfacet
  facet normal -0.631895 -0.100091 -0.768564
    outer loop
      vertex -11.957 5.9679 28
      vertex -12.0455 6.52662 28
      vertex -10.5336 5.4282 26.9
    endloop
  endfacet
  facet normal -0.58537 -0.805691 -0.0905788
    outer loop
      vertex -10.3838 4.8249 28
      vertex -11.957 5.9679 28
      vertex -10.4672 5.00916 26.9
    endloop
  endfacet
  facet normal -0.585371 0.805692 -0.0905565
    outer loop
      vertex -9.51611 -4.31812 26.9
      vertex -11.957 -5.9679 28
      vertex -10.3838 -4.8249 28
    endloop
  endfacet
  facet normal -0.631888 0.10009 -0.76857
    outer loop
      vertex -10.4672 -5.00916 26.9
      vertex -12.0455 -6.52662 28
      vertex -11.957 -5.9679 28
    endloop
  endfacet
  facet normal -0.410393 -0.298166 -0.861786
    outer loop
      vertex -9.92944 -9.43908 28
      vertex -10.5336 -5.4282 26.9
      vertex -8.41759 -8.34066 26.9
    endloop
  endfacet
  facet normal -0.410383 -0.298166 -0.86179
    outer loop
      vertex -10.5336 -5.4282 26.9
      vertex -9.92944 -9.43908 28
      vertex -12.0455 -6.52662 28
    endloop
  endfacet
  facet normal -0.100082 -0.631909 -0.768554
    outer loop
      vertex -9.37072 -9.52757 28
      vertex -9.92944 -9.43908 28
      vertex -8.41759 -8.34066 26.9
    endloop
  endfacet
  facet normal 0.585369 -0.805696 -0.0905353
    outer loop
      vertex -7.79752 -8.38458 28
      vertex -9.37072 -9.52757 28
      vertex -7.99855 -8.40703 26.9
    endloop
  endfacet
  facet normal -0.242621 -0.746719 -0.61931
    outer loop
      vertex 1.37999 -11.3665 28
      vertex -7.79752 -8.38458 28
      vertex -7.04741 -7.71599 26.9
    endloop
  endfacet
  facet normal -0.94715 -0.30775 -0.0905372
    outer loop
      vertex 1.37999 -11.3665 28
      vertex 1.16613 -10.3847 26.9
      vertex 1.9809 -13.2159 28
    endloop
  endfacet
  facet normal -0.29056 -0.570069 -0.768502
    outer loop
      vertex 1.9809 -13.2159 28
      vertex 1.52944 -11.5029 26.9
      vertex 2.48493 -13.4728 28
    endloop
  endfacet
  facet normal 0.15676 -0.482441 -0.861787
    outer loop
      vertex 2.48493 -13.4728 28
      vertex 1.90746 -11.6955 26.9
      vertex 5.90873 -12.3603 28
    endloop
  endfacet
  facet normal 0.570031 -0.290467 -0.768566
    outer loop
      vertex 5.90873 -12.3603 28
      vertex 5.33126 -10.583 26.9
      vertex 6.16555 -11.8563 28
    endloop
  endfacet
  facet normal 0.947151 0.30775 -0.0905278
    outer loop
      vertex 6.16555 -11.8563 28
      vertex 5.52387 -10.205 26.9
      vertex 5.56464 -10.0069 28
    endloop
  endfacet
  facet normal 0.635189 -0.461493 -0.619321
    outer loop
      vertex 5.56464 -10.0069 28
      vertex 5.16057 -9.08686 26.9
      vertex 11.2367 -2.2 28
    endloop
  endfacet
  facet normal 0 -1 0
    outer loop
      vertex 11.2367 -2.2 28
      vertex 13.1812 -2.2 28.6
      vertex 11.2367 -2.2 28.6
    endloop
  endfacet
  facet normal 0 -1 -0
    outer loop
      vertex 13.1812 -2.2 28.6
      vertex 11.2367 -2.2 28
      vertex 13.1812 -2.2 28
    endloop
  endfacet
  facet normal 0.707107 -0.707107 0
    outer loop
      vertex 13.1812 -2.2 28.6
      vertex 13.5812 -1.8 28
      vertex 13.5812 -1.8 28.6
    endloop
  endfacet
  facet normal 0.707107 -0.707107 0
    outer loop
      vertex 13.5812 -1.8 28
      vertex 13.1812 -2.2 28.6
      vertex 13.1812 -2.2 28
    endloop
  endfacet
  facet normal 1 -0 0
    outer loop
      vertex 13.5812 -1.8 28.6
      vertex 13.5812 1.8 28
      vertex 13.5812 1.8 28.6
    endloop
  endfacet
  facet normal 1 0 0
    outer loop
      vertex 13.5812 1.8 28
      vertex 13.5812 -1.8 28.6
      vertex 13.5812 -1.8 28
    endloop
  endfacet
  facet normal 0.951056 -0.309019 0
    outer loop
      vertex 5.56464 10.0069 28.6
      vertex 6.16555 11.8563 28
      vertex 6.16555 11.8563 28.6
    endloop
  endfacet
  facet normal 0.951056 -0.309019 0
    outer loop
      vertex 6.16555 11.8563 28
      vertex 5.56464 10.0069 28.6
      vertex 5.56464 10.0069 28
    endloop
  endfacet
  facet normal -0.987686 -0.156447 0
    outer loop
      vertex -11.957 5.9679 28
      vertex -12.0455 6.52662 28.6
      vertex -12.0455 6.52662 28
    endloop
  endfacet
  facet normal -0.987686 -0.156447 0
    outer loop
      vertex -12.0455 6.52662 28.6
      vertex -11.957 5.9679 28
      vertex -11.957 5.9679 28.6
    endloop
  endfacet
  facet normal -0.587786 -0.809016 0
    outer loop
      vertex -11.957 5.9679 28
      vertex -10.3838 4.8249 28.6
      vertex -11.957 5.9679 28.6
    endloop
  endfacet
  facet normal -0.587786 -0.809016 -0
    outer loop
      vertex -10.3838 4.8249 28.6
      vertex -11.957 5.9679 28
      vertex -10.3838 4.8249 28
    endloop
  endfacet
  facet normal -0.809013 -0.587791 0
    outer loop
      vertex -9.92944 -9.43908 28
      vertex -12.0455 -6.52662 28.6
      vertex -12.0455 -6.52662 28
    endloop
  endfacet
  facet normal -0.809013 -0.587791 0
    outer loop
      vertex -12.0455 -6.52662 28.6
      vertex -9.92944 -9.43908 28
      vertex -9.92944 -9.43908 28.6
    endloop
  endfacet
  facet normal -0.15643 -0.987689 0
    outer loop
      vertex -9.92944 -9.43908 28
      vertex -9.37072 -9.52757 28.6
      vertex -9.92944 -9.43908 28.6
    endloop
  endfacet
  facet normal -0.15643 -0.987689 -0
    outer loop
      vertex -9.37072 -9.52757 28.6
      vertex -9.92944 -9.43908 28
      vertex -9.37072 -9.52757 28
    endloop
  endfacet
  facet normal 0.587783 -0.809019 0
    outer loop
      vertex -9.37072 -9.52757 28
      vertex -7.79752 -8.38458 28.6
      vertex -9.37072 -9.52757 28.6
    endloop
  endfacet
  facet normal 0.587783 -0.809019 0
    outer loop
      vertex -7.79752 -8.38458 28.6
      vertex -9.37072 -9.52757 28
      vertex -7.79752 -8.38458 28
    endloop
  endfacet
  facet normal -0.309014 -0.951058 0
    outer loop
      vertex -7.79752 -8.38458 28
      vertex 1.37999 -11.3665 28.6
      vertex -7.79752 -8.38458 28.6
    endloop
  endfacet
  facet normal -0.309014 -0.951058 -0
    outer loop
      vertex 1.37999 -11.3665 28.6
      vertex -7.79752 -8.38458 28
      vertex 1.37999 -11.3665 28
    endloop
  endfacet
  facet normal -0.951056 -0.309019 0
    outer loop
      vertex 1.9809 -13.2159 28
      vertex 1.37999 -11.3665 28.6
      vertex 1.37999 -11.3665 28
    endloop
  endfacet
  facet normal -0.951056 -0.309019 0
    outer loop
      vertex 1.37999 -11.3665 28.6
      vertex 1.9809 -13.2159 28
      vertex 1.9809 -13.2159 28.6
    endloop
  endfacet
  facet normal -0.454108 -0.890947 0
    outer loop
      vertex 1.9809 -13.2159 28
      vertex 2.48493 -13.4728 28.6
      vertex 1.9809 -13.2159 28.6
    endloop
  endfacet
  facet normal -0.454108 -0.890947 -0
    outer loop
      vertex 2.48493 -13.4728 28.6
      vertex 1.9809 -13.2159 28
      vertex 2.48493 -13.4728 28
    endloop
  endfacet
  facet normal 0.309027 -0.951053 0
    outer loop
      vertex 2.48493 -13.4728 28
      vertex 5.90873 -12.3603 28.6
      vertex 2.48493 -13.4728 28.6
    endloop
  endfacet
  facet normal 0.309027 -0.951053 0
    outer loop
      vertex 5.90873 -12.3603 28.6
      vertex 2.48493 -13.4728 28
      vertex 5.90873 -12.3603 28
    endloop
  endfacet
  facet normal 0.890993 -0.454017 0
    outer loop
      vertex 5.90873 -12.3603 28.6
      vertex 6.16555 -11.8563 28
      vertex 6.16555 -11.8563 28.6
    endloop
  endfacet
  facet normal 0.890993 -0.454017 0
    outer loop
      vertex 6.16555 -11.8563 28
      vertex 5.90873 -12.3603 28.6
      vertex 5.90873 -12.3603 28
    endloop
  endfacet
  facet normal 0.809016 -0.587786 0
    outer loop
      vertex 5.56464 -10.0069 28.6
      vertex 11.2367 -2.2 28
      vertex 11.2367 -2.2 28.6
    endloop
  endfacet
  facet normal 0.809016 -0.587786 0
    outer loop
      vertex 11.2367 -2.2 28
      vertex 5.56464 -10.0069 28.6
      vertex 5.56464 -10.0069 28
    endloop
  endfacet
  facet normal 0 -0.986394 0.164399
    outer loop
      vertex 11.2367 -2.2 28.6
      vertex 12.6257 -2.15 28.9
      vertex 11.2463 -2.15 28.9
    endloop
  endfacet
  facet normal 0 -0.986394 0.164399
    outer loop
      vertex 12.6257 -2.15 28.9
      vertex 11.2367 -2.2 28.6
      vertex 13.1812 -2.2 28.6
    endloop
  endfacet
  facet normal 0.405765 -0.405765 0.818969
    outer loop
      vertex 12.9757 -1.8 28.9
      vertex 13.1812 -2.2 28.6
      vertex 13.5812 -1.8 28.6
    endloop
  endfacet
  facet normal 0.405765 -0.405765 0.818969
    outer loop
      vertex 13.1812 -2.2 28.6
      vertex 12.9757 -1.8 28.9
      vertex 12.6257 -2.15 28.9
    endloop
  endfacet
  facet normal 0.443955 0 0.896049
    outer loop
      vertex 12.9757 1.8 28.9
      vertex 13.5812 -1.8 28.6
      vertex 13.5812 1.8 28.6
    endloop
  endfacet
  facet normal 0.443955 0 0.896049
    outer loop
      vertex 13.5812 -1.8 28.6
      vertex 12.9757 1.8 28.9
      vertex 12.9757 -1.8 28.9
    endloop
  endfacet
  facet normal 0.806925 0.586263 0.0718889
    outer loop
      vertex 11.2367 2.2 28.6
      vertex 5.52008 10.0315 28.9
      vertex 11.2463 2.15 28.9
    endloop
  endfacet
  facet normal 0.938127 -0.304814 0.164338
    outer loop
      vertex 5.94634 11.3434 28.9
      vertex 5.52008 10.0315 28.9
      vertex 5.56464 10.0069 28.6
    endloop
  endfacet
  facet normal 0.511272 0.260517 0.818983
    outer loop
      vertex 6.16555 11.8563 28.6
      vertex 5.72163 11.7844 28.9
      vertex 5.94634 11.3434 28.9
    endloop
  endfacet
  facet normal -0.260491 0.511267 0.818994
    outer loop
      vertex 2.48493 13.4728 28.6
      vertex 1.8568 12.6722 28.9
      vertex 2.29782 12.8969 28.9
    endloop
  endfacet
  facet normal -0.938124 0.304813 0.164353
    outer loop
      vertex 1.9809 13.2159 28.6
      vertex 1.43054 11.3603 28.9
      vertex 1.8568 12.6722 28.9
    endloop
  endfacet
  facet normal -0.308227 0.948619 0.071541
    outer loop
      vertex 1.37999 11.3665 28.6
      vertex -7.83474 8.34981 28.9
      vertex 1.43054 11.3603 28.9
    endloop
  endfacet
  facet normal 0.579789 0.798004 0.164421
    outer loop
      vertex -7.79752 8.38458 28.6
      vertex -8.9507 9.16061 28.9
      vertex -7.83474 8.34981 28.9
    endloop
  endfacet
  facet normal -0.0897662 0.56678 0.818964
    outer loop
      vertex -9.37072 9.52757 28.6
      vertex -9.43959 9.08318 28.9
      vertex -8.9507 9.16061 28.9
    endloop
  endfacet
  facet normal -0.566719 -0.0897236 0.819011
    outer loop
      vertex -11.5556 6.17072 28.9
      vertex -12.0455 6.52662 28.6
      vertex -11.4782 5.68184 28.9
    endloop
  endfacet
  facet normal -0.579779 -0.798018 0.16439
    outer loop
      vertex -11.4782 5.68184 28.9
      vertex -11.957 5.9679 28.6
      vertex -10.3622 4.87104 28.9
    endloop
  endfacet
  facet normal -0.57977 0.798006 0.164477
    outer loop
      vertex -10.3838 -4.8249 28.6
      vertex -11.4782 -5.68184 28.9
      vertex -10.3622 -4.87104 28.9
    endloop
  endfacet
  facet normal -0.566757 0.0897296 0.818984
    outer loop
      vertex -11.4782 -5.68184 28.9
      vertex -11.957 -5.9679 28.6
      vertex -11.5556 -6.17072 28.9
    endloop
  endfacet
  facet normal -0.359173 -0.260952 0.896046
    outer loop
      vertex -11.5556 -6.17072 28.9
      vertex -9.92944 -9.43908 28.6
      vertex -9.43959 -9.08318 28.9
    endloop
  endfacet
  facet normal -0.359151 -0.260942 0.896058
    outer loop
      vertex -9.92944 -9.43908 28.6
      vertex -11.5556 -6.17072 28.9
      vertex -12.0455 -6.52662 28.6
    endloop
  endfacet
  facet normal -0.0897662 -0.566781 0.818964
    outer loop
      vertex -9.43959 -9.08318 28.9
      vertex -9.92944 -9.43908 28.6
      vertex -8.9507 -9.16061 28.9
    endloop
  endfacet
  facet normal 0.579794 -0.79801 0.164376
    outer loop
      vertex -8.9507 -9.16061 28.9
      vertex -9.37072 -9.52757 28.6
      vertex -7.83474 -8.34981 28.9
    endloop
  endfacet
  facet normal -0.308223 -0.948608 0.0717034
    outer loop
      vertex 1.43054 -11.3603 28.9
      vertex -7.83474 -8.34981 28.9
      vertex -7.79752 -8.38458 28.6
    endloop
  endfacet
  facet normal -0.938121 -0.304812 0.164373
    outer loop
      vertex 1.43054 -11.3603 28.9
      vertex 1.37999 -11.3665 28.6
      vertex 1.8568 -12.6722 28.9
    endloop
  endfacet
  facet normal -0.260526 -0.511336 0.81894
    outer loop
      vertex 2.29782 -12.8969 28.9
      vertex 1.8568 -12.6722 28.9
      vertex 1.9809 -13.2159 28.6
    endloop
  endfacet
  facet normal 0.137189 -0.422208 0.896058
    outer loop
      vertex 5.72163 -11.7844 28.9
      vertex 2.48493 -13.4728 28.6
      vertex 5.90873 -12.3603 28.6
    endloop
  endfacet
  facet normal 0.137188 -0.422206 0.896059
    outer loop
      vertex 2.48493 -13.4728 28.6
      vertex 5.72163 -11.7844 28.9
      vertex 2.29782 -12.8969 28.9
    endloop
  endfacet
  facet normal 0.511278 -0.26052 0.818978
    outer loop
      vertex 5.94634 -11.3434 28.9
      vertex 5.72163 -11.7844 28.9
      vertex 5.90873 -12.3603 28.6
    endloop
  endfacet
  facet normal 0.938123 0.304813 0.164358
    outer loop
      vertex 6.16555 -11.8563 28.6
      vertex 5.52008 -10.0315 28.9
      vertex 5.94634 -11.3434 28.9
    endloop
  endfacet
  facet normal 0.806931 -0.586267 0.0717823
    outer loop
      vertex 11.2463 -2.15 28.9
      vertex 5.52008 -10.0315 28.9
      vertex 5.56464 -10.0069 28.6
    endloop
  endfacet
  facet normal 0 -1 0
    outer loop
      vertex 11.2463 -2.15 28.9
      vertex 12.6257 -2.15 29.4
      vertex 11.2463 -2.15 29.4
    endloop
  endfacet
  facet normal 0 -1 -0
    outer loop
      vertex 12.6257 -2.15 29.4
      vertex 11.2463 -2.15 28.9
      vertex 12.6257 -2.15 28.9
    endloop
  endfacet
  facet normal 0.707107 -0.707107 0
    outer loop
      vertex 12.6257 -2.15 29.4
      vertex 12.9757 -1.8 28.9
      vertex 12.9757 -1.8 29.4
    endloop
  endfacet
  facet normal 0.707107 -0.707107 0
    outer loop
      vertex 12.9757 -1.8 28.9
      vertex 12.6257 -2.15 29.4
      vertex 12.6257 -2.15 28.9
    endloop
  endfacet
  facet normal 1 -0 0
    outer loop
      vertex 12.9757 -1.8 29.4
      vertex 12.9757 1.8 28.9
      vertex 12.9757 1.8 29.4
    endloop
  endfacet
  facet normal 1 0 0
    outer loop
      vertex 12.9757 1.8 28.9
      vertex 12.9757 -1.8 29.4
      vertex 12.9757 -1.8 28.9
    endloop
  endfacet
  facet normal 0.951057 -0.309016 0
    outer loop
      vertex 5.52008 10.0315 29.4
      vertex 5.94634 11.3434 28.9
      vertex 5.94634 11.3434 29.4
    endloop
  endfacet
  facet normal 0.951057 -0.309016 0
    outer loop
      vertex 5.94634 11.3434 28.9
      vertex 5.52008 10.0315 29.4
      vertex 5.52008 10.0315 28.9
    endloop
  endfacet
  facet normal -0.987698 -0.156373 0
    outer loop
      vertex -11.4782 5.68184 28.9
      vertex -11.5556 6.17072 29.4
      vertex -11.5556 6.17072 28.9
    endloop
  endfacet
  facet normal -0.987698 -0.156373 0
    outer loop
      vertex -11.5556 6.17072 29.4
      vertex -11.4782 5.68184 28.9
      vertex -11.4782 5.68184 29.4
    endloop
  endfacet
  facet normal -0.587775 -0.809024 0
    outer loop
      vertex -11.4782 5.68184 28.9
      vertex -10.3622 4.87104 29.4
      vertex -11.4782 5.68184 29.4
    endloop
  endfacet
  facet normal -0.587775 -0.809024 -0
    outer loop
      vertex -10.3622 4.87104 29.4
      vertex -11.4782 5.68184 28.9
      vertex -10.3622 4.87104 28.9
    endloop
  endfacet
  facet normal -0.809019 -0.587782 0
    outer loop
      vertex -9.43959 -9.08318 28.9
      vertex -11.5556 -6.17072 29.4
      vertex -11.5556 -6.17072 28.9
    endloop
  endfacet
  facet normal -0.809019 -0.587782 0
    outer loop
      vertex -11.5556 -6.17072 29.4
      vertex -9.43959 -9.08318 28.9
      vertex -9.43959 -9.08318 29.4
    endloop
  endfacet
  facet normal -0.156429 -0.987689 0
    outer loop
      vertex -9.43959 -9.08318 28.9
      vertex -8.9507 -9.16061 29.4
      vertex -9.43959 -9.08318 29.4
    endloop
  endfacet
  facet normal -0.156429 -0.987689 -0
    outer loop
      vertex -8.9507 -9.16061 29.4
      vertex -9.43959 -9.08318 28.9
      vertex -8.9507 -9.16061 28.9
    endloop
  endfacet
  facet normal 0.587789 -0.809014 0
    outer loop
      vertex -8.9507 -9.16061 28.9
      vertex -7.83474 -8.34981 29.4
      vertex -8.9507 -9.16061 29.4
    endloop
  endfacet
  facet normal 0.587789 -0.809014 0
    outer loop
      vertex -7.83474 -8.34981 29.4
      vertex -8.9507 -9.16061 28.9
      vertex -7.83474 -8.34981 28.9
    endloop
  endfacet
  facet normal -0.309019 -0.951056 0
    outer loop
      vertex -7.83474 -8.34981 28.9
      vertex 1.43054 -11.3603 29.4
      vertex -7.83474 -8.34981 29.4
    endloop
  endfacet
  facet normal -0.309019 -0.951056 -0
    outer loop
      vertex 1.43054 -11.3603 29.4
      vertex -7.83474 -8.34981 28.9
      vertex 1.43054 -11.3603 28.9
    endloop
  endfacet
  facet normal -0.951057 -0.309016 0
    outer loop
      vertex 1.8568 -12.6722 28.9
      vertex 1.43054 -11.3603 29.4
      vertex 1.43054 -11.3603 28.9
    endloop
  endfacet
  facet normal -0.951057 -0.309016 0
    outer loop
      vertex 1.43054 -11.3603 29.4
      vertex 1.8568 -12.6722 28.9
      vertex 1.8568 -12.6722 29.4
    endloop
  endfacet
  facet normal -0.453973 -0.891015 0
    outer loop
      vertex 1.8568 -12.6722 28.9
      vertex 2.29782 -12.8969 29.4
      vertex 1.8568 -12.6722 29.4
    endloop
  endfacet
  facet normal -0.453973 -0.891015 -0
    outer loop
      vertex 2.29782 -12.8969 29.4
      vertex 1.8568 -12.6722 28.9
      vertex 2.29782 -12.8969 28.9
    endloop
  endfacet
  facet normal 0.309026 -0.951054 0
    outer loop
      vertex 2.29782 -12.8969 28.9
      vertex 5.72163 -11.7844 29.4
      vertex 2.29782 -12.8969 29.4
    endloop
  endfacet
  facet normal 0.309026 -0.951054 0
    outer loop
      vertex 5.72163 -11.7844 29.4
      vertex 2.29782 -12.8969 28.9
      vertex 5.72163 -11.7844 28.9
    endloop
  endfacet
  facet normal 0.890999 -0.454005 0
    outer loop
      vertex 5.72163 -11.7844 29.4
      vertex 5.94634 -11.3434 28.9
      vertex 5.94634 -11.3434 29.4
    endloop
  endfacet
  facet normal 0.890999 -0.454005 0
    outer loop
      vertex 5.94634 -11.3434 28.9
      vertex 5.72163 -11.7844 29.4
      vertex 5.72163 -11.7844 28.9
    endloop
  endfacet
  facet normal 0.809018 -0.587784 0
    outer loop
      vertex 5.52008 -10.0315 29.4
      vertex 11.2463 -2.15 28.9
      vertex 11.2463 -2.15 29.4
    endloop
  endfacet
  facet normal 0.809018 -0.587784 0
    outer loop
      vertex 11.2463 -2.15 28.9
      vertex 5.52008 -10.0315 29.4
      vertex 5.52008 -10.0315 28.9
    endloop
  endfacet
  facet normal -0 -0.989949 -0.141421
    outer loop
      vertex 12.6257 -2.15 29.4
      vertex 11.2367 -2.2 29.75
      vertex 11.2463 -2.15 29.4
    endloop
  endfacet
  facet normal 0 -0.989949 -0.141421
    outer loop
      vertex 11.2367 -2.2 29.75
      vertex 12.6257 -2.15 29.4
      vertex 13.1812 -2.2 29.75
    endloop
  endfacet
  facet normal 0.447531 -0.447531 -0.774229
    outer loop
      vertex 13.1812 -2.2 29.75
      vertex 12.9757 -1.8 29.4
      vertex 13.5812 -1.8 29.75
    endloop
  endfacet
  facet normal 0.447531 -0.447531 -0.774229
    outer loop
      vertex 12.9757 -1.8 29.4
      vertex 13.1812 -2.2 29.75
      vertex 12.6257 -2.15 29.4
    endloop
  endfacet
  facet normal 0.500444 0 -0.865769
    outer loop
      vertex 12.9757 -1.8 29.4
      vertex 13.5812 1.8 29.75
      vertex 13.5812 -1.8 29.75
    endloop
  endfacet
  facet normal 0.500444 0 -0.865769
    outer loop
      vertex 13.5812 1.8 29.75
      vertex 12.9757 -1.8 29.4
      vertex 12.9757 1.8 29.4
    endloop
  endfacet
  facet normal 0.807477 0.586668 -0.0616617
    outer loop
      vertex 11.2463 2.15 29.4
      vertex 5.56464 10.0069 29.75
      vertex 11.2367 2.2 29.75
    endloop
  endfacet
  facet normal 0.941505 -0.305915 -0.141368
    outer loop
      vertex 5.56464 10.0069 29.75
      vertex 5.52008 10.0315 29.4
      vertex 6.16555 11.8563 29.75
    endloop
  endfacet
  facet normal 0.563893 0.287339 -0.774249
    outer loop
      vertex 5.94634 11.3434 29.4
      vertex 5.90873 12.3603 29.75
      vertex 6.16555 11.8563 29.75
    endloop
  endfacet
  facet normal -0.287418 0.563904 -0.774211
    outer loop
      vertex 2.29782 12.8969 29.4
      vertex 1.9809 13.2159 29.75
      vertex 2.48493 13.4728 29.75
    endloop
  endfacet
  facet normal -0.941502 0.305914 -0.141386
    outer loop
      vertex 1.8568 12.6722 29.4
      vertex 1.37999 11.3665 29.75
      vertex 1.9809 13.2159 29.75
    endloop
  endfacet
  facet normal -0.308432 0.949265 -0.0613619
    outer loop
      vertex 1.43054 11.3603 29.4
      vertex -7.79752 8.38458 29.75
      vertex 1.37999 11.3665 29.75
    endloop
  endfacet
  facet normal 0.581874 0.800885 -0.14144
    outer loop
      vertex -7.83474 8.34981 29.4
      vertex -9.37072 9.52757 29.75
      vertex -7.79752 8.38458 29.75
    endloop
  endfacet
  facet normal -0.0990064 0.62512 -0.774224
    outer loop
      vertex -8.9507 9.16061 29.4
      vertex -9.92944 9.43908 29.75
      vertex -9.37072 9.52757 29.75
    endloop
  endfacet
  facet normal -0.625081 -0.0990115 -0.774255
    outer loop
      vertex -11.957 5.9679 29.75
      vertex -12.0455 6.52662 29.75
      vertex -11.5556 6.17072 29.4
    endloop
  endfacet
  facet normal -0.581878 -0.800884 -0.141435
    outer loop
      vertex -10.3838 4.8249 29.75
      vertex -11.957 5.9679 29.75
      vertex -11.4782 5.68184 29.4
    endloop
  endfacet
  facet normal -0.581873 0.800877 -0.141488
    outer loop
      vertex -10.3622 -4.87104 29.4
      vertex -11.957 -5.9679 29.75
      vertex -10.3838 -4.8249 29.75
    endloop
  endfacet
  facet normal -0.625114 0.0990166 -0.774228
    outer loop
      vertex -11.4782 -5.68184 29.4
      vertex -12.0455 -6.52662 29.75
      vertex -11.957 -5.9679 29.75
    endloop
  endfacet
  facet normal -0.404874 -0.294156 -0.865765
    outer loop
      vertex -9.92944 -9.43908 29.75
      vertex -11.5556 -6.17072 29.4
      vertex -9.43959 -9.08318 29.4
    endloop
  endfacet
  facet normal -0.404851 -0.294146 -0.86578
    outer loop
      vertex -11.5556 -6.17072 29.4
      vertex -9.92944 -9.43908 29.75
      vertex -12.0455 -6.52662 29.75
    endloop
  endfacet
  facet normal -0.0990064 -0.62512 -0.774224
    outer loop
      vertex -9.37072 -9.52757 29.75
      vertex -9.92944 -9.43908 29.75
      vertex -9.43959 -9.08318 29.4
    endloop
  endfacet
  facet normal 0.581876 -0.800889 -0.141413
    outer loop
      vertex -7.79752 -8.38458 29.75
      vertex -9.37072 -9.52757 29.75
      vertex -8.9507 -9.16061 29.4
    endloop
  endfacet
  facet normal -0.308429 -0.949257 -0.0615027
    outer loop
      vertex -7.79752 -8.38458 29.75
      vertex -7.83474 -8.34981 29.4
      vertex 1.37999 -11.3665 29.75
    endloop
  endfacet
  facet normal -0.9415 -0.305914 -0.141399
    outer loop
      vertex 1.9809 -13.2159 29.75
      vertex 1.37999 -11.3665 29.75
      vertex 1.43054 -11.3603 29.4
    endloop
  endfacet
  facet normal -0.287448 -0.563964 -0.774157
    outer loop
      vertex 1.9809 -13.2159 29.75
      vertex 1.8568 -12.6722 29.4
      vertex 2.48493 -13.4728 29.75
    endloop
  endfacet
  facet normal 0.154645 -0.475931 -0.86578
    outer loop
      vertex 2.48493 -13.4728 29.75
      vertex 5.72163 -11.7844 29.4
      vertex 5.90873 -12.3603 29.75
    endloop
  endfacet
  facet normal 0.154644 -0.47593 -0.865781
    outer loop
      vertex 5.72163 -11.7844 29.4
      vertex 2.48493 -13.4728 29.75
      vertex 2.29782 -12.8969 29.4
    endloop
  endfacet
  facet normal 0.563898 -0.287342 -0.774244
    outer loop
      vertex 5.90873 -12.3603 29.75
      vertex 5.72163 -11.7844 29.4
      vertex 6.16555 -11.8563 29.75
    endloop
  endfacet
  facet normal 0.941503 0.305915 -0.141381
    outer loop
      vertex 5.94634 -11.3434 29.4
      vertex 5.56464 -10.0069 29.75
      vertex 6.16555 -11.8563 29.75
    endloop
  endfacet
  facet normal 0.807481 -0.586671 -0.0615693
    outer loop
      vertex 5.56464 -10.0069 29.75
      vertex 5.52008 -10.0315 29.4
      vertex 11.2367 -2.2 29.75
    endloop
  endfacet
  facet normal 0.707107 -0.707107 0
    outer loop
      vertex 13.1812 -2.2 30.6
      vertex 13.5812 -1.8 29.75
      vertex 13.5812 -1.8 30.6
    endloop
  endfacet
  facet normal 0.707107 -0.707107 0
    outer loop
      vertex 13.5812 -1.8 29.75
      vertex 13.1812 -2.2 30.6
      vertex 13.1812 -2.2 29.75
    endloop
  endfacet
  facet normal 1 -0 0
    outer loop
      vertex 13.5812 -1.8 30.6
      vertex 13.5812 1.8 29.75
      vertex 13.5812 1.8 30.6
    endloop
  endfacet
  facet normal 1 0 0
    outer loop
      vertex 13.5812 1.8 29.75
      vertex 13.5812 -1.8 30.6
      vertex 13.5812 -1.8 29.75
    endloop
  endfacet
  facet normal 0.951056 -0.309019 0
    outer loop
      vertex 5.56464 10.0069 30.6
      vertex 6.16555 11.8563 29.75
      vertex 6.16555 11.8563 30.6
    endloop
  endfacet
  facet normal 0.951056 -0.309019 0
    outer loop
      vertex 6.16555 11.8563 29.75
      vertex 5.56464 10.0069 30.6
      vertex 5.56464 10.0069 29.75
    endloop
  endfacet
  facet normal -0.987686 -0.156447 0
    outer loop
      vertex -11.957 5.9679 29.75
      vertex -12.0455 6.52662 30.6
      vertex -12.0455 6.52662 29.75
    endloop
  endfacet
  facet normal -0.987686 -0.156447 0
    outer loop
      vertex -12.0455 6.52662 30.6
      vertex -11.957 5.9679 29.75
      vertex -11.957 5.9679 30.6
    endloop
  endfacet
  facet normal -0.587786 -0.809016 0
    outer loop
      vertex -11.957 5.9679 29.75
      vertex -10.3838 4.8249 30.6
      vertex -11.957 5.9679 30.6
    endloop
  endfacet
  facet normal -0.587786 -0.809016 -0
    outer loop
      vertex -10.3838 4.8249 30.6
      vertex -11.957 5.9679 29.75
      vertex -10.3838 4.8249 29.75
    endloop
  endfacet
  facet normal -0.809013 -0.587791 0
    outer loop
      vertex -9.92944 -9.43908 29.75
      vertex -12.0455 -6.52662 30.6
      vertex -12.0455 -6.52662 29.75
    endloop
  endfacet
  facet normal -0.809013 -0.587791 0
    outer loop
      vertex -12.0455 -6.52662 30.6
      vertex -9.92944 -9.43908 29.75
      vertex -9.92944 -9.43908 30.6
    endloop
  endfacet
  facet normal -0.15643 -0.987689 0
    outer loop
      vertex -9.92944 -9.43908 29.75
      vertex -9.37072 -9.52757 30.6
      vertex -9.92944 -9.43908 30.6
    endloop
  endfacet
  facet normal -0.15643 -0.987689 -0
    outer loop
      vertex -9.37072 -9.52757 30.6
      vertex -9.92944 -9.43908 29.75
      vertex -9.37072 -9.52757 29.75
    endloop
  endfacet
  facet normal 0.587783 -0.809019 0
    outer loop
      vertex -9.37072 -9.52757 29.75
      vertex -7.79752 -8.38458 30.6
      vertex -9.37072 -9.52757 30.6
    endloop
  endfacet
  facet normal 0.587783 -0.809019 0
    outer loop
      vertex -7.79752 -8.38458 30.6
      vertex -9.37072 -9.52757 29.75
      vertex -7.79752 -8.38458 29.75
    endloop
  endfacet
  facet normal -0.309014 -0.951058 0
    outer loop
      vertex -7.79752 -8.38458 29.75
      vertex 1.37999 -11.3665 30.6
      vertex -7.79752 -8.38458 30.6
    endloop
  endfacet
  facet normal -0.309014 -0.951058 -0
    outer loop
      vertex 1.37999 -11.3665 30.6
      vertex -7.79752 -8.38458 29.75
      vertex 1.37999 -11.3665 29.75
    endloop
  endfacet
  facet normal -0.951056 -0.309019 0
    outer loop
      vertex 1.9809 -13.2159 29.75
      vertex 1.37999 -11.3665 30.6
      vertex 1.37999 -11.3665 29.75
    endloop
  endfacet
  facet normal -0.951056 -0.309019 0
    outer loop
      vertex 1.37999 -11.3665 30.6
      vertex 1.9809 -13.2159 29.75
      vertex 1.9809 -13.2159 30.6
    endloop
  endfacet
  facet normal -0.454108 -0.890947 0
    outer loop
      vertex 1.9809 -13.2159 29.75
      vertex 2.48493 -13.4728 30.6
      vertex 1.9809 -13.2159 30.6
    endloop
  endfacet
  facet normal -0.454108 -0.890947 -0
    outer loop
      vertex 2.48493 -13.4728 30.6
      vertex 1.9809 -13.2159 29.75
      vertex 2.48493 -13.4728 29.75
    endloop
  endfacet
  facet normal 0.309027 -0.951053 0
    outer loop
      vertex 2.48493 -13.4728 29.75
      vertex 5.90873 -12.3603 30.6
      vertex 2.48493 -13.4728 30.6
    endloop
  endfacet
  facet normal 0.309027 -0.951053 0
    outer loop
      vertex 5.90873 -12.3603 30.6
      vertex 2.48493 -13.4728 29.75
      vertex 5.90873 -12.3603 29.75
    endloop
  endfacet
  facet normal 0.890993 -0.454017 0
    outer loop
      vertex 5.90873 -12.3603 30.6
      vertex 6.16555 -11.8563 29.75
      vertex 6.16555 -11.8563 30.6
    endloop
  endfacet
  facet normal 0.890993 -0.454017 0
    outer loop
      vertex 6.16555 -11.8563 29.75
      vertex 5.90873 -12.3603 30.6
      vertex 5.90873 -12.3603 29.75
    endloop
  endfacet
  facet normal 0.809016 -0.587786 0
    outer loop
      vertex 5.56464 -10.0069 30.6
      vertex 11.2367 -2.2 29.75
      vertex 11.2367 -2.2 30.6
    endloop
  endfacet
  facet normal 0.809016 -0.587786 0
    outer loop
      vertex 11.2367 -2.2 29.75
      vertex 5.56464 -10.0069 30.6
      vertex 5.56464 -10.0069 29.75
    endloop
  endfacet
  facet normal 0.706673 -0.706673 0.0350246
    outer loop
      vertex 13.5744 -1.8 30.7372
      vertex 13.1744 -2.2 30.7372
      vertex 13.1812 -2.2 30.6
    endloop
  endfacet
  facet normal 0.998774 -0 0.0495019
    outer loop
      vertex 13.5744 -1.8 30.7372
      vertex 13.5812 1.8 30.6
      vertex 13.5744 1.8 30.7372
    endloop
  endfacet
  facet normal 0.998774 0 0.0495019
    outer loop
      vertex 13.5812 1.8 30.6
      vertex 13.5744 -1.8 30.7372
      vertex 13.5812 -1.8 30.6
    endloop
  endfacet
  facet normal 0.706673 0.706673 0.0350246
    outer loop
      vertex 13.5812 1.8 30.6
      vertex 13.1744 2.2 30.7372
      vertex 13.5744 1.8 30.7372
    endloop
  endfacet
  facet normal 0.808347 0.587301 0.040653
    outer loop
      vertex 11.2367 2.2 30.6
      vertex 5.56252 10.0003 30.7372
      vertex 11.2298 2.2 30.7372
    endloop
  endfacet
  facet normal 0.951058 -0.309013 -0.000169402
    outer loop
      vertex 6.16345 11.8498 30.7372
      vertex 5.56252 10.0003 30.7372
      vertex 5.56464 10.0069 30.6
    endloop
  endfacet
  facet normal 0.890443 0.453737 0.0351255
    outer loop
      vertex 6.16555 11.8563 30.6
      vertex 5.90663 12.3538 30.7372
      vertex 6.16345 11.8498 30.7372
    endloop
  endfacet
  facet normal -0.951058 0.309013 -0.000142416
    outer loop
      vertex 1.9809 13.2159 30.6
      vertex 1.37787 11.36 30.7372
      vertex 1.9788 13.2095 30.7372
    endloop
  endfacet
  facet normal -0.308767 0.950286 0.0402498
    outer loop
      vertex 1.37999 11.3665 30.6
      vertex -7.79196 8.38054 30.7372
      vertex 1.37787 11.36 30.7372
    endloop
  endfacet
  facet normal 0.587785 0.809017 2.50368e-06
    outer loop
      vertex -7.79752 8.38458 30.6
      vertex -9.36522 9.52358 30.7372
      vertex -7.79196 8.38054 30.7372
    endloop
  endfacet
  facet normal -0.156352 0.987082 0.0349737
    outer loop
      vertex -9.37072 9.52757 30.6
      vertex -9.92394 9.43508 30.7372
      vertex -9.36522 9.52358 30.7372
    endloop
  endfacet
  facet normal -0.80802 0.587071 0.0495073
    outer loop
      vertex -9.92944 9.43908 30.6
      vertex -12.04 6.52262 30.7372
      vertex -9.92394 9.43508 30.7372
    endloop
  endfacet
  facet normal -0.987081 -0.156351 0.0350112
    outer loop
      vertex -12.04 6.52262 30.7372
      vertex -12.0455 6.52662 30.6
      vertex -11.9515 5.9639 30.7372
    endloop
  endfacet
  facet normal -0.587772 -0.809027 -2.4493e-05
    outer loop
      vertex -11.9515 5.9639 30.7372
      vertex -11.957 5.9679 30.6
      vertex -10.3782 4.82087 30.7372
    endloop
  endfacet
  facet normal -0.587772 0.809027 0.000227011
    outer loop
      vertex -10.3838 -4.8249 30.6
      vertex -11.9515 -5.9639 30.7372
      vertex -10.3782 -4.82087 30.7372
    endloop
  endfacet
  facet normal -0.987081 0.156351 0.0350112
    outer loop
      vertex -11.957 -5.9679 30.6
      vertex -12.04 -6.52262 30.7372
      vertex -11.9515 -5.9639 30.7372
    endloop
  endfacet
  facet normal -0.80802 -0.587071 0.0495073
    outer loop
      vertex -12.04 -6.52262 30.7372
      vertex -12.0455 -6.52662 30.6
      vertex -9.92394 -9.43508 30.7372
    endloop
  endfacet
  facet normal -0.156351 -0.98708 0.0350456
    outer loop
      vertex -9.92394 -9.43508 30.7372
      vertex -9.92944 -9.43908 30.6
      vertex -9.36522 -9.52358 30.7372
    endloop
  endfacet
  facet normal 0.587785 -0.809017 -3.52787e-05
    outer loop
      vertex -9.36522 -9.52358 30.7372
      vertex -9.37072 -9.52757 30.6
      vertex -7.79196 -8.38054 30.7372
    endloop
  endfacet
  facet normal -0.308764 -0.950276 0.0404945
    outer loop
      vertex -7.79196 -8.38054 30.7372
      vertex -7.79752 -8.38458 30.6
      vertex 1.37787 -11.36 30.7372
    endloop
  endfacet
  facet normal -0.951058 -0.309013 -5.58263e-05
    outer loop
      vertex 1.9788 -13.2095 30.7372
      vertex 1.37787 -11.36 30.7372
      vertex 1.37999 -11.3665 30.6
    endloop
  endfacet
  facet normal -0.453696 -0.890485 0.0345943
    outer loop
      vertex 1.9809 -13.2159 30.6
      vertex 2.48283 -13.4663 30.7372
      vertex 1.9788 -13.2095 30.7372
    endloop
  endfacet
  facet normal -0.453826 -0.890393 0.035237
    outer loop
      vertex 2.48283 -13.4663 30.7372
      vertex 1.9809 -13.2159 30.6
      vertex 2.48493 -13.4728 30.6
    endloop
  endfacet
  facet normal 0.308645 -0.949877 0.0497256
    outer loop
      vertex 2.48493 -13.4728 30.6
      vertex 5.90663 -12.3538 30.7372
      vertex 2.48283 -13.4663 30.7372
    endloop
  endfacet
  facet normal 0.308645 -0.949877 0.0497256
    outer loop
      vertex 5.90663 -12.3538 30.7372
      vertex 2.48493 -13.4728 30.6
      vertex 5.90873 -12.3603 30.6
    endloop
  endfacet
  facet normal 0.890443 -0.453737 0.0351255
    outer loop
      vertex 6.16345 -11.8498 30.7372
      vertex 5.90663 -12.3538 30.7372
      vertex 5.90873 -12.3603 30.6
    endloop
  endfacet
  facet normal 0.951058 0.309013 -8.28119e-05
    outer loop
      vertex 6.16555 -11.8563 30.6
      vertex 5.56252 -10.0003 30.7372
      vertex 6.16345 -11.8498 30.7372
    endloop
  endfacet
  facet normal 0.808344 -0.587299 0.0407424
    outer loop
      vertex 11.2298 -2.2 30.7372
      vertex 5.56252 -10.0003 30.7372
      vertex 5.56464 -10.0069 30.6
    endloop
  endfacet
  facet normal 0.703195 -0.703195 0.105039
    outer loop
      vertex 13.1541 -2.2 30.8731
      vertex 13.5744 -1.8 30.7372
      vertex 13.5541 -1.8 30.8731
    endloop
  endfacet
  facet normal 0.703195 -0.703195 0.105039
    outer loop
      vertex 13.5744 -1.8 30.7372
      vertex 13.1541 -2.2 30.8731
      vertex 13.1744 -2.2 30.7372
    endloop
  endfacet
  facet normal 0.989027 -0 0.147735
    outer loop
      vertex 13.5541 -1.8 30.8731
      vertex 13.5744 1.8 30.7372
      vertex 13.5541 1.8 30.8731
    endloop
  endfacet
  facet normal 0.989027 0 0.147735
    outer loop
      vertex 13.5744 1.8 30.7372
      vertex 13.5541 -1.8 30.8731
      vertex 13.5744 -1.8 30.7372
    endloop
  endfacet
  facet normal 0.803004 0.583412 0.121721
    outer loop
      vertex 11.2298 2.2 30.7372
      vertex 5.55617 9.98079 30.8731
      vertex 11.2092 2.2 30.8731
    endloop
  endfacet
  facet normal 0.951059 -0.309009 7.69684e-05
    outer loop
      vertex 6.15716 11.8305 30.8731
      vertex 5.55617 9.98079 30.8731
      vertex 5.56252 10.0003 30.7372
    endloop
  endfacet
  facet normal -0.951052 0.30903 0.000166146
    outer loop
      vertex 1.9788 13.2095 30.7372
      vertex 1.37152 11.3405 30.8731
      vertex 1.97252 13.1901 30.8731
    endloop
  endfacet
  facet normal -0.306745 0.944053 0.121127
    outer loop
      vertex 1.37787 11.36 30.7372
      vertex -7.77534 8.36847 30.8731
      vertex 1.37152 11.3405 30.8731
    endloop
  endfacet
  facet normal 0.587783 0.809019 -3.01682e-05
    outer loop
      vertex -7.79196 8.38054 30.7372
      vertex -9.34876 9.51162 30.8731
      vertex -7.77534 8.36847 30.8731
    endloop
  endfacet
  facet normal -0.155561 0.9822 0.105281
    outer loop
      vertex -9.36522 9.52358 30.7372
      vertex -9.90748 9.42313 30.8731
      vertex -9.34876 9.51162 30.8731
    endloop
  endfacet
  facet normal -0.800106 0.581309 0.148023
    outer loop
      vertex -9.92394 9.43508 30.7372
      vertex -12.0235 6.51067 30.8731
      vertex -9.90748 9.42313 30.8731
    endloop
  endfacet
  facet normal -0.982167 -0.155573 0.105568
    outer loop
      vertex -11.9515 5.9639 30.7372
      vertex -12.0235 6.51067 30.8731
      vertex -12.04 6.52262 30.7372
    endloop
  endfacet
  facet normal -0.982167 -0.155573 0.105568
    outer loop
      vertex -12.0235 6.51067 30.8731
      vertex -11.9515 5.9639 30.7372
      vertex -11.935 5.95195 30.8731
    endloop
  endfacet
  facet normal -0.587791 -0.809013 0.000227049
    outer loop
      vertex -11.935 5.95195 30.8731
      vertex -11.9515 5.9639 30.7372
      vertex -10.3616 4.80879 30.8731
    endloop
  endfacet
  facet normal -0.587791 0.809013 -0.000114323
    outer loop
      vertex -10.3782 -4.82087 30.7372
      vertex -11.935 -5.95195 30.8731
      vertex -10.3616 -4.80879 30.8731
    endloop
  endfacet
  facet normal -0.800078 -0.581289 0.148254
    outer loop
      vertex -12.0235 -6.51067 30.8731
      vertex -12.04 -6.52262 30.7372
      vertex -9.90748 -9.42313 30.8731
    endloop
  endfacet
  facet normal -0.155562 -0.982207 0.105209
    outer loop
      vertex -9.90748 -9.42313 30.8731
      vertex -9.92394 -9.43508 30.7372
      vertex -9.34876 -9.51162 30.8731
    endloop
  endfacet
  facet normal 0.587783 -0.809019 7.01538e-06
    outer loop
      vertex -9.34876 -9.51162 30.8731
      vertex -9.36522 -9.52358 30.7372
      vertex -7.77534 -8.36847 30.8731
    endloop
  endfacet
  facet normal -0.306736 -0.944026 0.121357
    outer loop
      vertex -7.77534 -8.36847 30.8731
      vertex -7.79196 -8.38054 30.7372
      vertex 1.37152 -11.3405 30.8731
    endloop
  endfacet
  facet normal -0.951052 -0.30903 -9.63309e-05
    outer loop
      vertex 1.97252 -13.1901 30.8731
      vertex 1.37152 -11.3405 30.8731
      vertex 1.37787 -11.36 30.7372
    endloop
  endfacet
  facet normal -0.451429 -0.886034 0.105622
    outer loop
      vertex 1.9788 -13.2095 30.7372
      vertex 2.47655 -13.4469 30.8731
      vertex 1.97252 -13.1901 30.8731
    endloop
  endfacet
  facet normal -0.451429 -0.886034 0.105622
    outer loop
      vertex 2.47655 -13.4469 30.8731
      vertex 1.9788 -13.2095 30.7372
      vertex 2.48283 -13.4663 30.7372
    endloop
  endfacet
  facet normal 0.305581 -0.940533 0.148384
    outer loop
      vertex 2.48283 -13.4663 30.7372
      vertex 5.90035 -12.3345 30.8731
      vertex 2.47655 -13.4469 30.8731
    endloop
  endfacet
  facet normal 0.305637 -0.940621 0.147707
    outer loop
      vertex 5.90035 -12.3345 30.8731
      vertex 2.48283 -13.4663 30.7372
      vertex 5.90663 -12.3538 30.7372
    endloop
  endfacet
  facet normal 0.886063 -0.451488 0.105129
    outer loop
      vertex 5.90035 -12.3345 30.8731
      vertex 6.16345 -11.8498 30.7372
      vertex 6.15716 -11.8305 30.8731
    endloop
  endfacet
  facet normal 0.886061 -0.451505 0.105066
    outer loop
      vertex 6.16345 -11.8498 30.7372
      vertex 5.90035 -12.3345 30.8731
      vertex 5.90663 -12.3538 30.7372
    endloop
  endfacet
  facet normal 0.951059 0.309009 0.000134572
    outer loop
      vertex 6.16345 -11.8498 30.7372
      vertex 5.55617 -9.98079 30.8731
      vertex 6.15716 -11.8305 30.8731
    endloop
  endfacet
  facet normal 0.803047 -0.583443 0.121283
    outer loop
      vertex 11.2092 -2.2 30.8731
      vertex 5.55617 -9.98079 30.8731
      vertex 5.56252 -10.0003 30.7372
    endloop
  endfacet
  facet normal 0.696072 -0.696072 0.175976
    outer loop
      vertex 13.5204 -1.8 31.0064
      vertex 13.1204 -2.2 31.0064
      vertex 13.1541 -2.2 30.8731
    endloop
  endfacet
  facet normal 0.969497 -0 0.245102
    outer loop
      vertex 13.5204 -1.8 31.0064
      vertex 13.5541 1.8 30.8731
      vertex 13.5204 1.8 31.0064
    endloop
  endfacet
  facet normal 0.969497 0 0.245102
    outer loop
      vertex 13.5541 1.8 30.8731
      vertex 13.5204 -1.8 31.0064
      vertex 13.5541 -1.8 30.8731
    endloop
  endfacet
  facet normal 0.696072 0.696072 0.175976
    outer loop
      vertex 13.5541 1.8 30.8731
      vertex 13.1204 2.2 31.0064
      vertex 13.5204 1.8 31.0064
    endloop
  endfacet
  facet normal 0.792325 0.575655 0.202093
    outer loop
      vertex 11.2092 2.2 30.8731
      vertex 5.54566 9.94843 31.0064
      vertex 11.1752 2.2 31.0064
    endloop
  endfacet
  facet normal 0.951055 -0.309021 -3.24395e-05
    outer loop
      vertex 6.14676 11.7984 31.0064
      vertex 5.54566 9.94843 31.0064
      vertex 5.55617 9.98079 30.8731
    endloop
  endfacet
  facet normal 0.299603 0.922133 0.244764
    outer loop
      vertex 5.90035 12.3345 30.8731
      vertex 2.46614 13.4149 31.0064
      vertex 5.88994 12.3025 31.0064
    endloop
  endfacet
  facet normal -0.951057 0.309016 -8.98588e-05
    outer loop
      vertex 1.97252 13.1901 30.8731
      vertex 1.36101 11.3081 31.0064
      vertex 1.96211 13.1581 31.0064
    endloop
  endfacet
  facet normal -0.302613 0.93135 0.202515
    outer loop
      vertex 1.37152 11.3405 30.8731
      vertex -7.74782 8.34847 31.0064
      vertex 1.36101 11.3081 31.0064
    endloop
  endfacet
  facet normal 0.587785 0.809017 3.3679e-05
    outer loop
      vertex -7.77534 8.36847 30.8731
      vertex -9.32152 9.49183 31.0064
      vertex -7.74782 8.34847 31.0064
    endloop
  endfacet
  facet normal -0.153993 0.972303 0.175819
    outer loop
      vertex -9.34876 9.51162 30.8731
      vertex -9.88024 9.40334 31.0064
      vertex -9.32152 9.49183 31.0064
    endloop
  endfacet
  facet normal -0.784378 0.569893 0.244896
    outer loop
      vertex -9.90748 9.42313 30.8731
      vertex -11.9963 6.49088 31.0064
      vertex -9.88024 9.40334 31.0064
    endloop
  endfacet
  facet normal -0.972349 -0.154018 0.175543
    outer loop
      vertex -11.935 5.95195 30.8731
      vertex -11.9963 6.49088 31.0064
      vertex -12.0235 6.51067 30.8731
    endloop
  endfacet
  facet normal -0.972352 -0.154016 0.175532
    outer loop
      vertex -11.9963 6.49088 31.0064
      vertex -11.935 5.95195 30.8731
      vertex -11.9078 5.93215 31.0064
    endloop
  endfacet
  facet normal -0.587785 -0.809017 -0.000230887
    outer loop
      vertex -11.9078 5.93215 31.0064
      vertex -11.935 5.95195 30.8731
      vertex -10.3341 4.78879 31.0064
    endloop
  endfacet
  facet normal -0.587785 0.809017 -0.000121869
    outer loop
      vertex -10.3616 -4.80879 30.8731
      vertex -11.9078 -5.93215 31.0064
      vertex -10.3341 -4.78879 31.0064
    endloop
  endfacet
  facet normal -0.784423 -0.569926 0.244675
    outer loop
      vertex -11.9963 -6.49088 31.0064
      vertex -12.0235 -6.51067 30.8731
      vertex -9.88024 -9.40334 31.0064
    endloop
  endfacet
  facet normal -0.153993 -0.972303 0.175819
    outer loop
      vertex -9.88024 -9.40334 31.0064
      vertex -9.90748 -9.42313 30.8731
      vertex -9.32152 -9.49183 31.0064
    endloop
  endfacet
  facet normal 0.587785 -0.809017 -6.18369e-06
    outer loop
      vertex -9.32152 -9.49183 31.0064
      vertex -9.34876 -9.51162 30.8731
      vertex -7.74782 -8.34847 31.0064
    endloop
  endfacet
  facet normal -0.302632 -0.931407 0.202225
    outer loop
      vertex -7.74782 -8.34847 31.0064
      vertex -7.77534 -8.36847 30.8731
      vertex 1.36101 -11.3081 31.0064
    endloop
  endfacet
  facet normal -0.951057 -0.309016 0.000123951
    outer loop
      vertex 1.96211 -13.1581 31.0064
      vertex 1.36101 -11.3081 31.0064
      vertex 1.37152 -11.3405 30.8731
    endloop
  endfacet
  facet normal -0.446908 -0.877162 0.17567
    outer loop
      vertex 1.97252 -13.1901 30.8731
      vertex 2.46614 -13.4149 31.0064
      vertex 1.96211 -13.1581 31.0064
    endloop
  endfacet
  facet normal -0.446908 -0.877162 0.17567
    outer loop
      vertex 2.46614 -13.4149 31.0064
      vertex 1.97252 -13.1901 30.8731
      vertex 2.47655 -13.4469 30.8731
    endloop
  endfacet
  facet normal 0.299603 -0.922133 0.244764
    outer loop
      vertex 5.88994 -12.3025 31.0064
      vertex 2.46614 -13.4149 31.0064
      vertex 2.47655 -13.4469 30.8731
    endloop
  endfacet
  facet normal 0.877114 -0.446857 0.17604
    outer loop
      vertex 5.88994 -12.3025 31.0064
      vertex 6.15716 -11.8305 30.8731
      vertex 6.14676 -11.7984 31.0064
    endloop
  endfacet
  facet normal 0.877125 -0.446934 0.17579
    outer loop
      vertex 6.15716 -11.8305 30.8731
      vertex 5.88994 -12.3025 31.0064
      vertex 5.90035 -12.3345 30.8731
    endloop
  endfacet
  facet normal 0.951055 0.309021 -0.000214515
    outer loop
      vertex 6.15716 -11.8305 30.8731
      vertex 5.54566 -9.94843 31.0064
      vertex 6.14676 -11.7984 31.0064
    endloop
  endfacet
  facet normal 0.792305 -0.575641 0.202212
    outer loop
      vertex 11.1752 -2.2 31.0064
      vertex 5.54566 -9.94843 31.0064
      vertex 5.55617 -9.98079 30.8731
    endloop
  endfacet
  facet normal 0.685149 -0.685149 0.247268
    outer loop
      vertex 13.4737 -1.8 31.1358
      vertex 13.0737 -2.2 31.1358
      vertex 13.1204 -2.2 31.0064
    endloop
  endfacet
  facet normal 0.940618 -0 0.339466
    outer loop
      vertex 13.4737 -1.8 31.1358
      vertex 13.5204 1.8 31.0064
      vertex 13.4737 1.8 31.1358
    endloop
  endfacet
  facet normal 0.940618 0 0.339466
    outer loop
      vertex 13.5204 1.8 31.0064
      vertex 13.4737 -1.8 31.1358
      vertex 13.5204 -1.8 31.0064
    endloop
  endfacet
  facet normal 0.685149 0.685149 0.247268
    outer loop
      vertex 13.5204 1.8 31.0064
      vertex 13.0737 2.2 31.1358
      vertex 13.4737 1.8 31.1358
    endloop
  endfacet
  facet normal 0.775939 0.563748 0.283032
    outer loop
      vertex 11.1752 2.2 31.0064
      vertex 5.53108 9.90356 31.1358
      vertex 11.128 2.2 31.1358
    endloop
  endfacet
  facet normal 0.951056 -0.30902 5.27347e-06
    outer loop
      vertex 6.13233 11.754 31.1358
      vertex 5.53108 9.90356 31.1358
      vertex 5.54566 9.94843 31.0064
    endloop
  endfacet
  facet normal 0.290618 0.894399 0.339987
    outer loop
      vertex 5.88994 12.3025 31.0064
      vertex 2.45171 13.3705 31.1358
      vertex 5.87551 12.258 31.1358
    endloop
  endfacet
  facet normal -0.951059 0.309011 -2.86563e-05
    outer loop
      vertex 1.96211 13.1581 31.0064
      vertex 1.34643 11.2632 31.1358
      vertex 1.94768 13.1137 31.1358
    endloop
  endfacet
  facet normal -0.296371 0.912148 0.283109
    outer loop
      vertex 1.36101 11.3081 31.0064
      vertex -7.70965 8.32074 31.1358
      vertex 1.34643 11.2632 31.1358
    endloop
  endfacet
  facet normal 0.587784 0.809018 -1.28017e-05
    outer loop
      vertex -7.74782 8.34847 31.0064
      vertex -9.28374 9.46438 31.1358
      vertex -7.70965 8.32074 31.1358
    endloop
  endfacet
  facet normal -0.151572 0.957018 0.247269
    outer loop
      vertex -9.32152 9.49183 31.0064
      vertex -9.84246 9.37589 31.1358
      vertex -9.28374 9.46438 31.1358
    endloop
  endfacet
  facet normal -0.760976 0.552885 0.339462
    outer loop
      vertex -9.88024 9.40334 31.0064
      vertex -11.9585 6.46343 31.1358
      vertex -9.84246 9.37589 31.1358
    endloop
  endfacet
  facet normal -0.956984 -0.151581 0.247396
    outer loop
      vertex -11.9078 5.93215 31.0064
      vertex -11.9585 6.46343 31.1358
      vertex -11.9963 6.49088 31.0064
    endloop
  endfacet
  facet normal -0.956981 -0.151584 0.247407
    outer loop
      vertex -11.9585 6.46343 31.1358
      vertex -11.9078 5.93215 31.0064
      vertex -11.87 5.90471 31.1358
    endloop
  endfacet
  facet normal -0.587785 -0.809017 0.000145631
    outer loop
      vertex -11.87 5.90471 31.1358
      vertex -11.9078 5.93215 31.0064
      vertex -10.2959 4.76106 31.1358
    endloop
  endfacet
  facet normal -0.587785 0.809017 0.000149488
    outer loop
      vertex -10.3341 -4.78879 31.0064
      vertex -11.87 -5.90471 31.1358
      vertex -10.2959 -4.76106 31.1358
    endloop
  endfacet
  facet normal -0.760945 -0.552863 0.339566
    outer loop
      vertex -11.9585 -6.46343 31.1358
      vertex -11.9963 -6.49088 31.0064
      vertex -9.84246 -9.37589 31.1358
    endloop
  endfacet
  facet normal -0.151572 -0.957018 0.247269
    outer loop
      vertex -9.84246 -9.37589 31.1358
      vertex -9.88024 -9.40334 31.0064
      vertex -9.28374 -9.46438 31.1358
    endloop
  endfacet
  facet normal 0.587784 -0.809018 8.14748e-06
    outer loop
      vertex -9.28374 -9.46438 31.1358
      vertex -9.32152 -9.49183 31.0064
      vertex -7.70965 -8.32074 31.1358
    endloop
  endfacet
  facet normal -0.296389 -0.912204 0.28291
    outer loop
      vertex -7.70965 -8.32074 31.1358
      vertex -7.74782 -8.34847 31.0064
      vertex 1.34643 -11.2632 31.1358
    endloop
  endfacet
  facet normal -0.951059 -0.309011 6.2893e-05
    outer loop
      vertex 1.94768 -13.1137 31.1358
      vertex 1.34643 -11.2632 31.1358
      vertex 1.36101 -11.3081 31.0064
    endloop
  endfacet
  facet normal -0.43988 -0.863368 0.247187
    outer loop
      vertex 1.96211 -13.1581 31.0064
      vertex 2.45171 -13.3705 31.1358
      vertex 1.94768 -13.1137 31.1358
    endloop
  endfacet
  facet normal -0.43988 -0.863368 0.247187
    outer loop
      vertex 2.45171 -13.3705 31.1358
      vertex 1.96211 -13.1581 31.0064
      vertex 2.46614 -13.4149 31.0064
    endloop
  endfacet
  facet normal 0.290687 -0.894609 0.339376
    outer loop
      vertex 5.87551 -12.258 31.1358
      vertex 2.45171 -13.3705 31.1358
      vertex 2.46614 -13.4149 31.0064
    endloop
  endfacet
  facet normal 0.863335 -0.439924 0.247222
    outer loop
      vertex 5.87551 -12.258 31.1358
      vertex 6.14676 -11.7984 31.0064
      vertex 6.13233 -11.754 31.1358
    endloop
  endfacet
  facet normal 0.863302 -0.43982 0.247523
    outer loop
      vertex 6.14676 -11.7984 31.0064
      vertex 5.87551 -12.258 31.1358
      vertex 5.88994 -12.3025 31.0064
    endloop
  endfacet
  facet normal 0.951056 0.30902 2.52183e-05
    outer loop
      vertex 6.14676 -11.7984 31.0064
      vertex 5.53108 -9.90356 31.1358
      vertex 6.13233 -11.754 31.1358
    endloop
  endfacet
  facet normal 0.775966 -0.563768 0.28292
    outer loop
      vertex 11.128 -2.2 31.1358
      vertex 5.53108 -9.90356 31.1358
      vertex 5.54566 -9.94843 31.0064
    endloop
  endfacet
  facet normal 0.670071 -0.670071 0.31939
    outer loop
      vertex 13.4145 -1.8 31.26
      vertex 13.0145 -2.2 31.26
      vertex 13.0737 -2.2 31.1358
    endloop
  endfacet
  facet normal 0.902699 -0 0.430272
    outer loop
      vertex 13.4145 -1.8 31.26
      vertex 13.4737 1.8 31.1358
      vertex 13.4145 1.8 31.26
    endloop
  endfacet
  facet normal 0.902699 0 0.430272
    outer loop
      vertex 13.4737 1.8 31.1358
      vertex 13.4145 -1.8 31.26
      vertex 13.4737 -1.8 31.1358
    endloop
  endfacet
  facet normal 0.670071 0.670071 0.31939
    outer loop
      vertex 13.4737 1.8 31.1358
      vertex 13.0145 2.2 31.26
      vertex 13.4145 1.8 31.26
    endloop
  endfacet
  facet normal 0.753843 0.547703 0.362962
    outer loop
      vertex 11.128 2.2 31.1358
      vertex 5.51257 9.84661 31.26
      vertex 11.0682 2.2 31.26
    endloop
  endfacet
  facet normal 0.951059 -0.30901 4.82671e-05
    outer loop
      vertex 6.11401 11.6977 31.26
      vertex 5.51257 9.84661 31.26
      vertex 5.53108 9.90356 31.1358
    endloop
  endfacet
  facet normal 0.844286 0.4302 0.319546
    outer loop
      vertex 6.13233 11.754 31.1358
      vertex 5.8572 12.2017 31.26
      vertex 6.11401 11.6977 31.26
    endloop
  endfacet
  facet normal -0.430106 0.844184 0.319941
    outer loop
      vertex 2.45171 13.3705 31.1358
      vertex 1.92937 13.0573 31.26
      vertex 2.4334 13.3141 31.26
    endloop
  endfacet
  facet normal -0.951054 0.309023 0.00012165
    outer loop
      vertex 1.94768 13.1137 31.1358
      vertex 1.32793 11.2063 31.26
      vertex 1.92937 13.0573 31.26
    endloop
  endfacet
  facet normal -0.28793 0.886152 0.363086
    outer loop
      vertex 1.34643 11.2632 31.1358
      vertex -7.6612 8.28554 31.26
      vertex 1.32793 11.2063 31.26
    endloop
  endfacet
  facet normal 0.587786 0.809016 -7.10088e-06
    outer loop
      vertex -7.70965 8.32074 31.1358
      vertex -9.23579 9.42955 31.26
      vertex -7.6612 8.28554 31.26
    endloop
  endfacet
  facet normal -0.935732 -0.148218 0.320058
    outer loop
      vertex -11.9105 6.42859 31.26
      vertex -11.9585 6.46343 31.1358
      vertex -11.822 5.86987 31.26
    endloop
  endfacet
  facet normal -0.587808 -0.809 0.000235395
    outer loop
      vertex -11.822 5.86987 31.26
      vertex -11.87 5.90471 31.1358
      vertex -10.2475 4.72586 31.26
    endloop
  endfacet
  facet normal -0.587808 0.809 -0.000216431
    outer loop
      vertex -10.2959 -4.76106 31.1358
      vertex -11.822 -5.86987 31.26
      vertex -10.2475 -4.72586 31.26
    endloop
  endfacet
  facet normal -0.935732 0.148218 0.320058
    outer loop
      vertex -11.87 -5.90471 31.1358
      vertex -11.9105 -6.42859 31.26
      vertex -11.822 -5.86987 31.26
    endloop
  endfacet
  facet normal -0.730049 -0.530403 0.430931
    outer loop
      vertex -11.9585 -6.46343 31.1358
      vertex -9.79451 -9.34105 31.26
      vertex -11.9105 -6.42859 31.26
    endloop
  endfacet
  facet normal -0.730136 -0.530478 0.430691
    outer loop
      vertex -9.79451 -9.34105 31.26
      vertex -11.9585 -6.46343 31.1358
      vertex -9.84246 -9.37589 31.1358
    endloop
  endfacet
  facet normal -0.148218 -0.935841 0.31974
    outer loop
      vertex -9.28374 -9.46438 31.1358
      vertex -9.79451 -9.34105 31.26
      vertex -9.84246 -9.37589 31.1358
    endloop
  endfacet
  facet normal -0.148238 -0.935859 0.319678
    outer loop
      vertex -9.79451 -9.34105 31.26
      vertex -9.28374 -9.46438 31.1358
      vertex -9.23579 -9.42955 31.26
    endloop
  endfacet
  facet normal 0.587786 -0.809016 -5.09236e-05
    outer loop
      vertex -9.23579 -9.42955 31.26
      vertex -9.28374 -9.46438 31.1358
      vertex -7.6612 -8.28554 31.26
    endloop
  endfacet
  facet normal -0.28789 -0.886029 0.363418
    outer loop
      vertex -7.6612 -8.28554 31.26
      vertex -7.70965 -8.32074 31.1358
      vertex 1.32793 -11.2063 31.26
    endloop
  endfacet
  facet normal -0.951054 -0.309023 -8.92086e-05
    outer loop
      vertex 1.92937 -13.0573 31.26
      vertex 1.32793 -11.2063 31.26
      vertex 1.34643 -11.2632 31.1358
    endloop
  endfacet
  facet normal -0.430106 -0.844184 0.319941
    outer loop
      vertex 2.4334 -13.3141 31.26
      vertex 1.92937 -13.0573 31.26
      vertex 1.94768 -13.1137 31.1358
    endloop
  endfacet
  facet normal 0.278851 -0.85826 0.43085
    outer loop
      vertex 2.45171 -13.3705 31.1358
      vertex 5.8572 -12.2017 31.26
      vertex 2.4334 -13.3141 31.26
    endloop
  endfacet
  facet normal 0.278956 -0.858508 0.430287
    outer loop
      vertex 5.8572 -12.2017 31.26
      vertex 2.45171 -13.3705 31.1358
      vertex 5.87551 -12.258 31.1358
    endloop
  endfacet
  facet normal 0.844304 -0.43021 0.319485
    outer loop
      vertex 6.11401 -11.6977 31.26
      vertex 5.8572 -12.2017 31.26
      vertex 5.87551 -12.258 31.1358
    endloop
  endfacet
  facet normal 0.951059 0.30901 0.000210547
    outer loop
      vertex 6.13233 -11.754 31.1358
      vertex 5.51257 -9.84661 31.26
      vertex 6.11401 -11.6977 31.26
    endloop
  endfacet
  facet normal 0.753699 -0.547599 0.36342
    outer loop
      vertex 11.0682 -2.2 31.26
      vertex 5.51257 -9.84661 31.26
      vertex 5.53108 -9.90356 31.1358
    endloop
  endfacet
  facet normal 0.650071 -0.650071 0.393464
    outer loop
      vertex 13.3432 -1.8 31.3778
      vertex 12.9432 -2.2 31.3778
      vertex 13.0145 -2.2 31.26
    endloop
  endfacet
  facet normal 0.8555 -0 0.517803
    outer loop
      vertex 13.3432 -1.8 31.3778
      vertex 13.4145 1.8 31.26
      vertex 13.3432 1.8 31.3778
    endloop
  endfacet
  facet normal 0.8555 0 0.517803
    outer loop
      vertex 13.4145 1.8 31.26
      vertex 13.3432 -1.8 31.3778
      vertex 13.4145 -1.8 31.26
    endloop
  endfacet
  facet normal 0.650071 0.650071 0.393464
    outer loop
      vertex 13.4145 1.8 31.26
      vertex 12.9432 2.2 31.3778
      vertex 13.3432 1.8 31.3778
    endloop
  endfacet
  facet normal 0.725006 0.526744 0.443743
    outer loop
      vertex 11.0682 2.2 31.26
      vertex 5.49032 9.77811 31.3778
      vertex 10.9961 2.2 31.3778
    endloop
  endfacet
  facet normal 0.951058 -0.309011 -5.26123e-05
    outer loop
      vertex 6.09199 11.6299 31.3778
      vertex 5.49032 9.77811 31.3778
      vertex 5.51257 9.84661 31.26
    endloop
  endfacet
  facet normal 0.264386 0.813669 0.517729
    outer loop
      vertex 5.8572 12.2017 31.26
      vertex 2.41137 13.2464 31.3778
      vertex 5.83518 12.1339 31.3778
    endloop
  endfacet
  facet normal -0.417613 0.819343 0.39278
    outer loop
      vertex 2.4334 13.3141 31.26
      vertex 1.90734 12.9895 31.3778
      vertex 2.41137 13.2464 31.3778
    endloop
  endfacet
  facet normal -0.951054 0.309025 1.19901e-06
    outer loop
      vertex 1.92937 13.0573 31.26
      vertex 1.30567 11.1378 31.3778
      vertex 1.90734 12.9895 31.3778
    endloop
  endfacet
  facet normal -0.276985 0.85247 0.443366
    outer loop
      vertex 1.32793 11.2063 31.26
      vertex -7.60294 8.24321 31.3778
      vertex 1.30567 11.1378 31.3778
    endloop
  endfacet
  facet normal 0.587785 0.809017 1.1157e-05
    outer loop
      vertex -7.6612 8.28554 31.26
      vertex -9.17814 9.38766 31.3778
      vertex -7.60294 8.24321 31.3778
    endloop
  endfacet
  facet normal -0.143839 0.908085 0.39331
    outer loop
      vertex -9.23579 9.42955 31.26
      vertex -9.73686 9.29916 31.3778
      vertex -9.17814 9.38766 31.3778
    endloop
  endfacet
  facet normal -0.908241 -0.143863 0.392939
    outer loop
      vertex -11.822 5.86987 31.26
      vertex -11.8529 6.3867 31.3778
      vertex -11.9105 6.42859 31.26
    endloop
  endfacet
  facet normal -0.908241 -0.143863 0.392939
    outer loop
      vertex -11.8529 6.3867 31.3778
      vertex -11.822 5.86987 31.26
      vertex -11.7644 5.82798 31.3778
    endloop
  endfacet
  facet normal -0.587785 -0.809017 -0.000282556
    outer loop
      vertex -11.7644 5.82798 31.3778
      vertex -11.822 5.86987 31.26
      vertex -10.1892 4.68353 31.3778
    endloop
  endfacet
  facet normal -0.587785 0.809017 0.000188431
    outer loop
      vertex -10.2475 -4.72586 31.26
      vertex -11.7644 -5.82798 31.3778
      vertex -10.1892 -4.68353 31.3778
    endloop
  endfacet
  facet normal -0.692316 -0.503001 0.517386
    outer loop
      vertex -11.9105 -6.42859 31.26
      vertex -9.73686 -9.29916 31.3778
      vertex -11.8529 -6.3867 31.3778
    endloop
  endfacet
  facet normal -0.692217 -0.502916 0.517601
    outer loop
      vertex -9.73686 -9.29916 31.3778
      vertex -11.9105 -6.42859 31.26
      vertex -9.79451 -9.34105 31.26
    endloop
  endfacet
  facet normal -0.143839 -0.908085 0.39331
    outer loop
      vertex -9.73686 -9.29916 31.3778
      vertex -9.79451 -9.34105 31.26
      vertex -9.17814 -9.38766 31.3778
    endloop
  endfacet
  facet normal 0.587785 -0.809017 3.3072e-05
    outer loop
      vertex -9.17814 -9.38766 31.3778
      vertex -9.23579 -9.42955 31.26
      vertex -7.60294 -8.24321 31.3778
    endloop
  endfacet
  facet normal -0.276992 -0.852491 0.443323
    outer loop
      vertex -7.60294 -8.24321 31.3778
      vertex -7.6612 -8.28554 31.26
      vertex 1.30567 -11.1378 31.3778
    endloop
  endfacet
  facet normal -0.951054 -0.309025 -1.9389e-05
    outer loop
      vertex 1.90734 -12.9895 31.3778
      vertex 1.30567 -11.1378 31.3778
      vertex 1.32793 -11.2063 31.26
    endloop
  endfacet
  facet normal -0.417498 -0.819119 0.393368
    outer loop
      vertex 2.41137 -13.2464 31.3778
      vertex 1.90734 -12.9895 31.3778
      vertex 1.92937 -13.0573 31.26
    endloop
  endfacet
  facet normal 0.264477 -0.81395 0.51724
    outer loop
      vertex 5.83518 -12.1339 31.3778
      vertex 2.41137 -13.2464 31.3778
      vertex 2.4334 -13.3141 31.26
    endloop
  endfacet
  facet normal 0.819171 -0.417403 0.393362
    outer loop
      vertex 5.83518 -12.1339 31.3778
      vertex 6.11401 -11.6977 31.26
      vertex 6.09199 -11.6299 31.3778
    endloop
  endfacet
  facet normal 0.819171 -0.417403 0.393362
    outer loop
      vertex 6.11401 -11.6977 31.26
      vertex 5.83518 -12.1339 31.3778
      vertex 5.8572 -12.2017 31.26
    endloop
  endfacet
  facet normal 0.951058 0.309011 -7.32897e-05
    outer loop
      vertex 6.11401 -11.6977 31.26
      vertex 5.49032 -9.77811 31.3778
      vertex 6.09199 -11.6299 31.3778
    endloop
  endfacet
  facet normal 0.725168 -0.526862 0.443337
    outer loop
      vertex 10.9961 -2.2 31.3778
      vertex 5.49032 -9.77811 31.3778
      vertex 5.51257 -9.84661 31.26
    endloop
  endfacet
  facet normal 0.625026 -0.625026 0.467637
    outer loop
      vertex 13.2606 -1.8 31.4882
      vertex 12.8606 -2.2 31.4882
      vertex 12.9432 -2.2 31.3778
    endloop
  endfacet
  facet normal 0.800696 -0 0.599071
    outer loop
      vertex 13.2606 -1.8 31.4882
      vertex 13.3432 1.8 31.3778
      vertex 13.2606 1.8 31.4882
    endloop
  endfacet
  facet normal 0.800696 0 0.599071
    outer loop
      vertex 13.3432 1.8 31.3778
      vertex 13.2606 -1.8 31.4882
      vertex 13.3432 -1.8 31.3778
    endloop
  endfacet
  facet normal 0.625026 0.625026 0.467637
    outer loop
      vertex 13.3432 1.8 31.3778
      vertex 12.8606 2.2 31.4882
      vertex 13.2606 1.8 31.4882
    endloop
  endfacet
  facet normal 0.690303 0.501538 0.521479
    outer loop
      vertex 10.9961 2.2 31.3778
      vertex 5.46452 9.69872 31.4882
      vertex 10.9127 2.2 31.4882
    endloop
  endfacet
  facet normal 0.951055 -0.309022 3.60543e-05
    outer loop
      vertex 6.06647 11.5513 31.4882
      vertex 5.46452 9.69872 31.4882
      vertex 5.49032 9.77811 31.3778
    endloop
  endfacet
  facet normal 0.787563 0.401234 0.467714
    outer loop
      vertex 6.09199 11.6299 31.3778
      vertex 5.80965 12.0554 31.4882
      vertex 6.06647 11.5513 31.4882
    endloop
  endfacet
  facet normal 0.247473 0.761686 0.598825
    outer loop
      vertex 5.83518 12.1339 31.3778
      vertex 2.38585 13.1678 31.4882
      vertex 5.80965 12.0554 31.4882
    endloop
  endfacet
  facet normal -0.951056 0.309019 -0.000117539
    outer loop
      vertex 1.90734 12.9895 31.3778
      vertex 1.27987 11.0584 31.4882
      vertex 1.88182 12.911 31.4882
    endloop
  endfacet
  facet normal -0.2636 0.811275 0.521869
    outer loop
      vertex 1.30567 11.1378 31.3778
      vertex -7.5354 8.19414 31.4882
      vertex 1.27987 11.0584 31.4882
    endloop
  endfacet
  facet normal 0.587784 0.809018 -4.08923e-06
    outer loop
      vertex -7.60294 8.24321 31.3778
      vertex -9.11132 9.33911 31.4882
      vertex -7.5354 8.19414 31.4882
    endloop
  endfacet
  facet normal -0.138273 0.873045 0.467624
    outer loop
      vertex -9.17814 9.38766 31.3778
      vertex -9.67004 9.25062 31.4882
      vertex -9.11132 9.33911 31.4882
    endloop
  endfacet
  facet normal -0.873113 -0.138299 0.46749
    outer loop
      vertex -11.7861 6.33816 31.4882
      vertex -11.8529 6.3867 31.3778
      vertex -11.6976 5.77944 31.4882
    endloop
  endfacet
  facet normal -0.587793 -0.809012 -4.42777e-05
    outer loop
      vertex -11.6976 5.77944 31.4882
      vertex -11.7644 5.82798 31.3778
      vertex -10.1217 4.63446 31.4882
    endloop
  endfacet
  facet normal -0.587793 0.809012 -0.000201175
    outer loop
      vertex -10.1892 -4.68353 31.3778
      vertex -11.6976 -5.77944 31.4882
      vertex -10.1217 -4.63446 31.4882
    endloop
  endfacet
  facet normal -0.873113 0.138299 0.46749
    outer loop
      vertex -11.7644 -5.82798 31.3778
      vertex -11.7861 -6.33816 31.4882
      vertex -11.6976 -5.77944 31.4882
    endloop
  endfacet
  facet normal -0.647848 -0.470696 0.598948
    outer loop
      vertex -11.8529 -6.3867 31.3778
      vertex -9.67004 -9.25062 31.4882
      vertex -11.7861 -6.33816 31.4882
    endloop
  endfacet
  facet normal -0.647804 -0.47066 0.599023
    outer loop
      vertex -9.67004 -9.25062 31.4882
      vertex -11.8529 -6.3867 31.3778
      vertex -9.73686 -9.29916 31.3778
    endloop
  endfacet
  facet normal -0.138278 -0.873078 0.467563
    outer loop
      vertex -9.67004 -9.25062 31.4882
      vertex -9.73686 -9.29916 31.3778
      vertex -9.11132 -9.33911 31.4882
    endloop
  endfacet
  facet normal 0.587784 -0.809018 1.86959e-05
    outer loop
      vertex -9.11132 -9.33911 31.4882
      vertex -9.17814 -9.38766 31.3778
      vertex -7.5354 -8.19414 31.4882
    endloop
  endfacet
  facet normal -0.263602 -0.811281 0.521859
    outer loop
      vertex -7.5354 -8.19414 31.4882
      vertex -7.60294 -8.24321 31.3778
      vertex 1.27987 -11.0584 31.4882
    endloop
  endfacet
  facet normal -0.951056 -0.309019 -1.04626e-05
    outer loop
      vertex 1.88182 -12.911 31.4882
      vertex 1.27987 -11.0584 31.4882
      vertex 1.30567 -11.1378 31.3778
    endloop
  endfacet
  facet normal -0.401343 -0.787729 0.467341
    outer loop
      vertex 1.90734 -12.9895 31.3778
      vertex 2.38585 -13.1678 31.4882
      vertex 1.88182 -12.911 31.4882
    endloop
  endfacet
  facet normal -0.401347 -0.78743 0.467841
    outer loop
      vertex 2.38585 -13.1678 31.4882
      vertex 1.90734 -12.9895 31.3778
      vertex 2.41137 -13.2464 31.3778
    endloop
  endfacet
  facet normal 0.247374 -0.761381 0.599253
    outer loop
      vertex 5.80965 -12.0554 31.4882
      vertex 2.38585 -13.1678 31.4882
      vertex 2.41137 -13.2464 31.3778
    endloop
  endfacet
  facet normal 0.787671 -0.401289 0.467485
    outer loop
      vertex 6.06647 -11.5513 31.4882
      vertex 5.80965 -12.0554 31.4882
      vertex 5.83518 -12.1339 31.3778
    endloop
  endfacet
  facet normal 0.951055 0.309022 -0.000164745
    outer loop
      vertex 6.09199 -11.6299 31.3778
      vertex 5.46452 -9.69872 31.4882
      vertex 6.06647 -11.5513 31.4882
    endloop
  endfacet
  facet normal 0.690122 -0.501407 0.521846
    outer loop
      vertex 10.9127 -2.2 31.4882
      vertex 5.46452 -9.69872 31.4882
      vertex 5.49032 -9.77811 31.3778
    endloop
  endfacet
  facet normal 0.593597 -0.593597 0.543401
    outer loop
      vertex 13.1675 -1.8 31.5899
      vertex 12.7675 -2.2 31.5899
      vertex 12.8606 -2.2 31.4882
    endloop
  endfacet
  facet normal 0.737606 -0 0.675232
    outer loop
      vertex 13.1675 -1.8 31.5899
      vertex 13.2606 1.8 31.4882
      vertex 13.1675 1.8 31.5899
    endloop
  endfacet
  facet normal 0.737606 0 0.675232
    outer loop
      vertex 13.2606 1.8 31.4882
      vertex 13.1675 -1.8 31.5899
      vertex 13.2606 -1.8 31.4882
    endloop
  endfacet
  facet normal 0.593597 0.593597 0.543401
    outer loop
      vertex 13.2606 1.8 31.4882
      vertex 12.7675 2.2 31.5899
      vertex 13.1675 1.8 31.5899
    endloop
  endfacet
  facet normal 0.647415 0.470372 0.59967
    outer loop
      vertex 10.9127 2.2 31.4882
      vertex 5.43543 9.60919 31.5899
      vertex 10.8185 2.2 31.5899
    endloop
  endfacet
  facet normal 0.951059 -0.30901 5.93856e-06
    outer loop
      vertex 6.03769 11.4628 31.5899
      vertex 5.43543 9.60919 31.5899
      vertex 5.46452 9.69872 31.4882
    endloop
  endfacet
  facet normal 0.748002 0.38114 0.543347
    outer loop
      vertex 6.06647 11.5513 31.4882
      vertex 5.78088 11.9668 31.5899
      vertex 6.03769 11.4628 31.5899
    endloop
  endfacet
  facet normal 0.22788 0.701317 0.675445
    outer loop
      vertex 5.80965 12.0554 31.4882
      vertex 2.35708 13.0793 31.5899
      vertex 5.78088 11.9668 31.5899
    endloop
  endfacet
  facet normal -0.951052 0.309032 0.000181264
    outer loop
      vertex 1.88182 12.911 31.4882
      vertex 1.25078 10.9689 31.5899
      vertex 1.85305 12.8224 31.5899
    endloop
  endfacet
  facet normal -0.247385 0.761365 0.59927
    outer loop
      vertex 1.27987 11.0584 31.4882
      vertex -7.45924 8.13881 31.5899
      vertex 1.25078 10.9689 31.5899
    endloop
  endfacet
  facet normal 0.587783 0.809018 -2.53958e-05
    outer loop
      vertex -7.5354 8.19414 31.4882
      vertex -9.03599 9.28438 31.5899
      vertex -7.45924 8.13881 31.5899
    endloop
  endfacet
  facet normal -0.828854 -0.131289 0.543843
    outer loop
      vertex -11.6976 5.77944 31.4882
      vertex -11.7107 6.28342 31.5899
      vertex -11.7861 6.33816 31.4882
    endloop
  endfacet
  facet normal -0.828854 -0.131289 0.543843
    outer loop
      vertex -11.7107 6.28342 31.5899
      vertex -11.6976 5.77944 31.4882
      vertex -11.6222 5.7247 31.5899
    endloop
  endfacet
  facet normal -0.587795 -0.80901 0.000340151
    outer loop
      vertex -11.6222 5.7247 31.5899
      vertex -11.6976 5.77944 31.4882
      vertex -10.0455 4.57913 31.5899
    endloop
  endfacet
  facet normal -0.587795 0.80901 0.000270542
    outer loop
      vertex -10.1217 -4.63446 31.4882
      vertex -11.6222 -5.7247 31.5899
      vertex -10.0455 -4.57913 31.5899
    endloop
  endfacet
  facet normal -0.596702 -0.433521 0.675282
    outer loop
      vertex -11.7107 -6.28342 31.5899
      vertex -9.67004 -9.25062 31.4882
      vertex -9.59471 -9.19589 31.5899
    endloop
  endfacet
  facet normal -0.596512 -0.433398 0.675529
    outer loop
      vertex -9.67004 -9.25062 31.4882
      vertex -11.7107 -6.28342 31.5899
      vertex -11.7861 -6.33816 31.4882
    endloop
  endfacet
  facet normal -0.131314 -0.829107 0.54345
    outer loop
      vertex -9.11132 -9.33911 31.4882
      vertex -9.59471 -9.19589 31.5899
      vertex -9.67004 -9.25062 31.4882
    endloop
  endfacet
  facet normal -0.131314 -0.829107 0.54345
    outer loop
      vertex -9.59471 -9.19589 31.5899
      vertex -9.11132 -9.33911 31.4882
      vertex -9.03599 -9.28438 31.5899
    endloop
  endfacet
  facet normal 0.587783 -0.809018 -1.31477e-06
    outer loop
      vertex -9.03599 -9.28438 31.5899
      vertex -9.11132 -9.33911 31.4882
      vertex -7.45924 -8.13881 31.5899
    endloop
  endfacet
  facet normal -0.247354 -0.761269 0.599405
    outer loop
      vertex -7.45924 -8.13881 31.5899
      vertex -7.5354 -8.19414 31.4882
      vertex 1.25078 -10.9689 31.5899
    endloop
  endfacet
  facet normal -0.951052 -0.309032 -7.64369e-05
    outer loop
      vertex 1.85305 -12.8224 31.5899
      vertex 1.25078 -10.9689 31.5899
      vertex 1.27987 -11.0584 31.4882
    endloop
  endfacet
  facet normal -0.381141 -0.747786 0.543643
    outer loop
      vertex 1.88182 -12.911 31.4882
      vertex 2.35708 -13.0793 31.5899
      vertex 1.85305 -12.8224 31.5899
    endloop
  endfacet
  facet normal -0.381157 -0.748111 0.543185
    outer loop
      vertex 2.35708 -13.0793 31.5899
      vertex 1.88182 -12.911 31.4882
      vertex 2.38585 -13.1678 31.4882
    endloop
  endfacet
  facet normal 0.227986 -0.701643 0.67507
    outer loop
      vertex 5.78088 -11.9668 31.5899
      vertex 2.35708 -13.0793 31.5899
      vertex 2.38585 -13.1678 31.4882
    endloop
  endfacet
  facet normal 0.74788 -0.381077 0.543559
    outer loop
      vertex 6.03769 -11.4628 31.5899
      vertex 5.78088 -11.9668 31.5899
      vertex 5.80965 -12.0554 31.4882
    endloop
  endfacet
  facet normal 0.951059 0.30901 0.000236543
    outer loop
      vertex 6.06647 -11.5513 31.4882
      vertex 5.43543 -9.60919 31.5899
      vertex 6.03769 -11.4628 31.5899
    endloop
  endfacet
  facet normal 0.64757 -0.470485 0.599414
    outer loop
      vertex 10.8185 -2.2 31.5899
      vertex 5.43543 -9.60919 31.5899
      vertex 5.46452 -9.69872 31.4882
    endloop
  endfacet
  facet normal 0.555516 -0.555516 0.618711
    outer loop
      vertex 13.0647 -1.8 31.6822
      vertex 12.6647 -2.2 31.6822
      vertex 12.7675 -2.2 31.5899
    endloop
  endfacet
  facet normal 0.668084 0 0.744085
    outer loop
      vertex 13.0647 1.8 31.6822
      vertex 13.1675 -1.8 31.5899
      vertex 13.1675 1.8 31.5899
    endloop
  endfacet
  facet normal 0.668084 0 0.744085
    outer loop
      vertex 13.1675 -1.8 31.5899
      vertex 13.0647 1.8 31.6822
      vertex 13.0647 -1.8 31.6822
    endloop
  endfacet
  facet normal 0.555516 0.555516 0.618711
    outer loop
      vertex 13.1675 1.8 31.5899
      vertex 12.6647 2.2 31.6822
      vertex 13.0647 1.8 31.6822
    endloop
  endfacet
  facet normal 0.598148 0.434578 0.673321
    outer loop
      vertex 10.8185 2.2 31.5899
      vertex 5.40332 9.51037 31.6822
      vertex 10.7146 2.2 31.6822
    endloop
  endfacet
  facet normal 0.951054 -0.309024 7.0053e-06
    outer loop
      vertex 6.00594 11.365 31.6822
      vertex 5.40332 9.51037 31.6822
      vertex 5.43543 9.60919 31.5899
    endloop
  endfacet
  facet normal -0.951059 0.309008 -0.000168196
    outer loop
      vertex 1.85305 12.8224 31.5899
      vertex 1.21868 10.87 31.6822
      vertex 1.82129 12.7247 31.6822
    endloop
  endfacet
  facet normal -0.228366 0.702849 0.673686
    outer loop
      vertex 1.25078 10.9689 31.5899
      vertex -7.37518 8.07773 31.6822
      vertex 1.21868 10.87 31.6822
    endloop
  endfacet
  facet normal 0.587785 0.809017 6.06647e-05
    outer loop
      vertex -7.45924 8.13881 31.5899
      vertex -8.95286 9.22398 31.6822
      vertex -7.37518 8.07773 31.6822
    endloop
  endfacet
  facet normal -0.776197 -0.122948 0.618387
    outer loop
      vertex -11.6276 6.22303 31.6822
      vertex -11.7107 6.28342 31.5899
      vertex -11.5391 5.66431 31.6822
    endloop
  endfacet
  facet normal -0.58779 -0.809014 -0.000119517
    outer loop
      vertex -11.5391 5.66431 31.6822
      vertex -11.6222 5.7247 31.5899
      vertex -9.96144 4.51806 31.6822
    endloop
  endfacet
  facet normal -0.58779 0.809014 3.37721e-05
    outer loop
      vertex -10.0455 -4.57913 31.5899
      vertex -11.5391 -5.66431 31.6822
      vertex -9.96144 -4.51806 31.6822
    endloop
  endfacet
  facet normal -0.776197 0.122948 0.618387
    outer loop
      vertex -11.6222 -5.7247 31.5899
      vertex -11.6276 -6.22303 31.6822
      vertex -11.5391 -5.66431 31.6822
    endloop
  endfacet
  facet normal -0.540621 -0.392783 0.743943
    outer loop
      vertex -11.6276 -6.22303 31.6822
      vertex -9.59471 -9.19589 31.5899
      vertex -9.51158 -9.13549 31.6822
    endloop
  endfacet
  facet normal -0.540712 -0.392842 0.743845
    outer loop
      vertex -9.59471 -9.19589 31.5899
      vertex -11.6276 -6.22303 31.6822
      vertex -11.7107 -6.28342 31.5899
    endloop
  endfacet
  facet normal -0.122914 -0.77607 0.618553
    outer loop
      vertex -9.03599 -9.28438 31.5899
      vertex -9.51158 -9.13549 31.6822
      vertex -9.59471 -9.19589 31.5899
    endloop
  endfacet
  facet normal -0.122914 -0.77607 0.618553
    outer loop
      vertex -9.51158 -9.13549 31.6822
      vertex -9.03599 -9.28438 31.5899
      vertex -8.95286 -9.22398 31.6822
    endloop
  endfacet
  facet normal 0.587785 -0.809017 2.28311e-05
    outer loop
      vertex -8.95286 -9.22398 31.6822
      vertex -9.03599 -9.28438 31.5899
      vertex -7.37518 -8.07773 31.6822
    endloop
  endfacet
  facet normal -0.228457 -0.70313 0.673362
    outer loop
      vertex -7.37518 -8.07773 31.6822
      vertex -7.45924 -8.13881 31.5899
      vertex 1.21868 -10.87 31.6822
    endloop
  endfacet
  facet normal -0.951059 -0.309008 0.000345887
    outer loop
      vertex 1.82129 -12.7247 31.6822
      vertex 1.21868 -10.87 31.6822
      vertex 1.25078 -10.9689 31.5899
    endloop
  endfacet
  facet normal -0.356751 -0.700207 0.618416
    outer loop
      vertex 1.85305 -12.8224 31.5899
      vertex 2.32532 -12.9815 31.6822
      vertex 1.82129 -12.7247 31.6822
    endloop
  endfacet
  facet normal -0.356715 -0.699865 0.618824
    outer loop
      vertex 2.32532 -12.9815 31.6822
      vertex 1.85305 -12.8224 31.5899
      vertex 2.35708 -13.0793 31.5899
    endloop
  endfacet
  facet normal 0.206535 -0.635625 0.743858
    outer loop
      vertex 5.74913 -11.8691 31.6822
      vertex 2.35708 -13.0793 31.5899
      vertex 5.78088 -11.9668 31.5899
    endloop
  endfacet
  facet normal 0.206408 -0.635295 0.744175
    outer loop
      vertex 2.35708 -13.0793 31.5899
      vertex 5.74913 -11.8691 31.6822
      vertex 2.32532 -12.9815 31.6822
    endloop
  endfacet
  facet normal 0.700035 -0.356628 0.618682
    outer loop
      vertex 5.74913 -11.8691 31.6822
      vertex 6.03769 -11.4628 31.5899
      vertex 6.00594 -11.365 31.6822
    endloop
  endfacet
  facet normal 0.700153 -0.356758 0.618474
    outer loop
      vertex 6.03769 -11.4628 31.5899
      vertex 5.74913 -11.8691 31.6822
      vertex 5.78088 -11.9668 31.5899
    endloop
  endfacet
  facet normal 0.951054 0.309024 -0.000287421
    outer loop
      vertex 6.03769 -11.4628 31.5899
      vertex 5.40332 -9.51037 31.6822
      vertex 6.00594 -11.365 31.6822
    endloop
  endfacet
  facet normal 0.59813 -0.434566 0.673345
    outer loop
      vertex 10.7146 -2.2 31.6822
      vertex 5.40332 -9.51037 31.6822
      vertex 5.43543 -9.60919 31.5899
    endloop
  endfacet
  facet normal 0.509638 -0.509638 0.693208
    outer loop
      vertex 12.9533 -1.8 31.7641
      vertex 12.6647 -2.2 31.6822
      vertex 13.0647 -1.8 31.6822
    endloop
  endfacet
  facet normal 0.509638 -0.509638 0.693208
    outer loop
      vertex 12.6647 -2.2 31.6822
      vertex 12.9533 -1.8 31.7641
      vertex 12.5533 -2.2 31.7641
    endloop
  endfacet
  facet normal 0.592335 0 0.805692
    outer loop
      vertex 12.9533 1.8 31.7641
      vertex 13.0647 -1.8 31.6822
      vertex 13.0647 1.8 31.6822
    endloop
  endfacet
  facet normal 0.592335 0 0.805692
    outer loop
      vertex 13.0647 -1.8 31.6822
      vertex 12.9533 1.8 31.7641
      vertex 12.9533 -1.8 31.7641
    endloop
  endfacet
  facet normal 0.540626 0.392785 0.743938
    outer loop
      vertex 10.7146 2.2 31.6822
      vertex 5.3685 9.40321 31.7641
      vertex 10.6019 2.2 31.7641
    endloop
  endfacet
  facet normal 0.951056 -0.309019 1.54336e-05
    outer loop
      vertex 5.97152 11.2591 31.7641
      vertex 5.3685 9.40321 31.7641
      vertex 5.40332 9.51037 31.6822
    endloop
  endfacet
  facet normal -0.951058 0.309013 -0.000133394
    outer loop
      vertex 1.82129 12.7247 31.6822
      vertex 1.18386 10.7629 31.7641
      vertex 1.78687 12.6188 31.7641
    endloop
  endfacet
  facet normal -0.2066 0.635844 0.743652
    outer loop
      vertex 1.21868 10.87 31.6822
      vertex -7.28403 8.0115 31.7641
      vertex 1.18386 10.7629 31.7641
    endloop
  endfacet
  facet normal 0.587788 0.809015 5.16273e-05
    outer loop
      vertex -7.37518 8.07773 31.6822
      vertex -8.86273 9.1585 31.7641
      vertex -7.28403 8.0115 31.7641
    endloop
  endfacet
  facet normal -0.112744 0.711859 0.693214
    outer loop
      vertex -8.95286 9.22398 31.6822
      vertex -9.42145 9.07001 31.7641
      vertex -8.86273 9.1585 31.7641
    endloop
  endfacet
  facet normal -0.711973 -0.112775 0.693092
    outer loop
      vertex -11.5375 6.15755 31.7641
      vertex -11.6276 6.22303 31.6822
      vertex -11.449 5.59883 31.7641
    endloop
  endfacet
  facet normal -0.587783 -0.809019 -0.000186996
    outer loop
      vertex -11.449 5.59883 31.7641
      vertex -11.5391 5.66431 31.6822
      vertex -9.87028 4.45183 31.7641
    endloop
  endfacet
  facet normal -0.587783 0.809019 1.18534e-05
    outer loop
      vertex -9.96144 -4.51806 31.6822
      vertex -11.449 -5.59883 31.7641
      vertex -9.87028 -4.45183 31.7641
    endloop
  endfacet
  facet normal -0.711973 0.112775 0.693092
    outer loop
      vertex -11.449 -5.59883 31.7641
      vertex -11.5391 -5.66431 31.6822
      vertex -11.5375 -6.15755 31.7641
    endloop
  endfacet
  facet normal -0.479194 -0.348159 0.805704
    outer loop
      vertex -11.5375 -6.15755 31.7641
      vertex -9.51158 -9.13549 31.6822
      vertex -9.42145 -9.07001 31.7641
    endloop
  endfacet
  facet normal -0.479264 -0.348205 0.805642
    outer loop
      vertex -9.51158 -9.13549 31.6822
      vertex -11.5375 -6.15755 31.7641
      vertex -11.6276 -6.22303 31.6822
    endloop
  endfacet
  facet normal -0.112744 -0.711859 0.693214
    outer loop
      vertex -9.42145 -9.07001 31.7641
      vertex -9.51158 -9.13549 31.6822
      vertex -8.86273 -9.1585 31.7641
    endloop
  endfacet
  facet normal 0.587788 -0.809015 -3.65039e-05
    outer loop
      vertex -8.86273 -9.1585 31.7641
      vertex -8.95286 -9.22398 31.6822
      vertex -7.28403 -8.0115 31.7641
    endloop
  endfacet
  facet normal -0.206528 -0.635623 0.743862
    outer loop
      vertex -7.28403 -8.0115 31.7641
      vertex -7.37518 -8.07773 31.6822
      vertex 1.18386 -10.7629 31.7641
    endloop
  endfacet
  facet normal -0.951058 -0.309013 -0.000250701
    outer loop
      vertex 1.78687 -12.6188 31.7641
      vertex 1.18386 -10.7629 31.7641
      vertex 1.21868 -10.87 31.6822
    endloop
  endfacet
  facet normal -0.327269 -0.642341 0.693032
    outer loop
      vertex 2.2909 -12.8756 31.7641
      vertex 1.82129 -12.7247 31.6822
      vertex 2.32532 -12.9815 31.6822
    endloop
  endfacet
  facet normal -0.327269 -0.642341 0.693032
    outer loop
      vertex 1.82129 -12.7247 31.6822
      vertex 2.2909 -12.8756 31.7641
      vertex 1.78687 -12.6188 31.7641
    endloop
  endfacet
  facet normal 0.182977 -0.563178 0.805822
    outer loop
      vertex 5.7147 -11.7631 31.7641
      vertex 2.32532 -12.9815 31.6822
      vertex 5.74913 -11.8691 31.6822
    endloop
  endfacet
  facet normal 0.183097 -0.563496 0.805573
    outer loop
      vertex 2.32532 -12.9815 31.6822
      vertex 5.7147 -11.7631 31.7641
      vertex 2.2909 -12.8756 31.7641
    endloop
  endfacet
  facet normal 0.642263 -0.327274 0.693101
    outer loop
      vertex 5.7147 -11.7631 31.7641
      vertex 6.00594 -11.365 31.6822
      vertex 5.97152 -11.2591 31.7641
    endloop
  endfacet
  facet normal 0.642112 -0.327119 0.693315
    outer loop
      vertex 6.00594 -11.365 31.6822
      vertex 5.7147 -11.7631 31.7641
      vertex 5.74913 -11.8691 31.6822
    endloop
  endfacet
  facet normal 0.951056 0.309019 0.000124614
    outer loop
      vertex 6.00594 -11.365 31.6822
      vertex 5.3685 -9.40321 31.7641
      vertex 5.97152 -11.2591 31.7641
    endloop
  endfacet
  facet normal 0.54069 -0.392832 0.743867
    outer loop
      vertex 10.6019 -2.2 31.7641
      vertex 5.3685 -9.40321 31.7641
      vertex 5.40332 -9.51037 31.6822
    endloop
  endfacet
  facet normal 0.454494 -0.454494 0.766074
    outer loop
      vertex 12.8343 -1.8 31.8347
      vertex 12.4343 -2.2 31.8347
      vertex 12.5533 -2.2 31.7641
    endloop
  endfacet
  facet normal 0.510238 0 0.860033
    outer loop
      vertex 12.8343 1.8 31.8347
      vertex 12.9533 -1.8 31.7641
      vertex 12.9533 1.8 31.7641
    endloop
  endfacet
  facet normal 0.510238 0 0.860033
    outer loop
      vertex 12.9533 -1.8 31.7641
      vertex 12.8343 1.8 31.8347
      vertex 12.8343 -1.8 31.8347
    endloop
  endfacet
  facet normal 0.454494 0.454494 0.766074
    outer loop
      vertex 12.9533 1.8 31.7641
      vertex 12.4343 2.2 31.8347
      vertex 12.8343 1.8 31.8347
    endloop
  endfacet
  facet normal 0.475041 0.34514 0.809453
    outer loop
      vertex 10.6019 2.2 31.7641
      vertex 5.3313 9.28872 31.8347
      vertex 10.4816 2.2 31.8347
    endloop
  endfacet
  facet normal 0.951054 -0.309024 -1.37417e-05
    outer loop
      vertex 5.93475 11.1459 31.8347
      vertex 5.3313 9.28872 31.8347
      vertex 5.3685 9.40321 31.7641
    endloop
  endfacet
  facet normal 0.157736 0.485488 0.859896
    outer loop
      vertex 5.7147 11.7631 31.7641
      vertex 2.25413 12.7624 31.8347
      vertex 5.67793 11.65 31.8347
    endloop
  endfacet
  facet normal -0.951057 0.309017 0.000146258
    outer loop
      vertex 1.78687 12.6188 31.7641
      vertex 1.14666 10.6484 31.8347
      vertex 1.7501 12.5056 31.8347
    endloop
  endfacet
  facet normal -0.181358 0.55816 0.809671
    outer loop
      vertex 1.18386 10.7629 31.7641
      vertex -7.18663 7.94074 31.8347
      vertex 1.14666 10.6484 31.8347
    endloop
  endfacet
  facet normal 0.587785 0.809017 -5.94022e-05
    outer loop
      vertex -7.28403 8.0115 31.7641
      vertex -8.76647 9.08856 31.8347
      vertex -7.18663 7.94074 31.8347
    endloop
  endfacet
  facet normal -0.100552 0.634878 0.766041
    outer loop
      vertex -8.86273 9.1585 31.7641
      vertex -9.32519 9.00007 31.8347
      vertex -8.76647 9.08856 31.8347
    endloop
  endfacet
  facet normal -0.63472 -0.100538 0.766174
    outer loop
      vertex -11.4412 6.08761 31.8347
      vertex -11.5375 6.15755 31.7641
      vertex -11.3527 5.52889 31.8347
    endloop
  endfacet
  facet normal -0.587792 -0.809012 0.00031302
    outer loop
      vertex -11.3527 5.52889 31.8347
      vertex -11.449 5.59883 31.7641
      vertex -9.77289 4.38107 31.8347
    endloop
  endfacet
  facet normal -0.587792 0.809012 -8.45609e-06
    outer loop
      vertex -9.87028 -4.45183 31.7641
      vertex -11.3527 -5.52889 31.8347
      vertex -9.77289 -4.38107 31.8347
    endloop
  endfacet
  facet normal -0.63472 0.100538 0.766174
    outer loop
      vertex -11.3527 -5.52889 31.8347
      vertex -11.449 -5.59883 31.7641
      vertex -11.4412 -6.08761 31.8347
    endloop
  endfacet
  facet normal -0.412829 -0.299936 0.860006
    outer loop
      vertex -11.4412 -6.08761 31.8347
      vertex -9.42145 -9.07001 31.7641
      vertex -9.32519 -9.00007 31.8347
    endloop
  endfacet
  facet normal -0.412743 -0.299879 0.860067
    outer loop
      vertex -9.42145 -9.07001 31.7641
      vertex -11.4412 -6.08761 31.8347
      vertex -11.5375 -6.15755 31.7641
    endloop
  endfacet
  facet normal -0.100552 -0.634878 0.766041
    outer loop
      vertex -9.32519 -9.00007 31.8347
      vertex -9.42145 -9.07001 31.7641
      vertex -8.76647 -9.08856 31.8347
    endloop
  endfacet
  facet normal 0.587785 -0.809017 3.52253e-05
    outer loop
      vertex -8.76647 -9.08856 31.8347
      vertex -8.86273 -9.1585 31.7641
      vertex -7.18663 -7.94074 31.8347
    endloop
  endfacet
  facet normal -0.181364 -0.55818 0.809656
    outer loop
      vertex -7.18663 -7.94074 31.8347
      vertex -7.28403 -8.0115 31.7641
      vertex 1.14666 -10.6484 31.8347
    endloop
  endfacet
  facet normal -0.951057 -0.309017 4.38107e-05
    outer loop
      vertex 1.7501 -12.5056 31.8347
      vertex 1.14666 -10.6484 31.8347
      vertex 1.18386 -10.7629 31.7641
    endloop
  endfacet
  facet normal -0.291738 -0.572603 0.766169
    outer loop
      vertex 2.25413 -12.7624 31.8347
      vertex 1.78687 -12.6188 31.7641
      vertex 2.2909 -12.8756 31.7641
    endloop
  endfacet
  facet normal -0.291738 -0.572603 0.766169
    outer loop
      vertex 1.78687 -12.6188 31.7641
      vertex 2.25413 -12.7624 31.8347
      vertex 1.7501 -12.5056 31.8347
    endloop
  endfacet
  facet normal 0.157643 -0.485201 0.860075
    outer loop
      vertex 5.67793 -11.65 31.8347
      vertex 2.25413 -12.7624 31.8347
      vertex 2.2909 -12.8756 31.7641
    endloop
  endfacet
  facet normal 0.572695 -0.291766 0.76609
    outer loop
      vertex 5.67793 -11.65 31.8347
      vertex 5.97152 -11.2591 31.7641
      vertex 5.93475 -11.1459 31.8347
    endloop
  endfacet
  facet normal 0.572826 -0.291891 0.765944
    outer loop
      vertex 5.97152 -11.2591 31.7641
      vertex 5.67793 -11.65 31.8347
      vertex 5.7147 -11.7631 31.7641
    endloop
  endfacet
  facet normal 0.951054 0.309024 -0.000159804
    outer loop
      vertex 5.97152 -11.2591 31.7641
      vertex 5.3313 -9.28872 31.8347
      vertex 5.93475 -11.1459 31.8347
    endloop
  endfacet
  facet normal 0.474827 -0.344985 0.809645
    outer loop
      vertex 10.4816 -2.2 31.8347
      vertex 5.3313 -9.28872 31.8347
      vertex 5.3685 -9.40321 31.7641
    endloop
  endfacet
  facet normal 0.390324 -0.390324 0.833843
    outer loop
      vertex 12.7089 -1.8 31.8934
      vertex 12.4343 -2.2 31.8347
      vertex 12.8343 -1.8 31.8347
    endloop
  endfacet
  facet normal 0.390324 -0.390324 0.833843
    outer loop
      vertex 12.4343 -2.2 31.8347
      vertex 12.7089 -1.8 31.8934
      vertex 12.3089 -2.2 31.8934
    endloop
  endfacet
  facet normal 0.423953 0 0.905684
    outer loop
      vertex 12.7089 1.8 31.8934
      vertex 12.8343 -1.8 31.8347
      vertex 12.8343 1.8 31.8347
    endloop
  endfacet
  facet normal 0.423953 0 0.905684
    outer loop
      vertex 12.8343 -1.8 31.8347
      vertex 12.7089 1.8 31.8934
      vertex 12.7089 -1.8 31.8934
    endloop
  endfacet
  facet normal 0.401326 0.291579 0.868285
    outer loop
      vertex 10.4816 2.2 31.8347
      vertex 5.29208 9.168 31.8934
      vertex 10.3546 2.2 31.8934
    endloop
  endfacet
  facet normal 0.951054 -0.309024 -8.47599e-05
    outer loop
      vertex 5.89599 11.0266 31.8934
      vertex 5.29208 9.168 31.8934
      vertex 5.3313 9.28872 31.8347
    endloop
  endfacet
  facet normal 0.130969 0.403103 0.905734
    outer loop
      vertex 5.67793 11.65 31.8347
      vertex 2.21537 12.6431 31.8934
      vertex 5.63917 11.5307 31.8934
    endloop
  endfacet
  facet normal -0.951054 0.309024 6.21281e-05
    outer loop
      vertex 1.7501 12.5056 31.8347
      vertex 1.10743 10.5277 31.8934
      vertex 1.71134 12.3863 31.8934
    endloop
  endfacet
  facet normal -0.15338 0.472048 0.868128
    outer loop
      vertex 1.14666 10.6484 31.8347
      vertex -7.08394 7.86613 31.8934
      vertex 1.10743 10.5277 31.8934
    endloop
  endfacet
  facet normal 0.587786 0.809016 1.6185e-05
    outer loop
      vertex -7.18663 7.94074 31.8347
      vertex -8.665 9.01484 31.8934
      vertex -7.08394 7.86613 31.8934
    endloop
  endfacet
  facet normal -0.08634 0.545145 0.833884
    outer loop
      vertex -8.76647 9.08856 31.8347
      vertex -9.22372 8.92635 31.8934
      vertex -8.665 9.01484 31.8934
    endloop
  endfacet
  facet normal -0.544964 -0.0862236 0.834014
    outer loop
      vertex -11.3397 6.01388 31.8934
      vertex -11.4412 6.08761 31.8347
      vertex -11.2513 5.45516 31.8934
    endloop
  endfacet
  facet normal -0.58777 -0.809027 -0.000846067
    outer loop
      vertex -11.2513 5.45516 31.8934
      vertex -11.3527 5.52889 31.8347
      vertex -9.67019 4.30646 31.8934
    endloop
  endfacet
  facet normal -0.587771 0.809028 4.24767e-05
    outer loop
      vertex -9.77289 -4.38107 31.8347
      vertex -11.2513 -5.45516 31.8934
      vertex -9.67019 -4.30646 31.8934
    endloop
  endfacet
  facet normal -0.545387 0.0862904 0.833731
    outer loop
      vertex -11.2513 -5.45516 31.8934
      vertex -11.3527 -5.52889 31.8347
      vertex -11.3397 -6.01388 31.8934
    endloop
  endfacet
  facet normal -0.342937 -0.249152 0.905714
    outer loop
      vertex -11.3397 -6.01388 31.8934
      vertex -9.32519 -9.00007 31.8347
      vertex -9.22372 -8.92635 31.8934
    endloop
  endfacet
  facet normal -0.342868 -0.249106 0.905753
    outer loop
      vertex -9.32519 -9.00007 31.8347
      vertex -11.3397 -6.01388 31.8934
      vertex -11.4412 -6.08761 31.8347
    endloop
  endfacet
  facet normal -0.08634 -0.545145 0.833884
    outer loop
      vertex -9.22372 -8.92635 31.8934
      vertex -9.32519 -9.00007 31.8347
      vertex -8.665 -9.01484 31.8934
    endloop
  endfacet
  facet normal 0.587786 -0.809016 -3.36523e-05
    outer loop
      vertex -8.665 -9.01484 31.8934
      vertex -8.76647 -9.08856 31.8347
      vertex -7.08394 -7.86613 31.8934
    endloop
  endfacet
  facet normal -0.153355 -0.471971 0.868174
    outer loop
      vertex -7.08394 -7.86613 31.8934
      vertex -7.18663 -7.94074 31.8347
      vertex 1.10743 -10.5277 31.8934
    endloop
  endfacet
  facet normal -0.951054 -0.309024 -0.000182549
    outer loop
      vertex 1.71134 -12.3863 31.8934
      vertex 1.10743 -10.5277 31.8934
      vertex 1.14666 -10.6484 31.8347
    endloop
  endfacet
  facet normal -0.250529 -0.491722 0.833933
    outer loop
      vertex 2.21537 -12.6431 31.8934
      vertex 1.7501 -12.5056 31.8347
      vertex 2.25413 -12.7624 31.8347
    endloop
  endfacet
  facet normal -0.250529 -0.491722 0.833933
    outer loop
      vertex 1.7501 -12.5056 31.8347
      vertex 2.21537 -12.6431 31.8934
      vertex 1.71134 -12.3863 31.8934
    endloop
  endfacet
  facet normal 0.130969 -0.403103 0.905734
    outer loop
      vertex 5.63917 -11.5307 31.8934
      vertex 2.21537 -12.6431 31.8934
      vertex 2.25413 -12.7624 31.8347
    endloop
  endfacet
  facet normal 0.491769 -0.250538 0.833903
    outer loop
      vertex 5.63917 -11.5307 31.8934
      vertex 5.93475 -11.1459 31.8347
      vertex 5.89599 -11.0266 31.8934
    endloop
  endfacet
  facet normal 0.491769 -0.250538 0.833903
    outer loop
      vertex 5.93475 -11.1459 31.8347
      vertex 5.63917 -11.5307 31.8934
      vertex 5.67793 -11.65 31.8347
    endloop
  endfacet
  facet normal 0.951054 0.309024 -6.21281e-05
    outer loop
      vertex 5.93475 -11.1459 31.8347
      vertex 5.29208 -9.168 31.8934
      vertex 5.89599 -11.0266 31.8934
    endloop
  endfacet
  facet normal 0.401498 -0.291704 0.868164
    outer loop
      vertex 10.3546 -2.2 31.8934
      vertex 5.29208 -9.168 31.8934
      vertex 5.3313 -9.28872 31.8347
    endloop
  endfacet
  facet normal 0.316917 -0.316917 0.893939
    outer loop
      vertex 12.5783 -1.8 31.9397
      vertex 12.1783 -2.2 31.9397
      vertex 12.3089 -2.2 31.8934
    endloop
  endfacet
  facet normal 0.334141 0 0.942523
    outer loop
      vertex 12.5783 1.8 31.9397
      vertex 12.7089 -1.8 31.8934
      vertex 12.7089 1.8 31.8934
    endloop
  endfacet
  facet normal 0.334141 0 0.942523
    outer loop
      vertex 12.7089 -1.8 31.8934
      vertex 12.5783 1.8 31.9397
      vertex 12.5783 -1.8 31.9397
    endloop
  endfacet
  facet normal 0.316917 0.316917 0.893939
    outer loop
      vertex 12.7089 1.8 31.8934
      vertex 12.1783 2.2 31.9397
      vertex 12.5783 1.8 31.9397
    endloop
  endfacet
  facet normal 0.321198 0.233362 0.917809
    outer loop
      vertex 10.3546 2.2 31.8934
      vertex 5.2512 9.04219 31.9397
      vertex 10.2223 2.2 31.9397
    endloop
  endfacet
  facet normal 0.951058 -0.309013 5.03832e-05
    outer loop
      vertex 5.85561 10.9024 31.9397
      vertex 5.2512 9.04219 31.9397
      vertex 5.29208 9.168 31.8934
    endloop
  endfacet
  facet normal -0.203578 0.399414 0.893882
    outer loop
      vertex 2.21537 12.6431 31.8934
      vertex 1.67096 12.262 31.9397
      vertex 2.17499 12.5189 31.9397
    endloop
  endfacet
  facet normal -0.951052 0.309029 0.00019132
    outer loop
      vertex 1.71134 12.3863 31.8934
      vertex 1.06655 10.4019 31.9397
      vertex 1.67096 12.262 31.9397
    endloop
  endfacet
  facet normal -0.122711 0.377659 0.917778
    outer loop
      vertex 1.10743 10.5277 31.8934
      vertex -6.97692 7.78838 31.9397
      vertex 1.06655 10.4019 31.9397
    endloop
  endfacet
  facet normal 0.587786 0.809017 -8.11151e-05
    outer loop
      vertex -7.08394 7.86613 31.8934
      vertex -8.55929 8.93804 31.9397
      vertex -6.97692 7.78838 31.9397
    endloop
  endfacet
  facet normal -0.0700911 0.4425 0.894025
    outer loop
      vertex -8.665 9.01484 31.8934
      vertex -9.11801 8.84954 31.9397
      vertex -8.55929 8.93804 31.9397
    endloop
  endfacet
  facet normal -0.442535 -0.0700966 0.894007
    outer loop
      vertex -11.234 5.93708 31.9397
      vertex -11.3397 6.01388 31.8934
      vertex -11.1455 5.37836 31.9397
    endloop
  endfacet
  facet normal -0.587797 -0.809007 0.00123515
    outer loop
      vertex -11.1455 5.37836 31.9397
      vertex -11.2513 5.45516 31.8934
      vertex -9.56318 4.2287 31.9397
    endloop
  endfacet
  facet normal -0.587798 0.809008 -0.00017764
    outer loop
      vertex -9.67019 -4.30646 31.8934
      vertex -11.1455 -5.37836 31.9397
      vertex -9.56318 -4.2287 31.9397
    endloop
  endfacet
  facet normal -0.442157 0.0700367 0.894199
    outer loop
      vertex -11.1455 -5.37836 31.9397
      vertex -11.2513 -5.45516 31.8934
      vertex -11.234 -5.93708 31.9397
    endloop
  endfacet
  facet normal -0.270201 -0.196309 0.942579
    outer loop
      vertex -11.234 -5.93708 31.9397
      vertex -9.22372 -8.92635 31.8934
      vertex -9.11801 -8.84954 31.9397
    endloop
  endfacet
  facet normal -0.270227 -0.196326 0.942567
    outer loop
      vertex -9.22372 -8.92635 31.8934
      vertex -11.234 -5.93708 31.9397
      vertex -11.3397 -6.01388 31.8934
    endloop
  endfacet
  facet normal -0.0700851 -0.442463 0.894044
    outer loop
      vertex -9.11801 -8.84954 31.9397
      vertex -9.22372 -8.92635 31.8934
      vertex -8.55929 -8.93804 31.9397
    endloop
  endfacet
  facet normal 0.587786 -0.809017 -5.01618e-05
    outer loop
      vertex -8.55929 -8.93804 31.9397
      vertex -8.665 -9.01484 31.8934
      vertex -6.97692 -7.78838 31.9397
    endloop
  endfacet
  facet normal -0.122705 -0.377641 0.917786
    outer loop
      vertex -6.97692 -7.78838 31.9397
      vertex -7.08394 -7.86613 31.8934
      vertex 1.06655 -10.4019 31.9397
    endloop
  endfacet
  facet normal -0.951052 -0.309029 -6.74727e-05
    outer loop
      vertex 1.67096 -12.262 31.9397
      vertex 1.06655 -10.4019 31.9397
      vertex 1.10743 -10.5277 31.8934
    endloop
  endfacet
  facet normal -0.203421 -0.399106 0.894055
    outer loop
      vertex 2.17499 -12.5189 31.9397
      vertex 1.67096 -12.262 31.9397
      vertex 1.71134 -12.3863 31.8934
    endloop
  endfacet
  facet normal 0.103186 -0.317591 0.942597
    outer loop
      vertex 5.5988 -11.4064 31.9397
      vertex 2.21537 -12.6431 31.8934
      vertex 5.63917 -11.5307 31.8934
    endloop
  endfacet
  facet normal 0.103259 -0.317787 0.942523
    outer loop
      vertex 2.21537 -12.6431 31.8934
      vertex 5.5988 -11.4064 31.9397
      vertex 2.17499 -12.5189 31.9397
    endloop
  endfacet
  facet normal 0.399275 -0.203448 0.893973
    outer loop
      vertex 5.5988 -11.4064 31.9397
      vertex 5.89599 -11.0266 31.8934
      vertex 5.85561 -10.9024 31.9397
    endloop
  endfacet
  facet normal 0.399183 -0.203369 0.894033
    outer loop
      vertex 5.89599 -11.0266 31.8934
      vertex 5.5988 -11.4064 31.9397
      vertex 5.63917 -11.5307 31.8934
    endloop
  endfacet
  facet normal 0.951058 0.309013 0.000525153
    outer loop
      vertex 5.89599 -11.0266 31.8934
      vertex 5.2512 -9.04219 31.9397
      vertex 5.85561 -10.9024 31.9397
    endloop
  endfacet
  facet normal 0.321228 -0.233384 0.917793
    outer loop
      vertex 10.2223 -2.2 31.9397
      vertex 5.2512 -9.04219 31.9397
      vertex 5.29208 -9.168 31.8934
    endloop
  endfacet
  facet normal 0.233989 -0.233989 0.943662
    outer loop
      vertex 12.4436 -1.8 31.9731
      vertex 12.1783 -2.2 31.9397
      vertex 12.5783 -1.8 31.9397
    endloop
  endfacet
  facet normal 0.233989 -0.233989 0.943662
    outer loop
      vertex 12.1783 -2.2 31.9397
      vertex 12.4436 -1.8 31.9731
      vertex 12.0436 -2.2 31.9731
    endloop
  endfacet
  facet normal 0.24067 0 0.970607
    outer loop
      vertex 12.4436 1.8 31.9731
      vertex 12.5783 -1.8 31.9397
      vertex 12.5783 1.8 31.9397
    endloop
  endfacet
  facet normal 0.24067 0 0.970607
    outer loop
      vertex 12.5783 -1.8 31.9397
      vertex 12.4436 1.8 31.9731
      vertex 12.4436 -1.8 31.9731
    endloop
  endfacet
  facet normal 0.234525 0.170393 0.95706
    outer loop
      vertex 10.2223 2.2 31.9397
      vertex 5.20906 8.9125 31.9731
      vertex 10.086 2.2 31.9731
    endloop
  endfacet
  facet normal 0.951056 -0.309019 2.42168e-05
    outer loop
      vertex 5.814 10.7743 31.9731
      vertex 5.20906 8.9125 31.9731
      vertex 5.2512 9.04219 31.9397
    endloop
  endfacet
  facet normal -0.150213 0.294828 0.94367
    outer loop
      vertex 2.17499 12.5189 31.9397
      vertex 1.62936 12.134 31.9731
      vertex 2.13339 12.3908 31.9731
    endloop
  endfacet
  facet normal -0.951054 0.309024 -0.000264283
    outer loop
      vertex 1.67096 12.262 31.9397
      vertex 1.02441 10.2722 31.9731
      vertex 1.62936 12.134 31.9731
    endloop
  endfacet
  facet normal -0.0895363 0.275562 0.957104
    outer loop
      vertex 1.06655 10.4019 31.9397
      vertex -6.8666 7.70823 31.9731
      vertex 1.02441 10.2722 31.9731
    endloop
  endfacet
  facet normal 0.587786 0.809017 -5.42999e-05
    outer loop
      vertex -6.97692 7.78838 31.9397
      vertex -8.45036 8.8589 31.9731
      vertex -6.8666 7.70823 31.9731
    endloop
  endfacet
  facet normal -0.0517894 0.326958 0.943619
    outer loop
      vertex -8.55929 8.93804 31.9397
      vertex -9.00908 8.7704 31.9731
      vertex -8.45036 8.8589 31.9731
    endloop
  endfacet
  facet normal -0.194783 0.141518 0.970583
    outer loop
      vertex -9.11801 8.84954 31.9397
      vertex -11.1251 5.85794 31.9731
      vertex -9.00908 8.7704 31.9731
    endloop
  endfacet
  facet normal -0.327048 -0.0518037 0.943587
    outer loop
      vertex -11.1251 5.85794 31.9731
      vertex -11.234 5.93708 31.9397
      vertex -11.0366 5.29922 31.9731
    endloop
  endfacet
  facet normal -0.587788 -0.809015 -0.000459006
    outer loop
      vertex -11.0366 5.29922 31.9731
      vertex -11.1455 5.37836 31.9397
      vertex -9.45285 4.14855 31.9731
    endloop
  endfacet
  facet normal -0.587788 0.809015 0.000242543
    outer loop
      vertex -9.56318 -4.2287 31.9397
      vertex -11.0366 -5.29922 31.9731
      vertex -9.45285 -4.14855 31.9731
    endloop
  endfacet
  facet normal -0.327048 0.0518037 0.943587
    outer loop
      vertex -11.0366 -5.29922 31.9731
      vertex -11.1455 -5.37836 31.9397
      vertex -11.1251 -5.85794 31.9731
    endloop
  endfacet
  facet normal -0.194816 -0.141542 0.970573
    outer loop
      vertex -11.1251 -5.85794 31.9731
      vertex -11.234 -5.93708 31.9397
      vertex -9.00908 -8.7704 31.9731
    endloop
  endfacet
  facet normal -0.0517894 -0.326958 0.943619
    outer loop
      vertex -9.00908 -8.7704 31.9731
      vertex -9.11801 -8.84954 31.9397
      vertex -8.45036 -8.8589 31.9731
    endloop
  endfacet
  facet normal 0.587786 -0.809017 -5.68433e-05
    outer loop
      vertex -8.45036 -8.8589 31.9731
      vertex -8.55929 -8.93804 31.9397
      vertex -6.8666 -7.70823 31.9731
    endloop
  endfacet
  facet normal -0.089545 -0.275588 0.957096
    outer loop
      vertex -6.8666 -7.70823 31.9731
      vertex -6.97692 -7.78838 31.9397
      vertex 1.02441 -10.2722 31.9731
    endloop
  endfacet
  facet normal -0.951054 -0.309024 8.81403e-05
    outer loop
      vertex 1.62936 -12.134 31.9731
      vertex 1.02441 -10.2722 31.9731
      vertex 1.06655 -10.4019 31.9397
    endloop
  endfacet
  facet normal -0.150338 -0.295073 0.943573
    outer loop
      vertex 2.13339 -12.3908 31.9731
      vertex 1.62936 -12.134 31.9731
      vertex 1.67096 -12.262 31.9397
    endloop
  endfacet
  facet normal 0.0743794 -0.228909 0.970602
    outer loop
      vertex 5.55719 -11.2783 31.9731
      vertex 2.17499 -12.5189 31.9397
      vertex 5.5988 -11.4064 31.9397
    endloop
  endfacet
  facet normal 0.0743812 -0.228913 0.970601
    outer loop
      vertex 2.17499 -12.5189 31.9397
      vertex 5.55719 -11.2783 31.9731
      vertex 2.13339 -12.3908 31.9731
    endloop
  endfacet
  facet normal 0.294882 -0.150255 0.943646
    outer loop
      vertex 5.55719 -11.2783 31.9731
      vertex 5.85561 -10.9024 31.9397
      vertex 5.814 -10.7743 31.9731
    endloop
  endfacet
  facet normal 0.294882 -0.150255 0.943646
    outer loop
      vertex 5.85561 -10.9024 31.9397
      vertex 5.55719 -11.2783 31.9731
      vertex 5.5988 -11.4064 31.9397
    endloop
  endfacet
  facet normal 0.951056 0.309019 -0.000356599
    outer loop
      vertex 5.85561 -10.9024 31.9397
      vertex 5.20906 -8.9125 31.9731
      vertex 5.814 -10.7743 31.9731
    endloop
  endfacet
  facet normal 0.234422 -0.170318 0.957099
    outer loop
      vertex 10.086 -2.2 31.9731
      vertex 5.20906 -8.9125 31.9731
      vertex 5.2512 -9.04219 31.9397
    endloop
  endfacet
  facet normal 0.144038 -0.144038 0.979033
    outer loop
      vertex 12.3063 -1.8 31.9933
      vertex 11.9063 -2.2 31.9933
      vertex 12.0436 -2.2 31.9731
    endloop
  endfacet
  facet normal 0.145556 0 0.98935
    outer loop
      vertex 12.3063 1.8 31.9933
      vertex 12.4436 -1.8 31.9731
      vertex 12.4436 1.8 31.9731
    endloop
  endfacet
  facet normal 0.145556 0 0.98935
    outer loop
      vertex 12.4436 -1.8 31.9731
      vertex 12.3063 1.8 31.9933
      vertex 12.3063 -1.8 31.9933
    endloop
  endfacet
  facet normal 0.144038 0.144038 0.979033
    outer loop
      vertex 12.4436 1.8 31.9731
      vertex 11.9063 2.2 31.9933
      vertex 12.3063 1.8 31.9933
    endloop
  endfacet
  facet normal 0.142865 0.103797 0.984284
    outer loop
      vertex 10.086 2.2 31.9731
      vertex 5.16607 8.78016 31.9933
      vertex 9.94683 2.2 31.9933
    endloop
  endfacet
  facet normal 0.951057 -0.309017 -0.000461977
    outer loop
      vertex 5.77157 10.6437 31.9933
      vertex 5.16607 8.78016 31.9933
      vertex 5.20906 8.9125 31.9731
    endloop
  endfacet
  facet normal 0.0449735 0.138409 0.989353
    outer loop
      vertex 5.55719 11.2783 31.9731
      vertex 2.09095 12.2602 31.9933
      vertex 5.51475 11.1477 31.9933
    endloop
  endfacet
  facet normal -0.0924602 0.181475 0.979039
    outer loop
      vertex 2.13339 12.3908 31.9731
      vertex 1.58692 12.0034 31.9933
      vertex 2.09095 12.2602 31.9933
    endloop
  endfacet
  facet normal -0.951059 0.309009 -0.000315604
    outer loop
      vertex 1.62936 12.134 31.9731
      vertex 0.981417 10.1398 31.9933
      vertex 1.58692 12.0034 31.9933
    endloop
  endfacet
  facet normal -0.0545483 0.167885 0.984296
    outer loop
      vertex 1.02441 10.2722 31.9731
      vertex -6.75403 7.62644 31.9933
      vertex 0.981417 10.1398 31.9933
    endloop
  endfacet
  facet normal 0.587783 0.809019 0.000144403
    outer loop
      vertex -6.8666 7.70823 31.9731
      vertex -8.33926 8.77817 31.9933
      vertex -6.75403 7.62644 31.9933
    endloop
  endfacet
  facet normal -0.0318556 0.201134 0.979046
    outer loop
      vertex -8.45036 8.8589 31.9731
      vertex -8.89798 8.68968 31.9933
      vertex -8.33926 8.77817 31.9933
    endloop
  endfacet
  facet normal -0.117734 0.0855387 0.989354
    outer loop
      vertex -9.00908 8.7704 31.9731
      vertex -11.014 5.77722 31.9933
      vertex -8.89798 8.68968 31.9933
    endloop
  endfacet
  facet normal -0.201157 -0.0318629 0.979041
    outer loop
      vertex -11.014 5.77722 31.9933
      vertex -11.1251 5.85794 31.9731
      vertex -10.9255 5.2185 31.9933
    endloop
  endfacet
  facet normal -0.587791 -0.809013 4.11312e-06
    outer loop
      vertex -10.9255 5.2185 31.9933
      vertex -11.0366 5.29922 31.9731
      vertex -9.34029 4.06676 31.9933
    endloop
  endfacet
  facet normal -0.587791 0.809013 -0.000365621
    outer loop
      vertex -9.45285 -4.14855 31.9731
      vertex -10.9255 -5.2185 31.9933
      vertex -9.34029 -4.06676 31.9933
    endloop
  endfacet
  facet normal -0.201157 0.0318629 0.979041
    outer loop
      vertex -10.9255 -5.2185 31.9933
      vertex -11.0366 -5.29922 31.9731
      vertex -11.014 -5.77722 31.9933
    endloop
  endfacet
  facet normal -0.117734 -0.0855387 0.989354
    outer loop
      vertex -11.014 -5.77722 31.9933
      vertex -11.1251 -5.85794 31.9731
      vertex -8.89798 -8.68968 31.9933
    endloop
  endfacet
  facet normal -0.0318587 -0.201154 0.979041
    outer loop
      vertex -8.89798 -8.68968 31.9933
      vertex -9.00908 -8.7704 31.9731
      vertex -8.33926 -8.77817 31.9933
    endloop
  endfacet
  facet normal 0.587783 -0.809019 0.000465248
    outer loop
      vertex -8.33926 -8.77817 31.9933
      vertex -8.45036 -8.8589 31.9731
      vertex -6.75403 -7.62644 31.9933
    endloop
  endfacet
  facet normal -0.0545775 -0.167975 0.984279
    outer loop
      vertex -6.75403 -7.62644 31.9933
      vertex -6.8666 -7.70823 31.9731
      vertex 0.981417 -10.1398 31.9933
    endloop
  endfacet
  facet normal -0.951058 -0.309009 0.00118343
    outer loop
      vertex 1.58692 -12.0034 31.9933
      vertex 0.981417 -10.1398 31.9933
      vertex 1.02441 -10.2722 31.9731
    endloop
  endfacet
  facet normal -0.0924602 -0.181475 0.979039
    outer loop
      vertex 2.09095 -12.2602 31.9933
      vertex 1.58692 -12.0034 31.9933
      vertex 1.62936 -12.134 31.9731
    endloop
  endfacet
  facet normal 0.0449735 -0.138409 0.989353
    outer loop
      vertex 5.51475 -11.1477 31.9933
      vertex 2.09095 -12.2602 31.9933
      vertex 2.13339 -12.3908 31.9731
    endloop
  endfacet
  facet normal 0.181472 -0.0924713 0.979039
    outer loop
      vertex 5.51475 -11.1477 31.9933
      vertex 5.814 -10.7743 31.9731
      vertex 5.77157 -10.6437 31.9933
    endloop
  endfacet
  facet normal 0.18146 -0.0924617 0.979042
    outer loop
      vertex 5.814 -10.7743 31.9731
      vertex 5.51475 -11.1477 31.9933
      vertex 5.55719 -11.2783 31.9731
    endloop
  endfacet
  facet normal 0.951057 0.309017 -0.000209642
    outer loop
      vertex 5.814 -10.7743 31.9731
      vertex 5.16607 -8.78016 31.9933
      vertex 5.77157 -10.6437 31.9933
    endloop
  endfacet
  facet normal 0.142894 -0.103819 0.984278
    outer loop
      vertex 9.94683 -2.2 31.9933
      vertex 5.16607 -8.78016 31.9933
      vertex 5.20906 -8.9125 31.9731
    endloop
  endfacet
  facet normal 0 -1 0
    outer loop
      vertex 9.94683 -2.2 31.9933
      vertex 11.7676 -2.2 32
      vertex 9.80625 -2.2 32
    endloop
  endfacet
  facet normal 0 -1 0
    outer loop
      vertex 10.086 -2.2 31.9731
      vertex 11.7676 -2.2 32
      vertex 9.94683 -2.2 31.9933
    endloop
  endfacet
  facet normal 0 -1 0
    outer loop
      vertex 10.2223 -2.2 31.9397
      vertex 11.7676 -2.2 32
      vertex 10.086 -2.2 31.9731
    endloop
  endfacet
  facet normal 0 -1 0
    outer loop
      vertex 10.3546 -2.2 31.8934
      vertex 11.7676 -2.2 32
      vertex 10.2223 -2.2 31.9397
    endloop
  endfacet
  facet normal 0 -1 0
    outer loop
      vertex 10.4816 -2.2 31.8347
      vertex 11.7676 -2.2 32
      vertex 10.3546 -2.2 31.8934
    endloop
  endfacet
  facet normal 0 -1 0
    outer loop
      vertex 10.6019 -2.2 31.7641
      vertex 11.7676 -2.2 32
      vertex 10.4816 -2.2 31.8347
    endloop
  endfacet
  facet normal 0 -1 0
    outer loop
      vertex 10.7146 -2.2 31.6822
      vertex 11.7676 -2.2 32
      vertex 10.6019 -2.2 31.7641
    endloop
  endfacet
  facet normal 0 -1 0
    outer loop
      vertex 10.8185 -2.2 31.5899
      vertex 11.7676 -2.2 32
      vertex 10.7146 -2.2 31.6822
    endloop
  endfacet
  facet normal 0 -1 0
    outer loop
      vertex 10.9127 -2.2 31.4882
      vertex 11.7676 -2.2 32
      vertex 10.8185 -2.2 31.5899
    endloop
  endfacet
  facet normal 0 -1 0
    outer loop
      vertex 10.9961 -2.2 31.3778
      vertex 11.7676 -2.2 32
      vertex 10.9127 -2.2 31.4882
    endloop
  endfacet
  facet normal 0 -1 0
    outer loop
      vertex 11.0682 -2.2 31.26
      vertex 11.7676 -2.2 32
      vertex 10.9961 -2.2 31.3778
    endloop
  endfacet
  facet normal 0 -1 0
    outer loop
      vertex 11.128 -2.2 31.1358
      vertex 11.7676 -2.2 32
      vertex 11.0682 -2.2 31.26
    endloop
  endfacet
  facet normal 0 -1 -0
    outer loop
      vertex 11.7676 -2.2 32
      vertex 11.128 -2.2 31.1358
      vertex 11.9063 -2.2 31.9933
    endloop
  endfacet
  facet normal 0 -1 0
    outer loop
      vertex 11.1752 -2.2 31.0064
      vertex 11.9063 -2.2 31.9933
      vertex 11.128 -2.2 31.1358
    endloop
  endfacet
  facet normal 0 -1 -0
    outer loop
      vertex 11.9063 -2.2 31.9933
      vertex 11.1752 -2.2 31.0064
      vertex 12.0436 -2.2 31.9731
    endloop
  endfacet
  facet normal 0 -1 -0
    outer loop
      vertex 12.0436 -2.2 31.9731
      vertex 11.1752 -2.2 31.0064
      vertex 12.1783 -2.2 31.9397
    endloop
  endfacet
  facet normal 0 -1 -0
    outer loop
      vertex 12.1783 -2.2 31.9397
      vertex 11.1752 -2.2 31.0064
      vertex 12.3089 -2.2 31.8934
    endloop
  endfacet
  facet normal 0 -1 0
    outer loop
      vertex 11.2092 -2.2 30.8731
      vertex 12.3089 -2.2 31.8934
      vertex 11.1752 -2.2 31.0064
    endloop
  endfacet
  facet normal 0 -1 -0
    outer loop
      vertex 12.3089 -2.2 31.8934
      vertex 11.2092 -2.2 30.8731
      vertex 12.4343 -2.2 31.8347
    endloop
  endfacet
  facet normal 0 -1 -0
    outer loop
      vertex 12.4343 -2.2 31.8347
      vertex 11.2092 -2.2 30.8731
      vertex 12.5533 -2.2 31.7641
    endloop
  endfacet
  facet normal 0 -1 -0
    outer loop
      vertex 12.5533 -2.2 31.7641
      vertex 11.2092 -2.2 30.8731
      vertex 12.6647 -2.2 31.6822
    endloop
  endfacet
  facet normal 0 -1 -0
    outer loop
      vertex 12.6647 -2.2 31.6822
      vertex 11.2092 -2.2 30.8731
      vertex 12.7675 -2.2 31.5899
    endloop
  endfacet
  facet normal 0 -1 0
    outer loop
      vertex 11.2298 -2.2 30.7372
      vertex 12.7675 -2.2 31.5899
      vertex 11.2092 -2.2 30.8731
    endloop
  endfacet
  facet normal 0 -1 -0
    outer loop
      vertex 12.7675 -2.2 31.5899
      vertex 11.2298 -2.2 30.7372
      vertex 12.8606 -2.2 31.4882
    endloop
  endfacet
  facet normal 0 -1 -0
    outer loop
      vertex 12.8606 -2.2 31.4882
      vertex 11.2298 -2.2 30.7372
      vertex 12.9432 -2.2 31.3778
    endloop
  endfacet
  facet normal 0 -1 -0
    outer loop
      vertex 12.9432 -2.2 31.3778
      vertex 11.2298 -2.2 30.7372
      vertex 13.0145 -2.2 31.26
    endloop
  endfacet
  facet normal 0 -1 -0
    outer loop
      vertex 13.0145 -2.2 31.26
      vertex 11.2298 -2.2 30.7372
      vertex 13.0737 -2.2 31.1358
    endloop
  endfacet
  facet normal 0 -1 -0
    outer loop
      vertex 13.0737 -2.2 31.1358
      vertex 11.2298 -2.2 30.7372
      vertex 13.1204 -2.2 31.0064
    endloop
  endfacet
  facet normal 0 -1 0
    outer loop
      vertex 11.2367 -2.2 30.6
      vertex 13.1204 -2.2 31.0064
      vertex 11.2298 -2.2 30.7372
    endloop
  endfacet
  facet normal 0 -1 -0
    outer loop
      vertex 13.1204 -2.2 31.0064
      vertex 11.2367 -2.2 30.6
      vertex 13.1541 -2.2 30.8731
    endloop
  endfacet
  facet normal 0 -1 -0
    outer loop
      vertex 13.1541 -2.2 30.8731
      vertex 11.2367 -2.2 30.6
      vertex 13.1744 -2.2 30.7372
    endloop
  endfacet
  facet normal 0 -1 0
    outer loop
      vertex 11.2367 -2.2 30.6
      vertex 13.1812 -2.2 30.6
      vertex 13.1744 -2.2 30.7372
    endloop
  endfacet
  facet normal 0 -1 0
    outer loop
      vertex 11.2367 -2.2 29.75
      vertex 13.1812 -2.2 30.6
      vertex 11.2367 -2.2 30.6
    endloop
  endfacet
  facet normal 0 -1 -0
    outer loop
      vertex 13.1812 -2.2 30.6
      vertex 11.2367 -2.2 29.75
      vertex 13.1812 -2.2 29.75
    endloop
  endfacet
  facet normal 0.0481934 -0.0481934 0.997675
    outer loop
      vertex 12.1676 -1.8 32
      vertex 11.7676 -2.2 32
      vertex 11.9063 -2.2 31.9933
    endloop
  endfacet
  facet normal 0.0482494 0 0.998835
    outer loop
      vertex 12.1676 1.8 32
      vertex 12.3063 -1.8 31.9933
      vertex 12.3063 1.8 31.9933
    endloop
  endfacet
  facet normal 0.0482494 0 0.998835
    outer loop
      vertex 12.3063 -1.8 31.9933
      vertex 12.1676 1.8 32
      vertex 12.1676 -1.8 32
    endloop
  endfacet
  facet normal 0.0481934 0.0481934 0.997675
    outer loop
      vertex 12.3063 1.8 31.9933
      vertex 11.7676 2.2 32
      vertex 12.1676 1.8 32
    endloop
  endfacet
  facet normal 0.0475772 0.0345669 0.998269
    outer loop
      vertex 9.94683 2.2 31.9933
      vertex 5.12262 8.64646 32
      vertex 9.80625 2.2 32
    endloop
  endfacet
  facet normal 0.951055 -0.309019 0.00112549
    outer loop
      vertex 5.72871 10.5118 32
      vertex 5.12262 8.64646 32
      vertex 5.16607 8.78016 31.9933
    endloop
  endfacet
  facet normal 0.0149116 0.0458915 0.998835
    outer loop
      vertex 5.51475 11.1477 31.9933
      vertex 2.04809 12.1283 32
      vertex 5.47189 11.0158 32
    endloop
  endfacet
  facet normal -0.0309429 0.0607326 0.997674
    outer loop
      vertex 2.09095 12.2602 31.9933
      vertex 1.54406 11.8715 32
      vertex 2.04809 12.1283 32
    endloop
  endfacet
  facet normal -0.951059 0.309009 -0.000611567
    outer loop
      vertex 1.58692 12.0034 31.9933
      vertex 0.937972 10.0061 32
      vertex 1.54406 11.8715 32
    endloop
  endfacet
  facet normal -0.0181727 0.0559306 0.998269
    outer loop
      vertex 0.981417 10.1398 31.9933
      vertex -6.64029 7.54381 32
      vertex 0.937972 10.0061 32
    endloop
  endfacet
  facet normal 0.587785 0.809017 -0.000827119
    outer loop
      vertex -6.75403 7.62644 31.9933
      vertex -8.22704 8.69665 32
      vertex -6.64029 7.54381 32
    endloop
  endfacet
  facet normal -0.0106631 0.0673185 0.997675
    outer loop
      vertex -8.33926 8.77817 31.9933
      vertex -8.78576 8.60815 32
      vertex -8.22704 8.69665 32
    endloop
  endfacet
  facet normal -0.067325 -0.0106641 0.997674
    outer loop
      vertex -10.9018 5.69569 32
      vertex -10.9255 5.2185 31.9933
      vertex -10.8133 5.13697 32
    endloop
  endfacet
  facet normal -0.067325 -0.0106641 0.997674
    outer loop
      vertex -10.9255 5.2185 31.9933
      vertex -10.9018 5.69569 32
      vertex -11.014 5.77722 31.9933
    endloop
  endfacet
  facet normal -0.587784 -0.809016 -0.00145191
    outer loop
      vertex -10.8133 5.13697 32
      vertex -10.9255 5.2185 31.9933
      vertex -9.22655 3.98413 32
    endloop
  endfacet
  facet normal -0.587785 0.809017 0.000827119
    outer loop
      vertex -9.34029 -4.06676 31.9933
      vertex -10.8133 -5.13697 32
      vertex -9.22655 -3.98413 32
    endloop
  endfacet
  facet normal -0.0390317 -0.0283584 0.998835
    outer loop
      vertex -10.9018 -5.69569 32
      vertex -8.89798 -8.68968 31.9933
      vertex -8.78576 -8.60815 32
    endloop
  endfacet
  facet normal -0.0390364 -0.0283615 0.998835
    outer loop
      vertex -8.89798 -8.68968 31.9933
      vertex -10.9018 -5.69569 32
      vertex -11.014 -5.77722 31.9933
    endloop
  endfacet
  facet normal -0.010662 -0.0673118 0.997675
    outer loop
      vertex -8.78576 -8.60815 32
      vertex -8.89798 -8.68968 31.9933
      vertex -8.22704 -8.69665 32
    endloop
  endfacet
  facet normal 0.587784 -0.809016 -0.00151015
    outer loop
      vertex -8.22704 -8.69665 32
      vertex -8.33926 -8.77817 31.9933
      vertex -6.64029 -7.54381 32
    endloop
  endfacet
  facet normal -0.0181724 -0.0559297 0.998269
    outer loop
      vertex -6.64029 -7.54381 32
      vertex -6.75403 -7.62644 31.9933
      vertex 0.937972 -10.0061 32
    endloop
  endfacet
  facet normal -0.951059 -0.309009 -0.000634441
    outer loop
      vertex 1.54406 -11.8715 32
      vertex 0.937972 -10.0061 32
      vertex 0.981417 -10.1398 31.9933
    endloop
  endfacet
  facet normal -0.0309429 -0.0607326 0.997674
    outer loop
      vertex 2.04809 -12.1283 32
      vertex 1.54406 -11.8715 32
      vertex 1.58692 -12.0034 31.9933
    endloop
  endfacet
  facet normal 0.0149116 -0.0458915 0.998835
    outer loop
      vertex 5.47189 -11.0158 32
      vertex 2.04809 -12.1283 32
      vertex 2.09095 -12.2602 31.9933
    endloop
  endfacet
  facet normal 0.060728 -0.0309448 0.997675
    outer loop
      vertex 5.47189 -11.0158 32
      vertex 5.77157 -10.6437 31.9933
      vertex 5.72871 -10.5118 32
    endloop
  endfacet
  facet normal 0.060728 -0.0309448 0.997675
    outer loop
      vertex 5.77157 -10.6437 31.9933
      vertex 5.47189 -11.0158 32
      vertex 5.51475 -11.1477 31.9933
    endloop
  endfacet
  facet normal 0.951056 0.309019 0.000395816
    outer loop
      vertex 5.77157 -10.6437 31.9933
      vertex 5.12262 -8.64646 32
      vertex 5.72871 -10.5118 32
    endloop
  endfacet
  facet normal 0.0475742 -0.0345647 0.998269
    outer loop
      vertex 9.80625 -2.2 32
      vertex 5.12262 -8.64646 32
      vertex 5.16607 -8.78016 31.9933
    endloop
  endfacet
  facet normal 0 0 1
    outer loop
      vertex 5.47189 11.0158 32
      vertex 5.12262 8.64646 32
      vertex 5.72871 10.5118 32
    endloop
  endfacet
  facet normal -0 0 1
    outer loop
      vertex 0.937972 10.0061 32
      vertex 5.12262 8.64646 32
      vertex 2.04809 12.1283 32
    endloop
  endfacet
  facet normal 0 0 1
    outer loop
      vertex 2.04809 12.1283 32
      vertex 5.12262 8.64646 32
      vertex 5.47189 11.0158 32
    endloop
  endfacet
  facet normal -0 0 1
    outer loop
      vertex 9.80625 2.2 32
      vertex 12.1676 1.8 32
      vertex 11.7676 2.2 32
    endloop
  endfacet
  facet normal 0 0 1
    outer loop
      vertex 12.1676 1.8 32
      vertex 9.80625 2.2 32
      vertex 12.1676 -1.8 32
    endloop
  endfacet
  facet normal 0 0 1
    outer loop
      vertex 9.80625 -2.2 32
      vertex 12.1676 -1.8 32
      vertex 9.80625 2.2 32
    endloop
  endfacet
  facet normal 0 0 1
    outer loop
      vertex 12.1676 -1.8 32
      vertex 9.80625 -2.2 32
      vertex 11.7676 -2.2 32
    endloop
  endfacet
  facet normal 0 0 1
    outer loop
      vertex 5.12262 8.64646 32
      vertex 9.80625 -2.2 32
      vertex 9.80625 2.2 32
    endloop
  endfacet
  facet normal 0 0 1
    outer loop
      vertex 9.80625 -2.2 32
      vertex 5.12262 8.64646 32
      vertex 5.12262 -8.64646 32
    endloop
  endfacet
  facet normal 0 0 1
    outer loop
      vertex 5.12262 -8.64646 32
      vertex 5.47189 -11.0158 32
      vertex 5.72871 -10.5118 32
    endloop
  endfacet
  facet normal 0 -0 1
    outer loop
      vertex 1.7846 0.234946 32
      vertex 5.12262 8.64646 32
      vertex 1.76541 0.351162 32
    endloop
  endfacet
  facet normal 0 -0 1
    outer loop
      vertex 1.8 0 32
      vertex 5.12262 8.64646 32
      vertex 1.79615 0.117725 32
    endloop
  endfacet
  facet normal -0 0 1
    outer loop
      vertex 1.7846 -0.234946 32
      vertex 5.12262 -8.64646 32
      vertex 1.79615 -0.117725 32
    endloop
  endfacet
  facet normal -0 0 1
    outer loop
      vertex 1.79615 -0.117725 32
      vertex 5.12262 -8.64646 32
      vertex 1.8 0 32
    endloop
  endfacet
  facet normal 0 0 1
    outer loop
      vertex 5.12262 8.64646 32
      vertex 1.8 0 32
      vertex 5.12262 -8.64646 32
    endloop
  endfacet
  facet normal 0 -0 1
    outer loop
      vertex 1.79615 0.117725 32
      vertex 5.12262 8.64646 32
      vertex 1.7846 0.234946 32
    endloop
  endfacet
  facet normal 0 0 1
    outer loop
      vertex 5.12262 8.64646 32
      vertex 1.73867 0.465874 32
      vertex 1.76541 0.351162 32
    endloop
  endfacet
  facet normal 0 0 1
    outer loop
      vertex 5.12262 8.64646 32
      vertex 1.70447 0.57859 32
      vertex 1.73867 0.465874 32
    endloop
  endfacet
  facet normal 0 0 1
    outer loop
      vertex 5.12262 8.64646 32
      vertex 1.66298 0.688829 32
      vertex 1.70447 0.57859 32
    endloop
  endfacet
  facet normal 0 0 1
    outer loop
      vertex 5.12262 8.64646 32
      vertex 1.61437 0.796119 32
      vertex 1.66298 0.688829 32
    endloop
  endfacet
  facet normal 0 0 1
    outer loop
      vertex 5.12262 8.64646 32
      vertex 1.55885 0.9 32
      vertex 1.61437 0.796119 32
    endloop
  endfacet
  facet normal 0 0 1
    outer loop
      vertex 0.937972 10.0061 32
      vertex 2.04809 12.1283 32
      vertex 1.54406 11.8715 32
    endloop
  endfacet
  facet normal 0 0 1
    outer loop
      vertex 0.57859 1.70447 32
      vertex 5.12262 8.64646 32
      vertex 0.937972 10.0061 32
    endloop
  endfacet
  facet normal 0 0 1
    outer loop
      vertex 5.12262 8.64646 32
      vertex 1.49664 1.00003 32
      vertex 1.55885 0.9 32
    endloop
  endfacet
  facet normal 0 0 1
    outer loop
      vertex 5.12262 8.64646 32
      vertex 1.42804 1.09577 32
      vertex 1.49664 1.00003 32
    endloop
  endfacet
  facet normal 0 0 1
    outer loop
      vertex 5.12262 8.64646 32
      vertex 1.35331 1.18682 32
      vertex 1.42804 1.09577 32
    endloop
  endfacet
  facet normal 0 0 1
    outer loop
      vertex 5.12262 8.64646 32
      vertex 1.27279 1.27279 32
      vertex 1.35331 1.18682 32
    endloop
  endfacet
  facet normal 0 0 1
    outer loop
      vertex 5.12262 8.64646 32
      vertex 1.18682 1.35331 32
      vertex 1.27279 1.27279 32
    endloop
  endfacet
  facet normal 0 0 1
    outer loop
      vertex 5.12262 8.64646 32
      vertex 1.09577 1.42804 32
      vertex 1.18682 1.35331 32
    endloop
  endfacet
  facet normal 0 0 1
    outer loop
      vertex 5.12262 8.64646 32
      vertex 1.00003 1.49664 32
      vertex 1.09577 1.42804 32
    endloop
  endfacet
  facet normal 0 0 1
    outer loop
      vertex 5.12262 8.64646 32
      vertex 0.9 1.55885 32
      vertex 1.00003 1.49664 32
    endloop
  endfacet
  facet normal 0 0 1
    outer loop
      vertex 5.12262 8.64646 32
      vertex 0.796119 1.61437 32
      vertex 0.9 1.55885 32
    endloop
  endfacet
  facet normal 0 0 1
    outer loop
      vertex 5.12262 8.64646 32
      vertex 0.688829 1.66298 32
      vertex 0.796119 1.61437 32
    endloop
  endfacet
  facet normal 0 0 1
    outer loop
      vertex 5.12262 8.64646 32
      vertex 0.57859 1.70447 32
      vertex 0.688829 1.66298 32
    endloop
  endfacet
  facet normal 0 0 1
    outer loop
      vertex 0.937972 10.0061 32
      vertex 0.465874 1.73867 32
      vertex 0.57859 1.70447 32
    endloop
  endfacet
  facet normal 0 0 1
    outer loop
      vertex 0.937972 10.0061 32
      vertex 0.351162 1.76541 32
      vertex 0.465874 1.73867 32
    endloop
  endfacet
  facet normal 0 0 1
    outer loop
      vertex 0.937972 10.0061 32
      vertex 0.234946 1.7846 32
      vertex 0.351162 1.76541 32
    endloop
  endfacet
  facet normal 0 0 1
    outer loop
      vertex 0.937972 10.0061 32
      vertex 0.117725 1.79615 32
      vertex 0.234946 1.7846 32
    endloop
  endfacet
  facet normal 0 0 1
    outer loop
      vertex 0.937972 10.0061 32
      vertex 0 1.8 32
      vertex 0.117725 1.79615 32
    endloop
  endfacet
  facet normal 0 0 1
    outer loop
      vertex 0.937972 10.0061 32
      vertex -0.117725 1.79615 32
      vertex 0 1.8 32
    endloop
  endfacet
  facet normal 0 0 1
    outer loop
      vertex 0.937972 10.0061 32
      vertex -0.234946 1.7846 32
      vertex -0.117725 1.79615 32
    endloop
  endfacet
  facet normal 0 0 1
    outer loop
      vertex 0.937972 10.0061 32
      vertex -0.351162 1.76541 32
      vertex -0.234946 1.7846 32
    endloop
  endfacet
  facet normal 0 0 1
    outer loop
      vertex 0.937972 10.0061 32
      vertex -0.465874 1.73867 32
      vertex -0.351162 1.76541 32
    endloop
  endfacet
  facet normal 0 0 1
    outer loop
      vertex 0.937972 10.0061 32
      vertex -0.57859 1.70447 32
      vertex -0.465874 1.73867 32
    endloop
  endfacet
  facet normal -0 0 1
    outer loop
      vertex -6.64029 7.54381 32
      vertex -0.57859 1.70447 32
      vertex 0.937972 10.0061 32
    endloop
  endfacet
  facet normal 0 0 1
    outer loop
      vertex -0.57859 1.70447 32
      vertex -6.64029 7.54381 32
      vertex -0.688829 1.66298 32
    endloop
  endfacet
  facet normal 0 0 1
    outer loop
      vertex -0.688829 1.66298 32
      vertex -6.64029 7.54381 32
      vertex -0.796119 1.61437 32
    endloop
  endfacet
  facet normal 0 0 1
    outer loop
      vertex -0.796119 1.61437 32
      vertex -6.64029 7.54381 32
      vertex -0.9 1.55885 32
    endloop
  endfacet
  facet normal 0 0 1
    outer loop
      vertex -0.9 1.55885 32
      vertex -6.64029 7.54381 32
      vertex -1.00003 1.49664 32
    endloop
  endfacet
  facet normal 0 0 1
    outer loop
      vertex -1.00003 1.49664 32
      vertex -6.64029 7.54381 32
      vertex -1.09577 1.42804 32
    endloop
  endfacet
  facet normal 0 0 1
    outer loop
      vertex -1.09577 1.42804 32
      vertex -6.64029 7.54381 32
      vertex -1.18682 1.35331 32
    endloop
  endfacet
  facet normal 0 0 1
    outer loop
      vertex -1.18682 1.35331 32
      vertex -6.64029 7.54381 32
      vertex -1.27279 1.27279 32
    endloop
  endfacet
  facet normal 0 0 1
    outer loop
      vertex -1.27279 1.27279 32
      vertex -6.64029 7.54381 32
      vertex -1.35331 1.18682 32
    endloop
  endfacet
  facet normal 0 0 1
    outer loop
      vertex -1.35331 1.18682 32
      vertex -6.64029 7.54381 32
      vertex -1.42804 1.09577 32
    endloop
  endfacet
  facet normal 0 0 1
    outer loop
      vertex -1.42804 1.09577 32
      vertex -6.64029 7.54381 32
      vertex -1.49664 1.00003 32
    endloop
  endfacet
  facet normal -0 0 1
    outer loop
      vertex -9.22655 3.98413 32
      vertex -1.49664 1.00003 32
      vertex -6.64029 7.54381 32
    endloop
  endfacet
  facet normal 0 0 1
    outer loop
      vertex -1.49664 1.00003 32
      vertex -9.22655 3.98413 32
      vertex -1.55885 0.9 32
    endloop
  endfacet
  facet normal 0 0 1
    outer loop
      vertex -1.55885 0.9 32
      vertex -9.22655 3.98413 32
      vertex -1.61437 0.796119 32
    endloop
  endfacet
  facet normal 0 0 1
    outer loop
      vertex -1.61437 0.796119 32
      vertex -9.22655 3.98413 32
      vertex -1.66298 0.688829 32
    endloop
  endfacet
  facet normal 0 0 1
    outer loop
      vertex -1.7846 0.234946 32
      vertex -9.22655 3.98413 32
      vertex -1.79615 0.117725 32
    endloop
  endfacet
  facet normal 0 0 1
    outer loop
      vertex -1.76541 0.351162 32
      vertex -9.22655 3.98413 32
      vertex -1.7846 0.234946 32
    endloop
  endfacet
  facet normal 0 0 1
    outer loop
      vertex -1.73867 0.465874 32
      vertex -9.22655 3.98413 32
      vertex -1.76541 0.351162 32
    endloop
  endfacet
  facet normal 0 0 1
    outer loop
      vertex -1.70447 0.57859 32
      vertex -9.22655 3.98413 32
      vertex -1.73867 0.465874 32
    endloop
  endfacet
  facet normal 0 0 1
    outer loop
      vertex -1.66298 0.688829 32
      vertex -9.22655 3.98413 32
      vertex -1.70447 0.57859 32
    endloop
  endfacet
  facet normal 0 0 1
    outer loop
      vertex -6.64029 -7.54381 32
      vertex -9.22655 -3.98413 32
      vertex -8.78576 -8.60815 32
    endloop
  endfacet
  facet normal 0 0 1
    outer loop
      vertex -10.9018 -5.69569 32
      vertex -9.22655 -3.98413 32
      vertex -10.8133 -5.13697 32
    endloop
  endfacet
  facet normal 0 0 1
    outer loop
      vertex -9.22655 -3.98413 32
      vertex -10.9018 -5.69569 32
      vertex -8.78576 -8.60815 32
    endloop
  endfacet
  facet normal -0 0 1
    outer loop
      vertex 1.76541 -0.351162 32
      vertex 5.12262 -8.64646 32
      vertex 1.7846 -0.234946 32
    endloop
  endfacet
  facet normal -0 0 1
    outer loop
      vertex 1.73867 -0.465874 32
      vertex 5.12262 -8.64646 32
      vertex 1.76541 -0.351162 32
    endloop
  endfacet
  facet normal -0 0 1
    outer loop
      vertex 1.70447 -0.57859 32
      vertex 5.12262 -8.64646 32
      vertex 1.73867 -0.465874 32
    endloop
  endfacet
  facet normal -0 0 1
    outer loop
      vertex 1.66298 -0.688829 32
      vertex 5.12262 -8.64646 32
      vertex 1.70447 -0.57859 32
    endloop
  endfacet
  facet normal -0 0 1
    outer loop
      vertex 1.61437 -0.796119 32
      vertex 5.12262 -8.64646 32
      vertex 1.66298 -0.688829 32
    endloop
  endfacet
  facet normal -0 0 1
    outer loop
      vertex 1.55885 -0.9 32
      vertex 5.12262 -8.64646 32
      vertex 1.61437 -0.796119 32
    endloop
  endfacet
  facet normal -0 0 1
    outer loop
      vertex 1.49664 -1.00003 32
      vertex 5.12262 -8.64646 32
      vertex 1.55885 -0.9 32
    endloop
  endfacet
  facet normal -0 0 1
    outer loop
      vertex 1.42804 -1.09577 32
      vertex 5.12262 -8.64646 32
      vertex 1.49664 -1.00003 32
    endloop
  endfacet
  facet normal 0 0 1
    outer loop
      vertex 5.47189 -11.0158 32
      vertex 0.937972 -10.0061 32
      vertex 2.04809 -12.1283 32
    endloop
  endfacet
  facet normal -0 0 1
    outer loop
      vertex 1.35331 -1.18682 32
      vertex 5.12262 -8.64646 32
      vertex 1.42804 -1.09577 32
    endloop
  endfacet
  facet normal -0 0 1
    outer loop
      vertex 1.27279 -1.27279 32
      vertex 5.12262 -8.64646 32
      vertex 1.35331 -1.18682 32
    endloop
  endfacet
  facet normal -0 0 1
    outer loop
      vertex 1.18682 -1.35331 32
      vertex 5.12262 -8.64646 32
      vertex 1.27279 -1.27279 32
    endloop
  endfacet
  facet normal -0 0 1
    outer loop
      vertex 1.09577 -1.42804 32
      vertex 5.12262 -8.64646 32
      vertex 1.18682 -1.35331 32
    endloop
  endfacet
  facet normal -0 0 1
    outer loop
      vertex 1.00003 -1.49664 32
      vertex 5.12262 -8.64646 32
      vertex 1.09577 -1.42804 32
    endloop
  endfacet
  facet normal 0 0 1
    outer loop
      vertex 5.12262 -8.64646 32
      vertex 0.937972 -10.0061 32
      vertex 5.47189 -11.0158 32
    endloop
  endfacet
  facet normal -0 0 1
    outer loop
      vertex 0.9 -1.55885 32
      vertex 5.12262 -8.64646 32
      vertex 1.00003 -1.49664 32
    endloop
  endfacet
  facet normal 0 0 1
    outer loop
      vertex 2.04809 -12.1283 32
      vertex 0.937972 -10.0061 32
      vertex 1.54406 -11.8715 32
    endloop
  endfacet
  facet normal -0 0 1
    outer loop
      vertex 0.796119 -1.61437 32
      vertex 5.12262 -8.64646 32
      vertex 0.9 -1.55885 32
    endloop
  endfacet
  facet normal -0 0 1
    outer loop
      vertex 0.688829 -1.66298 32
      vertex 5.12262 -8.64646 32
      vertex 0.796119 -1.61437 32
    endloop
  endfacet
  facet normal -0 0 1
    outer loop
      vertex 0.57859 -1.70447 32
      vertex 5.12262 -8.64646 32
      vertex 0.688829 -1.66298 32
    endloop
  endfacet
  facet normal 0 0 1
    outer loop
      vertex 5.12262 -8.64646 32
      vertex 0.57859 -1.70447 32
      vertex 0.937972 -10.0061 32
    endloop
  endfacet
  facet normal -0 0 1
    outer loop
      vertex 0.465874 -1.73867 32
      vertex 0.937972 -10.0061 32
      vertex 0.57859 -1.70447 32
    endloop
  endfacet
  facet normal -0 0 1
    outer loop
      vertex 0.351162 -1.76541 32
      vertex 0.937972 -10.0061 32
      vertex 0.465874 -1.73867 32
    endloop
  endfacet
  facet normal -0 0 1
    outer loop
      vertex 0.234946 -1.7846 32
      vertex 0.937972 -10.0061 32
      vertex 0.351162 -1.76541 32
    endloop
  endfacet
  facet normal -0 0 1
    outer loop
      vertex 0.117725 -1.79615 32
      vertex 0.937972 -10.0061 32
      vertex 0.234946 -1.7846 32
    endloop
  endfacet
  facet normal -0 0 1
    outer loop
      vertex 0 -1.8 32
      vertex 0.937972 -10.0061 32
      vertex 0.117725 -1.79615 32
    endloop
  endfacet
  facet normal 0 0 1
    outer loop
      vertex -0.117725 -1.79615 32
      vertex 0.937972 -10.0061 32
      vertex 0 -1.8 32
    endloop
  endfacet
  facet normal 0 0 1
    outer loop
      vertex -0.234946 -1.7846 32
      vertex 0.937972 -10.0061 32
      vertex -0.117725 -1.79615 32
    endloop
  endfacet
  facet normal 0 0 1
    outer loop
      vertex -0.351162 -1.76541 32
      vertex 0.937972 -10.0061 32
      vertex -0.234946 -1.7846 32
    endloop
  endfacet
  facet normal 0 0 1
    outer loop
      vertex -0.465874 -1.73867 32
      vertex 0.937972 -10.0061 32
      vertex -0.351162 -1.76541 32
    endloop
  endfacet
  facet normal 0 0 1
    outer loop
      vertex -0.57859 -1.70447 32
      vertex 0.937972 -10.0061 32
      vertex -0.465874 -1.73867 32
    endloop
  endfacet
  facet normal 0 0 1
    outer loop
      vertex -6.64029 -7.54381 32
      vertex -0.57859 -1.70447 32
      vertex -0.688829 -1.66298 32
    endloop
  endfacet
  facet normal 0 0 1
    outer loop
      vertex -6.64029 -7.54381 32
      vertex -0.688829 -1.66298 32
      vertex -0.796119 -1.61437 32
    endloop
  endfacet
  facet normal 0 0 1
    outer loop
      vertex -6.64029 -7.54381 32
      vertex -0.796119 -1.61437 32
      vertex -0.9 -1.55885 32
    endloop
  endfacet
  facet normal 0 0 1
    outer loop
      vertex -6.64029 -7.54381 32
      vertex -0.9 -1.55885 32
      vertex -1.00003 -1.49664 32
    endloop
  endfacet
  facet normal 0 0 1
    outer loop
      vertex -6.64029 -7.54381 32
      vertex -1.00003 -1.49664 32
      vertex -1.09577 -1.42804 32
    endloop
  endfacet
  facet normal 0 0 1
    outer loop
      vertex -6.64029 -7.54381 32
      vertex -1.09577 -1.42804 32
      vertex -1.18682 -1.35331 32
    endloop
  endfacet
  facet normal 0 0 1
    outer loop
      vertex -6.64029 -7.54381 32
      vertex -1.18682 -1.35331 32
      vertex -1.27279 -1.27279 32
    endloop
  endfacet
  facet normal 0 0 1
    outer loop
      vertex -6.64029 -7.54381 32
      vertex -1.27279 -1.27279 32
      vertex -1.35331 -1.18682 32
    endloop
  endfacet
  facet normal 0 0 1
    outer loop
      vertex -6.64029 -7.54381 32
      vertex -1.35331 -1.18682 32
      vertex -1.42804 -1.09577 32
    endloop
  endfacet
  facet normal 0 0 1
    outer loop
      vertex -6.64029 -7.54381 32
      vertex -1.42804 -1.09577 32
      vertex -1.49664 -1.00003 32
    endloop
  endfacet
  facet normal 0 0 1
    outer loop
      vertex -9.22655 -3.98413 32
      vertex -1.49664 -1.00003 32
      vertex -1.55885 -0.9 32
    endloop
  endfacet
  facet normal 0 0 1
    outer loop
      vertex -9.22655 -3.98413 32
      vertex -1.55885 -0.9 32
      vertex -1.61437 -0.796119 32
    endloop
  endfacet
  facet normal 0 0 1
    outer loop
      vertex -9.22655 -3.98413 32
      vertex -1.61437 -0.796119 32
      vertex -1.66298 -0.688829 32
    endloop
  endfacet
  facet normal 0 0 1
    outer loop
      vertex -9.22655 -3.98413 32
      vertex -1.66298 -0.688829 32
      vertex -1.70447 -0.57859 32
    endloop
  endfacet
  facet normal 0 0 1
    outer loop
      vertex -9.22655 -3.98413 32
      vertex -1.70447 -0.57859 32
      vertex -1.73867 -0.465874 32
    endloop
  endfacet
  facet normal 0 0 1
    outer loop
      vertex -1.79615 0.117725 32
      vertex -9.22655 3.98413 32
      vertex -1.8 0 32
    endloop
  endfacet
  facet normal 0 0 1
    outer loop
      vertex -9.22655 -3.98413 32
      vertex -1.8 0 32
      vertex -9.22655 3.98413 32
    endloop
  endfacet
  facet normal 0 0 1
    outer loop
      vertex -1.8 0 32
      vertex -9.22655 -3.98413 32
      vertex -1.79615 -0.117725 32
    endloop
  endfacet
  facet normal 0 0 1
    outer loop
      vertex -1.79615 -0.117725 32
      vertex -9.22655 -3.98413 32
      vertex -1.7846 -0.234946 32
    endloop
  endfacet
  facet normal 0 0 1
    outer loop
      vertex -1.7846 -0.234946 32
      vertex -9.22655 -3.98413 32
      vertex -1.76541 -0.351162 32
    endloop
  endfacet
  facet normal 0 0 1
    outer loop
      vertex -0.57859 -1.70447 32
      vertex -6.64029 -7.54381 32
      vertex 0.937972 -10.0061 32
    endloop
  endfacet
  facet normal -0 0 1
    outer loop
      vertex -8.78576 8.60815 32
      vertex -6.64029 7.54381 32
      vertex -8.22704 8.69665 32
    endloop
  endfacet
  facet normal 0 0 1
    outer loop
      vertex -9.22655 -3.98413 32
      vertex -1.73867 -0.465874 32
      vertex -1.76541 -0.351162 32
    endloop
  endfacet
  facet normal 0 0 1
    outer loop
      vertex -6.64029 7.54381 32
      vertex -8.78576 8.60815 32
      vertex -9.22655 3.98413 32
    endloop
  endfacet
  facet normal 0 0 1
    outer loop
      vertex -1.49664 -1.00003 32
      vertex -9.22655 -3.98413 32
      vertex -6.64029 -7.54381 32
    endloop
  endfacet
  facet normal 0 0 1
    outer loop
      vertex -6.64029 -7.54381 32
      vertex -8.78576 -8.60815 32
      vertex -8.22704 -8.69665 32
    endloop
  endfacet
  facet normal -0 0 1
    outer loop
      vertex -10.9018 5.69569 32
      vertex -9.22655 3.98413 32
      vertex -8.78576 8.60815 32
    endloop
  endfacet
  facet normal 0 0 1
    outer loop
      vertex -9.22655 3.98413 32
      vertex -10.9018 5.69569 32
      vertex -10.8133 5.13697 32
    endloop
  endfacet
endsolid OpenSCAD_Model
