solid OpenSCAD_Model
  facet normal -0.339513 -0.588054 -0.734114
    outer loop
      vertex -13.2 -16.5122 0.37
      vertex -20.9 -12.0666 0.37
      vertex -13.2 -16.0503 0
    endloop
  endfacet
  facet normal 0.5 -0.866025 0
    outer loop
      vertex 13.2 -16.5122 0.37
      vertex 20.9 -12.0666 0.4
      vertex 13.2 -16.5122 0.4
    endloop
  endfacet
  facet normal 0.5 -0.866025 0
    outer loop
      vertex 20.9 -12.0666 0.4
      vertex 13.2 -16.5122 0.37
      vertex 20.9 -12.0666 0.37
    endloop
  endfacet
  facet normal -0.339534 -0.588098 -0.734069
    outer loop
      vertex -13.2 -16.0503 0
      vertex -20.9 -12.0666 0.37
      vertex -20.5 -11.8357 0
    endloop
  endfacet
  facet normal 0.541444 0.312603 -0.78046
    outer loop
      vertex 24.9 4.21465 0
      vertex 20.9 12.0666 0.37
      vertex 25.3 4.44559 0.37
    endloop
  endfacet
  facet normal 0.541459 0.31261 -0.780447
    outer loop
      vertex 20.9 12.0666 0.37
      vertex 24.9 4.21465 0
      vertex 20.5 11.8357 0
    endloop
  endfacet
  facet normal 0.866025 0.500001 0
    outer loop
      vertex 25.3 4.44559 0.4
      vertex 20.9 12.0666 0.37
      vertex 20.9 12.0666 0.4
    endloop
  endfacet
  facet normal 0.866025 0.500001 0
    outer loop
      vertex 20.9 12.0666 0.37
      vertex 25.3 4.44559 0.4
      vertex 25.3 4.44559 0.37
    endloop
  endfacet
  facet normal 0 0.625189 -0.780473
    outer loop
      vertex -13.2 16.0503 0
      vertex 13.2 16.5122 0.37
      vertex 13.2 16.0503 0
    endloop
  endfacet
  facet normal 0 0.625189 -0.780473
    outer loop
      vertex 13.2 16.5122 0.37
      vertex -13.2 16.0503 0
      vertex -13.2 16.5122 0.37
    endloop
  endfacet
  facet normal 0.339534 0.588098 -0.734069
    outer loop
      vertex 20.5 11.8357 0
      vertex 13.2 16.0503 0
      vertex 20.9 12.0666 0.37
    endloop
  endfacet
  facet normal -0.541459 -0.31261 -0.780447
    outer loop
      vertex -20.9 -12.0666 0.37
      vertex -24.9 -4.21465 0
      vertex -20.5 -11.8357 0
    endloop
  endfacet
  facet normal -0.541444 -0.312603 -0.78046
    outer loop
      vertex -24.9 -4.21465 0
      vertex -20.9 -12.0666 0.37
      vertex -25.3 -4.44559 0.37
    endloop
  endfacet
  facet normal -0.5 0.866025 0
    outer loop
      vertex -13.2 16.5122 0.37
      vertex -20.9 12.0666 0.4
      vertex -13.2 16.5122 0.4
    endloop
  endfacet
  facet normal -0.5 0.866025 0
    outer loop
      vertex -20.9 12.0666 0.4
      vertex -13.2 16.5122 0.37
      vertex -20.9 12.0666 0.37
    endloop
  endfacet
  facet normal 0 1 -0
    outer loop
      vertex 13.2 16.5122 0.37
      vertex -13.2 16.5122 0.4
      vertex 13.2 16.5122 0.4
    endloop
  endfacet
  facet normal 0 1 0
    outer loop
      vertex -13.2 16.5122 0.4
      vertex 13.2 16.5122 0.37
      vertex -13.2 16.5122 0.37
    endloop
  endfacet
  facet normal -0.866025 -0.500001 0
    outer loop
      vertex -20.9 -12.0666 0.37
      vertex -25.3 -4.44559 0.4
      vertex -25.3 -4.44559 0.37
    endloop
  endfacet
  facet normal -0.866025 -0.500001 0
    outer loop
      vertex -25.3 -4.44559 0.4
      vertex -20.9 -12.0666 0.37
      vertex -20.9 -12.0666 0.4
    endloop
  endfacet
  facet normal -0.541459 0.31261 -0.780447
    outer loop
      vertex -24.9 4.21465 0
      vertex -20.9 12.0666 0.37
      vertex -20.5 11.8357 0
    endloop
  endfacet
  facet normal -0.541444 0.312603 -0.78046
    outer loop
      vertex -20.9 12.0666 0.37
      vertex -24.9 4.21465 0
      vertex -25.3 4.44559 0.37
    endloop
  endfacet
  facet normal 1 -0 0
    outer loop
      vertex 25.3 -4.44559 0.4
      vertex 25.3 4.44559 0.37
      vertex 25.3 4.44559 0.4
    endloop
  endfacet
  facet normal 1 0 0
    outer loop
      vertex 25.3 4.44559 0.37
      vertex 25.3 -4.44559 0.4
      vertex 25.3 -4.44559 0.37
    endloop
  endfacet
  facet normal -0.679042 0 -0.734099
    outer loop
      vertex -25.3 -4.44559 0.37
      vertex -24.9 4.21465 0
      vertex -24.9 -4.21465 0
    endloop
  endfacet
  facet normal -0.679042 0 -0.734099
    outer loop
      vertex -24.9 4.21465 0
      vertex -25.3 -4.44559 0.37
      vertex -25.3 4.44559 0.37
    endloop
  endfacet
  facet normal -0.866025 0.500001 0
    outer loop
      vertex -25.3 4.44559 0.37
      vertex -20.9 12.0666 0.4
      vertex -20.9 12.0666 0.37
    endloop
  endfacet
  facet normal -0.866025 0.500001 0
    outer loop
      vertex -20.9 12.0666 0.4
      vertex -25.3 4.44559 0.37
      vertex -25.3 4.44559 0.4
    endloop
  endfacet
  facet normal 0.866025 -0.500001 0
    outer loop
      vertex 20.9 -12.0666 0.4
      vertex 25.3 -4.44559 0.37
      vertex 25.3 -4.44559 0.4
    endloop
  endfacet
  facet normal 0.866025 -0.500001 0
    outer loop
      vertex 25.3 -4.44559 0.37
      vertex 20.9 -12.0666 0.4
      vertex 20.9 -12.0666 0.37
    endloop
  endfacet
  facet normal 0 -1 0
    outer loop
      vertex -13.2 -16.5122 0.37
      vertex 13.2 -16.5122 0.4
      vertex -13.2 -16.5122 0.4
    endloop
  endfacet
  facet normal 0 -1 -0
    outer loop
      vertex 13.2 -16.5122 0.4
      vertex -13.2 -16.5122 0.37
      vertex 13.2 -16.5122 0.37
    endloop
  endfacet
  facet normal 0 0 -1
    outer loop
      vertex 20.5 -11.8357 0
      vertex 24.9 4.21465 0
      vertex 24.9 -4.21465 0
    endloop
  endfacet
  facet normal 0 0 -1
    outer loop
      vertex 20.5 -11.8357 0
      vertex 20.5 11.8357 0
      vertex 24.9 4.21465 0
    endloop
  endfacet
  facet normal 0 0 -1
    outer loop
      vertex 13.2 -16.0503 0
      vertex 20.5 11.8357 0
      vertex 20.5 -11.8357 0
    endloop
  endfacet
  facet normal 0 0 -1
    outer loop
      vertex 13.2 -16.0503 0
      vertex 13.2 16.0503 0
      vertex 20.5 11.8357 0
    endloop
  endfacet
  facet normal 0 0 -1
    outer loop
      vertex -13.2 -16.0503 0
      vertex 13.2 16.0503 0
      vertex 13.2 -16.0503 0
    endloop
  endfacet
  facet normal 0 0 -1
    outer loop
      vertex -13.2 -16.0503 0
      vertex -13.2 16.0503 0
      vertex 13.2 16.0503 0
    endloop
  endfacet
  facet normal 0 0 -1
    outer loop
      vertex -20.5 -11.8357 0
      vertex -13.2 16.0503 0
      vertex -13.2 -16.0503 0
    endloop
  endfacet
  facet normal 0 0 -1
    outer loop
      vertex -20.5 -11.8357 0
      vertex -20.5 11.8357 0
      vertex -13.2 16.0503 0
    endloop
  endfacet
  facet normal 0 0 -1
    outer loop
      vertex -24.9 -4.21465 0
      vertex -20.5 11.8357 0
      vertex -20.5 -11.8357 0
    endloop
  endfacet
  facet normal 0 0 -1
    outer loop
      vertex -20.5 11.8357 0
      vertex -24.9 -4.21465 0
      vertex -24.9 4.21465 0
    endloop
  endfacet
  facet normal 0.679042 0 -0.734099
    outer loop
      vertex 24.9 -4.21465 0
      vertex 25.3 4.44559 0.37
      vertex 25.3 -4.44559 0.37
    endloop
  endfacet
  facet normal 0.679042 0 -0.734099
    outer loop
      vertex 25.3 4.44559 0.37
      vertex 24.9 -4.21465 0
      vertex 24.9 4.21465 0
    endloop
  endfacet
  facet normal -1 0 0
    outer loop
      vertex -25.3 -4.44559 0.37
      vertex -25.3 4.44559 0.4
      vertex -25.3 4.44559 0.37
    endloop
  endfacet
  facet normal -1 -0 0
    outer loop
      vertex -25.3 4.44559 0.4
      vertex -25.3 -4.44559 0.37
      vertex -25.3 -4.44559 0.4
    endloop
  endfacet
  facet normal 0 -0.625189 -0.780473
    outer loop
      vertex -13.2 -16.5122 0.37
      vertex 13.2 -16.0503 0
      vertex 13.2 -16.5122 0.37
    endloop
  endfacet
  facet normal -0 -0.625189 -0.780473
    outer loop
      vertex 13.2 -16.0503 0
      vertex -13.2 -16.5122 0.37
      vertex -13.2 -16.0503 0
    endloop
  endfacet
  facet normal 0.541444 -0.312603 -0.78046
    outer loop
      vertex 20.9 -12.0666 0.37
      vertex 24.9 -4.21465 0
      vertex 25.3 -4.44559 0.37
    endloop
  endfacet
  facet normal 0.541459 -0.31261 -0.780447
    outer loop
      vertex 24.9 -4.21465 0
      vertex 20.9 -12.0666 0.37
      vertex 20.5 -11.8357 0
    endloop
  endfacet
  facet normal 0.339534 -0.588098 -0.734069
    outer loop
      vertex 20.9 -12.0666 0.37
      vertex 13.2 -16.0503 0
      vertex 20.5 -11.8357 0
    endloop
  endfacet
  facet normal 0.339513 0.588054 -0.734114
    outer loop
      vertex 20.9 12.0666 0.37
      vertex 13.2 16.0503 0
      vertex 13.2 16.5122 0.37
    endloop
  endfacet
  facet normal 0.5 0.866025 -0
    outer loop
      vertex 20.9 12.0666 0.37
      vertex 13.2 16.5122 0.4
      vertex 20.9 12.0666 0.4
    endloop
  endfacet
  facet normal 0.5 0.866025 0
    outer loop
      vertex 13.2 16.5122 0.4
      vertex 20.9 12.0666 0.37
      vertex 13.2 16.5122 0.37
    endloop
  endfacet
  facet normal -0.339534 0.588098 -0.734069
    outer loop
      vertex -20.5 11.8357 0
      vertex -20.9 12.0666 0.37
      vertex -13.2 16.0503 0
    endloop
  endfacet
  facet normal -0.339513 0.588054 -0.734114
    outer loop
      vertex -13.2 16.0503 0
      vertex -20.9 12.0666 0.37
      vertex -13.2 16.5122 0.37
    endloop
  endfacet
  facet normal -0.5 -0.866025 0
    outer loop
      vertex -20.9 -12.0666 0.37
      vertex -13.2 -16.5122 0.4
      vertex -20.9 -12.0666 0.4
    endloop
  endfacet
  facet normal -0.5 -0.866025 -0
    outer loop
      vertex -13.2 -16.5122 0.4
      vertex -20.9 -12.0666 0.37
      vertex -13.2 -16.5122 0.37
    endloop
  endfacet
  facet normal 0.339513 -0.588054 -0.734114
    outer loop
      vertex 20.9 -12.0666 0.37
      vertex 13.2 -16.5122 0.37
      vertex 13.2 -16.0503 0
    endloop
  endfacet
  facet normal 0.00777815 0.998336 -0.0571342
    outer loop
      vertex 13.2 16.5122 0.4
      vertex 4.49432 16.6756 2.07
      vertex 13.3634 16.6065 2.07
    endloop
  endfacet
  facet normal 0 -0.995247 -0.0973793
    outer loop
      vertex -13.2 -16.5122 0.4
      vertex 4.49432 -16.6756 2.07
      vertex -4.49432 -16.6756 2.07
    endloop
  endfacet
  facet normal 0 -0.995247 -0.0973793
    outer loop
      vertex 4.49432 -16.6756 2.07
      vertex -13.2 -16.5122 0.4
      vertex 13.2 -16.5122 0.4
    endloop
  endfacet
  facet normal 0.5 0.866025 -0
    outer loop
      vertex 21.0634 12.1609 2.07
      vertex 13.3634 16.6065 2.1
      vertex 21.0634 12.1609 2.1
    endloop
  endfacet
  facet normal 0.5 0.866025 0
    outer loop
      vertex 13.3634 16.6065 2.1
      vertex 21.0634 12.1609 2.07
      vertex 13.3634 16.6065 2.07
    endloop
  endfacet
  facet normal -0.863303 -0.495168 -0.0975481
    outer loop
      vertex -21.0634 -12.1609 2.07
      vertex -25.4887 -4.44559 2.07
      vertex -25.3 -4.44559 0.4
    endloop
  endfacet
  facet normal 0.860551 0.49684 -0.112255
    outer loop
      vertex 25.3 4.44559 0.4
      vertex 20.9 12.0666 0.4
      vertex 21.0634 12.1609 2.07
    endloop
  endfacet
  facet normal -0.86744 0.497541 0
    outer loop
      vertex -25.4887 4.44559 2.07
      vertex -21.0634 12.1609 2.1
      vertex -21.0634 12.1609 2.07
    endloop
  endfacet
  facet normal -0.86744 0.497541 0
    outer loop
      vertex -21.0634 12.1609 2.1
      vertex -25.4887 4.44559 2.07
      vertex -25.4887 4.44559 2.1
    endloop
  endfacet
  facet normal 0.863303 -0.495168 -0.0975481
    outer loop
      vertex 25.4887 -4.44559 2.07
      vertex 21.0634 -12.1609 2.07
      vertex 25.3 -4.44559 0.4
    endloop
  endfacet
  facet normal 0.993677 0 -0.11228
    outer loop
      vertex 25.4887 -4.44559 2.07
      vertex 25.3 4.44559 0.4
      vertex 25.4887 4.44559 2.07
    endloop
  endfacet
  facet normal 0.993677 0 -0.11228
    outer loop
      vertex 25.3 4.44559 0.4
      vertex 25.4887 -4.44559 2.07
      vertex 25.3 -4.44559 0.4
    endloop
  endfacet
  facet normal -0.860551 -0.49684 -0.112255
    outer loop
      vertex -21.0634 -12.1609 2.07
      vertex -25.3 -4.44559 0.4
      vertex -20.9 -12.0666 0.4
    endloop
  endfacet
  facet normal 0.497625 0.861911 -0.0973594
    outer loop
      vertex 20.9 12.0666 0.4
      vertex 13.3634 16.6065 2.07
      vertex 21.0634 12.1609 2.07
    endloop
  endfacet
  facet normal 0.497625 0.861911 -0.0973594
    outer loop
      vertex 13.3634 16.6065 2.07
      vertex 20.9 12.0666 0.4
      vertex 13.2 16.5122 0.4
    endloop
  endfacet
  facet normal 0.5 -0.866025 0
    outer loop
      vertex 13.3634 -16.6065 2.07
      vertex 21.0634 -12.1609 2.1
      vertex 13.3634 -16.6065 2.1
    endloop
  endfacet
  facet normal 0.5 -0.866025 0
    outer loop
      vertex 21.0634 -12.1609 2.1
      vertex 13.3634 -16.6065 2.07
      vertex 21.0634 -12.1609 2.07
    endloop
  endfacet
  facet normal 0 0.995247 -0.0973793
    outer loop
      vertex 13.2 16.5122 0.4
      vertex -4.49432 16.6756 2.07
      vertex 4.49432 16.6756 2.07
    endloop
  endfacet
  facet normal 0 0.995247 -0.0973793
    outer loop
      vertex -4.49432 16.6756 2.07
      vertex 13.2 16.5122 0.4
      vertex -13.2 16.5122 0.4
    endloop
  endfacet
  facet normal -0.00779088 -0.99997 0
    outer loop
      vertex -13.3634 -16.6065 2.07
      vertex -4.49432 -16.6756 2.1
      vertex -13.3634 -16.6065 2.1
    endloop
  endfacet
  facet normal -0.00779088 -0.99997 -0
    outer loop
      vertex -4.49432 -16.6756 2.1
      vertex -13.3634 -16.6065 2.07
      vertex -4.49432 -16.6756 2.07
    endloop
  endfacet
  facet normal -0.5 0.866025 0
    outer loop
      vertex -13.3634 16.6065 2.07
      vertex -21.0634 12.1609 2.1
      vertex -13.3634 16.6065 2.1
    endloop
  endfacet
  facet normal -0.5 0.866025 0
    outer loop
      vertex -21.0634 12.1609 2.1
      vertex -13.3634 16.6065 2.07
      vertex -21.0634 12.1609 2.07
    endloop
  endfacet
  facet normal 0.497625 -0.861911 -0.0973594
    outer loop
      vertex 20.9 -12.0666 0.4
      vertex 13.3634 -16.6065 2.07
      vertex 13.2 -16.5122 0.4
    endloop
  endfacet
  facet normal 0.497625 -0.861911 -0.0973594
    outer loop
      vertex 13.3634 -16.6065 2.07
      vertex 20.9 -12.0666 0.4
      vertex 21.0634 -12.1609 2.07
    endloop
  endfacet
  facet normal -1 0 0
    outer loop
      vertex -25.4887 -4.44559 2.07
      vertex -25.4887 4.44559 2.1
      vertex -25.4887 4.44559 2.07
    endloop
  endfacet
  facet normal -1 -0 0
    outer loop
      vertex -25.4887 4.44559 2.1
      vertex -25.4887 -4.44559 2.07
      vertex -25.4887 -4.44559 2.1
    endloop
  endfacet
  facet normal 1 -0 0
    outer loop
      vertex 25.4887 -4.44559 2.1
      vertex 25.4887 4.44559 2.07
      vertex 25.4887 4.44559 2.1
    endloop
  endfacet
  facet normal 1 0 0
    outer loop
      vertex 25.4887 4.44559 2.07
      vertex 25.4887 -4.44559 2.1
      vertex 25.4887 -4.44559 2.07
    endloop
  endfacet
  facet normal -0.00777815 0.998336 -0.0571342
    outer loop
      vertex -13.2 16.5122 0.4
      vertex -13.3634 16.6065 2.07
      vertex -4.49432 16.6756 2.07
    endloop
  endfacet
  facet normal -0.993677 0 -0.11228
    outer loop
      vertex -25.3 -4.44559 0.4
      vertex -25.4887 4.44559 2.07
      vertex -25.3 4.44559 0.4
    endloop
  endfacet
  facet normal -0.993677 -0 -0.11228
    outer loop
      vertex -25.4887 4.44559 2.07
      vertex -25.3 -4.44559 0.4
      vertex -25.4887 -4.44559 2.07
    endloop
  endfacet
  facet normal -0.497625 0.861911 -0.0973594
    outer loop
      vertex -20.9 12.0666 0.4
      vertex -13.3634 16.6065 2.07
      vertex -13.2 16.5122 0.4
    endloop
  endfacet
  facet normal -0.497625 0.861911 -0.0973594
    outer loop
      vertex -13.3634 16.6065 2.07
      vertex -20.9 12.0666 0.4
      vertex -21.0634 12.1609 2.07
    endloop
  endfacet
  facet normal 0.00777815 -0.998336 -0.0571342
    outer loop
      vertex 13.3634 -16.6065 2.07
      vertex 4.49432 -16.6756 2.07
      vertex 13.2 -16.5122 0.4
    endloop
  endfacet
  facet normal -0.86744 -0.497541 0
    outer loop
      vertex -21.0634 -12.1609 2.07
      vertex -25.4887 -4.44559 2.1
      vertex -25.4887 -4.44559 2.07
    endloop
  endfacet
  facet normal -0.86744 -0.497541 0
    outer loop
      vertex -25.4887 -4.44559 2.1
      vertex -21.0634 -12.1609 2.07
      vertex -21.0634 -12.1609 2.1
    endloop
  endfacet
  facet normal -0.00777815 -0.998336 -0.0571342
    outer loop
      vertex -4.49432 -16.6756 2.07
      vertex -13.3634 -16.6065 2.07
      vertex -13.2 -16.5122 0.4
    endloop
  endfacet
  facet normal 0.00779088 0.99997 -0
    outer loop
      vertex 13.3634 16.6065 2.07
      vertex 4.49432 16.6756 2.1
      vertex 13.3634 16.6065 2.1
    endloop
  endfacet
  facet normal 0.00779088 0.99997 0
    outer loop
      vertex 4.49432 16.6756 2.1
      vertex 13.3634 16.6065 2.07
      vertex 4.49432 16.6756 2.07
    endloop
  endfacet
  facet normal -0.00779088 0.99997 0
    outer loop
      vertex -4.49432 16.6756 2.07
      vertex -13.3634 16.6065 2.1
      vertex -4.49432 16.6756 2.1
    endloop
  endfacet
  facet normal -0.00779088 0.99997 0
    outer loop
      vertex -13.3634 16.6065 2.1
      vertex -4.49432 16.6756 2.07
      vertex -13.3634 16.6065 2.07
    endloop
  endfacet
  facet normal -0.497625 -0.861911 -0.0973594
    outer loop
      vertex -20.9 -12.0666 0.4
      vertex -13.3634 -16.6065 2.07
      vertex -21.0634 -12.1609 2.07
    endloop
  endfacet
  facet normal -0.497625 -0.861911 -0.0973594
    outer loop
      vertex -13.3634 -16.6065 2.07
      vertex -20.9 -12.0666 0.4
      vertex -13.2 -16.5122 0.4
    endloop
  endfacet
  facet normal 0.860551 -0.49684 -0.112255
    outer loop
      vertex 21.0634 -12.1609 2.07
      vertex 20.9 -12.0666 0.4
      vertex 25.3 -4.44559 0.4
    endloop
  endfacet
  facet normal 0.86744 -0.497541 0
    outer loop
      vertex 21.0634 -12.1609 2.1
      vertex 25.4887 -4.44559 2.07
      vertex 25.4887 -4.44559 2.1
    endloop
  endfacet
  facet normal 0.86744 -0.497541 0
    outer loop
      vertex 25.4887 -4.44559 2.07
      vertex 21.0634 -12.1609 2.1
      vertex 21.0634 -12.1609 2.07
    endloop
  endfacet
  facet normal -0.5 -0.866025 0
    outer loop
      vertex -21.0634 -12.1609 2.07
      vertex -13.3634 -16.6065 2.1
      vertex -21.0634 -12.1609 2.1
    endloop
  endfacet
  facet normal -0.5 -0.866025 -0
    outer loop
      vertex -13.3634 -16.6065 2.1
      vertex -21.0634 -12.1609 2.07
      vertex -13.3634 -16.6065 2.07
    endloop
  endfacet
  facet normal -0.863303 0.495168 -0.0975481
    outer loop
      vertex -25.3 4.44559 0.4
      vertex -25.4887 4.44559 2.07
      vertex -21.0634 12.1609 2.07
    endloop
  endfacet
  facet normal -0.860551 0.49684 -0.112255
    outer loop
      vertex -20.9 12.0666 0.4
      vertex -25.3 4.44559 0.4
      vertex -21.0634 12.1609 2.07
    endloop
  endfacet
  facet normal 0.00779088 -0.99997 0
    outer loop
      vertex 4.49432 -16.6756 2.07
      vertex 13.3634 -16.6065 2.1
      vertex 4.49432 -16.6756 2.1
    endloop
  endfacet
  facet normal 0.00779088 -0.99997 0
    outer loop
      vertex 13.3634 -16.6065 2.1
      vertex 4.49432 -16.6756 2.07
      vertex 13.3634 -16.6065 2.07
    endloop
  endfacet
  facet normal 0 1 -0
    outer loop
      vertex 4.49432 16.6756 2.07
      vertex -4.49432 16.6756 2.1
      vertex 4.49432 16.6756 2.1
    endloop
  endfacet
  facet normal 0 1 0
    outer loop
      vertex -4.49432 16.6756 2.1
      vertex 4.49432 16.6756 2.07
      vertex -4.49432 16.6756 2.07
    endloop
  endfacet
  facet normal 0.863303 0.495168 -0.0975481
    outer loop
      vertex 25.3 4.44559 0.4
      vertex 21.0634 12.1609 2.07
      vertex 25.4887 4.44559 2.07
    endloop
  endfacet
  facet normal 0.86744 0.497541 0
    outer loop
      vertex 25.4887 4.44559 2.1
      vertex 21.0634 12.1609 2.07
      vertex 21.0634 12.1609 2.1
    endloop
  endfacet
  facet normal 0.86744 0.497541 0
    outer loop
      vertex 21.0634 12.1609 2.07
      vertex 25.4887 4.44559 2.1
      vertex 25.4887 4.44559 2.07
    endloop
  endfacet
  facet normal 0 -1 0
    outer loop
      vertex -4.49432 -16.6756 2.07
      vertex 4.49432 -16.6756 2.1
      vertex -4.49432 -16.6756 2.1
    endloop
  endfacet
  facet normal 0 -1 -0
    outer loop
      vertex 4.49432 -16.6756 2.1
      vertex -4.49432 -16.6756 2.07
      vertex 4.49432 -16.6756 2.07
    endloop
  endfacet
  facet normal 0 0 -1
    outer loop
      vertex 25.494 -4.44559 2.1
      vertex 25.4887 -4.44559 2.1
      vertex 25.494 4.44559 2.1
    endloop
  endfacet
  facet normal 0 0 -1
    outer loop
      vertex 21.068 -12.1636 2.1
      vertex 25.4887 -4.44559 2.1
      vertex 25.494 -4.44559 2.1
    endloop
  endfacet
  facet normal 0 0 -1
    outer loop
      vertex 21.068 -12.1636 2.1
      vertex 21.0634 -12.1609 2.1
      vertex 25.4887 -4.44559 2.1
    endloop
  endfacet
  facet normal 0 0 -1
    outer loop
      vertex 13.368 -16.6092 2.1
      vertex 21.0634 -12.1609 2.1
      vertex 21.068 -12.1636 2.1
    endloop
  endfacet
  facet normal 0 0 -1
    outer loop
      vertex 13.368 -16.6092 2.1
      vertex 13.3634 -16.6065 2.1
      vertex 21.0634 -12.1609 2.1
    endloop
  endfacet
  facet normal 0 0 -1
    outer loop
      vertex 4.49698 -16.6802 2.1
      vertex 13.3634 -16.6065 2.1
      vertex 13.368 -16.6092 2.1
    endloop
  endfacet
  facet normal 0 0 -1
    outer loop
      vertex 4.49698 -16.6802 2.1
      vertex 4.49432 -16.6756 2.1
      vertex 13.3634 -16.6065 2.1
    endloop
  endfacet
  facet normal 0 0 -1
    outer loop
      vertex 4.49698 -16.6802 2.1
      vertex -4.49432 -16.6756 2.1
      vertex 4.49432 -16.6756 2.1
    endloop
  endfacet
  facet normal 0 0 -1
    outer loop
      vertex -4.49698 -16.6802 2.1
      vertex -4.49432 -16.6756 2.1
      vertex 4.49698 -16.6802 2.1
    endloop
  endfacet
  facet normal 0 0 -1
    outer loop
      vertex -4.49698 -16.6802 2.1
      vertex -13.3634 -16.6065 2.1
      vertex -4.49432 -16.6756 2.1
    endloop
  endfacet
  facet normal 0 0 -1
    outer loop
      vertex -13.368 -16.6092 2.1
      vertex -13.3634 -16.6065 2.1
      vertex -4.49698 -16.6802 2.1
    endloop
  endfacet
  facet normal 0 0 -1
    outer loop
      vertex -13.368 -16.6092 2.1
      vertex -21.0634 -12.1609 2.1
      vertex -13.3634 -16.6065 2.1
    endloop
  endfacet
  facet normal 0 0 -1
    outer loop
      vertex -21.068 -12.1636 2.1
      vertex -21.0634 -12.1609 2.1
      vertex -13.368 -16.6092 2.1
    endloop
  endfacet
  facet normal 0 0 -1
    outer loop
      vertex -21.068 -12.1636 2.1
      vertex -25.4887 -4.44559 2.1
      vertex -21.0634 -12.1609 2.1
    endloop
  endfacet
  facet normal 0 0 -1
    outer loop
      vertex -25.4887 -4.44559 2.1
      vertex -25.494 -4.44559 2.1
      vertex -25.4887 4.44559 2.1
    endloop
  endfacet
  facet normal 0 0 -1
    outer loop
      vertex -25.494 -4.44559 2.1
      vertex -25.4887 -4.44559 2.1
      vertex -21.068 -12.1636 2.1
    endloop
  endfacet
  facet normal 0 0 -1
    outer loop
      vertex 25.4887 4.44559 2.1
      vertex 25.494 4.44559 2.1
      vertex 25.4887 -4.44559 2.1
    endloop
  endfacet
  facet normal 0 0 -1
    outer loop
      vertex 25.4887 4.44559 2.1
      vertex 21.068 12.1636 2.1
      vertex 25.494 4.44559 2.1
    endloop
  endfacet
  facet normal 0 0 -1
    outer loop
      vertex 21.0634 12.1609 2.1
      vertex 21.068 12.1636 2.1
      vertex 25.4887 4.44559 2.1
    endloop
  endfacet
  facet normal 0 0 -1
    outer loop
      vertex 21.0634 12.1609 2.1
      vertex 13.368 16.6092 2.1
      vertex 21.068 12.1636 2.1
    endloop
  endfacet
  facet normal 0 0 -1
    outer loop
      vertex 13.3634 16.6065 2.1
      vertex 13.368 16.6092 2.1
      vertex 21.0634 12.1609 2.1
    endloop
  endfacet
  facet normal 0 0 -1
    outer loop
      vertex 13.3634 16.6065 2.1
      vertex 4.49698 16.6802 2.1
      vertex 13.368 16.6092 2.1
    endloop
  endfacet
  facet normal 0 0 -1
    outer loop
      vertex 4.49432 16.6756 2.1
      vertex 4.49698 16.6802 2.1
      vertex 13.3634 16.6065 2.1
    endloop
  endfacet
  facet normal 0 0 -1
    outer loop
      vertex -4.49432 16.6756 2.1
      vertex 4.49698 16.6802 2.1
      vertex 4.49432 16.6756 2.1
    endloop
  endfacet
  facet normal 0 0 -1
    outer loop
      vertex -4.49432 16.6756 2.1
      vertex -4.49698 16.6802 2.1
      vertex 4.49698 16.6802 2.1
    endloop
  endfacet
  facet normal 0 0 -1
    outer loop
      vertex -13.3634 16.6065 2.1
      vertex -4.49698 16.6802 2.1
      vertex -4.49432 16.6756 2.1
    endloop
  endfacet
  facet normal 0 0 -1
    outer loop
      vertex -13.3634 16.6065 2.1
      vertex -13.368 16.6092 2.1
      vertex -4.49698 16.6802 2.1
    endloop
  endfacet
  facet normal 0 0 -1
    outer loop
      vertex -21.0634 12.1609 2.1
      vertex -13.368 16.6092 2.1
      vertex -13.3634 16.6065 2.1
    endloop
  endfacet
  facet normal 0 0 -1
    outer loop
      vertex -21.0634 12.1609 2.1
      vertex -21.068 12.1636 2.1
      vertex -13.368 16.6092 2.1
    endloop
  endfacet
  facet normal 0 0 -1
    outer loop
      vertex -25.4887 4.44559 2.1
      vertex -21.068 12.1636 2.1
      vertex -21.0634 12.1609 2.1
    endloop
  endfacet
  facet normal 0 0 -1
    outer loop
      vertex -25.4887 4.44559 2.1
      vertex -25.494 4.44559 2.1
      vertex -21.068 12.1636 2.1
    endloop
  endfacet
  facet normal 0 0 -1
    outer loop
      vertex -25.494 4.44559 2.1
      vertex -25.4887 4.44559 2.1
      vertex -25.494 -4.44559 2.1
    endloop
  endfacet
  facet normal 0.5 0.866025 -0
    outer loop
      vertex 21.068 12.1636 2.1
      vertex 13.368 16.6092 2.13
      vertex 21.068 12.1636 2.13
    endloop
  endfacet
  facet normal 0.5 0.866025 0
    outer loop
      vertex 13.368 16.6092 2.13
      vertex 21.068 12.1636 2.1
      vertex 13.368 16.6092 2.1
    endloop
  endfacet
  facet normal 0.737254 -0.422789 0.526978
    outer loop
      vertex 25.494 -4.44559 2.13
      vertex 20.6008 -11.8939 3
      vertex 21.068 -12.1636 2.13
    endloop
  endfacet
  facet normal 0.44051 -0.762983 0.473084
    outer loop
      vertex 20.6008 -11.8939 3
      vertex 13.5008 -15.9931 3
      vertex 21.068 -12.1636 2.13
    endloop
  endfacet
  facet normal -0.0116302 0.816872 0.576702
    outer loop
      vertex -13.368 16.6092 2.13
      vertex -13.5008 15.9931 3
      vertex -4.57367 16.1202 3
    endloop
  endfacet
  facet normal -0.440511 0.762987 0.473076
    outer loop
      vertex -13.368 16.6092 2.13
      vertex -21.068 12.1636 2.13
      vertex -13.5008 15.9931 3
    endloop
  endfacet
  facet normal 0.440511 0.762987 0.473076
    outer loop
      vertex 21.068 12.1636 2.13
      vertex 13.368 16.6092 2.13
      vertex 13.5008 15.9931 3
    endloop
  endfacet
  facet normal 0 -1 0
    outer loop
      vertex -4.49698 -16.6802 2.1
      vertex 4.49698 -16.6802 2.13
      vertex -4.49698 -16.6802 2.13
    endloop
  endfacet
  facet normal 0 -1 -0
    outer loop
      vertex 4.49698 -16.6802 2.13
      vertex -4.49698 -16.6802 2.1
      vertex 4.49698 -16.6802 2.1
    endloop
  endfacet
  facet normal -0.00800333 -0.999968 0
    outer loop
      vertex -13.368 -16.6092 2.1
      vertex -4.49698 -16.6802 2.13
      vertex -13.368 -16.6092 2.13
    endloop
  endfacet
  facet normal -0.00800333 -0.999968 -0
    outer loop
      vertex -4.49698 -16.6802 2.13
      vertex -13.368 -16.6092 2.1
      vertex -4.49698 -16.6802 2.1
    endloop
  endfacet
  facet normal 0.737254 0.422789 0.526978
    outer loop
      vertex 21.068 12.1636 2.13
      vertex 20.6008 11.8939 3
      vertex 25.494 4.44559 2.13
    endloop
  endfacet
  facet normal 0.867482 0.497469 0
    outer loop
      vertex 25.494 4.44559 2.13
      vertex 21.068 12.1636 2.1
      vertex 21.068 12.1636 2.13
    endloop
  endfacet
  facet normal 0.867482 0.497469 0
    outer loop
      vertex 21.068 12.1636 2.1
      vertex 25.494 4.44559 2.13
      vertex 25.494 4.44559 2.1
    endloop
  endfacet
  facet normal 0.867482 -0.497469 0
    outer loop
      vertex 21.068 -12.1636 2.13
      vertex 25.494 -4.44559 2.1
      vertex 25.494 -4.44559 2.13
    endloop
  endfacet
  facet normal 0.867482 -0.497469 0
    outer loop
      vertex 25.494 -4.44559 2.1
      vertex 21.068 -12.1636 2.13
      vertex 21.068 -12.1636 2.1
    endloop
  endfacet
  facet normal 0.44051 0.762983 0.473084
    outer loop
      vertex 21.068 12.1636 2.13
      vertex 13.5008 15.9931 3
      vertex 20.6008 11.8939 3
    endloop
  endfacet
  facet normal -0.730544 0.416748 0.54095
    outer loop
      vertex -20.6008 11.8939 3
      vertex -25.494 4.44559 2.13
      vertex -25.0474 4.09918 3
    endloop
  endfacet
  facet normal -0.00673194 0.841115 0.540814
    outer loop
      vertex -4.49698 16.6802 2.13
      vertex -13.368 16.6092 2.13
      vertex -4.57367 16.1202 3
    endloop
  endfacet
  facet normal 0 -0.840864 0.541246
    outer loop
      vertex -4.49698 -16.6802 2.13
      vertex 4.57367 -16.1202 3
      vertex -4.57367 -16.1202 3
    endloop
  endfacet
  facet normal 0 -0.840864 0.541246
    outer loop
      vertex 4.57367 -16.1202 3
      vertex -4.49698 -16.6802 2.13
      vertex 4.49698 -16.6802 2.13
    endloop
  endfacet
  facet normal -0.889632 0 0.456678
    outer loop
      vertex -25.494 4.44559 2.13
      vertex -25.0474 -4.09918 3
      vertex -25.0474 4.09918 3
    endloop
  endfacet
  facet normal -0.889632 0 0.456678
    outer loop
      vertex -25.0474 -4.09918 3
      vertex -25.494 4.44559 2.13
      vertex -25.494 -4.44559 2.13
    endloop
  endfacet
  facet normal 0.730544 0.416748 0.54095
    outer loop
      vertex 25.494 4.44559 2.13
      vertex 20.6008 11.8939 3
      vertex 25.0474 4.09918 3
    endloop
  endfacet
  facet normal 0.0116302 0.816872 0.576702
    outer loop
      vertex 13.368 16.6092 2.13
      vertex 4.57367 16.1202 3
      vertex 13.5008 15.9931 3
    endloop
  endfacet
  facet normal 1 -0 0
    outer loop
      vertex 25.494 -4.44559 2.13
      vertex 25.494 4.44559 2.1
      vertex 25.494 4.44559 2.13
    endloop
  endfacet
  facet normal 1 0 0
    outer loop
      vertex 25.494 4.44559 2.1
      vertex 25.494 -4.44559 2.13
      vertex 25.494 -4.44559 2.1
    endloop
  endfacet
  facet normal -0.867482 -0.497469 0
    outer loop
      vertex -21.068 -12.1636 2.1
      vertex -25.494 -4.44559 2.13
      vertex -25.494 -4.44559 2.1
    endloop
  endfacet
  facet normal -0.867482 -0.497469 0
    outer loop
      vertex -25.494 -4.44559 2.13
      vertex -21.068 -12.1636 2.1
      vertex -21.068 -12.1636 2.13
    endloop
  endfacet
  facet normal 0.5 -0.866025 0
    outer loop
      vertex 13.368 -16.6092 2.1
      vertex 21.068 -12.1636 2.13
      vertex 13.368 -16.6092 2.13
    endloop
  endfacet
  facet normal 0.5 -0.866025 0
    outer loop
      vertex 21.068 -12.1636 2.13
      vertex 13.368 -16.6092 2.1
      vertex 21.068 -12.1636 2.1
    endloop
  endfacet
  facet normal -0.00673194 -0.841115 0.540814
    outer loop
      vertex -4.57367 -16.1202 3
      vertex -13.368 -16.6092 2.13
      vertex -4.49698 -16.6802 2.13
    endloop
  endfacet
  facet normal -0.0116302 -0.816872 0.576702
    outer loop
      vertex -4.57367 -16.1202 3
      vertex -13.5008 -15.9931 3
      vertex -13.368 -16.6092 2.13
    endloop
  endfacet
  facet normal -0.44051 0.762983 0.473084
    outer loop
      vertex -13.5008 15.9931 3
      vertex -21.068 12.1636 2.13
      vertex -20.6008 11.8939 3
    endloop
  endfacet
  facet normal -0.737254 0.422789 0.526978
    outer loop
      vertex -21.068 12.1636 2.13
      vertex -25.494 4.44559 2.13
      vertex -20.6008 11.8939 3
    endloop
  endfacet
  facet normal 0.00800333 0.999968 -0
    outer loop
      vertex 13.368 16.6092 2.1
      vertex 4.49698 16.6802 2.13
      vertex 13.368 16.6092 2.13
    endloop
  endfacet
  facet normal 0.00800333 0.999968 0
    outer loop
      vertex 4.49698 16.6802 2.13
      vertex 13.368 16.6092 2.1
      vertex 4.49698 16.6802 2.1
    endloop
  endfacet
  facet normal 0.730544 -0.416748 0.54095
    outer loop
      vertex 25.0474 -4.09918 3
      vertex 20.6008 -11.8939 3
      vertex 25.494 -4.44559 2.13
    endloop
  endfacet
  facet normal -1 0 0
    outer loop
      vertex -25.494 -4.44559 2.1
      vertex -25.494 4.44559 2.13
      vertex -25.494 4.44559 2.1
    endloop
  endfacet
  facet normal -1 -0 0
    outer loop
      vertex -25.494 4.44559 2.13
      vertex -25.494 -4.44559 2.1
      vertex -25.494 -4.44559 2.13
    endloop
  endfacet
  facet normal 0.00673194 -0.841115 0.540814
    outer loop
      vertex 4.57367 -16.1202 3
      vertex 4.49698 -16.6802 2.13
      vertex 13.368 -16.6092 2.13
    endloop
  endfacet
  facet normal -0.867482 0.497469 0
    outer loop
      vertex -25.494 4.44559 2.1
      vertex -21.068 12.1636 2.13
      vertex -21.068 12.1636 2.1
    endloop
  endfacet
  facet normal -0.867482 0.497469 0
    outer loop
      vertex -21.068 12.1636 2.13
      vertex -25.494 4.44559 2.1
      vertex -25.494 4.44559 2.13
    endloop
  endfacet
  facet normal -0.44051 -0.762983 0.473084
    outer loop
      vertex -20.6008 -11.8939 3
      vertex -21.068 -12.1636 2.13
      vertex -13.5008 -15.9931 3
    endloop
  endfacet
  facet normal 0 0.840864 0.541246
    outer loop
      vertex 4.49698 16.6802 2.13
      vertex -4.57367 16.1202 3
      vertex 4.57367 16.1202 3
    endloop
  endfacet
  facet normal 0 0.840864 0.541246
    outer loop
      vertex -4.57367 16.1202 3
      vertex 4.49698 16.6802 2.13
      vertex -4.49698 16.6802 2.13
    endloop
  endfacet
  facet normal -0 0 -1
    outer loop
      vertex 25.0526 -4.09917 3
      vertex 25.0474 -4.09918 3
      vertex 25.0526 4.09917 3
    endloop
  endfacet
  facet normal 0 0 -1
    outer loop
      vertex 20.6054 -11.8965 3
      vertex 25.0474 -4.09918 3
      vertex 25.0526 -4.09917 3
    endloop
  endfacet
  facet normal 0 0 -1
    outer loop
      vertex 20.6054 -11.8965 3
      vertex 20.6008 -11.8939 3
      vertex 25.0474 -4.09918 3
    endloop
  endfacet
  facet normal 0 0 -1
    outer loop
      vertex 13.5054 -15.9957 3
      vertex 20.6008 -11.8939 3
      vertex 20.6054 -11.8965 3
    endloop
  endfacet
  facet normal 0 0 -1
    outer loop
      vertex 13.5054 -15.9957 3
      vertex 13.5008 -15.9931 3
      vertex 20.6008 -11.8939 3
    endloop
  endfacet
  facet normal 0 0 -1
    outer loop
      vertex 4.57632 -16.1248 3
      vertex 13.5008 -15.9931 3
      vertex 13.5054 -15.9957 3
    endloop
  endfacet
  facet normal 0 0 -1
    outer loop
      vertex 4.57632 -16.1248 3
      vertex 4.57367 -16.1202 3
      vertex 13.5008 -15.9931 3
    endloop
  endfacet
  facet normal 0 0 -1
    outer loop
      vertex 4.57632 -16.1248 3
      vertex -4.57367 -16.1202 3
      vertex 4.57367 -16.1202 3
    endloop
  endfacet
  facet normal 0 0 -1
    outer loop
      vertex -4.57632 -16.1248 3
      vertex -4.57367 -16.1202 3
      vertex 4.57632 -16.1248 3
    endloop
  endfacet
  facet normal 0 0 -1
    outer loop
      vertex -4.57632 -16.1248 3
      vertex -13.5008 -15.9931 3
      vertex -4.57367 -16.1202 3
    endloop
  endfacet
  facet normal 0 0 -1
    outer loop
      vertex -13.5054 -15.9957 3
      vertex -13.5008 -15.9931 3
      vertex -4.57632 -16.1248 3
    endloop
  endfacet
  facet normal 0 0 -1
    outer loop
      vertex -13.5054 -15.9957 3
      vertex -20.6008 -11.8939 3
      vertex -13.5008 -15.9931 3
    endloop
  endfacet
  facet normal 0 0 -1
    outer loop
      vertex -20.6054 -11.8965 3
      vertex -20.6008 -11.8939 3
      vertex -13.5054 -15.9957 3
    endloop
  endfacet
  facet normal 0 0 -1
    outer loop
      vertex -20.6054 -11.8965 3
      vertex -25.0474 -4.09918 3
      vertex -20.6008 -11.8939 3
    endloop
  endfacet
  facet normal 0 0 -1
    outer loop
      vertex -25.0474 -4.09918 3
      vertex -25.0526 -4.09917 3
      vertex -25.0474 4.09918 3
    endloop
  endfacet
  facet normal 0 0 -1
    outer loop
      vertex -25.0526 -4.09917 3
      vertex -25.0474 -4.09918 3
      vertex -20.6054 -11.8965 3
    endloop
  endfacet
  facet normal 0 0 -1
    outer loop
      vertex 25.0474 4.09918 3
      vertex 25.0526 4.09917 3
      vertex 25.0474 -4.09918 3
    endloop
  endfacet
  facet normal 0 0 -1
    outer loop
      vertex 25.0474 4.09918 3
      vertex 20.6054 11.8965 3
      vertex 25.0526 4.09917 3
    endloop
  endfacet
  facet normal 0 0 -1
    outer loop
      vertex 20.6008 11.8939 3
      vertex 20.6054 11.8965 3
      vertex 25.0474 4.09918 3
    endloop
  endfacet
  facet normal 0 0 -1
    outer loop
      vertex 20.6008 11.8939 3
      vertex 13.5054 15.9957 3
      vertex 20.6054 11.8965 3
    endloop
  endfacet
  facet normal 0 0 -1
    outer loop
      vertex 13.5008 15.9931 3
      vertex 13.5054 15.9957 3
      vertex 20.6008 11.8939 3
    endloop
  endfacet
  facet normal 0 0 -1
    outer loop
      vertex 13.5008 15.9931 3
      vertex 4.57632 16.1248 3
      vertex 13.5054 15.9957 3
    endloop
  endfacet
  facet normal 0 0 -1
    outer loop
      vertex 4.57367 16.1202 3
      vertex 4.57632 16.1248 3
      vertex 13.5008 15.9931 3
    endloop
  endfacet
  facet normal 0 0 -1
    outer loop
      vertex -4.57367 16.1202 3
      vertex 4.57632 16.1248 3
      vertex 4.57367 16.1202 3
    endloop
  endfacet
  facet normal 0 0 -1
    outer loop
      vertex -4.57367 16.1202 3
      vertex -4.57632 16.1248 3
      vertex 4.57632 16.1248 3
    endloop
  endfacet
  facet normal 0 0 -1
    outer loop
      vertex -13.5008 15.9931 3
      vertex -4.57632 16.1248 3
      vertex -4.57367 16.1202 3
    endloop
  endfacet
  facet normal 0 0 -1
    outer loop
      vertex -13.5008 15.9931 3
      vertex -13.5054 15.9957 3
      vertex -4.57632 16.1248 3
    endloop
  endfacet
  facet normal 0 0 -1
    outer loop
      vertex -20.6008 11.8939 3
      vertex -13.5054 15.9957 3
      vertex -13.5008 15.9931 3
    endloop
  endfacet
  facet normal 0 0 -1
    outer loop
      vertex -20.6008 11.8939 3
      vertex -20.6054 11.8965 3
      vertex -13.5054 15.9957 3
    endloop
  endfacet
  facet normal 0 0 -1
    outer loop
      vertex -25.0474 4.09918 3
      vertex -20.6054 11.8965 3
      vertex -20.6008 11.8939 3
    endloop
  endfacet
  facet normal -0 0 -1
    outer loop
      vertex -25.0474 4.09918 3
      vertex -25.0526 4.09917 3
      vertex -20.6054 11.8965 3
    endloop
  endfacet
  facet normal 0 0 -1
    outer loop
      vertex -25.0526 4.09917 3
      vertex -25.0474 4.09918 3
      vertex -25.0526 -4.09917 3
    endloop
  endfacet
  facet normal 0.889632 -0 0.456678
    outer loop
      vertex 25.0474 -4.09918 3
      vertex 25.494 4.44559 2.13
      vertex 25.0474 4.09918 3
    endloop
  endfacet
  facet normal 0.889632 0 0.456678
    outer loop
      vertex 25.494 4.44559 2.13
      vertex 25.0474 -4.09918 3
      vertex 25.494 -4.44559 2.13
    endloop
  endfacet
  facet normal -0.5 -0.866025 0
    outer loop
      vertex -21.068 -12.1636 2.1
      vertex -13.368 -16.6092 2.13
      vertex -21.068 -12.1636 2.13
    endloop
  endfacet
  facet normal -0.5 -0.866025 -0
    outer loop
      vertex -13.368 -16.6092 2.13
      vertex -21.068 -12.1636 2.1
      vertex -13.368 -16.6092 2.1
    endloop
  endfacet
  facet normal -0.5 0.866025 0
    outer loop
      vertex -13.368 16.6092 2.1
      vertex -21.068 12.1636 2.13
      vertex -13.368 16.6092 2.13
    endloop
  endfacet
  facet normal -0.5 0.866025 0
    outer loop
      vertex -21.068 12.1636 2.13
      vertex -13.368 16.6092 2.1
      vertex -21.068 12.1636 2.1
    endloop
  endfacet
  facet normal 0 1 -0
    outer loop
      vertex 4.49698 16.6802 2.1
      vertex -4.49698 16.6802 2.13
      vertex 4.49698 16.6802 2.13
    endloop
  endfacet
  facet normal 0 1 0
    outer loop
      vertex -4.49698 16.6802 2.13
      vertex 4.49698 16.6802 2.1
      vertex -4.49698 16.6802 2.1
    endloop
  endfacet
  facet normal -0.440511 -0.762987 0.473076
    outer loop
      vertex -13.5008 -15.9931 3
      vertex -21.068 -12.1636 2.13
      vertex -13.368 -16.6092 2.13
    endloop
  endfacet
  facet normal -0.737254 -0.422789 0.526978
    outer loop
      vertex -20.6008 -11.8939 3
      vertex -25.494 -4.44559 2.13
      vertex -21.068 -12.1636 2.13
    endloop
  endfacet
  facet normal -0.730544 -0.416748 0.54095
    outer loop
      vertex -25.0474 -4.09918 3
      vertex -25.494 -4.44559 2.13
      vertex -20.6008 -11.8939 3
    endloop
  endfacet
  facet normal 0.00673194 0.841115 0.540814
    outer loop
      vertex 13.368 16.6092 2.13
      vertex 4.49698 16.6802 2.13
      vertex 4.57367 16.1202 3
    endloop
  endfacet
  facet normal 0.00800333 -0.999968 0
    outer loop
      vertex 4.49698 -16.6802 2.1
      vertex 13.368 -16.6092 2.13
      vertex 4.49698 -16.6802 2.13
    endloop
  endfacet
  facet normal 0.00800333 -0.999968 0
    outer loop
      vertex 13.368 -16.6092 2.13
      vertex 4.49698 -16.6802 2.1
      vertex 13.368 -16.6092 2.1
    endloop
  endfacet
  facet normal 0.0116302 -0.816872 0.576702
    outer loop
      vertex 13.5008 -15.9931 3
      vertex 4.57367 -16.1202 3
      vertex 13.368 -16.6092 2.13
    endloop
  endfacet
  facet normal 0.440511 -0.762987 0.473076
    outer loop
      vertex 13.5008 -15.9931 3
      vertex 13.368 -16.6092 2.13
      vertex 21.068 -12.1636 2.13
    endloop
  endfacet
  facet normal -0.00800333 0.999968 0
    outer loop
      vertex -4.49698 16.6802 2.1
      vertex -13.368 16.6092 2.13
      vertex -4.49698 16.6802 2.13
    endloop
  endfacet
  facet normal -0.00800333 0.999968 0
    outer loop
      vertex -13.368 16.6092 2.13
      vertex -4.49698 16.6802 2.1
      vertex -13.368 16.6092 2.1
    endloop
  endfacet
  facet normal 0.49427 -0.856099 -0.150969
    outer loop
      vertex 20.6054 -11.8965 3
      vertex 14.1422 -16.3634 7.17
      vertex 13.5054 -15.9957 3
    endloop
  endfacet
  facet normal 0.49427 -0.856099 -0.150969
    outer loop
      vertex 14.1422 -16.3634 7.17
      vertex 20.6054 -11.8965 3
      vertex 21.2422 -12.2642 7.17
    endloop
  endfacet
  facet normal 0.500001 -0.866025 0
    outer loop
      vertex 14.1422 -16.3634 7.17
      vertex 21.2422 -12.2642 7.2
      vertex 14.1422 -16.3634 7.2
    endloop
  endfacet
  facet normal 0.500001 -0.866025 0
    outer loop
      vertex 21.2422 -12.2642 7.2
      vertex 14.1422 -16.3634 7.17
      vertex 21.2422 -12.2642 7.17
    endloop
  endfacet
  facet normal 0.0432503 0.999064 -0
    outer loop
      vertex 14.1422 16.3634 7.17
      vertex 4.94395 16.7616 7.2
      vertex 14.1422 16.3634 7.2
    endloop
  endfacet
  facet normal 0.0432503 0.999064 0
    outer loop
      vertex 4.94395 16.7616 7.2
      vertex 14.1422 16.3634 7.17
      vertex 4.94395 16.7616 7.17
    endloop
  endfacet
  facet normal 0.855449 0.487904 -0.173658
    outer loop
      vertex 25.0526 4.09917 3
      vertex 20.6054 11.8965 3
      vertex 21.2422 12.2642 7.17
    endloop
  endfacet
  facet normal -1 0 0
    outer loop
      vertex -25.7879 -4.09918 7.17
      vertex -25.7879 4.09918 7.2
      vertex -25.7879 4.09918 7.17
    endloop
  endfacet
  facet normal -1 -0 0
    outer loop
      vertex -25.7879 4.09918 7.2
      vertex -25.7879 -4.09918 7.17
      vertex -25.7879 -4.09918 7.2
    endloop
  endfacet
  facet normal 0.863533 0.480754 -0.152269
    outer loop
      vertex 25.0526 4.09917 3
      vertex 21.2422 12.2642 7.17
      vertex 25.7879 4.09918 7.17
    endloop
  endfacet
  facet normal 0.873722 -0.486426 0
    outer loop
      vertex 21.2422 -12.2642 7.2
      vertex 25.7879 -4.09918 7.17
      vertex 25.7879 -4.09918 7.2
    endloop
  endfacet
  facet normal 0.873722 -0.486426 0
    outer loop
      vertex 25.7879 -4.09918 7.17
      vertex 21.2422 -12.2642 7.2
      vertex 21.2422 -12.2642 7.17
    endloop
  endfacet
  facet normal 1 -0 0
    outer loop
      vertex 25.7879 -4.09918 7.2
      vertex 25.7879 4.09918 7.17
      vertex 25.7879 4.09918 7.2
    endloop
  endfacet
  facet normal 1 0 0
    outer loop
      vertex 25.7879 4.09918 7.17
      vertex 25.7879 -4.09918 7.2
      vertex 25.7879 -4.09918 7.17
    endloop
  endfacet
  facet normal -0.855449 0.487904 -0.173658
    outer loop
      vertex -20.6054 11.8965 3
      vertex -25.0526 4.09917 3
      vertex -21.2422 12.2642 7.17
    endloop
  endfacet
  facet normal -0.500001 0.866025 0
    outer loop
      vertex -14.1422 16.3634 7.17
      vertex -21.2422 12.2642 7.2
      vertex -14.1422 16.3634 7.2
    endloop
  endfacet
  facet normal -0.500001 0.866025 0
    outer loop
      vertex -21.2422 12.2642 7.2
      vertex -14.1422 16.3634 7.17
      vertex -21.2422 12.2642 7.17
    endloop
  endfacet
  facet normal -0.500001 -0.866025 0
    outer loop
      vertex -21.2422 -12.2642 7.17
      vertex -14.1422 -16.3634 7.2
      vertex -21.2422 -12.2642 7.2
    endloop
  endfacet
  facet normal -0.500001 -0.866025 -0
    outer loop
      vertex -14.1422 -16.3634 7.2
      vertex -21.2422 -12.2642 7.17
      vertex -14.1422 -16.3634 7.17
    endloop
  endfacet
  facet normal -0.49427 -0.856099 -0.150969
    outer loop
      vertex -20.6054 -11.8965 3
      vertex -14.1422 -16.3634 7.17
      vertex -21.2422 -12.2642 7.17
    endloop
  endfacet
  facet normal -0.49427 -0.856099 -0.150969
    outer loop
      vertex -14.1422 -16.3634 7.17
      vertex -20.6054 -11.8965 3
      vertex -13.5054 -15.9957 3
    endloop
  endfacet
  facet normal 0.500001 0.866025 -0
    outer loop
      vertex 21.2422 12.2642 7.17
      vertex 14.1422 16.3634 7.2
      vertex 21.2422 12.2642 7.2
    endloop
  endfacet
  facet normal 0.500001 0.866025 0
    outer loop
      vertex 14.1422 16.3634 7.2
      vertex 21.2422 12.2642 7.17
      vertex 14.1422 16.3634 7.17
    endloop
  endfacet
  facet normal 0.0430577 -0.994614 -0.0942779
    outer loop
      vertex 14.1422 -16.3634 7.17
      vertex 4.94395 -16.7616 7.17
      vertex 13.5054 -15.9957 3
    endloop
  endfacet
  facet normal -0.873722 0.486426 0
    outer loop
      vertex -25.7879 4.09918 7.17
      vertex -21.2422 12.2642 7.2
      vertex -21.2422 12.2642 7.17
    endloop
  endfacet
  facet normal -0.873722 0.486426 0
    outer loop
      vertex -21.2422 12.2642 7.2
      vertex -25.7879 4.09918 7.17
      vertex -25.7879 4.09918 7.2
    endloop
  endfacet
  facet normal 0 1 -0
    outer loop
      vertex 4.94395 16.7616 7.17
      vertex -4.94395 16.7616 7.2
      vertex 4.94395 16.7616 7.2
    endloop
  endfacet
  facet normal 0 1 0
    outer loop
      vertex -4.94395 16.7616 7.2
      vertex 4.94395 16.7616 7.17
      vertex -4.94395 16.7616 7.17
    endloop
  endfacet
  facet normal 0.984807 0 -0.173652
    outer loop
      vertex 25.7879 4.09918 7.17
      vertex 25.0526 -4.09917 3
      vertex 25.0526 4.09917 3
    endloop
  endfacet
  facet normal 0.984807 0 -0.173652
    outer loop
      vertex 25.0526 -4.09917 3
      vertex 25.7879 4.09918 7.17
      vertex 25.7879 -4.09918 7.17
    endloop
  endfacet
  facet normal 0 -1 0
    outer loop
      vertex -4.94395 -16.7616 7.17
      vertex 4.94395 -16.7616 7.2
      vertex -4.94395 -16.7616 7.2
    endloop
  endfacet
  facet normal 0 -1 -0
    outer loop
      vertex 4.94395 -16.7616 7.2
      vertex -4.94395 -16.7616 7.17
      vertex 4.94395 -16.7616 7.17
    endloop
  endfacet
  facet normal -0.863533 -0.480754 -0.152269
    outer loop
      vertex -21.2422 -12.2642 7.17
      vertex -25.7879 -4.09918 7.17
      vertex -25.0526 -4.09917 3
    endloop
  endfacet
  facet normal 0.49427 0.856099 -0.150969
    outer loop
      vertex 20.6054 11.8965 3
      vertex 14.1422 16.3634 7.17
      vertex 21.2422 12.2642 7.17
    endloop
  endfacet
  facet normal 0.49427 0.856099 -0.150969
    outer loop
      vertex 14.1422 16.3634 7.17
      vertex 20.6054 11.8965 3
      vertex 13.5054 15.9957 3
    endloop
  endfacet
  facet normal 0.873722 0.486426 0
    outer loop
      vertex 25.7879 4.09918 7.2
      vertex 21.2422 12.2642 7.17
      vertex 21.2422 12.2642 7.2
    endloop
  endfacet
  facet normal 0.873722 0.486426 0
    outer loop
      vertex 21.2422 12.2642 7.17
      vertex 25.7879 4.09918 7.2
      vertex 25.7879 4.09918 7.17
    endloop
  endfacet
  facet normal -0.0142885 -0.98825 -0.152175
    outer loop
      vertex -4.94395 -16.7616 7.17
      vertex -13.5054 -15.9957 3
      vertex -4.57632 -16.1248 3
    endloop
  endfacet
  facet normal -0 0 -1
    outer loop
      vertex 25.7932 -4.09917 7.2
      vertex 25.7879 -4.09918 7.2
      vertex 25.7932 4.09917 7.2
    endloop
  endfacet
  facet normal 0 0 -1
    outer loop
      vertex 21.2467 -12.2668 7.2
      vertex 25.7879 -4.09918 7.2
      vertex 25.7932 -4.09917 7.2
    endloop
  endfacet
  facet normal 0 0 -1
    outer loop
      vertex 21.2467 -12.2668 7.2
      vertex 21.2422 -12.2642 7.2
      vertex 25.7879 -4.09918 7.2
    endloop
  endfacet
  facet normal 0 0 -1
    outer loop
      vertex 14.1468 -16.366 7.2
      vertex 21.2422 -12.2642 7.2
      vertex 21.2467 -12.2668 7.2
    endloop
  endfacet
  facet normal 0 0 -1
    outer loop
      vertex 14.1468 -16.366 7.2
      vertex 14.1422 -16.3634 7.2
      vertex 21.2422 -12.2642 7.2
    endloop
  endfacet
  facet normal 0 0 -1
    outer loop
      vertex 4.94661 -16.7661 7.2
      vertex 14.1422 -16.3634 7.2
      vertex 14.1468 -16.366 7.2
    endloop
  endfacet
  facet normal 0 0 -1
    outer loop
      vertex 4.94661 -16.7661 7.2
      vertex 4.94395 -16.7616 7.2
      vertex 14.1422 -16.3634 7.2
    endloop
  endfacet
  facet normal 0 0 -1
    outer loop
      vertex 4.94661 -16.7661 7.2
      vertex -4.94395 -16.7616 7.2
      vertex 4.94395 -16.7616 7.2
    endloop
  endfacet
  facet normal 0 0 -1
    outer loop
      vertex -4.94661 -16.7661 7.2
      vertex -4.94395 -16.7616 7.2
      vertex 4.94661 -16.7661 7.2
    endloop
  endfacet
  facet normal 0 0 -1
    outer loop
      vertex -4.94661 -16.7661 7.2
      vertex -14.1422 -16.3634 7.2
      vertex -4.94395 -16.7616 7.2
    endloop
  endfacet
  facet normal 0 0 -1
    outer loop
      vertex -14.1468 -16.366 7.2
      vertex -14.1422 -16.3634 7.2
      vertex -4.94661 -16.7661 7.2
    endloop
  endfacet
  facet normal 0 0 -1
    outer loop
      vertex -14.1468 -16.366 7.2
      vertex -21.2422 -12.2642 7.2
      vertex -14.1422 -16.3634 7.2
    endloop
  endfacet
  facet normal 0 0 -1
    outer loop
      vertex -21.2467 -12.2668 7.2
      vertex -21.2422 -12.2642 7.2
      vertex -14.1468 -16.366 7.2
    endloop
  endfacet
  facet normal 0 0 -1
    outer loop
      vertex -21.2467 -12.2668 7.2
      vertex -25.7879 -4.09918 7.2
      vertex -21.2422 -12.2642 7.2
    endloop
  endfacet
  facet normal 0 0 -1
    outer loop
      vertex -25.7879 -4.09918 7.2
      vertex -25.7932 -4.09917 7.2
      vertex -25.7879 4.09918 7.2
    endloop
  endfacet
  facet normal 0 0 -1
    outer loop
      vertex -25.7932 -4.09917 7.2
      vertex -25.7879 -4.09918 7.2
      vertex -21.2467 -12.2668 7.2
    endloop
  endfacet
  facet normal 0 0 -1
    outer loop
      vertex 25.7879 4.09918 7.2
      vertex 25.7932 4.09917 7.2
      vertex 25.7879 -4.09918 7.2
    endloop
  endfacet
  facet normal 0 0 -1
    outer loop
      vertex 25.7879 4.09918 7.2
      vertex 21.2467 12.2668 7.2
      vertex 25.7932 4.09917 7.2
    endloop
  endfacet
  facet normal 0 0 -1
    outer loop
      vertex 21.2422 12.2642 7.2
      vertex 21.2467 12.2668 7.2
      vertex 25.7879 4.09918 7.2
    endloop
  endfacet
  facet normal 0 0 -1
    outer loop
      vertex 21.2422 12.2642 7.2
      vertex 14.1468 16.366 7.2
      vertex 21.2467 12.2668 7.2
    endloop
  endfacet
  facet normal 0 0 -1
    outer loop
      vertex 14.1422 16.3634 7.2
      vertex 14.1468 16.366 7.2
      vertex 21.2422 12.2642 7.2
    endloop
  endfacet
  facet normal 0 0 -1
    outer loop
      vertex 14.1422 16.3634 7.2
      vertex 4.94661 16.7661 7.2
      vertex 14.1468 16.366 7.2
    endloop
  endfacet
  facet normal 0 0 -1
    outer loop
      vertex 4.94395 16.7616 7.2
      vertex 4.94661 16.7661 7.2
      vertex 14.1422 16.3634 7.2
    endloop
  endfacet
  facet normal 0 0 -1
    outer loop
      vertex -4.94395 16.7616 7.2
      vertex 4.94661 16.7661 7.2
      vertex 4.94395 16.7616 7.2
    endloop
  endfacet
  facet normal 0 0 -1
    outer loop
      vertex -4.94395 16.7616 7.2
      vertex -4.94661 16.7661 7.2
      vertex 4.94661 16.7661 7.2
    endloop
  endfacet
  facet normal 0 0 -1
    outer loop
      vertex -14.1422 16.3634 7.2
      vertex -4.94661 16.7661 7.2
      vertex -4.94395 16.7616 7.2
    endloop
  endfacet
  facet normal 0 0 -1
    outer loop
      vertex -14.1422 16.3634 7.2
      vertex -14.1468 16.366 7.2
      vertex -4.94661 16.7661 7.2
    endloop
  endfacet
  facet normal 0 0 -1
    outer loop
      vertex -21.2422 12.2642 7.2
      vertex -14.1468 16.366 7.2
      vertex -14.1422 16.3634 7.2
    endloop
  endfacet
  facet normal 0 0 -1
    outer loop
      vertex -21.2422 12.2642 7.2
      vertex -21.2467 12.2668 7.2
      vertex -14.1468 16.366 7.2
    endloop
  endfacet
  facet normal 0 0 -1
    outer loop
      vertex -25.7879 4.09918 7.2
      vertex -21.2467 12.2668 7.2
      vertex -21.2422 12.2642 7.2
    endloop
  endfacet
  facet normal -0 0 -1
    outer loop
      vertex -25.7879 4.09918 7.2
      vertex -25.7932 4.09917 7.2
      vertex -21.2467 12.2668 7.2
    endloop
  endfacet
  facet normal 0 0 -1
    outer loop
      vertex -25.7932 4.09917 7.2
      vertex -25.7879 4.09918 7.2
      vertex -25.7932 -4.09917 7.2
    endloop
  endfacet
  facet normal -0.863533 0.480754 -0.152269
    outer loop
      vertex -25.0526 4.09917 3
      vertex -25.7879 4.09918 7.17
      vertex -21.2422 12.2642 7.17
    endloop
  endfacet
  facet normal 0 -0.98854 -0.15096
    outer loop
      vertex -4.57632 -16.1248 3
      vertex 4.94395 -16.7616 7.17
      vertex -4.94395 -16.7616 7.17
    endloop
  endfacet
  facet normal 0 -0.98854 -0.15096
    outer loop
      vertex 4.94395 -16.7616 7.17
      vertex -4.57632 -16.1248 3
      vertex 4.57632 -16.1248 3
    endloop
  endfacet
  facet normal -0.49427 0.856099 -0.150969
    outer loop
      vertex -20.6054 11.8965 3
      vertex -14.1422 16.3634 7.17
      vertex -13.5054 15.9957 3
    endloop
  endfacet
  facet normal -0.49427 0.856099 -0.150969
    outer loop
      vertex -14.1422 16.3634 7.17
      vertex -20.6054 11.8965 3
      vertex -21.2422 12.2642 7.17
    endloop
  endfacet
  facet normal 0.0432503 -0.999064 0
    outer loop
      vertex 4.94395 -16.7616 7.17
      vertex 14.1422 -16.3634 7.2
      vertex 4.94395 -16.7616 7.2
    endloop
  endfacet
  facet normal 0.0432503 -0.999064 0
    outer loop
      vertex 14.1422 -16.3634 7.2
      vertex 4.94395 -16.7616 7.17
      vertex 14.1422 -16.3634 7.17
    endloop
  endfacet
  facet normal 0.0430577 0.994614 -0.0942779
    outer loop
      vertex 13.5054 15.9957 3
      vertex 4.94395 16.7616 7.17
      vertex 14.1422 16.3634 7.17
    endloop
  endfacet
  facet normal 0.855449 -0.487904 -0.173658
    outer loop
      vertex 21.2422 -12.2642 7.17
      vertex 20.6054 -11.8965 3
      vertex 25.0526 -4.09917 3
    endloop
  endfacet
  facet normal 0.863533 -0.480754 -0.152269
    outer loop
      vertex 25.7879 -4.09918 7.17
      vertex 21.2422 -12.2642 7.17
      vertex 25.0526 -4.09917 3
    endloop
  endfacet
  facet normal 0.0142885 0.98825 -0.152175
    outer loop
      vertex 13.5054 15.9957 3
      vertex 4.57632 16.1248 3
      vertex 4.94395 16.7616 7.17
    endloop
  endfacet
  facet normal -0.0142885 0.98825 -0.152175
    outer loop
      vertex -4.57632 16.1248 3
      vertex -13.5054 15.9957 3
      vertex -4.94395 16.7616 7.17
    endloop
  endfacet
  facet normal 0.0142885 -0.98825 -0.152175
    outer loop
      vertex 4.94395 -16.7616 7.17
      vertex 4.57632 -16.1248 3
      vertex 13.5054 -15.9957 3
    endloop
  endfacet
  facet normal -0.0430577 -0.994614 -0.0942779
    outer loop
      vertex -4.94395 -16.7616 7.17
      vertex -14.1422 -16.3634 7.17
      vertex -13.5054 -15.9957 3
    endloop
  endfacet
  facet normal -0.984807 0 -0.173652
    outer loop
      vertex -25.0526 -4.09917 3
      vertex -25.7879 4.09918 7.17
      vertex -25.0526 4.09917 3
    endloop
  endfacet
  facet normal -0.984807 -0 -0.173652
    outer loop
      vertex -25.7879 4.09918 7.17
      vertex -25.0526 -4.09917 3
      vertex -25.7879 -4.09918 7.17
    endloop
  endfacet
  facet normal 0 0.98854 -0.15096
    outer loop
      vertex 4.57632 16.1248 3
      vertex -4.94395 16.7616 7.17
      vertex 4.94395 16.7616 7.17
    endloop
  endfacet
  facet normal 0 0.98854 -0.15096
    outer loop
      vertex -4.94395 16.7616 7.17
      vertex 4.57632 16.1248 3
      vertex -4.57632 16.1248 3
    endloop
  endfacet
  facet normal -0.855449 -0.487904 -0.173658
    outer loop
      vertex -21.2422 -12.2642 7.17
      vertex -25.0526 -4.09917 3
      vertex -20.6054 -11.8965 3
    endloop
  endfacet
  facet normal -0.0430577 0.994614 -0.0942779
    outer loop
      vertex -13.5054 15.9957 3
      vertex -14.1422 16.3634 7.17
      vertex -4.94395 16.7616 7.17
    endloop
  endfacet
  facet normal -0.0432503 0.999064 0
    outer loop
      vertex -4.94395 16.7616 7.17
      vertex -14.1422 16.3634 7.2
      vertex -4.94395 16.7616 7.2
    endloop
  endfacet
  facet normal -0.0432503 0.999064 0
    outer loop
      vertex -14.1422 16.3634 7.2
      vertex -4.94395 16.7616 7.17
      vertex -14.1422 16.3634 7.17
    endloop
  endfacet
  facet normal -0.873722 -0.486426 0
    outer loop
      vertex -21.2422 -12.2642 7.17
      vertex -25.7879 -4.09918 7.2
      vertex -25.7879 -4.09918 7.17
    endloop
  endfacet
  facet normal -0.873722 -0.486426 0
    outer loop
      vertex -25.7879 -4.09918 7.2
      vertex -21.2422 -12.2642 7.17
      vertex -21.2422 -12.2642 7.2
    endloop
  endfacet
  facet normal -0.0432503 -0.999064 0
    outer loop
      vertex -14.1422 -16.3634 7.17
      vertex -4.94395 -16.7616 7.2
      vertex -14.1422 -16.3634 7.2
    endloop
  endfacet
  facet normal -0.0432503 -0.999064 -0
    outer loop
      vertex -4.94395 -16.7616 7.2
      vertex -14.1422 -16.3634 7.17
      vertex -4.94395 -16.7616 7.17
    endloop
  endfacet
  facet normal 0.500006 0.866022 -0
    outer loop
      vertex 21.2467 12.2668 7.2
      vertex 14.1468 16.366 7.23
      vertex 21.2467 12.2668 7.23
    endloop
  endfacet
  facet normal 0.500006 0.866022 0
    outer loop
      vertex 14.1468 16.366 7.23
      vertex 21.2467 12.2668 7.2
      vertex 14.1468 16.366 7.2
    endloop
  endfacet
  facet normal 0.707965 -0.394088 0.586072
    outer loop
      vertex 25.7932 -4.09917 7.23
      vertex 20.7643 -11.9883 8
      vertex 21.2467 -12.2668 7.23
    endloop
  endfacet
  facet normal -0.0348833 -0.802132 0.596127
    outer loop
      vertex -5.0145 -16.1909 8
      vertex -14.1468 -16.366 7.23
      vertex -4.94661 -16.7661 7.23
    endloop
  endfacet
  facet normal 0.423722 0.733896 0.530901
    outer loop
      vertex 21.2467 12.2668 7.23
      vertex 14.1468 16.366 7.23
      vertex 20.7643 11.9883 8
    endloop
  endfacet
  facet normal 0 -1 0
    outer loop
      vertex -4.94661 -16.7661 7.2
      vertex 4.94661 -16.7661 7.23
      vertex -4.94661 -16.7661 7.23
    endloop
  endfacet
  facet normal 0 -1 -0
    outer loop
      vertex 4.94661 -16.7661 7.23
      vertex -4.94661 -16.7661 7.2
      vertex 4.94661 -16.7661 7.2
    endloop
  endfacet
  facet normal 0.0348833 -0.802132 0.596127
    outer loop
      vertex 5.0145 -16.1909 8
      vertex 4.94661 -16.7661 7.23
      vertex 14.1468 -16.366 7.23
    endloop
  endfacet
  facet normal -0.0434472 -0.999056 0
    outer loop
      vertex -14.1468 -16.366 7.2
      vertex -4.94661 -16.7661 7.23
      vertex -14.1468 -16.366 7.23
    endloop
  endfacet
  facet normal -0.0434472 -0.999056 -0
    outer loop
      vertex -4.94661 -16.7661 7.23
      vertex -14.1468 -16.366 7.2
      vertex -4.94661 -16.7661 7.2
    endloop
  endfacet
  facet normal 0.707965 0.394088 0.586072
    outer loop
      vertex 21.2467 12.2668 7.23
      vertex 20.7643 11.9883 8
      vertex 25.7932 4.09917 7.23
    endloop
  endfacet
  facet normal 0.873752 0.486373 0
    outer loop
      vertex 25.7932 4.09917 7.23
      vertex 21.2467 12.2668 7.2
      vertex 21.2467 12.2668 7.23
    endloop
  endfacet
  facet normal 0.873752 0.486373 0
    outer loop
      vertex 21.2467 12.2668 7.2
      vertex 25.7932 4.09917 7.23
      vertex 25.7932 4.09917 7.2
    endloop
  endfacet
  facet normal -0.0348833 0.802132 0.596127
    outer loop
      vertex -4.94661 16.7661 7.23
      vertex -14.1468 16.366 7.23
      vertex -5.0145 16.1909 8
    endloop
  endfacet
  facet normal 0.873752 -0.486373 0
    outer loop
      vertex 21.2467 -12.2668 7.23
      vertex 25.7932 -4.09917 7.2
      vertex 25.7932 -4.09917 7.23
    endloop
  endfacet
  facet normal 0.873752 -0.486373 0
    outer loop
      vertex 25.7932 -4.09917 7.2
      vertex 21.2467 -12.2668 7.23
      vertex 21.2467 -12.2668 7.2
    endloop
  endfacet
  facet normal -1 0 0
    outer loop
      vertex -25.7932 -4.09917 7.2
      vertex -25.7932 4.09917 7.23
      vertex -25.7932 4.09917 7.2
    endloop
  endfacet
  facet normal -1 -0 0
    outer loop
      vertex -25.7932 4.09917 7.23
      vertex -25.7932 -4.09917 7.2
      vertex -25.7932 -4.09917 7.23
    endloop
  endfacet
  facet normal 0 1 -0
    outer loop
      vertex 4.94661 16.7661 7.2
      vertex -4.94661 16.7661 7.23
      vertex 4.94661 16.7661 7.23
    endloop
  endfacet
  facet normal 0 1 0
    outer loop
      vertex -4.94661 16.7661 7.23
      vertex 4.94661 16.7661 7.2
      vertex -4.94661 16.7661 7.2
    endloop
  endfacet
  facet normal 0.423709 0.733882 0.530931
    outer loop
      vertex 20.7643 11.9883 8
      vertex 14.1468 16.366 7.23
      vertex 14.2643 15.7411 8
    endloop
  endfacet
  facet normal -0.707965 -0.394088 0.586072
    outer loop
      vertex -20.7643 -11.9883 8
      vertex -25.7932 -4.09917 7.23
      vertex -21.2467 -12.2668 7.23
    endloop
  endfacet
  facet normal 0 0 -1
    outer loop
      vertex 25.3343 -3.75276 8
      vertex 25.329 -3.75276 8
      vertex 25.3343 3.75276 8
    endloop
  endfacet
  facet normal 0 0 -1
    outer loop
      vertex 20.7689 -11.9909 8
      vertex 25.329 -3.75276 8
      vertex 25.3343 -3.75276 8
    endloop
  endfacet
  facet normal 0 0 -1
    outer loop
      vertex 20.7689 -11.9909 8
      vertex 20.7643 -11.9883 8
      vertex 25.329 -3.75276 8
    endloop
  endfacet
  facet normal 0 0 -1
    outer loop
      vertex 14.2689 -15.7437 8
      vertex 20.7643 -11.9883 8
      vertex 20.7689 -11.9909 8
    endloop
  endfacet
  facet normal 0 0 -1
    outer loop
      vertex 14.2689 -15.7437 8
      vertex 14.2643 -15.7411 8
      vertex 20.7643 -11.9883 8
    endloop
  endfacet
  facet normal 0 0 -1
    outer loop
      vertex 5.01714 -16.1955 8
      vertex 14.2643 -15.7411 8
      vertex 14.2689 -15.7437 8
    endloop
  endfacet
  facet normal 0 0 -1
    outer loop
      vertex 5.01714 -16.1955 8
      vertex 5.0145 -16.1909 8
      vertex 14.2643 -15.7411 8
    endloop
  endfacet
  facet normal 0 0 -1
    outer loop
      vertex 5.01714 -16.1955 8
      vertex -5.0145 -16.1909 8
      vertex 5.0145 -16.1909 8
    endloop
  endfacet
  facet normal 0 0 -1
    outer loop
      vertex -5.01714 -16.1955 8
      vertex -5.0145 -16.1909 8
      vertex 5.01714 -16.1955 8
    endloop
  endfacet
  facet normal 0 0 -1
    outer loop
      vertex -5.01714 -16.1955 8
      vertex -14.2643 -15.7411 8
      vertex -5.0145 -16.1909 8
    endloop
  endfacet
  facet normal 0 0 -1
    outer loop
      vertex -14.2689 -15.7437 8
      vertex -14.2643 -15.7411 8
      vertex -5.01714 -16.1955 8
    endloop
  endfacet
  facet normal 0 0 -1
    outer loop
      vertex -14.2689 -15.7437 8
      vertex -20.7643 -11.9883 8
      vertex -14.2643 -15.7411 8
    endloop
  endfacet
  facet normal 0 0 -1
    outer loop
      vertex -20.7689 -11.9909 8
      vertex -20.7643 -11.9883 8
      vertex -14.2689 -15.7437 8
    endloop
  endfacet
  facet normal 0 0 -1
    outer loop
      vertex -20.7689 -11.9909 8
      vertex -25.329 -3.75276 8
      vertex -20.7643 -11.9883 8
    endloop
  endfacet
  facet normal 0 0 -1
    outer loop
      vertex -25.329 -3.75276 8
      vertex -25.3343 -3.75276 8
      vertex -25.329 3.75276 8
    endloop
  endfacet
  facet normal 0 0 -1
    outer loop
      vertex -25.3343 -3.75276 8
      vertex -25.329 -3.75276 8
      vertex -20.7689 -11.9909 8
    endloop
  endfacet
  facet normal 0 0 -1
    outer loop
      vertex 25.329 3.75276 8
      vertex 25.3343 3.75276 8
      vertex 25.329 -3.75276 8
    endloop
  endfacet
  facet normal 0 0 -1
    outer loop
      vertex 25.329 3.75276 8
      vertex 20.7689 11.9909 8
      vertex 25.3343 3.75276 8
    endloop
  endfacet
  facet normal 0 0 -1
    outer loop
      vertex 20.7643 11.9883 8
      vertex 20.7689 11.9909 8
      vertex 25.329 3.75276 8
    endloop
  endfacet
  facet normal 0 0 -1
    outer loop
      vertex 20.7643 11.9883 8
      vertex 14.2689 15.7437 8
      vertex 20.7689 11.9909 8
    endloop
  endfacet
  facet normal 0 0 -1
    outer loop
      vertex 14.2643 15.7411 8
      vertex 14.2689 15.7437 8
      vertex 20.7643 11.9883 8
    endloop
  endfacet
  facet normal 0 0 -1
    outer loop
      vertex 14.2643 15.7411 8
      vertex 5.01714 16.1955 8
      vertex 14.2689 15.7437 8
    endloop
  endfacet
  facet normal 0 0 -1
    outer loop
      vertex 5.0145 16.1909 8
      vertex 5.01714 16.1955 8
      vertex 14.2643 15.7411 8
    endloop
  endfacet
  facet normal 0 0 -1
    outer loop
      vertex -5.0145 16.1909 8
      vertex 5.01714 16.1955 8
      vertex 5.0145 16.1909 8
    endloop
  endfacet
  facet normal 0 0 -1
    outer loop
      vertex -5.0145 16.1909 8
      vertex -5.01714 16.1955 8
      vertex 5.01714 16.1955 8
    endloop
  endfacet
  facet normal 0 0 -1
    outer loop
      vertex -14.2643 15.7411 8
      vertex -5.01714 16.1955 8
      vertex -5.0145 16.1909 8
    endloop
  endfacet
  facet normal 0 0 -1
    outer loop
      vertex -14.2643 15.7411 8
      vertex -14.2689 15.7437 8
      vertex -5.01714 16.1955 8
    endloop
  endfacet
  facet normal 0 0 -1
    outer loop
      vertex -20.7643 11.9883 8
      vertex -14.2689 15.7437 8
      vertex -14.2643 15.7411 8
    endloop
  endfacet
  facet normal 0 0 -1
    outer loop
      vertex -20.7643 11.9883 8
      vertex -20.7689 11.9909 8
      vertex -14.2689 15.7437 8
    endloop
  endfacet
  facet normal 0 0 -1
    outer loop
      vertex -25.329 3.75276 8
      vertex -20.7689 11.9909 8
      vertex -20.7643 11.9883 8
    endloop
  endfacet
  facet normal 0 0 -1
    outer loop
      vertex -25.329 3.75276 8
      vertex -25.3343 3.75276 8
      vertex -20.7689 11.9909 8
    endloop
  endfacet
  facet normal 0 0 -1
    outer loop
      vertex -25.3343 3.75276 8
      vertex -25.329 3.75276 8
      vertex -25.3343 -3.75276 8
    endloop
  endfacet
  facet normal -0.856412 0 0.516294
    outer loop
      vertex -25.7932 4.09917 7.23
      vertex -25.329 -3.75276 8
      vertex -25.329 3.75276 8
    endloop
  endfacet
  facet normal -0.856412 0 0.516294
    outer loop
      vertex -25.329 -3.75276 8
      vertex -25.7932 4.09917 7.23
      vertex -25.7932 -4.09917 7.23
    endloop
  endfacet
  facet normal -0.0434472 0.999056 0
    outer loop
      vertex -4.94661 16.7661 7.2
      vertex -14.1468 16.366 7.23
      vertex -4.94661 16.7661 7.23
    endloop
  endfacet
  facet normal -0.0434472 0.999056 0
    outer loop
      vertex -14.1468 16.366 7.23
      vertex -4.94661 16.7661 7.2
      vertex -14.1468 16.366 7.2
    endloop
  endfacet
  facet normal 0.423722 -0.733896 0.530901
    outer loop
      vertex 20.7643 -11.9883 8
      vertex 14.1468 -16.366 7.23
      vertex 21.2467 -12.2668 7.23
    endloop
  endfacet
  facet normal 1 -0 0
    outer loop
      vertex 25.7932 -4.09917 7.23
      vertex 25.7932 4.09917 7.2
      vertex 25.7932 4.09917 7.23
    endloop
  endfacet
  facet normal 1 0 0
    outer loop
      vertex 25.7932 4.09917 7.2
      vertex 25.7932 -4.09917 7.23
      vertex 25.7932 -4.09917 7.2
    endloop
  endfacet
  facet normal -0.873752 -0.486373 0
    outer loop
      vertex -21.2467 -12.2668 7.2
      vertex -25.7932 -4.09917 7.23
      vertex -25.7932 -4.09917 7.2
    endloop
  endfacet
  facet normal -0.873752 -0.486373 0
    outer loop
      vertex -25.7932 -4.09917 7.23
      vertex -21.2467 -12.2668 7.2
      vertex -21.2467 -12.2668 7.23
    endloop
  endfacet
  facet normal -0.423722 -0.733896 0.530901
    outer loop
      vertex -20.7643 -11.9883 8
      vertex -21.2467 -12.2668 7.23
      vertex -14.1468 -16.366 7.23
    endloop
  endfacet
  facet normal -0.500006 0.866022 0
    outer loop
      vertex -14.1468 16.366 7.2
      vertex -21.2467 12.2668 7.23
      vertex -14.1468 16.366 7.23
    endloop
  endfacet
  facet normal -0.500006 0.866022 0
    outer loop
      vertex -21.2467 12.2668 7.23
      vertex -14.1468 16.366 7.2
      vertex -21.2467 12.2668 7.2
    endloop
  endfacet
  facet normal -0.0378684 -0.778734 0.62621
    outer loop
      vertex -5.0145 -16.1909 8
      vertex -14.2643 -15.7411 8
      vertex -14.1468 -16.366 7.23
    endloop
  endfacet
  facet normal -0.701261 0.388687 0.597624
    outer loop
      vertex -20.7643 11.9883 8
      vertex -25.7932 4.09917 7.23
      vertex -25.329 3.75276 8
    endloop
  endfacet
  facet normal 0.0434472 0.999056 -0
    outer loop
      vertex 14.1468 16.366 7.2
      vertex 4.94661 16.7661 7.23
      vertex 14.1468 16.366 7.23
    endloop
  endfacet
  facet normal 0.0434472 0.999056 0
    outer loop
      vertex 4.94661 16.7661 7.23
      vertex 14.1468 16.366 7.2
      vertex 4.94661 16.7661 7.2
    endloop
  endfacet
  facet normal 0.701261 0.388687 0.597624
    outer loop
      vertex 25.7932 4.09917 7.23
      vertex 20.7643 11.9883 8
      vertex 25.329 3.75276 8
    endloop
  endfacet
  facet normal 0.0378684 0.778734 0.62621
    outer loop
      vertex 14.1468 16.366 7.23
      vertex 5.0145 16.1909 8
      vertex 14.2643 15.7411 8
    endloop
  endfacet
  facet normal 0.701261 -0.388687 0.597624
    outer loop
      vertex 25.329 -3.75276 8
      vertex 20.7643 -11.9883 8
      vertex 25.7932 -4.09917 7.23
    endloop
  endfacet
  facet normal -0.707965 0.394088 0.586072
    outer loop
      vertex -21.2467 12.2668 7.23
      vertex -25.7932 4.09917 7.23
      vertex -20.7643 11.9883 8
    endloop
  endfacet
  facet normal -0.0378684 0.778734 0.62621
    outer loop
      vertex -14.1468 16.366 7.23
      vertex -14.2643 15.7411 8
      vertex -5.0145 16.1909 8
    endloop
  endfacet
  facet normal -0.873752 0.486373 0
    outer loop
      vertex -25.7932 4.09917 7.2
      vertex -21.2467 12.2668 7.23
      vertex -21.2467 12.2668 7.2
    endloop
  endfacet
  facet normal -0.873752 0.486373 0
    outer loop
      vertex -21.2467 12.2668 7.23
      vertex -25.7932 4.09917 7.2
      vertex -25.7932 4.09917 7.23
    endloop
  endfacet
  facet normal 0 0.801147 0.598467
    outer loop
      vertex 4.94661 16.7661 7.23
      vertex -5.0145 16.1909 8
      vertex 5.0145 16.1909 8
    endloop
  endfacet
  facet normal 0 0.801147 0.598467
    outer loop
      vertex -5.0145 16.1909 8
      vertex 4.94661 16.7661 7.23
      vertex -4.94661 16.7661 7.23
    endloop
  endfacet
  facet normal 0.0348833 0.802132 0.596127
    outer loop
      vertex 14.1468 16.366 7.23
      vertex 4.94661 16.7661 7.23
      vertex 5.0145 16.1909 8
    endloop
  endfacet
  facet normal 0.856412 -0 0.516294
    outer loop
      vertex 25.329 -3.75276 8
      vertex 25.7932 4.09917 7.23
      vertex 25.329 3.75276 8
    endloop
  endfacet
  facet normal 0.856412 0 0.516294
    outer loop
      vertex 25.7932 4.09917 7.23
      vertex 25.329 -3.75276 8
      vertex 25.7932 -4.09917 7.23
    endloop
  endfacet
  facet normal -0.423722 0.733896 0.530901
    outer loop
      vertex -14.1468 16.366 7.23
      vertex -21.2467 12.2668 7.23
      vertex -20.7643 11.9883 8
    endloop
  endfacet
  facet normal -0.423709 0.733882 0.530931
    outer loop
      vertex -14.1468 16.366 7.23
      vertex -20.7643 11.9883 8
      vertex -14.2643 15.7411 8
    endloop
  endfacet
  facet normal -0.423709 -0.733882 0.530931
    outer loop
      vertex -14.2643 -15.7411 8
      vertex -20.7643 -11.9883 8
      vertex -14.1468 -16.366 7.23
    endloop
  endfacet
  facet normal 0 -0.801147 0.598467
    outer loop
      vertex -4.94661 -16.7661 7.23
      vertex 5.0145 -16.1909 8
      vertex -5.0145 -16.1909 8
    endloop
  endfacet
  facet normal 0 -0.801147 0.598467
    outer loop
      vertex 5.0145 -16.1909 8
      vertex -4.94661 -16.7661 7.23
      vertex 4.94661 -16.7661 7.23
    endloop
  endfacet
  facet normal -0.701261 -0.388687 0.597624
    outer loop
      vertex -25.329 -3.75276 8
      vertex -25.7932 -4.09917 7.23
      vertex -20.7643 -11.9883 8
    endloop
  endfacet
  facet normal 0.0378684 -0.778734 0.62621
    outer loop
      vertex 14.2643 -15.7411 8
      vertex 5.0145 -16.1909 8
      vertex 14.1468 -16.366 7.23
    endloop
  endfacet
  facet normal 0.423709 -0.733882 0.530931
    outer loop
      vertex 14.2643 -15.7411 8
      vertex 14.1468 -16.366 7.23
      vertex 20.7643 -11.9883 8
    endloop
  endfacet
  facet normal 0.0434472 -0.999056 0
    outer loop
      vertex 4.94661 -16.7661 7.2
      vertex 14.1468 -16.366 7.23
      vertex 4.94661 -16.7661 7.23
    endloop
  endfacet
  facet normal 0.0434472 -0.999056 0
    outer loop
      vertex 14.1468 -16.366 7.23
      vertex 4.94661 -16.7661 7.2
      vertex 14.1468 -16.366 7.2
    endloop
  endfacet
  facet normal -0.500006 -0.866022 0
    outer loop
      vertex -21.2467 -12.2668 7.2
      vertex -14.1468 -16.366 7.23
      vertex -21.2467 -12.2668 7.23
    endloop
  endfacet
  facet normal -0.500006 -0.866022 -0
    outer loop
      vertex -14.1468 -16.366 7.23
      vertex -21.2467 -12.2668 7.2
      vertex -14.1468 -16.366 7.2
    endloop
  endfacet
  facet normal 0.500006 -0.866022 0
    outer loop
      vertex 14.1468 -16.366 7.2
      vertex 21.2467 -12.2668 7.23
      vertex 14.1468 -16.366 7.23
    endloop
  endfacet
  facet normal 0.500006 -0.866022 0
    outer loop
      vertex 21.2467 -12.2668 7.23
      vertex 14.1468 -16.366 7.2
      vertex 21.2467 -12.2668 7.2
    endloop
  endfacet
  facet normal -0.0516308 0.994074 -0.095662
    outer loop
      vertex -14.2689 15.7437 8
      vertex -14.3407 15.7852 8.47
      vertex -5.05858 16.2673 8.47
    endloop
  endfacet
  facet normal 0.0481864 -0.98674 -0.154989
    outer loop
      vertex 5.05858 -16.2673 8.47
      vertex 5.01714 -16.1955 8
      vertex 14.2689 -15.7437 8
    endloop
  endfacet
  facet normal -0.494262 0.856081 -0.151097
    outer loop
      vertex -14.2689 15.7437 8
      vertex -20.7689 11.9909 8
      vertex -14.3407 15.7852 8.47
    endloop
  endfacet
  facet normal -0.984834 0 -0.173498
    outer loop
      vertex -25.3343 -3.75276 8
      vertex -25.4171 3.75276 8.47
      vertex -25.3343 3.75276 8
    endloop
  endfacet
  facet normal -0.984834 -0 -0.173498
    outer loop
      vertex -25.4171 3.75276 8.47
      vertex -25.3343 -3.75276 8
      vertex -25.4171 -3.75276 8.47
    endloop
  endfacet
  facet normal -0.861366 -0.477351 -0.173737
    outer loop
      vertex -20.8407 -12.0324 8.47
      vertex -25.3343 -3.75276 8
      vertex -20.7689 -11.9909 8
    endloop
  endfacet
  facet normal -0.494262 -0.856081 -0.151097
    outer loop
      vertex -14.3407 -15.7852 8.47
      vertex -20.8407 -12.0324 8.47
      vertex -20.7689 -11.9909 8
    endloop
  endfacet
  facet normal 0 -1 0
    outer loop
      vertex -5.05858 -16.2673 8.47
      vertex 5.05858 -16.2673 8.5
      vertex -5.05858 -16.2673 8.5
    endloop
  endfacet
  facet normal 0 -1 -0
    outer loop
      vertex 5.05858 -16.2673 8.5
      vertex -5.05858 -16.2673 8.47
      vertex 5.05858 -16.2673 8.47
    endloop
  endfacet
  facet normal -0.0481864 0.98674 -0.154989
    outer loop
      vertex -5.01714 16.1955 8
      vertex -14.2689 15.7437 8
      vertex -5.05858 16.2673 8.47
    endloop
  endfacet
  facet normal -0.494262 -0.856081 -0.151097
    outer loop
      vertex -14.3407 -15.7852 8.47
      vertex -20.7689 -11.9909 8
      vertex -14.2689 -15.7437 8
    endloop
  endfacet
  facet normal 0.0516308 0.994074 -0.095662
    outer loop
      vertex 14.2689 15.7437 8
      vertex 5.05858 16.2673 8.47
      vertex 14.3407 15.7852 8.47
    endloop
  endfacet
  facet normal 0 -0.988532 -0.151014
    outer loop
      vertex -5.01714 -16.1955 8
      vertex 5.05858 -16.2673 8.47
      vertex -5.05858 -16.2673 8.47
    endloop
  endfacet
  facet normal 0 -0.988532 -0.151014
    outer loop
      vertex 5.05858 -16.2673 8.47
      vertex -5.01714 -16.1955 8
      vertex 5.01714 -16.1955 8
    endloop
  endfacet
  facet normal -0.875205 0.483752 0
    outer loop
      vertex -25.4171 3.75276 8.47
      vertex -20.8407 12.0324 8.5
      vertex -20.8407 12.0324 8.47
    endloop
  endfacet
  facet normal -0.875205 0.483752 0
    outer loop
      vertex -20.8407 12.0324 8.5
      vertex -25.4171 3.75276 8.47
      vertex -25.4171 3.75276 8.5
    endloop
  endfacet
  facet normal -0.0481864 -0.98674 -0.154989
    outer loop
      vertex -5.05858 -16.2673 8.47
      vertex -14.2689 -15.7437 8
      vertex -5.01714 -16.1955 8
    endloop
  endfacet
  facet normal -0.0516308 -0.994074 -0.095662
    outer loop
      vertex -5.05858 -16.2673 8.47
      vertex -14.3407 -15.7852 8.47
      vertex -14.2689 -15.7437 8
    endloop
  endfacet
  facet normal 0.864984 0.478102 -0.152384
    outer loop
      vertex 25.3343 3.75276 8
      vertex 20.8407 12.0324 8.47
      vertex 25.4171 3.75276 8.47
    endloop
  endfacet
  facet normal -0.500002 0.866024 0
    outer loop
      vertex -14.3407 15.7852 8.47
      vertex -20.8407 12.0324 8.5
      vertex -14.3407 15.7852 8.5
    endloop
  endfacet
  facet normal -0.500002 0.866024 0
    outer loop
      vertex -20.8407 12.0324 8.5
      vertex -14.3407 15.7852 8.47
      vertex -20.8407 12.0324 8.47
    endloop
  endfacet
  facet normal -0.494262 0.856081 -0.151097
    outer loop
      vertex -20.7689 11.9909 8
      vertex -20.8407 12.0324 8.47
      vertex -14.3407 15.7852 8.47
    endloop
  endfacet
  facet normal -0.0518687 0.998654 0
    outer loop
      vertex -5.05858 16.2673 8.47
      vertex -14.3407 15.7852 8.5
      vertex -5.05858 16.2673 8.5
    endloop
  endfacet
  facet normal -0.0518687 0.998654 0
    outer loop
      vertex -14.3407 15.7852 8.5
      vertex -5.05858 16.2673 8.47
      vertex -14.3407 15.7852 8.47
    endloop
  endfacet
  facet normal 0.494262 0.856081 -0.151097
    outer loop
      vertex 20.7689 11.9909 8
      vertex 14.3407 15.7852 8.47
      vertex 20.8407 12.0324 8.47
    endloop
  endfacet
  facet normal 0.861366 0.477351 -0.173737
    outer loop
      vertex 25.3343 3.75276 8
      vertex 20.7689 11.9909 8
      vertex 20.8407 12.0324 8.47
    endloop
  endfacet
  facet normal -0.500002 -0.866024 0
    outer loop
      vertex -20.8407 -12.0324 8.47
      vertex -14.3407 -15.7852 8.5
      vertex -20.8407 -12.0324 8.5
    endloop
  endfacet
  facet normal -0.500002 -0.866024 -0
    outer loop
      vertex -14.3407 -15.7852 8.5
      vertex -20.8407 -12.0324 8.47
      vertex -14.3407 -15.7852 8.47
    endloop
  endfacet
  facet normal -0.875205 -0.483752 0
    outer loop
      vertex -20.8407 -12.0324 8.47
      vertex -25.4171 -3.75276 8.5
      vertex -25.4171 -3.75276 8.47
    endloop
  endfacet
  facet normal -0.875205 -0.483752 0
    outer loop
      vertex -25.4171 -3.75276 8.5
      vertex -20.8407 -12.0324 8.47
      vertex -20.8407 -12.0324 8.5
    endloop
  endfacet
  facet normal -0.864984 -0.478102 -0.152384
    outer loop
      vertex -20.8407 -12.0324 8.47
      vertex -25.4171 -3.75276 8.47
      vertex -25.3343 -3.75276 8
    endloop
  endfacet
  facet normal 0.494262 -0.856081 -0.151097
    outer loop
      vertex 14.3407 -15.7852 8.47
      vertex 14.2689 -15.7437 8
      vertex 20.7689 -11.9909 8
    endloop
  endfacet
  facet normal 0 0.988532 -0.151014
    outer loop
      vertex 5.01714 16.1955 8
      vertex -5.05858 16.2673 8.47
      vertex 5.05858 16.2673 8.47
    endloop
  endfacet
  facet normal 0 0.988532 -0.151014
    outer loop
      vertex -5.05858 16.2673 8.47
      vertex 5.01714 16.1955 8
      vertex -5.01714 16.1955 8
    endloop
  endfacet
  facet normal 1 -0 0
    outer loop
      vertex 25.4171 -3.75276 8.5
      vertex 25.4171 3.75276 8.47
      vertex 25.4171 3.75276 8.5
    endloop
  endfacet
  facet normal 1 0 0
    outer loop
      vertex 25.4171 3.75276 8.47
      vertex 25.4171 -3.75276 8.5
      vertex 25.4171 -3.75276 8.47
    endloop
  endfacet
  facet normal -0.864984 0.478102 -0.152384
    outer loop
      vertex -25.3343 3.75276 8
      vertex -25.4171 3.75276 8.47
      vertex -20.8407 12.0324 8.47
    endloop
  endfacet
  facet normal -0.861366 0.477351 -0.173737
    outer loop
      vertex -20.7689 11.9909 8
      vertex -25.3343 3.75276 8
      vertex -20.8407 12.0324 8.47
    endloop
  endfacet
  facet normal 0 1 -0
    outer loop
      vertex 5.05858 16.2673 8.47
      vertex -5.05858 16.2673 8.5
      vertex 5.05858 16.2673 8.5
    endloop
  endfacet
  facet normal 0 1 0
    outer loop
      vertex -5.05858 16.2673 8.5
      vertex 5.05858 16.2673 8.47
      vertex -5.05858 16.2673 8.47
    endloop
  endfacet
  facet normal 0.500002 0.866024 -0
    outer loop
      vertex 20.8407 12.0324 8.47
      vertex 14.3407 15.7852 8.5
      vertex 20.8407 12.0324 8.5
    endloop
  endfacet
  facet normal 0.500002 0.866024 0
    outer loop
      vertex 14.3407 15.7852 8.5
      vertex 20.8407 12.0324 8.47
      vertex 14.3407 15.7852 8.47
    endloop
  endfacet
  facet normal 0 0 -1
    outer loop
      vertex 25.4224 -3.75276 8.5
      vertex 25.4171 -3.75276 8.5
      vertex 25.4224 3.75276 8.5
    endloop
  endfacet
  facet normal 0 0 -1
    outer loop
      vertex 20.8453 -12.035 8.5
      vertex 25.4171 -3.75276 8.5
      vertex 25.4224 -3.75276 8.5
    endloop
  endfacet
  facet normal 0 0 -1
    outer loop
      vertex 20.8453 -12.035 8.5
      vertex 20.8407 -12.0324 8.5
      vertex 25.4171 -3.75276 8.5
    endloop
  endfacet
  facet normal 0 0 -1
    outer loop
      vertex 14.3453 -15.7878 8.5
      vertex 20.8407 -12.0324 8.5
      vertex 20.8453 -12.035 8.5
    endloop
  endfacet
  facet normal 0 0 -1
    outer loop
      vertex 14.3453 -15.7878 8.5
      vertex 14.3407 -15.7852 8.5
      vertex 20.8407 -12.0324 8.5
    endloop
  endfacet
  facet normal 0 0 -1
    outer loop
      vertex 5.06122 -16.2719 8.5
      vertex 14.3407 -15.7852 8.5
      vertex 14.3453 -15.7878 8.5
    endloop
  endfacet
  facet normal 0 0 -1
    outer loop
      vertex 5.06122 -16.2719 8.5
      vertex 5.05858 -16.2673 8.5
      vertex 14.3407 -15.7852 8.5
    endloop
  endfacet
  facet normal 0 0 -1
    outer loop
      vertex 5.06122 -16.2719 8.5
      vertex -5.05858 -16.2673 8.5
      vertex 5.05858 -16.2673 8.5
    endloop
  endfacet
  facet normal 0 0 -1
    outer loop
      vertex -5.06122 -16.2719 8.5
      vertex -5.05858 -16.2673 8.5
      vertex 5.06122 -16.2719 8.5
    endloop
  endfacet
  facet normal 0 0 -1
    outer loop
      vertex -5.06122 -16.2719 8.5
      vertex -14.3407 -15.7852 8.5
      vertex -5.05858 -16.2673 8.5
    endloop
  endfacet
  facet normal 0 0 -1
    outer loop
      vertex -14.3453 -15.7878 8.5
      vertex -14.3407 -15.7852 8.5
      vertex -5.06122 -16.2719 8.5
    endloop
  endfacet
  facet normal 0 0 -1
    outer loop
      vertex -14.3453 -15.7878 8.5
      vertex -20.8407 -12.0324 8.5
      vertex -14.3407 -15.7852 8.5
    endloop
  endfacet
  facet normal 0 0 -1
    outer loop
      vertex -20.8453 -12.035 8.5
      vertex -20.8407 -12.0324 8.5
      vertex -14.3453 -15.7878 8.5
    endloop
  endfacet
  facet normal 0 0 -1
    outer loop
      vertex -20.8453 -12.035 8.5
      vertex -25.4171 -3.75276 8.5
      vertex -20.8407 -12.0324 8.5
    endloop
  endfacet
  facet normal 0 0 -1
    outer loop
      vertex -25.4171 -3.75276 8.5
      vertex -25.4224 -3.75276 8.5
      vertex -25.4171 3.75276 8.5
    endloop
  endfacet
  facet normal 0 0 -1
    outer loop
      vertex -25.4224 -3.75276 8.5
      vertex -25.4171 -3.75276 8.5
      vertex -20.8453 -12.035 8.5
    endloop
  endfacet
  facet normal 0 0 -1
    outer loop
      vertex 25.4171 3.75276 8.5
      vertex 25.4224 3.75276 8.5
      vertex 25.4171 -3.75276 8.5
    endloop
  endfacet
  facet normal 0 0 -1
    outer loop
      vertex 25.4171 3.75276 8.5
      vertex 20.8453 12.035 8.5
      vertex 25.4224 3.75276 8.5
    endloop
  endfacet
  facet normal 0 0 -1
    outer loop
      vertex 20.8407 12.0324 8.5
      vertex 20.8453 12.035 8.5
      vertex 25.4171 3.75276 8.5
    endloop
  endfacet
  facet normal 0 0 -1
    outer loop
      vertex 20.8407 12.0324 8.5
      vertex 14.3453 15.7878 8.5
      vertex 20.8453 12.035 8.5
    endloop
  endfacet
  facet normal 0 0 -1
    outer loop
      vertex 14.3407 15.7852 8.5
      vertex 14.3453 15.7878 8.5
      vertex 20.8407 12.0324 8.5
    endloop
  endfacet
  facet normal 0 0 -1
    outer loop
      vertex 14.3407 15.7852 8.5
      vertex 5.06122 16.2719 8.5
      vertex 14.3453 15.7878 8.5
    endloop
  endfacet
  facet normal 0 0 -1
    outer loop
      vertex 5.05858 16.2673 8.5
      vertex 5.06122 16.2719 8.5
      vertex 14.3407 15.7852 8.5
    endloop
  endfacet
  facet normal 0 0 -1
    outer loop
      vertex -5.05858 16.2673 8.5
      vertex 5.06122 16.2719 8.5
      vertex 5.05858 16.2673 8.5
    endloop
  endfacet
  facet normal 0 0 -1
    outer loop
      vertex -5.05858 16.2673 8.5
      vertex -5.06122 16.2719 8.5
      vertex 5.06122 16.2719 8.5
    endloop
  endfacet
  facet normal 0 0 -1
    outer loop
      vertex -14.3407 15.7852 8.5
      vertex -5.06122 16.2719 8.5
      vertex -5.05858 16.2673 8.5
    endloop
  endfacet
  facet normal 0 0 -1
    outer loop
      vertex -14.3407 15.7852 8.5
      vertex -14.3453 15.7878 8.5
      vertex -5.06122 16.2719 8.5
    endloop
  endfacet
  facet normal 0 0 -1
    outer loop
      vertex -20.8407 12.0324 8.5
      vertex -14.3453 15.7878 8.5
      vertex -14.3407 15.7852 8.5
    endloop
  endfacet
  facet normal 0 0 -1
    outer loop
      vertex -20.8407 12.0324 8.5
      vertex -20.8453 12.035 8.5
      vertex -14.3453 15.7878 8.5
    endloop
  endfacet
  facet normal 0 0 -1
    outer loop
      vertex -25.4171 3.75276 8.5
      vertex -20.8453 12.035 8.5
      vertex -20.8407 12.0324 8.5
    endloop
  endfacet
  facet normal 0 0 -1
    outer loop
      vertex -25.4171 3.75276 8.5
      vertex -25.4224 3.75276 8.5
      vertex -20.8453 12.035 8.5
    endloop
  endfacet
  facet normal 0 0 -1
    outer loop
      vertex -25.4224 3.75276 8.5
      vertex -25.4171 3.75276 8.5
      vertex -25.4224 -3.75276 8.5
    endloop
  endfacet
  facet normal 0.984834 0 -0.173498
    outer loop
      vertex 25.4171 -3.75276 8.47
      vertex 25.3343 3.75276 8
      vertex 25.4171 3.75276 8.47
    endloop
  endfacet
  facet normal 0.984834 0 -0.173498
    outer loop
      vertex 25.3343 3.75276 8
      vertex 25.4171 -3.75276 8.47
      vertex 25.3343 -3.75276 8
    endloop
  endfacet
  facet normal -0.0518687 -0.998654 0
    outer loop
      vertex -14.3407 -15.7852 8.47
      vertex -5.05858 -16.2673 8.5
      vertex -14.3407 -15.7852 8.5
    endloop
  endfacet
  facet normal -0.0518687 -0.998654 -0
    outer loop
      vertex -5.05858 -16.2673 8.5
      vertex -14.3407 -15.7852 8.47
      vertex -5.05858 -16.2673 8.47
    endloop
  endfacet
  facet normal 0.494262 0.856081 -0.151097
    outer loop
      vertex 20.7689 11.9909 8
      vertex 14.2689 15.7437 8
      vertex 14.3407 15.7852 8.47
    endloop
  endfacet
  facet normal -1 0 0
    outer loop
      vertex -25.4171 -3.75276 8.47
      vertex -25.4171 3.75276 8.5
      vertex -25.4171 3.75276 8.47
    endloop
  endfacet
  facet normal -1 -0 0
    outer loop
      vertex -25.4171 3.75276 8.5
      vertex -25.4171 -3.75276 8.47
      vertex -25.4171 -3.75276 8.5
    endloop
  endfacet
  facet normal 0.861366 -0.477351 -0.173737
    outer loop
      vertex 20.8407 -12.0324 8.47
      vertex 20.7689 -11.9909 8
      vertex 25.3343 -3.75276 8
    endloop
  endfacet
  facet normal 0.875205 0.483752 0
    outer loop
      vertex 25.4171 3.75276 8.5
      vertex 20.8407 12.0324 8.47
      vertex 20.8407 12.0324 8.5
    endloop
  endfacet
  facet normal 0.875205 0.483752 0
    outer loop
      vertex 20.8407 12.0324 8.47
      vertex 25.4171 3.75276 8.5
      vertex 25.4171 3.75276 8.47
    endloop
  endfacet
  facet normal 0.500002 -0.866024 0
    outer loop
      vertex 14.3407 -15.7852 8.47
      vertex 20.8407 -12.0324 8.5
      vertex 14.3407 -15.7852 8.5
    endloop
  endfacet
  facet normal 0.500002 -0.866024 0
    outer loop
      vertex 20.8407 -12.0324 8.5
      vertex 14.3407 -15.7852 8.47
      vertex 20.8407 -12.0324 8.47
    endloop
  endfacet
  facet normal 0.0518687 0.998654 -0
    outer loop
      vertex 14.3407 15.7852 8.47
      vertex 5.05858 16.2673 8.5
      vertex 14.3407 15.7852 8.5
    endloop
  endfacet
  facet normal 0.0518687 0.998654 0
    outer loop
      vertex 5.05858 16.2673 8.5
      vertex 14.3407 15.7852 8.47
      vertex 5.05858 16.2673 8.47
    endloop
  endfacet
  facet normal 0.494262 -0.856081 -0.151097
    outer loop
      vertex 20.8407 -12.0324 8.47
      vertex 14.3407 -15.7852 8.47
      vertex 20.7689 -11.9909 8
    endloop
  endfacet
  facet normal 0.0481864 0.98674 -0.154989
    outer loop
      vertex 14.2689 15.7437 8
      vertex 5.01714 16.1955 8
      vertex 5.05858 16.2673 8.47
    endloop
  endfacet
  facet normal 0.0518687 -0.998654 0
    outer loop
      vertex 5.05858 -16.2673 8.47
      vertex 14.3407 -15.7852 8.5
      vertex 5.05858 -16.2673 8.5
    endloop
  endfacet
  facet normal 0.0518687 -0.998654 0
    outer loop
      vertex 14.3407 -15.7852 8.5
      vertex 5.05858 -16.2673 8.47
      vertex 14.3407 -15.7852 8.47
    endloop
  endfacet
  facet normal 0.0516308 -0.994074 -0.095662
    outer loop
      vertex 14.3407 -15.7852 8.47
      vertex 5.05858 -16.2673 8.47
      vertex 14.2689 -15.7437 8
    endloop
  endfacet
  facet normal 0.875205 -0.483752 0
    outer loop
      vertex 20.8407 -12.0324 8.5
      vertex 25.4171 -3.75276 8.47
      vertex 25.4171 -3.75276 8.5
    endloop
  endfacet
  facet normal 0.875205 -0.483752 0
    outer loop
      vertex 25.4171 -3.75276 8.47
      vertex 20.8407 -12.0324 8.5
      vertex 20.8407 -12.0324 8.47
    endloop
  endfacet
  facet normal 0.864984 -0.478102 -0.152384
    outer loop
      vertex 25.4171 -3.75276 8.47
      vertex 20.8407 -12.0324 8.47
      vertex 25.3343 -3.75276 8
    endloop
  endfacet
  facet normal 0.499996 0.866028 -0
    outer loop
      vertex 21.5629 12.4493 9.27
      vertex 14.4628 16.5485 9.3
      vertex 21.5629 12.4493 9.3
    endloop
  endfacet
  facet normal 0.499996 0.866028 0
    outer loop
      vertex 14.4628 16.5485 9.3
      vertex 21.5629 12.4493 9.27
      vertex 14.4628 16.5485 9.27
    endloop
  endfacet
  facet normal -0.365792 0.633578 -0.681744
    outer loop
      vertex -14.3453 15.7878 8.5
      vertex -21.5629 12.4493 9.27
      vertex -14.4628 16.5485 9.27
    endloop
  endfacet
  facet normal 0 -1 0
    outer loop
      vertex -5.1291 -17.0822 9.27
      vertex 5.1291 -17.0822 9.3
      vertex -5.1291 -17.0822 9.3
    endloop
  endfacet
  facet normal 0 -1 -0
    outer loop
      vertex 5.1291 -17.0822 9.3
      vertex -5.1291 -17.0822 9.27
      vertex 5.1291 -17.0822 9.27
    endloop
  endfacet
  facet normal 0 0.688851 -0.724903
    outer loop
      vertex -5.06122 16.2719 8.5
      vertex 5.1291 17.0822 9.27
      vertex 5.06122 16.2719 8.5
    endloop
  endfacet
  facet normal 0 0.688851 -0.724903
    outer loop
      vertex 5.1291 17.0822 9.27
      vertex -5.06122 16.2719 8.5
      vertex -5.1291 17.0822 9.27
    endloop
  endfacet
  facet normal -0.499996 -0.866028 0
    outer loop
      vertex -21.5629 -12.4493 9.27
      vertex -14.4628 -16.5485 9.3
      vertex -21.5629 -12.4493 9.3
    endloop
  endfacet
  facet normal -0.499996 -0.866028 -0
    outer loop
      vertex -14.4628 -16.5485 9.3
      vertex -21.5629 -12.4493 9.27
      vertex -14.4628 -16.5485 9.27
    endloop
  endfacet
  facet normal 0.595852 -0.329292 -0.73248
    outer loop
      vertex 21.5629 -12.4493 9.27
      vertex 20.8453 -12.035 8.5
      vertex 25.4224 -3.75276 8.5
    endloop
  endfacet
  facet normal -0.0570866 -0.998369 0
    outer loop
      vertex -14.4628 -16.5485 9.27
      vertex -5.1291 -17.0822 9.3
      vertex -14.4628 -16.5485 9.3
    endloop
  endfacet
  facet normal -0.0570866 -0.998369 -0
    outer loop
      vertex -5.1291 -17.0822 9.3
      vertex -14.4628 -16.5485 9.27
      vertex -5.1291 -17.0822 9.27
    endloop
  endfacet
  facet normal 0 1 -0
    outer loop
      vertex 5.1291 17.0822 9.27
      vertex -5.1291 17.0822 9.3
      vertex 5.1291 17.0822 9.3
    endloop
  endfacet
  facet normal 0 1 0
    outer loop
      vertex -5.1291 17.0822 9.3
      vertex 5.1291 17.0822 9.27
      vertex -5.1291 17.0822 9.27
    endloop
  endfacet
  facet normal 0.0404669 -0.707713 -0.70534
    outer loop
      vertex 14.4628 -16.5485 9.27
      vertex 5.1291 -17.0822 9.27
      vertex 14.3453 -15.7878 8.5
    endloop
  endfacet
  facet normal 0.365792 0.633578 -0.681744
    outer loop
      vertex 21.5629 12.4493 9.27
      vertex 14.3453 15.7878 8.5
      vertex 14.4628 16.5485 9.27
    endloop
  endfacet
  facet normal 1 -0 0
    outer loop
      vertex 26.1582 -4.09918 9.3
      vertex 26.1582 4.09918 9.27
      vertex 26.1582 4.09918 9.3
    endloop
  endfacet
  facet normal 1 0 0
    outer loop
      vertex 26.1582 4.09918 9.27
      vertex 26.1582 -4.09918 9.3
      vertex 26.1582 -4.09918 9.27
    endloop
  endfacet
  facet normal -0.499996 0.866028 0
    outer loop
      vertex -14.4628 16.5485 9.27
      vertex -21.5629 12.4493 9.3
      vertex -14.4628 16.5485 9.3
    endloop
  endfacet
  facet normal -0.499996 0.866028 0
    outer loop
      vertex -21.5629 12.4493 9.3
      vertex -14.4628 16.5485 9.27
      vertex -21.5629 12.4493 9.27
    endloop
  endfacet
  facet normal -0.0358134 -0.68683 -0.725935
    outer loop
      vertex -5.1291 -17.0822 9.27
      vertex -14.3453 -15.7878 8.5
      vertex -5.06122 -16.2719 8.5
    endloop
  endfacet
  facet normal 0 0 -1
    outer loop
      vertex 26.1635 -4.09918 9.3
      vertex 26.1582 -4.09918 9.3
      vertex 26.1635 4.09918 9.3
    endloop
  endfacet
  facet normal 0 0 -1
    outer loop
      vertex 21.5674 -12.452 9.3
      vertex 26.1582 -4.09918 9.3
      vertex 26.1635 -4.09918 9.3
    endloop
  endfacet
  facet normal 0 0 -1
    outer loop
      vertex 21.5674 -12.452 9.3
      vertex 21.5629 -12.4493 9.3
      vertex 26.1582 -4.09918 9.3
    endloop
  endfacet
  facet normal 0 0 -1
    outer loop
      vertex 14.4674 -16.5512 9.3
      vertex 21.5629 -12.4493 9.3
      vertex 21.5674 -12.452 9.3
    endloop
  endfacet
  facet normal 0 0 -1
    outer loop
      vertex 14.4674 -16.5512 9.3
      vertex 14.4628 -16.5485 9.3
      vertex 21.5629 -12.4493 9.3
    endloop
  endfacet
  facet normal 0 0 -1
    outer loop
      vertex 5.13174 -17.0868 9.3
      vertex 14.4628 -16.5485 9.3
      vertex 14.4674 -16.5512 9.3
    endloop
  endfacet
  facet normal 0 0 -1
    outer loop
      vertex 5.13174 -17.0868 9.3
      vertex 5.1291 -17.0822 9.3
      vertex 14.4628 -16.5485 9.3
    endloop
  endfacet
  facet normal 0 0 -1
    outer loop
      vertex 5.13174 -17.0868 9.3
      vertex -5.1291 -17.0822 9.3
      vertex 5.1291 -17.0822 9.3
    endloop
  endfacet
  facet normal 0 0 -1
    outer loop
      vertex -5.13174 -17.0868 9.3
      vertex -5.1291 -17.0822 9.3
      vertex 5.13174 -17.0868 9.3
    endloop
  endfacet
  facet normal 0 0 -1
    outer loop
      vertex -5.13174 -17.0868 9.3
      vertex -14.4628 -16.5485 9.3
      vertex -5.1291 -17.0822 9.3
    endloop
  endfacet
  facet normal 0 0 -1
    outer loop
      vertex -14.4674 -16.5512 9.3
      vertex -14.4628 -16.5485 9.3
      vertex -5.13174 -17.0868 9.3
    endloop
  endfacet
  facet normal 0 0 -1
    outer loop
      vertex -14.4674 -16.5512 9.3
      vertex -21.5629 -12.4493 9.3
      vertex -14.4628 -16.5485 9.3
    endloop
  endfacet
  facet normal 0 0 -1
    outer loop
      vertex -21.5674 -12.452 9.3
      vertex -21.5629 -12.4493 9.3
      vertex -14.4674 -16.5512 9.3
    endloop
  endfacet
  facet normal 0 0 -1
    outer loop
      vertex -21.5674 -12.452 9.3
      vertex -26.1582 -4.09918 9.3
      vertex -21.5629 -12.4493 9.3
    endloop
  endfacet
  facet normal 0 0 -1
    outer loop
      vertex -26.1582 -4.09918 9.3
      vertex -26.1635 -4.09918 9.3
      vertex -26.1582 4.09918 9.3
    endloop
  endfacet
  facet normal 0 0 -1
    outer loop
      vertex -26.1635 -4.09918 9.3
      vertex -26.1582 -4.09918 9.3
      vertex -21.5674 -12.452 9.3
    endloop
  endfacet
  facet normal 0 0 -1
    outer loop
      vertex 26.1582 4.09918 9.3
      vertex 26.1635 4.09918 9.3
      vertex 26.1582 -4.09918 9.3
    endloop
  endfacet
  facet normal 0 0 -1
    outer loop
      vertex 26.1582 4.09918 9.3
      vertex 21.5674 12.452 9.3
      vertex 26.1635 4.09918 9.3
    endloop
  endfacet
  facet normal 0 0 -1
    outer loop
      vertex 21.5629 12.4493 9.3
      vertex 21.5674 12.452 9.3
      vertex 26.1582 4.09918 9.3
    endloop
  endfacet
  facet normal 0 0 -1
    outer loop
      vertex 21.5629 12.4493 9.3
      vertex 14.4674 16.5512 9.3
      vertex 21.5674 12.452 9.3
    endloop
  endfacet
  facet normal 0 0 -1
    outer loop
      vertex 14.4628 16.5485 9.3
      vertex 14.4674 16.5512 9.3
      vertex 21.5629 12.4493 9.3
    endloop
  endfacet
  facet normal 0 0 -1
    outer loop
      vertex 14.4628 16.5485 9.3
      vertex 5.13174 17.0868 9.3
      vertex 14.4674 16.5512 9.3
    endloop
  endfacet
  facet normal 0 0 -1
    outer loop
      vertex 5.1291 17.0822 9.3
      vertex 5.13174 17.0868 9.3
      vertex 14.4628 16.5485 9.3
    endloop
  endfacet
  facet normal 0 0 -1
    outer loop
      vertex -5.1291 17.0822 9.3
      vertex 5.13174 17.0868 9.3
      vertex 5.1291 17.0822 9.3
    endloop
  endfacet
  facet normal 0 0 -1
    outer loop
      vertex -5.1291 17.0822 9.3
      vertex -5.13174 17.0868 9.3
      vertex 5.13174 17.0868 9.3
    endloop
  endfacet
  facet normal 0 0 -1
    outer loop
      vertex -14.4628 16.5485 9.3
      vertex -5.13174 17.0868 9.3
      vertex -5.1291 17.0822 9.3
    endloop
  endfacet
  facet normal 0 0 -1
    outer loop
      vertex -14.4628 16.5485 9.3
      vertex -14.4674 16.5512 9.3
      vertex -5.13174 17.0868 9.3
    endloop
  endfacet
  facet normal 0 0 -1
    outer loop
      vertex -21.5629 12.4493 9.3
      vertex -14.4674 16.5512 9.3
      vertex -14.4628 16.5485 9.3
    endloop
  endfacet
  facet normal 0 0 -1
    outer loop
      vertex -21.5629 12.4493 9.3
      vertex -21.5674 12.452 9.3
      vertex -14.4674 16.5512 9.3
    endloop
  endfacet
  facet normal 0 0 -1
    outer loop
      vertex -26.1582 4.09918 9.3
      vertex -21.5674 12.452 9.3
      vertex -21.5629 12.4493 9.3
    endloop
  endfacet
  facet normal 0 0 -1
    outer loop
      vertex -26.1582 4.09918 9.3
      vertex -26.1635 4.09918 9.3
      vertex -21.5674 12.452 9.3
    endloop
  endfacet
  facet normal 0 0 -1
    outer loop
      vertex -26.1635 4.09918 9.3
      vertex -26.1582 4.09918 9.3
      vertex -26.1635 -4.09918 9.3
    endloop
  endfacet
  facet normal 0.0358134 0.68683 -0.725935
    outer loop
      vertex 14.3453 15.7878 8.5
      vertex 5.06122 16.2719 8.5
      vertex 5.1291 17.0822 9.27
    endloop
  endfacet
  facet normal 0.0570866 -0.998369 0
    outer loop
      vertex 5.1291 -17.0822 9.27
      vertex 14.4628 -16.5485 9.3
      vertex 5.1291 -17.0822 9.3
    endloop
  endfacet
  facet normal 0.0570866 -0.998369 0
    outer loop
      vertex 14.4628 -16.5485 9.3
      vertex 5.1291 -17.0822 9.27
      vertex 14.4628 -16.5485 9.27
    endloop
  endfacet
  facet normal 0.365792 -0.633578 -0.681744
    outer loop
      vertex 14.4628 -16.5485 9.27
      vertex 14.3453 -15.7878 8.5
      vertex 21.5629 -12.4493 9.27
    endloop
  endfacet
  facet normal -1 0 0
    outer loop
      vertex -26.1582 -4.09918 9.27
      vertex -26.1582 4.09918 9.3
      vertex -26.1582 4.09918 9.27
    endloop
  endfacet
  facet normal -1 -0 0
    outer loop
      vertex -26.1582 4.09918 9.3
      vertex -26.1582 -4.09918 9.27
      vertex -26.1582 -4.09918 9.3
    endloop
  endfacet
  facet normal -0.0404669 0.707713 -0.70534
    outer loop
      vertex -14.3453 15.7878 8.5
      vertex -14.4628 16.5485 9.27
      vertex -5.1291 17.0822 9.27
    endloop
  endfacet
  facet normal 0.876095 0.482139 0
    outer loop
      vertex 26.1582 4.09918 9.3
      vertex 21.5629 12.4493 9.27
      vertex 21.5629 12.4493 9.3
    endloop
  endfacet
  facet normal 0.876095 0.482139 0
    outer loop
      vertex 21.5629 12.4493 9.27
      vertex 26.1582 4.09918 9.3
      vertex 26.1582 4.09918 9.27
    endloop
  endfacet
  facet normal -0.0358134 0.68683 -0.725935
    outer loop
      vertex -5.06122 16.2719 8.5
      vertex -14.3453 15.7878 8.5
      vertex -5.1291 17.0822 9.27
    endloop
  endfacet
  facet normal 0.602969 -0.33183 -0.725477
    outer loop
      vertex 26.1582 -4.09918 9.27
      vertex 21.5629 -12.4493 9.27
      vertex 25.4224 -3.75276 8.5
    endloop
  endfacet
  facet normal 0.595852 0.329292 -0.73248
    outer loop
      vertex 25.4224 3.75276 8.5
      vertex 20.8453 12.035 8.5
      vertex 21.5629 12.4493 9.27
    endloop
  endfacet
  facet normal -0.595852 0.329292 -0.73248
    outer loop
      vertex -20.8453 12.035 8.5
      vertex -25.4224 3.75276 8.5
      vertex -21.5629 12.4493 9.27
    endloop
  endfacet
  facet normal -0.876095 -0.482139 0
    outer loop
      vertex -21.5629 -12.4493 9.27
      vertex -26.1582 -4.09918 9.3
      vertex -26.1582 -4.09918 9.27
    endloop
  endfacet
  facet normal -0.876095 -0.482139 0
    outer loop
      vertex -26.1582 -4.09918 9.3
      vertex -21.5629 -12.4493 9.27
      vertex -21.5629 -12.4493 9.3
    endloop
  endfacet
  facet normal -0.602969 -0.33183 -0.725477
    outer loop
      vertex -21.5629 -12.4493 9.27
      vertex -26.1582 -4.09918 9.27
      vertex -25.4224 -3.75276 8.5
    endloop
  endfacet
  facet normal 0.0404669 0.707713 -0.70534
    outer loop
      vertex 14.3453 15.7878 8.5
      vertex 5.1291 17.0822 9.27
      vertex 14.4628 16.5485 9.27
    endloop
  endfacet
  facet normal 0.0570866 0.998369 -0
    outer loop
      vertex 14.4628 16.5485 9.27
      vertex 5.1291 17.0822 9.3
      vertex 14.4628 16.5485 9.3
    endloop
  endfacet
  facet normal 0.0570866 0.998369 0
    outer loop
      vertex 5.1291 17.0822 9.3
      vertex 14.4628 16.5485 9.27
      vertex 5.1291 17.0822 9.27
    endloop
  endfacet
  facet normal 0.72298 0 -0.690869
    outer loop
      vertex 26.1582 4.09918 9.27
      vertex 25.4224 -3.75276 8.5
      vertex 25.4224 3.75276 8.5
    endloop
  endfacet
  facet normal 0.72298 0 -0.690869
    outer loop
      vertex 25.4224 -3.75276 8.5
      vertex 26.1582 4.09918 9.27
      vertex 26.1582 -4.09918 9.27
    endloop
  endfacet
  facet normal 0 -0.688851 -0.724903
    outer loop
      vertex 5.1291 -17.0822 9.27
      vertex -5.06122 -16.2719 8.5
      vertex 5.06122 -16.2719 8.5
    endloop
  endfacet
  facet normal 0 -0.688851 -0.724903
    outer loop
      vertex -5.06122 -16.2719 8.5
      vertex 5.1291 -17.0822 9.27
      vertex -5.1291 -17.0822 9.27
    endloop
  endfacet
  facet normal 0.876095 -0.482139 0
    outer loop
      vertex 21.5629 -12.4493 9.3
      vertex 26.1582 -4.09918 9.27
      vertex 26.1582 -4.09918 9.3
    endloop
  endfacet
  facet normal 0.876095 -0.482139 0
    outer loop
      vertex 26.1582 -4.09918 9.27
      vertex 21.5629 -12.4493 9.3
      vertex 21.5629 -12.4493 9.27
    endloop
  endfacet
  facet normal -0.0404669 -0.707713 -0.70534
    outer loop
      vertex -5.1291 -17.0822 9.27
      vertex -14.4628 -16.5485 9.27
      vertex -14.3453 -15.7878 8.5
    endloop
  endfacet
  facet normal -0.72298 0 -0.690869
    outer loop
      vertex -25.4224 -3.75276 8.5
      vertex -26.1582 4.09918 9.27
      vertex -25.4224 3.75276 8.5
    endloop
  endfacet
  facet normal -0.72298 -0 -0.690869
    outer loop
      vertex -26.1582 4.09918 9.27
      vertex -25.4224 -3.75276 8.5
      vertex -26.1582 -4.09918 9.27
    endloop
  endfacet
  facet normal 0.365783 0.633551 -0.681774
    outer loop
      vertex 20.8453 12.035 8.5
      vertex 14.3453 15.7878 8.5
      vertex 21.5629 12.4493 9.27
    endloop
  endfacet
  facet normal -0.365792 -0.633578 -0.681744
    outer loop
      vertex -14.4628 -16.5485 9.27
      vertex -21.5629 -12.4493 9.27
      vertex -14.3453 -15.7878 8.5
    endloop
  endfacet
  facet normal 0.365783 -0.633551 -0.681774
    outer loop
      vertex 21.5629 -12.4493 9.27
      vertex 14.3453 -15.7878 8.5
      vertex 20.8453 -12.035 8.5
    endloop
  endfacet
  facet normal 0.0358134 -0.68683 -0.725935
    outer loop
      vertex 5.1291 -17.0822 9.27
      vertex 5.06122 -16.2719 8.5
      vertex 14.3453 -15.7878 8.5
    endloop
  endfacet
  facet normal 0.499996 -0.866028 0
    outer loop
      vertex 14.4628 -16.5485 9.27
      vertex 21.5629 -12.4493 9.3
      vertex 14.4628 -16.5485 9.3
    endloop
  endfacet
  facet normal 0.499996 -0.866028 0
    outer loop
      vertex 21.5629 -12.4493 9.3
      vertex 14.4628 -16.5485 9.27
      vertex 21.5629 -12.4493 9.27
    endloop
  endfacet
  facet normal 0.602969 0.33183 -0.725477
    outer loop
      vertex 25.4224 3.75276 8.5
      vertex 21.5629 12.4493 9.27
      vertex 26.1582 4.09918 9.27
    endloop
  endfacet
  facet normal -0.365783 0.633551 -0.681774
    outer loop
      vertex -20.8453 12.035 8.5
      vertex -21.5629 12.4493 9.27
      vertex -14.3453 15.7878 8.5
    endloop
  endfacet
  facet normal -0.602969 0.33183 -0.725477
    outer loop
      vertex -25.4224 3.75276 8.5
      vertex -26.1582 4.09918 9.27
      vertex -21.5629 12.4493 9.27
    endloop
  endfacet
  facet normal -0.876095 0.482139 0
    outer loop
      vertex -26.1582 4.09918 9.27
      vertex -21.5629 12.4493 9.3
      vertex -21.5629 12.4493 9.27
    endloop
  endfacet
  facet normal -0.876095 0.482139 0
    outer loop
      vertex -21.5629 12.4493 9.3
      vertex -26.1582 4.09918 9.27
      vertex -26.1582 4.09918 9.3
    endloop
  endfacet
  facet normal -0.365783 -0.633551 -0.681774
    outer loop
      vertex -14.3453 -15.7878 8.5
      vertex -21.5629 -12.4493 9.27
      vertex -20.8453 -12.035 8.5
    endloop
  endfacet
  facet normal -0.595852 -0.329292 -0.73248
    outer loop
      vertex -21.5629 -12.4493 9.27
      vertex -25.4224 -3.75276 8.5
      vertex -20.8453 -12.035 8.5
    endloop
  endfacet
  facet normal -0.0570866 0.998369 0
    outer loop
      vertex -5.1291 17.0822 9.27
      vertex -14.4628 16.5485 9.3
      vertex -5.1291 17.0822 9.3
    endloop
  endfacet
  facet normal -0.0570866 0.998369 0
    outer loop
      vertex -14.4628 16.5485 9.3
      vertex -5.1291 17.0822 9.27
      vertex -14.4628 16.5485 9.27
    endloop
  endfacet
  facet normal -0.867806 -0.47276 -0.153003
    outer loop
      vertex -21.853 -12.6168 11.17
      vertex -26.4932 -4.09918 11.17
      vertex -26.1635 -4.09918 9.3
    endloop
  endfacet
  facet normal 0.500001 -0.866025 0
    outer loop
      vertex 14.753 -16.716 11.17
      vertex 21.853 -12.6168 11.2
      vertex 14.753 -16.716 11.2
    endloop
  endfacet
  facet normal 0.500001 -0.866025 0
    outer loop
      vertex 21.853 -12.6168 11.2
      vertex 14.753 -16.716 11.17
      vertex 21.853 -12.6168 11.17
    endloop
  endfacet
  facet normal 0.494273 -0.856103 -0.150936
    outer loop
      vertex 21.853 -12.6168 11.17
      vertex 14.4674 -16.5512 9.3
      vertex 21.5674 -12.452 9.3
    endloop
  endfacet
  facet normal -0.500001 0.866025 0
    outer loop
      vertex -14.753 16.716 11.17
      vertex -21.853 12.6168 11.2
      vertex -14.753 16.716 11.2
    endloop
  endfacet
  facet normal -0.500001 0.866025 0
    outer loop
      vertex -21.853 12.6168 11.2
      vertex -14.753 16.716 11.17
      vertex -21.853 12.6168 11.17
    endloop
  endfacet
  facet normal -0.984811 0 -0.173632
    outer loop
      vertex -26.1635 -4.09918 9.3
      vertex -26.4932 4.09918 11.17
      vertex -26.1635 4.09918 9.3
    endloop
  endfacet
  facet normal -0.984811 -0 -0.173632
    outer loop
      vertex -26.4932 4.09918 11.17
      vertex -26.1635 -4.09918 9.3
      vertex -26.4932 -4.09918 11.17
    endloop
  endfacet
  facet normal -0.878146 -0.478393 0
    outer loop
      vertex -21.853 -12.6168 11.17
      vertex -26.4932 -4.09918 11.2
      vertex -26.4932 -4.09918 11.17
    endloop
  endfacet
  facet normal -0.878146 -0.478393 0
    outer loop
      vertex -26.4932 -4.09918 11.2
      vertex -21.853 -12.6168 11.17
      vertex -21.853 -12.6168 11.2
    endloop
  endfacet
  facet normal -0.867806 0.47276 -0.153003
    outer loop
      vertex -26.1635 4.09918 9.3
      vertex -26.4932 4.09918 11.17
      vertex -21.853 12.6168 11.17
    endloop
  endfacet
  facet normal -0.0689134 -0.992796 -0.0980184
    outer loop
      vertex -5.29662 -17.3724 11.17
      vertex -14.753 -16.716 11.17
      vertex -14.4674 -16.5512 9.3
    endloop
  endfacet
  facet normal 0 0.988537 -0.150977
    outer loop
      vertex 5.13174 17.0868 9.3
      vertex -5.29662 17.3724 11.17
      vertex 5.29662 17.3724 11.17
    endloop
  endfacet
  facet normal 0 0.988537 -0.150977
    outer loop
      vertex -5.29662 17.3724 11.17
      vertex 5.13174 17.0868 9.3
      vertex -5.13174 17.0868 9.3
    endloop
  endfacet
  facet normal -0.878146 0.478393 0
    outer loop
      vertex -26.4932 4.09918 11.17
      vertex -21.853 12.6168 11.2
      vertex -21.853 12.6168 11.17
    endloop
  endfacet
  facet normal -0.878146 0.478393 0
    outer loop
      vertex -21.853 12.6168 11.2
      vertex -26.4932 4.09918 11.17
      vertex -26.4932 4.09918 11.2
    endloop
  endfacet
  facet normal 0.494273 0.856103 -0.150936
    outer loop
      vertex 21.853 12.6168 11.17
      vertex 14.4674 16.5512 9.3
      vertex 14.753 16.716 11.17
    endloop
  endfacet
  facet normal -0.494273 0.856103 -0.150936
    outer loop
      vertex -21.5674 12.452 9.3
      vertex -21.853 12.6168 11.17
      vertex -14.4674 16.5512 9.3
    endloop
  endfacet
  facet normal 0 -1 0
    outer loop
      vertex -5.29662 -17.3724 11.17
      vertex 5.29662 -17.3724 11.2
      vertex -5.29662 -17.3724 11.2
    endloop
  endfacet
  facet normal 0 -1 -0
    outer loop
      vertex 5.29662 -17.3724 11.2
      vertex -5.29662 -17.3724 11.17
      vertex 5.29662 -17.3724 11.17
    endloop
  endfacet
  facet normal 0.878146 -0.478393 0
    outer loop
      vertex 21.853 -12.6168 11.2
      vertex 26.4932 -4.09918 11.17
      vertex 26.4932 -4.09918 11.2
    endloop
  endfacet
  facet normal 0.878146 -0.478393 0
    outer loop
      vertex 26.4932 -4.09918 11.17
      vertex 21.853 -12.6168 11.2
      vertex 21.853 -12.6168 11.17
    endloop
  endfacet
  facet normal 0.494273 0.856103 -0.150936
    outer loop
      vertex 21.5674 12.452 9.3
      vertex 14.4674 16.5512 9.3
      vertex 21.853 12.6168 11.17
    endloop
  endfacet
  facet normal 0.0565795 0.986197 -0.155608
    outer loop
      vertex 14.4674 16.5512 9.3
      vertex 5.13174 17.0868 9.3
      vertex 5.29662 17.3724 11.17
    endloop
  endfacet
  facet normal -0.494273 0.856103 -0.150936
    outer loop
      vertex -14.4674 16.5512 9.3
      vertex -21.853 12.6168 11.17
      vertex -14.753 16.716 11.17
    endloop
  endfacet
  facet normal 0.867806 0.47276 -0.153003
    outer loop
      vertex 26.1635 4.09918 9.3
      vertex 21.853 12.6168 11.17
      vertex 26.4932 4.09918 11.17
    endloop
  endfacet
  facet normal 0.86282 0.474763 -0.173616
    outer loop
      vertex 26.1635 4.09918 9.3
      vertex 21.5674 12.452 9.3
      vertex 21.853 12.6168 11.17
    endloop
  endfacet
  facet normal -0.86282 0.474763 -0.173616
    outer loop
      vertex -21.5674 12.452 9.3
      vertex -26.1635 4.09918 9.3
      vertex -21.853 12.6168 11.17
    endloop
  endfacet
  facet normal -0.0692468 0.9976 0
    outer loop
      vertex -5.29662 17.3724 11.17
      vertex -14.753 16.716 11.2
      vertex -5.29662 17.3724 11.2
    endloop
  endfacet
  facet normal -0.0692468 0.9976 0
    outer loop
      vertex -14.753 16.716 11.2
      vertex -5.29662 17.3724 11.17
      vertex -14.753 16.716 11.17
    endloop
  endfacet
  facet normal 0.0565795 -0.986197 -0.155608
    outer loop
      vertex 5.29662 -17.3724 11.17
      vertex 5.13174 -17.0868 9.3
      vertex 14.4674 -16.5512 9.3
    endloop
  endfacet
  facet normal 0 -0.988537 -0.150977
    outer loop
      vertex -5.13174 -17.0868 9.3
      vertex 5.29662 -17.3724 11.17
      vertex -5.29662 -17.3724 11.17
    endloop
  endfacet
  facet normal 0 -0.988537 -0.150977
    outer loop
      vertex 5.29662 -17.3724 11.17
      vertex -5.13174 -17.0868 9.3
      vertex 5.13174 -17.0868 9.3
    endloop
  endfacet
  facet normal 1 -0 0
    outer loop
      vertex 26.4932 -4.09918 11.2
      vertex 26.4932 4.09918 11.17
      vertex 26.4932 4.09918 11.2
    endloop
  endfacet
  facet normal 1 0 0
    outer loop
      vertex 26.4932 4.09918 11.17
      vertex 26.4932 -4.09918 11.2
      vertex 26.4932 -4.09918 11.17
    endloop
  endfacet
  facet normal 0.0692468 -0.9976 0
    outer loop
      vertex 5.29662 -17.3724 11.17
      vertex 14.753 -16.716 11.2
      vertex 5.29662 -17.3724 11.2
    endloop
  endfacet
  facet normal 0.0692468 -0.9976 0
    outer loop
      vertex 14.753 -16.716 11.2
      vertex 5.29662 -17.3724 11.17
      vertex 14.753 -16.716 11.17
    endloop
  endfacet
  facet normal 0.0689134 -0.992796 -0.0980184
    outer loop
      vertex 14.753 -16.716 11.17
      vertex 5.29662 -17.3724 11.17
      vertex 14.4674 -16.5512 9.3
    endloop
  endfacet
  facet normal 0.494273 -0.856103 -0.150936
    outer loop
      vertex 14.753 -16.716 11.17
      vertex 14.4674 -16.5512 9.3
      vertex 21.853 -12.6168 11.17
    endloop
  endfacet
  facet normal 0.878146 0.478393 0
    outer loop
      vertex 26.4932 4.09918 11.2
      vertex 21.853 12.6168 11.17
      vertex 21.853 12.6168 11.2
    endloop
  endfacet
  facet normal 0.878146 0.478393 0
    outer loop
      vertex 21.853 12.6168 11.17
      vertex 26.4932 4.09918 11.2
      vertex 26.4932 4.09918 11.17
    endloop
  endfacet
  facet normal 0.86282 -0.474763 -0.173616
    outer loop
      vertex 21.853 -12.6168 11.17
      vertex 21.5674 -12.452 9.3
      vertex 26.1635 -4.09918 9.3
    endloop
  endfacet
  facet normal 0.984811 0 -0.173632
    outer loop
      vertex 26.4932 -4.09918 11.17
      vertex 26.1635 4.09918 9.3
      vertex 26.4932 4.09918 11.17
    endloop
  endfacet
  facet normal 0.984811 0 -0.173632
    outer loop
      vertex 26.1635 4.09918 9.3
      vertex 26.4932 -4.09918 11.17
      vertex 26.1635 -4.09918 9.3
    endloop
  endfacet
  facet normal 0 1 -0
    outer loop
      vertex 5.29662 17.3724 11.17
      vertex -5.29662 17.3724 11.2
      vertex 5.29662 17.3724 11.2
    endloop
  endfacet
  facet normal 0 1 0
    outer loop
      vertex -5.29662 17.3724 11.2
      vertex 5.29662 17.3724 11.17
      vertex -5.29662 17.3724 11.17
    endloop
  endfacet
  facet normal -0.86282 -0.474763 -0.173616
    outer loop
      vertex -21.853 -12.6168 11.17
      vertex -26.1635 -4.09918 9.3
      vertex -21.5674 -12.452 9.3
    endloop
  endfacet
  facet normal -1 0 0
    outer loop
      vertex -26.4932 -4.09918 11.17
      vertex -26.4932 4.09918 11.2
      vertex -26.4932 4.09918 11.17
    endloop
  endfacet
  facet normal -1 -0 0
    outer loop
      vertex -26.4932 4.09918 11.2
      vertex -26.4932 -4.09918 11.17
      vertex -26.4932 -4.09918 11.2
    endloop
  endfacet
  facet normal 0 0 -1
    outer loop
      vertex 26.4985 -4.09918 11.2
      vertex 26.4932 -4.09918 11.2
      vertex 26.4985 4.09918 11.2
    endloop
  endfacet
  facet normal 0 0 -1
    outer loop
      vertex 21.8576 -12.6195 11.2
      vertex 26.4932 -4.09918 11.2
      vertex 26.4985 -4.09918 11.2
    endloop
  endfacet
  facet normal 0 0 -1
    outer loop
      vertex 21.8576 -12.6195 11.2
      vertex 21.853 -12.6168 11.2
      vertex 26.4932 -4.09918 11.2
    endloop
  endfacet
  facet normal 0 0 -1
    outer loop
      vertex 14.7576 -16.7187 11.2
      vertex 21.853 -12.6168 11.2
      vertex 21.8576 -12.6195 11.2
    endloop
  endfacet
  facet normal 0 0 -1
    outer loop
      vertex 14.7576 -16.7187 11.2
      vertex 14.753 -16.716 11.2
      vertex 21.853 -12.6168 11.2
    endloop
  endfacet
  facet normal 0 0 -1
    outer loop
      vertex 5.29926 -17.377 11.2
      vertex 14.753 -16.716 11.2
      vertex 14.7576 -16.7187 11.2
    endloop
  endfacet
  facet normal 0 0 -1
    outer loop
      vertex 5.29926 -17.377 11.2
      vertex 5.29662 -17.3724 11.2
      vertex 14.753 -16.716 11.2
    endloop
  endfacet
  facet normal 0 0 -1
    outer loop
      vertex 5.29926 -17.377 11.2
      vertex -5.29662 -17.3724 11.2
      vertex 5.29662 -17.3724 11.2
    endloop
  endfacet
  facet normal 0 0 -1
    outer loop
      vertex -5.29926 -17.377 11.2
      vertex -5.29662 -17.3724 11.2
      vertex 5.29926 -17.377 11.2
    endloop
  endfacet
  facet normal 0 0 -1
    outer loop
      vertex -5.29926 -17.377 11.2
      vertex -14.753 -16.716 11.2
      vertex -5.29662 -17.3724 11.2
    endloop
  endfacet
  facet normal 0 0 -1
    outer loop
      vertex -14.7576 -16.7187 11.2
      vertex -14.753 -16.716 11.2
      vertex -5.29926 -17.377 11.2
    endloop
  endfacet
  facet normal 0 0 -1
    outer loop
      vertex -14.7576 -16.7187 11.2
      vertex -21.853 -12.6168 11.2
      vertex -14.753 -16.716 11.2
    endloop
  endfacet
  facet normal 0 0 -1
    outer loop
      vertex -21.8576 -12.6195 11.2
      vertex -21.853 -12.6168 11.2
      vertex -14.7576 -16.7187 11.2
    endloop
  endfacet
  facet normal 0 0 -1
    outer loop
      vertex -21.8576 -12.6195 11.2
      vertex -26.4932 -4.09918 11.2
      vertex -21.853 -12.6168 11.2
    endloop
  endfacet
  facet normal 0 0 -1
    outer loop
      vertex -26.4932 -4.09918 11.2
      vertex -26.4985 -4.09918 11.2
      vertex -26.4932 4.09918 11.2
    endloop
  endfacet
  facet normal 0 0 -1
    outer loop
      vertex -26.4985 -4.09918 11.2
      vertex -26.4932 -4.09918 11.2
      vertex -21.8576 -12.6195 11.2
    endloop
  endfacet
  facet normal 0 0 -1
    outer loop
      vertex 26.4932 4.09918 11.2
      vertex 26.4985 4.09918 11.2
      vertex 26.4932 -4.09918 11.2
    endloop
  endfacet
  facet normal 0 0 -1
    outer loop
      vertex 26.4932 4.09918 11.2
      vertex 21.8576 12.6195 11.2
      vertex 26.4985 4.09918 11.2
    endloop
  endfacet
  facet normal 0 0 -1
    outer loop
      vertex 21.853 12.6168 11.2
      vertex 21.8576 12.6195 11.2
      vertex 26.4932 4.09918 11.2
    endloop
  endfacet
  facet normal 0 0 -1
    outer loop
      vertex 21.853 12.6168 11.2
      vertex 14.7576 16.7187 11.2
      vertex 21.8576 12.6195 11.2
    endloop
  endfacet
  facet normal 0 0 -1
    outer loop
      vertex 14.753 16.716 11.2
      vertex 14.7576 16.7187 11.2
      vertex 21.853 12.6168 11.2
    endloop
  endfacet
  facet normal 0 0 -1
    outer loop
      vertex 14.753 16.716 11.2
      vertex 5.29926 17.377 11.2
      vertex 14.7576 16.7187 11.2
    endloop
  endfacet
  facet normal 0 0 -1
    outer loop
      vertex 5.29662 17.3724 11.2
      vertex 5.29926 17.377 11.2
      vertex 14.753 16.716 11.2
    endloop
  endfacet
  facet normal 0 0 -1
    outer loop
      vertex -5.29662 17.3724 11.2
      vertex 5.29926 17.377 11.2
      vertex 5.29662 17.3724 11.2
    endloop
  endfacet
  facet normal 0 0 -1
    outer loop
      vertex -5.29662 17.3724 11.2
      vertex -5.29926 17.377 11.2
      vertex 5.29926 17.377 11.2
    endloop
  endfacet
  facet normal 0 0 -1
    outer loop
      vertex -14.753 16.716 11.2
      vertex -5.29926 17.377 11.2
      vertex -5.29662 17.3724 11.2
    endloop
  endfacet
  facet normal 0 0 -1
    outer loop
      vertex -14.753 16.716 11.2
      vertex -14.7576 16.7187 11.2
      vertex -5.29926 17.377 11.2
    endloop
  endfacet
  facet normal 0 0 -1
    outer loop
      vertex -21.853 12.6168 11.2
      vertex -14.7576 16.7187 11.2
      vertex -14.753 16.716 11.2
    endloop
  endfacet
  facet normal 0 0 -1
    outer loop
      vertex -21.853 12.6168 11.2
      vertex -21.8576 12.6195 11.2
      vertex -14.7576 16.7187 11.2
    endloop
  endfacet
  facet normal 0 0 -1
    outer loop
      vertex -26.4932 4.09918 11.2
      vertex -21.8576 12.6195 11.2
      vertex -21.853 12.6168 11.2
    endloop
  endfacet
  facet normal 0 0 -1
    outer loop
      vertex -26.4932 4.09918 11.2
      vertex -26.4985 4.09918 11.2
      vertex -21.8576 12.6195 11.2
    endloop
  endfacet
  facet normal 0 0 -1
    outer loop
      vertex -26.4985 4.09918 11.2
      vertex -26.4932 4.09918 11.2
      vertex -26.4985 -4.09918 11.2
    endloop
  endfacet
  facet normal -0.500001 -0.866025 0
    outer loop
      vertex -21.853 -12.6168 11.17
      vertex -14.753 -16.716 11.2
      vertex -21.853 -12.6168 11.2
    endloop
  endfacet
  facet normal -0.500001 -0.866025 -0
    outer loop
      vertex -14.753 -16.716 11.2
      vertex -21.853 -12.6168 11.17
      vertex -14.753 -16.716 11.17
    endloop
  endfacet
  facet normal 0.500001 0.866025 -0
    outer loop
      vertex 21.853 12.6168 11.17
      vertex 14.753 16.716 11.2
      vertex 21.853 12.6168 11.2
    endloop
  endfacet
  facet normal 0.500001 0.866025 0
    outer loop
      vertex 14.753 16.716 11.2
      vertex 21.853 12.6168 11.17
      vertex 14.753 16.716 11.17
    endloop
  endfacet
  facet normal -0.0565795 -0.986197 -0.155608
    outer loop
      vertex -5.29662 -17.3724 11.17
      vertex -14.4674 -16.5512 9.3
      vertex -5.13174 -17.0868 9.3
    endloop
  endfacet
  facet normal 0.867806 -0.47276 -0.153003
    outer loop
      vertex 26.4932 -4.09918 11.17
      vertex 21.853 -12.6168 11.17
      vertex 26.1635 -4.09918 9.3
    endloop
  endfacet
  facet normal -0.494273 -0.856103 -0.150936
    outer loop
      vertex -14.4674 -16.5512 9.3
      vertex -21.853 -12.6168 11.17
      vertex -21.5674 -12.452 9.3
    endloop
  endfacet
  facet normal -0.494273 -0.856103 -0.150936
    outer loop
      vertex -14.753 -16.716 11.17
      vertex -21.853 -12.6168 11.17
      vertex -14.4674 -16.5512 9.3
    endloop
  endfacet
  facet normal -0.0692468 -0.9976 0
    outer loop
      vertex -14.753 -16.716 11.17
      vertex -5.29662 -17.3724 11.2
      vertex -14.753 -16.716 11.2
    endloop
  endfacet
  facet normal -0.0692468 -0.9976 -0
    outer loop
      vertex -5.29662 -17.3724 11.2
      vertex -14.753 -16.716 11.17
      vertex -5.29662 -17.3724 11.17
    endloop
  endfacet
  facet normal -0.0565795 0.986197 -0.155608
    outer loop
      vertex -5.13174 17.0868 9.3
      vertex -14.4674 16.5512 9.3
      vertex -5.29662 17.3724 11.17
    endloop
  endfacet
  facet normal -0.0689134 0.992796 -0.0980184
    outer loop
      vertex -14.4674 16.5512 9.3
      vertex -14.753 16.716 11.17
      vertex -5.29662 17.3724 11.17
    endloop
  endfacet
  facet normal 0.0692468 0.9976 -0
    outer loop
      vertex 14.753 16.716 11.17
      vertex 5.29662 17.3724 11.2
      vertex 14.753 16.716 11.2
    endloop
  endfacet
  facet normal 0.0692468 0.9976 0
    outer loop
      vertex 5.29662 17.3724 11.2
      vertex 14.753 16.716 11.17
      vertex 5.29662 17.3724 11.17
    endloop
  endfacet
  facet normal 0.0689134 0.992796 -0.0980184
    outer loop
      vertex 14.4674 16.5512 9.3
      vertex 5.29662 17.3724 11.17
      vertex 14.753 16.716 11.17
    endloop
  endfacet
  facet normal 0.500001 0.866025 -0
    outer loop
      vertex 21.8576 12.6195 11.2
      vertex 14.7576 16.7187 11.23
      vertex 21.8576 12.6195 11.23
    endloop
  endfacet
  facet normal 0.500001 0.866025 0
    outer loop
      vertex 14.7576 16.7187 11.23
      vertex 21.8576 12.6195 11.2
      vertex 14.7576 16.7187 11.2
    endloop
  endfacet
  facet normal 0.750926 -0.409019 0.518473
    outer loop
      vertex 26.4985 -4.09918 11.23
      vertex 20.9279 -12.0827 13
      vertex 21.8576 -12.6195 11.23
    endloop
  endfacet
  facet normal -0.0665113 0.824188 0.562397
    outer loop
      vertex -14.7576 16.7187 11.23
      vertex -15.0279 15.4891 13
      vertex -5.45531 16.2616 13
    endloop
  endfacet
  facet normal -0.442652 0.766694 0.465016
    outer loop
      vertex -14.7576 16.7187 11.23
      vertex -21.8576 12.6195 11.23
      vertex -15.0279 15.4891 13
    endloop
  endfacet
  facet normal 0.442652 0.766694 0.465016
    outer loop
      vertex 21.8576 12.6195 11.23
      vertex 14.7576 16.7187 11.23
      vertex 15.0279 15.4891 13
    endloop
  endfacet
  facet normal 0.069432 -0.997587 0
    outer loop
      vertex 5.29926 -17.377 11.2
      vertex 14.7576 -16.7187 11.23
      vertex 5.29926 -17.377 11.23
    endloop
  endfacet
  facet normal 0.069432 -0.997587 0
    outer loop
      vertex 14.7576 -16.7187 11.23
      vertex 5.29926 -17.377 11.2
      vertex 14.7576 -16.7187 11.2
    endloop
  endfacet
  facet normal -0.069432 -0.997587 0
    outer loop
      vertex -14.7576 -16.7187 11.2
      vertex -5.29926 -17.377 11.23
      vertex -14.7576 -16.7187 11.23
    endloop
  endfacet
  facet normal -0.069432 -0.997587 -0
    outer loop
      vertex -5.29926 -17.377 11.23
      vertex -14.7576 -16.7187 11.2
      vertex -5.29926 -17.377 11.2
    endloop
  endfacet
  facet normal 0.750926 0.409019 0.518473
    outer loop
      vertex 21.8576 12.6195 11.23
      vertex 20.9279 12.0827 13
      vertex 26.4985 4.09918 11.23
    endloop
  endfacet
  facet normal 0.878179 0.478332 0
    outer loop
      vertex 26.4985 4.09918 11.23
      vertex 21.8576 12.6195 11.2
      vertex 21.8576 12.6195 11.23
    endloop
  endfacet
  facet normal 0.878179 0.478332 0
    outer loop
      vertex 21.8576 12.6195 11.2
      vertex 26.4985 4.09918 11.23
      vertex 26.4985 4.09918 11.2
    endloop
  endfacet
  facet normal 0.878179 -0.478332 0
    outer loop
      vertex 21.8576 -12.6195 11.23
      vertex 26.4985 -4.09918 11.2
      vertex 26.4985 -4.09918 11.23
    endloop
  endfacet
  facet normal 0.878179 -0.478332 0
    outer loop
      vertex 26.4985 -4.09918 11.2
      vertex 21.8576 -12.6195 11.23
      vertex 21.8576 -12.6195 11.2
    endloop
  endfacet
  facet normal 0 -1 0
    outer loop
      vertex -5.29926 -17.377 11.2
      vertex 5.29926 -17.377 11.23
      vertex -5.29926 -17.377 11.23
    endloop
  endfacet
  facet normal 0 -1 -0
    outer loop
      vertex 5.29926 -17.377 11.23
      vertex -5.29926 -17.377 11.2
      vertex 5.29926 -17.377 11.2
    endloop
  endfacet
  facet normal 0.442652 0.766689 0.465024
    outer loop
      vertex 21.8576 12.6195 11.23
      vertex 15.0279 15.4891 13
      vertex 20.9279 12.0827 13
    endloop
  endfacet
  facet normal -0.745459 0.402331 0.531433
    outer loop
      vertex -20.9279 12.0827 13
      vertex -26.4985 4.09918 11.23
      vertex -25.6106 3.40636 13
    endloop
  endfacet
  facet normal -0.0589436 0.846892 0.528489
    outer loop
      vertex -5.29926 17.377 11.23
      vertex -14.7576 16.7187 11.23
      vertex -5.45531 16.2616 13
    endloop
  endfacet
  facet normal 0 0 1
    outer loop
      vertex -25.6106 -3.40636 13
      vertex -23.8159 -0.00647688 13
      vertex -23.8197 0 13
    endloop
  endfacet
  facet normal 0 0 1
    outer loop
      vertex -15.6159 -2.36714 13
      vertex -15.0159 -2.36714 13
      vertex -15.6159 -0.00647759 13
    endloop
  endfacet
  facet normal 0 0 1
    outer loop
      vertex -15.0159 -2.36714 13
      vertex -15.6159 -2.36714 13
      vertex -15.0324 -3.94471 13
    endloop
  endfacet
  facet normal 0 0 1
    outer loop
      vertex -19.7159 -4.73427 13
      vertex -15.0324 -3.94471 13
      vertex -15.6159 -2.36714 13
    endloop
  endfacet
  facet normal 0 0 1
    outer loop
      vertex -25.6106 -3.40636 13
      vertex -19.1324 -6.31185 13
      vertex -19.7159 -4.73427 13
    endloop
  endfacet
  facet normal 0 0 1
    outer loop
      vertex -15.0324 -3.94471 13
      vertex -19.7159 -4.73427 13
      vertex -19.1324 -6.31185 13
    endloop
  endfacet
  facet normal 0 0 1
    outer loop
      vertex -15.0159 0.00647821 13
      vertex -15.6159 0.00647759 13
      vertex -15.6121 0 13
    endloop
  endfacet
  facet normal -0 0 1
    outer loop
      vertex -15.6121 0 13
      vertex -15.0159 -0.00647821 13
      vertex -15.0197 0 13
    endloop
  endfacet
  facet normal -0 0 1
    outer loop
      vertex -15.0324 -3.94471 13
      vertex -10.9159 -4.73427 13
      vertex -15.0159 -2.36714 13
    endloop
  endfacet
  facet normal 0 0 1
    outer loop
      vertex -15.6159 0.00647759 13
      vertex -15.0159 0.00647821 13
      vertex -15.6159 2.36714 13
    endloop
  endfacet
  facet normal 0 0 1
    outer loop
      vertex -10.9159 -4.73427 13
      vertex -15.0324 -3.94471 13
      vertex -10.9324 -6.31185 13
    endloop
  endfacet
  facet normal -0 0 1
    outer loop
      vertex -15.6159 -0.00647759 13
      vertex -15.0159 -0.00647821 13
      vertex -15.6121 0 13
    endloop
  endfacet
  facet normal 0 0 1
    outer loop
      vertex -15.0159 -0.00647821 13
      vertex -15.6159 -0.00647759 13
      vertex -15.0159 -2.36714 13
    endloop
  endfacet
  facet normal 0 0 1
    outer loop
      vertex -15.0159 0.00647821 13
      vertex -15.6121 0 13
      vertex -15.0197 0 13
    endloop
  endfacet
  facet normal -0 0 1
    outer loop
      vertex -19.7159 4.73427 13
      vertex -15.0324 3.94471 13
      vertex -19.1324 6.31185 13
    endloop
  endfacet
  facet normal 0 0 1
    outer loop
      vertex -15.0324 3.94471 13
      vertex -19.7159 4.73427 13
      vertex -15.6159 2.36714 13
    endloop
  endfacet
  facet normal 0 0 1
    outer loop
      vertex -9.55796 7.08633 13
      vertex -10.9324 6.31185 13
      vertex -10.9159 4.73427 13
    endloop
  endfacet
  facet normal 0 0 1
    outer loop
      vertex -15.0324 3.94471 13
      vertex -10.9159 4.73427 13
      vertex -10.9324 6.31185 13
    endloop
  endfacet
  facet normal -0 0 1
    outer loop
      vertex -15.6159 2.36714 13
      vertex -15.0159 0.00647821 13
      vertex -15.0159 2.36714 13
    endloop
  endfacet
  facet normal 0 0 1
    outer loop
      vertex -15.6159 2.36714 13
      vertex -15.0159 2.36714 13
      vertex -15.0324 3.94471 13
    endloop
  endfacet
  facet normal 0 0 1
    outer loop
      vertex -10.9159 4.73427 13
      vertex -15.0324 3.94471 13
      vertex -15.0159 2.36714 13
    endloop
  endfacet
  facet normal 0 0 1
    outer loop
      vertex -6.81592 -2.36714 13
      vertex -4.07143 -2.35064 13
      vertex -6.81592 -0.00647921 13
    endloop
  endfacet
  facet normal 0 0 1
    outer loop
      vertex -4.07143 -2.35064 13
      vertex -6.81592 -2.36714 13
      vertex -5.45796 -4.71919 13
    endloop
  endfacet
  facet normal 0 0 1
    outer loop
      vertex -6.81592 -2.36714 13
      vertex -9.55796 -7.08633 13
      vertex -5.45796 -4.71919 13
    endloop
  endfacet
  facet normal -0 0 1
    outer loop
      vertex -10.9324 -6.31185 13
      vertex -9.55796 -7.08633 13
      vertex -10.9159 -4.73427 13
    endloop
  endfacet
  facet normal -0 0 1
    outer loop
      vertex -10.9159 -4.73427 13
      vertex -9.55796 -7.08633 13
      vertex -6.81592 -2.36714 13
    endloop
  endfacet
  facet normal 0 0 1
    outer loop
      vertex -4.07143 2.35064 13
      vertex -6.81592 0.00647921 13
      vertex -6.81213 0 13
    endloop
  endfacet
  facet normal 0 0 1
    outer loop
      vertex 0 -4.70128 13
      vertex -3.40235 -5.906 13
      vertex -1.35796 -7.08633 13
    endloop
  endfacet
  facet normal 0 0 1
    outer loop
      vertex 0 -4.70128 13
      vertex -3.40606 -5.89947 13
      vertex -3.40235 -5.906 13
    endloop
  endfacet
  facet normal 0 0 1
    outer loop
      vertex -3.90476 -2.44686 13
      vertex -3.40606 -5.89947 13
      vertex 0 -4.70128 13
    endloop
  endfacet
  facet normal 0 0 1
    outer loop
      vertex -3.40606 -5.89947 13
      vertex -3.90476 -2.44686 13
      vertex -3.41357 -5.89952 13
    endloop
  endfacet
  facet normal 0 0 1
    outer loop
      vertex -5.45796 -4.71919 13
      vertex -3.90476 -2.44686 13
      vertex -4.07143 -2.35064 13
    endloop
  endfacet
  facet normal 0 0 1
    outer loop
      vertex -6.81592 0.00647921 13
      vertex -4.07143 2.35064 13
      vertex -6.81592 2.36714 13
    endloop
  endfacet
  facet normal -0 0 1
    outer loop
      vertex -6.81592 -0.00647921 13
      vertex -4.07143 -2.35064 13
      vertex -6.81213 0 13
    endloop
  endfacet
  facet normal 0 0 1
    outer loop
      vertex -3.90476 -2.44686 13
      vertex -5.45796 -4.71919 13
      vertex -3.41357 -5.89952 13
    endloop
  endfacet
  facet normal 0 0 1
    outer loop
      vertex -4.07143 2.35064 13
      vertex -6.81213 0 13
      vertex -4.07143 -2.35064 13
    endloop
  endfacet
  facet normal 0 0 1
    outer loop
      vertex -9.55796 7.08633 13
      vertex -6.81592 2.36714 13
      vertex -5.45796 4.71919 13
    endloop
  endfacet
  facet normal 0 0 1
    outer loop
      vertex -6.81592 2.36714 13
      vertex -9.55796 7.08633 13
      vertex -10.9159 4.73427 13
    endloop
  endfacet
  facet normal 0 0 1
    outer loop
      vertex 1.35796 7.08633 13
      vertex -1.35796 7.08633 13
      vertex 0 4.70128 13
    endloop
  endfacet
  facet normal -0 0 1
    outer loop
      vertex -3.40235 5.906 13
      vertex 0 4.70128 13
      vertex -1.35796 7.08633 13
    endloop
  endfacet
  facet normal -0 0 1
    outer loop
      vertex -3.40606 5.89947 13
      vertex 0 4.70128 13
      vertex -3.40235 5.906 13
    endloop
  endfacet
  facet normal 0 0 1
    outer loop
      vertex -3.90476 2.44686 13
      vertex -3.40606 5.89947 13
      vertex -3.41357 5.89952 13
    endloop
  endfacet
  facet normal 0 0 1
    outer loop
      vertex -3.40606 5.89947 13
      vertex -3.90476 2.44686 13
      vertex 0 4.70128 13
    endloop
  endfacet
  facet normal -0 0 1
    outer loop
      vertex -5.45796 4.71919 13
      vertex -3.90476 2.44686 13
      vertex -3.41357 5.89952 13
    endloop
  endfacet
  facet normal -0 0 1
    outer loop
      vertex -6.81592 2.36714 13
      vertex -4.07143 2.35064 13
      vertex -5.45796 4.71919 13
    endloop
  endfacet
  facet normal 0 0 1
    outer loop
      vertex -3.90476 2.44686 13
      vertex -5.45796 4.71919 13
      vertex -4.07143 2.35064 13
    endloop
  endfacet
  facet normal 0 0 1
    outer loop
      vertex 6.81592 -2.36714 13
      vertex 4.07143 -2.35064 13
      vertex 5.45796 -4.71919 13
    endloop
  endfacet
  facet normal -0 0 1
    outer loop
      vertex 3.90476 -2.44686 13
      vertex 5.45796 -4.71919 13
      vertex 4.07143 -2.35064 13
    endloop
  endfacet
  facet normal 0 0 1
    outer loop
      vertex 3.90476 -2.44686 13
      vertex 3.41357 -5.89952 13
      vertex 5.45796 -4.71919 13
    endloop
  endfacet
  facet normal 0 0 1
    outer loop
      vertex 3.90476 -2.44686 13
      vertex 3.40606 -5.89947 13
      vertex 3.41357 -5.89952 13
    endloop
  endfacet
  facet normal -0 0 1
    outer loop
      vertex 0 -4.70128 13
      vertex 3.40606 -5.89947 13
      vertex 3.90476 -2.44686 13
    endloop
  endfacet
  facet normal 0 0 1
    outer loop
      vertex 3.40606 -5.89947 13
      vertex 0 -4.70128 13
      vertex 3.40235 -5.906 13
    endloop
  endfacet
  facet normal 0 0 1
    outer loop
      vertex -1.35796 -7.08633 13
      vertex 1.35796 -7.08633 13
      vertex 0 -4.70128 13
    endloop
  endfacet
  facet normal 0 0 1
    outer loop
      vertex 3.40235 -5.906 13
      vertex 0 -4.70128 13
      vertex 1.35796 -7.08633 13
    endloop
  endfacet
  facet normal 0 0 1
    outer loop
      vertex 4.07143 -2.35064 13
      vertex 6.81592 -0.00647921 13
      vertex 6.81213 0 13
    endloop
  endfacet
  facet normal 0 0 1
    outer loop
      vertex 6.81592 -2.36714 13
      vertex 9.55796 -7.08633 13
      vertex 10.9159 -4.73427 13
    endloop
  endfacet
  facet normal 0 0 1
    outer loop
      vertex 6.81592 0.00647921 13
      vertex 4.07143 2.35064 13
      vertex 6.81213 0 13
    endloop
  endfacet
  facet normal 0 0 1
    outer loop
      vertex 6.81592 -2.36714 13
      vertex 5.45796 -4.71919 13
      vertex 9.55796 -7.08633 13
    endloop
  endfacet
  facet normal 0 0 1
    outer loop
      vertex 4.07143 -2.35064 13
      vertex 6.81213 0 13
      vertex 4.07143 2.35064 13
    endloop
  endfacet
  facet normal 0 0 1
    outer loop
      vertex 6.81592 -0.00647921 13
      vertex 4.07143 -2.35064 13
      vertex 6.81592 -2.36714 13
    endloop
  endfacet
  facet normal 0 0 1
    outer loop
      vertex 5.45796 4.71919 13
      vertex 3.90476 2.44686 13
      vertex 4.07143 2.35064 13
    endloop
  endfacet
  facet normal 0 0 1
    outer loop
      vertex 3.41357 5.89952 13
      vertex 3.90476 2.44686 13
      vertex 5.45796 4.71919 13
    endloop
  endfacet
  facet normal -0 0 1
    outer loop
      vertex 3.40606 5.89947 13
      vertex 3.90476 2.44686 13
      vertex 3.41357 5.89952 13
    endloop
  endfacet
  facet normal 0 0 1
    outer loop
      vertex 0 4.70128 13
      vertex 3.40606 5.89947 13
      vertex 3.40235 5.906 13
    endloop
  endfacet
  facet normal 0 0 1
    outer loop
      vertex 0 4.70128 13
      vertex 3.40235 5.906 13
      vertex 1.35796 7.08633 13
    endloop
  endfacet
  facet normal 0 0 1
    outer loop
      vertex 3.40606 5.89947 13
      vertex 0 4.70128 13
      vertex 3.90476 2.44686 13
    endloop
  endfacet
  facet normal 0 0 1
    outer loop
      vertex 10.9324 6.31185 13
      vertex 9.55796 7.08633 13
      vertex 10.9159 4.73427 13
    endloop
  endfacet
  facet normal 0 0 1
    outer loop
      vertex 9.55796 7.08633 13
      vertex 6.81592 2.36714 13
      vertex 10.9159 4.73427 13
    endloop
  endfacet
  facet normal -0 0 1
    outer loop
      vertex 4.07143 2.35064 13
      vertex 6.81592 0.00647921 13
      vertex 6.81592 2.36714 13
    endloop
  endfacet
  facet normal 0 0 1
    outer loop
      vertex 4.07143 2.35064 13
      vertex 6.81592 2.36714 13
      vertex 5.45796 4.71919 13
    endloop
  endfacet
  facet normal -0 0 1
    outer loop
      vertex 5.45796 4.71919 13
      vertex 6.81592 2.36714 13
      vertex 9.55796 7.08633 13
    endloop
  endfacet
  facet normal 0 0 1
    outer loop
      vertex 15.0159 -2.36714 13
      vertex 15.6159 -2.36714 13
      vertex 15.0159 -0.00647821 13
    endloop
  endfacet
  facet normal 0 0 1
    outer loop
      vertex 15.6159 -2.36714 13
      vertex 15.0159 -2.36714 13
      vertex 15.0324 -3.94471 13
    endloop
  endfacet
  facet normal 0 0 1
    outer loop
      vertex 10.9159 -4.73427 13
      vertex 15.0324 -3.94471 13
      vertex 15.0159 -2.36714 13
    endloop
  endfacet
  facet normal 0 0 1
    outer loop
      vertex 9.55796 -7.08633 13
      vertex 10.9324 -6.31185 13
      vertex 10.9159 -4.73427 13
    endloop
  endfacet
  facet normal 0 0 1
    outer loop
      vertex 15.0324 -3.94471 13
      vertex 10.9159 -4.73427 13
      vertex 10.9324 -6.31185 13
    endloop
  endfacet
  facet normal 0 0 1
    outer loop
      vertex 15.6159 0.00647759 13
      vertex 15.0159 0.00647821 13
      vertex 15.0197 0 13
    endloop
  endfacet
  facet normal -0 0 1
    outer loop
      vertex 15.0197 0 13
      vertex 15.6159 -0.00647759 13
      vertex 15.6121 0 13
    endloop
  endfacet
  facet normal -0 0 1
    outer loop
      vertex 15.0324 -3.94471 13
      vertex 19.7159 -4.73427 13
      vertex 15.6159 -2.36714 13
    endloop
  endfacet
  facet normal -0 0 1
    outer loop
      vertex 15.0159 0.00647821 13
      vertex 15.6159 0.00647759 13
      vertex 15.0159 2.36714 13
    endloop
  endfacet
  facet normal 0 0 1
    outer loop
      vertex 19.7159 -4.73427 13
      vertex 15.0324 -3.94471 13
      vertex 19.1324 -6.31185 13
    endloop
  endfacet
  facet normal 0 0 1
    outer loop
      vertex 15.6159 0.00647759 13
      vertex 15.0197 0 13
      vertex 15.6121 0 13
    endloop
  endfacet
  facet normal 0 0 1
    outer loop
      vertex 15.6159 -0.00647759 13
      vertex 15.0159 -0.00647821 13
      vertex 15.6159 -2.36714 13
    endloop
  endfacet
  facet normal 0 0 1
    outer loop
      vertex 15.0159 -0.00647821 13
      vertex 15.6159 -0.00647759 13
      vertex 15.0197 0 13
    endloop
  endfacet
  facet normal -0 0 1
    outer loop
      vertex 10.9159 4.73427 13
      vertex 15.0324 3.94471 13
      vertex 10.9324 6.31185 13
    endloop
  endfacet
  facet normal 0 0 1
    outer loop
      vertex 15.0324 3.94471 13
      vertex 10.9159 4.73427 13
      vertex 15.0159 2.36714 13
    endloop
  endfacet
  facet normal 0 0 1
    outer loop
      vertex 25.6106 3.40636 13
      vertex 23.8197 0 13
      vertex 25.6106 -3.40636 13
    endloop
  endfacet
  facet normal 0 0 1
    outer loop
      vertex 23.8159 0.00647688 13
      vertex 25.6106 3.40636 13
      vertex 23.8159 2.36714 13
    endloop
  endfacet
  facet normal -0 0 1
    outer loop
      vertex 19.1324 6.31185 13
      vertex 25.6106 3.40636 13
      vertex 20.9279 12.0827 13
    endloop
  endfacet
  facet normal -0 -0 1
    outer loop
      vertex 19.7159 4.73427 13
      vertex 25.6106 3.40636 13
      vertex 19.1324 6.31185 13
    endloop
  endfacet
  facet normal 0 0 1
    outer loop
      vertex 19.1324 6.31185 13
      vertex 20.9279 12.0827 13
      vertex 19.1324 11.0461 13
    endloop
  endfacet
  facet normal 0 0 1
    outer loop
      vertex 20.9279 12.0827 13
      vertex 15.0324 13.4133 13
      vertex 19.1324 11.0461 13
    endloop
  endfacet
  facet normal 0 0 1
    outer loop
      vertex 15.0279 15.4891 13
      vertex 15.0324 13.4133 13
      vertex 20.9279 12.0827 13
    endloop
  endfacet
  facet normal 0 0 1
    outer loop
      vertex 9.55796 11.8206 13
      vertex 15.0324 13.4133 13
      vertex 15.0279 15.4891 13
    endloop
  endfacet
  facet normal 0 0 1
    outer loop
      vertex 9.55796 7.08633 13
      vertex 10.9324 11.0461 13
      vertex 9.55796 11.8206 13
    endloop
  endfacet
  facet normal 0 0 1
    outer loop
      vertex 10.9324 11.0461 13
      vertex 9.55796 7.08633 13
      vertex 10.9324 6.31185 13
    endloop
  endfacet
  facet normal 0 0 1
    outer loop
      vertex 15.0324 13.4133 13
      vertex 9.55796 11.8206 13
      vertex 10.9324 11.0461 13
    endloop
  endfacet
  facet normal -0 0 1
    outer loop
      vertex 7.50986 13.0075 13
      vertex 9.55796 11.8206 13
      vertex 15.0279 15.4891 13
    endloop
  endfacet
  facet normal 0 0 1
    outer loop
      vertex 9.55796 11.8206 13
      vertex 7.50986 13.0075 13
      vertex 7.51357 13.0009 13
    endloop
  endfacet
  facet normal 0 0 1
    outer loop
      vertex 5.45531 16.2616 13
      vertex 7.50986 13.0075 13
      vertex 15.0279 15.4891 13
    endloop
  endfacet
  facet normal 0 0 1
    outer loop
      vertex 7.50986 13.0075 13
      vertex 5.45531 16.2616 13
      vertex 7.50235 13.0074 13
    endloop
  endfacet
  facet normal 0 0 1
    outer loop
      vertex 7.50235 13.0074 13
      vertex 5.45531 16.2616 13
      vertex 5.45796 14.1877 13
    endloop
  endfacet
  facet normal 0 0 1
    outer loop
      vertex 5.45531 16.2616 13
      vertex 1.35796 11.8206 13
      vertex 5.45796 14.1877 13
    endloop
  endfacet
  facet normal -0 0 1
    outer loop
      vertex -1.35796 11.8206 13
      vertex 1.35796 7.08633 13
      vertex 1.35796 11.8206 13
    endloop
  endfacet
  facet normal 0 0 1
    outer loop
      vertex -1.35796 7.08633 13
      vertex 1.35796 7.08633 13
      vertex -1.35796 11.8206 13
    endloop
  endfacet
  facet normal 0 0 1
    outer loop
      vertex 5.45531 16.2616 13
      vertex -1.35796 11.8206 13
      vertex 1.35796 11.8206 13
    endloop
  endfacet
  facet normal -0 0 1
    outer loop
      vertex -5.45531 16.2616 13
      vertex -1.35796 11.8206 13
      vertex 5.45531 16.2616 13
    endloop
  endfacet
  facet normal 0 0 1
    outer loop
      vertex -5.45531 16.2616 13
      vertex -5.45796 14.1877 13
      vertex -1.35796 11.8206 13
    endloop
  endfacet
  facet normal 0 0 1
    outer loop
      vertex -5.45531 16.2616 13
      vertex -7.50235 13.0074 13
      vertex -5.45796 14.1877 13
    endloop
  endfacet
  facet normal 0 0 1
    outer loop
      vertex -5.45531 16.2616 13
      vertex -7.50986 13.0075 13
      vertex -7.50235 13.0074 13
    endloop
  endfacet
  facet normal 0 0 1
    outer loop
      vertex -7.50986 13.0075 13
      vertex -9.55796 11.8206 13
      vertex -7.51357 13.0009 13
    endloop
  endfacet
  facet normal -0 0 1
    outer loop
      vertex -15.0279 15.4891 13
      vertex -7.50986 13.0075 13
      vertex -5.45531 16.2616 13
    endloop
  endfacet
  facet normal -0 0 1
    outer loop
      vertex -10.9324 11.0461 13
      vertex -9.55796 7.08633 13
      vertex -9.55796 11.8206 13
    endloop
  endfacet
  facet normal 0 0 1
    outer loop
      vertex -10.9324 6.31185 13
      vertex -9.55796 7.08633 13
      vertex -10.9324 11.0461 13
    endloop
  endfacet
  facet normal 0 0 1
    outer loop
      vertex -7.50986 13.0075 13
      vertex -15.0279 15.4891 13
      vertex -9.55796 11.8206 13
    endloop
  endfacet
  facet normal -0 0 1
    outer loop
      vertex -15.0324 13.4133 13
      vertex -9.55796 11.8206 13
      vertex -15.0279 15.4891 13
    endloop
  endfacet
  facet normal 0 0 1
    outer loop
      vertex -9.55796 11.8206 13
      vertex -15.0324 13.4133 13
      vertex -10.9324 11.0461 13
    endloop
  endfacet
  facet normal 0 0 1
    outer loop
      vertex -15.0279 15.4891 13
      vertex -19.1324 11.0461 13
      vertex -15.0324 13.4133 13
    endloop
  endfacet
  facet normal 0 0 1
    outer loop
      vertex -20.9279 12.0827 13
      vertex -19.1324 6.31185 13
      vertex -19.1324 11.0461 13
    endloop
  endfacet
  facet normal -0 0 1
    outer loop
      vertex -20.9279 12.0827 13
      vertex -19.1324 11.0461 13
      vertex -15.0279 15.4891 13
    endloop
  endfacet
  facet normal 0 0 1
    outer loop
      vertex -25.6106 3.40636 13
      vertex -19.1324 6.31185 13
      vertex -20.9279 12.0827 13
    endloop
  endfacet
  facet normal 0 0 1
    outer loop
      vertex -19.1324 6.31185 13
      vertex -25.6106 3.40636 13
      vertex -19.7159 4.73427 13
    endloop
  endfacet
  facet normal 0 0 1
    outer loop
      vertex -25.6106 3.40636 13
      vertex -23.8159 0.00647688 13
      vertex -23.8159 2.36714 13
    endloop
  endfacet
  facet normal 0 0 1
    outer loop
      vertex -23.8159 0.00647688 13
      vertex -25.6106 3.40636 13
      vertex -23.8197 0 13
    endloop
  endfacet
  facet normal 0 0 1
    outer loop
      vertex -19.7159 4.73427 13
      vertex -25.6106 3.40636 13
      vertex -23.8159 2.36714 13
    endloop
  endfacet
  facet normal -0 0 1
    outer loop
      vertex 23.8159 -0.00647688 13
      vertex 25.6106 -3.40636 13
      vertex 23.8197 0 13
    endloop
  endfacet
  facet normal -0 0 1
    outer loop
      vertex 23.8159 -2.36714 13
      vertex 25.6106 -3.40636 13
      vertex 23.8159 -0.00647688 13
    endloop
  endfacet
  facet normal 0 0 1
    outer loop
      vertex 19.7159 -4.73427 13
      vertex 25.6106 -3.40636 13
      vertex 23.8159 -2.36714 13
    endloop
  endfacet
  facet normal 0 0 1
    outer loop
      vertex 25.6106 -3.40636 13
      vertex 19.7159 -4.73427 13
      vertex 19.1324 -6.31185 13
    endloop
  endfacet
  facet normal 0 0 1
    outer loop
      vertex 25.6106 -3.40636 13
      vertex 19.1324 -6.31185 13
      vertex 20.9279 -12.0827 13
    endloop
  endfacet
  facet normal -0 0 1
    outer loop
      vertex 19.1324 -11.0461 13
      vertex 20.9279 -12.0827 13
      vertex 19.1324 -6.31185 13
    endloop
  endfacet
  facet normal 0 0 1
    outer loop
      vertex 15.0324 -13.4133 13
      vertex 20.9279 -12.0827 13
      vertex 19.1324 -11.0461 13
    endloop
  endfacet
  facet normal -0 0 1
    outer loop
      vertex 15.0324 -13.4133 13
      vertex 15.0279 -15.4891 13
      vertex 20.9279 -12.0827 13
    endloop
  endfacet
  facet normal -0 0 1
    outer loop
      vertex 9.55796 -11.8206 13
      vertex 15.0324 -13.4133 13
      vertex 10.9324 -11.0461 13
    endloop
  endfacet
  facet normal 0 0 1
    outer loop
      vertex 10.9324 -6.31185 13
      vertex 9.55796 -7.08633 13
      vertex 10.9324 -11.0461 13
    endloop
  endfacet
  facet normal 0 0 1
    outer loop
      vertex 9.55796 -11.8206 13
      vertex 10.9324 -11.0461 13
      vertex 9.55796 -7.08633 13
    endloop
  endfacet
  facet normal 0 0 1
    outer loop
      vertex 15.0324 -13.4133 13
      vertex 9.55796 -11.8206 13
      vertex 15.0279 -15.4891 13
    endloop
  endfacet
  facet normal 0 0 1
    outer loop
      vertex 7.50986 -13.0075 13
      vertex 9.55796 -11.8206 13
      vertex 7.51357 -13.0009 13
    endloop
  endfacet
  facet normal 0 0 1
    outer loop
      vertex 9.55796 -11.8206 13
      vertex 7.50986 -13.0075 13
      vertex 15.0279 -15.4891 13
    endloop
  endfacet
  facet normal 0 0 1
    outer loop
      vertex 5.45531 -16.2616 13
      vertex 7.50986 -13.0075 13
      vertex 7.50235 -13.0074 13
    endloop
  endfacet
  facet normal 0 0 1
    outer loop
      vertex 5.45531 -16.2616 13
      vertex 7.50235 -13.0074 13
      vertex 5.45796 -14.1877 13
    endloop
  endfacet
  facet normal 0 0 1
    outer loop
      vertex 7.50986 -13.0075 13
      vertex 5.45531 -16.2616 13
      vertex 15.0279 -15.4891 13
    endloop
  endfacet
  facet normal 0 0 1
    outer loop
      vertex 1.35796 -11.8206 13
      vertex 5.45531 -16.2616 13
      vertex 5.45796 -14.1877 13
    endloop
  endfacet
  facet normal 0 0 1
    outer loop
      vertex 1.35796 -7.08633 13
      vertex -1.35796 -7.08633 13
      vertex 1.35796 -11.8206 13
    endloop
  endfacet
  facet normal 0 0 1
    outer loop
      vertex -1.35796 -11.8206 13
      vertex 1.35796 -11.8206 13
      vertex -1.35796 -7.08633 13
    endloop
  endfacet
  facet normal -0 0 1
    outer loop
      vertex -1.35796 -11.8206 13
      vertex 5.45531 -16.2616 13
      vertex 1.35796 -11.8206 13
    endloop
  endfacet
  facet normal 0 0 1
    outer loop
      vertex -1.35796 -11.8206 13
      vertex -5.45531 -16.2616 13
      vertex 5.45531 -16.2616 13
    endloop
  endfacet
  facet normal -0 0 1
    outer loop
      vertex -5.45796 -14.1877 13
      vertex -5.45531 -16.2616 13
      vertex -1.35796 -11.8206 13
    endloop
  endfacet
  facet normal 0 0 1
    outer loop
      vertex -7.50235 -13.0074 13
      vertex -5.45531 -16.2616 13
      vertex -5.45796 -14.1877 13
    endloop
  endfacet
  facet normal -0 0 1
    outer loop
      vertex -7.50986 -13.0075 13
      vertex -5.45531 -16.2616 13
      vertex -7.50235 -13.0074 13
    endloop
  endfacet
  facet normal 0 0 1
    outer loop
      vertex -9.55796 -11.8206 13
      vertex -7.50986 -13.0075 13
      vertex -7.51357 -13.0009 13
    endloop
  endfacet
  facet normal 0 0 1
    outer loop
      vertex -15.0279 -15.4891 13
      vertex -7.50986 -13.0075 13
      vertex -9.55796 -11.8206 13
    endloop
  endfacet
  facet normal 0 0 1
    outer loop
      vertex -10.9324 -11.0461 13
      vertex -9.55796 -7.08633 13
      vertex -10.9324 -6.31185 13
    endloop
  endfacet
  facet normal 0 0 1
    outer loop
      vertex -9.55796 -7.08633 13
      vertex -10.9324 -11.0461 13
      vertex -9.55796 -11.8206 13
    endloop
  endfacet
  facet normal 0 0 1
    outer loop
      vertex -15.0324 -13.4133 13
      vertex -9.55796 -11.8206 13
      vertex -10.9324 -11.0461 13
    endloop
  endfacet
  facet normal 0 0 1
    outer loop
      vertex -7.50986 -13.0075 13
      vertex -15.0279 -15.4891 13
      vertex -5.45531 -16.2616 13
    endloop
  endfacet
  facet normal 0 0 1
    outer loop
      vertex -9.55796 -11.8206 13
      vertex -15.0324 -13.4133 13
      vertex -15.0279 -15.4891 13
    endloop
  endfacet
  facet normal 0 0 1
    outer loop
      vertex -19.1324 -11.0461 13
      vertex -15.0279 -15.4891 13
      vertex -15.0324 -13.4133 13
    endloop
  endfacet
  facet normal 0 0 1
    outer loop
      vertex -19.1324 -11.0461 13
      vertex -20.9279 -12.0827 13
      vertex -15.0279 -15.4891 13
    endloop
  endfacet
  facet normal 0 0 1
    outer loop
      vertex -19.1324 -6.31185 13
      vertex -20.9279 -12.0827 13
      vertex -19.1324 -11.0461 13
    endloop
  endfacet
  facet normal -0 0 1
    outer loop
      vertex -25.6106 -3.40636 13
      vertex -19.7159 -4.73427 13
      vertex -23.8159 -2.36714 13
    endloop
  endfacet
  facet normal 0 0 1
    outer loop
      vertex -25.6106 -3.40636 13
      vertex -23.8197 0 13
      vertex -25.6106 3.40636 13
    endloop
  endfacet
  facet normal 0 0 1
    outer loop
      vertex -23.8159 -0.00647688 13
      vertex -25.6106 -3.40636 13
      vertex -23.8159 -2.36714 13
    endloop
  endfacet
  facet normal 0 0 1
    outer loop
      vertex -19.1324 -6.31185 13
      vertex -25.6106 -3.40636 13
      vertex -20.9279 -12.0827 13
    endloop
  endfacet
  facet normal 0 0 1
    outer loop
      vertex 25.6106 3.40636 13
      vertex 23.8159 0.00647688 13
      vertex 23.8197 0 13
    endloop
  endfacet
  facet normal 0 0 1
    outer loop
      vertex 25.6106 3.40636 13
      vertex 19.7159 4.73427 13
      vertex 23.8159 2.36714 13
    endloop
  endfacet
  facet normal 0 0 1
    outer loop
      vertex 15.0324 3.94471 13
      vertex 19.7159 4.73427 13
      vertex 19.1324 6.31185 13
    endloop
  endfacet
  facet normal -0 0 1
    outer loop
      vertex 15.0159 2.36714 13
      vertex 15.6159 0.00647759 13
      vertex 15.6159 2.36714 13
    endloop
  endfacet
  facet normal 0 0 1
    outer loop
      vertex 15.0159 2.36714 13
      vertex 15.6159 2.36714 13
      vertex 15.0324 3.94471 13
    endloop
  endfacet
  facet normal 0 0 1
    outer loop
      vertex 19.7159 4.73427 13
      vertex 15.0324 3.94471 13
      vertex 15.6159 2.36714 13
    endloop
  endfacet
  facet normal -0.893841 0 0.448385
    outer loop
      vertex -26.4985 4.09918 11.23
      vertex -25.6106 -3.40636 13
      vertex -25.6106 3.40636 13
    endloop
  endfacet
  facet normal -0.893841 0 0.448385
    outer loop
      vertex -25.6106 -3.40636 13
      vertex -26.4985 4.09918 11.23
      vertex -26.4985 -4.09918 11.23
    endloop
  endfacet
  facet normal 0.745459 0.402331 0.531433
    outer loop
      vertex 26.4985 4.09918 11.23
      vertex 20.9279 12.0827 13
      vertex 25.6106 3.40636 13
    endloop
  endfacet
  facet normal 0.0665113 0.824188 0.562397
    outer loop
      vertex 14.7576 16.7187 11.23
      vertex 5.45531 16.2616 13
      vertex 15.0279 15.4891 13
    endloop
  endfacet
  facet normal 0.442652 -0.766689 0.465024
    outer loop
      vertex 20.9279 -12.0827 13
      vertex 15.0279 -15.4891 13
      vertex 21.8576 -12.6195 11.23
    endloop
  endfacet
  facet normal 1 -0 0
    outer loop
      vertex 26.4985 -4.09918 11.23
      vertex 26.4985 4.09918 11.2
      vertex 26.4985 4.09918 11.23
    endloop
  endfacet
  facet normal 1 0 0
    outer loop
      vertex 26.4985 4.09918 11.2
      vertex 26.4985 -4.09918 11.23
      vertex 26.4985 -4.09918 11.2
    endloop
  endfacet
  facet normal -0.878179 -0.478332 0
    outer loop
      vertex -21.8576 -12.6195 11.2
      vertex -26.4985 -4.09918 11.23
      vertex -26.4985 -4.09918 11.2
    endloop
  endfacet
  facet normal -0.878179 -0.478332 0
    outer loop
      vertex -26.4985 -4.09918 11.23
      vertex -21.8576 -12.6195 11.2
      vertex -21.8576 -12.6195 11.23
    endloop
  endfacet
  facet normal -0.0589436 -0.846892 0.528489
    outer loop
      vertex -5.45531 -16.2616 13
      vertex -14.7576 -16.7187 11.23
      vertex -5.29926 -17.377 11.23
    endloop
  endfacet
  facet normal -0.0665113 -0.824188 0.562397
    outer loop
      vertex -5.45531 -16.2616 13
      vertex -15.0279 -15.4891 13
      vertex -14.7576 -16.7187 11.23
    endloop
  endfacet
  facet normal -0.442652 0.766689 0.465024
    outer loop
      vertex -15.0279 15.4891 13
      vertex -21.8576 12.6195 11.23
      vertex -20.9279 12.0827 13
    endloop
  endfacet
  facet normal -0.750926 0.409019 0.518473
    outer loop
      vertex -21.8576 12.6195 11.23
      vertex -26.4985 4.09918 11.23
      vertex -20.9279 12.0827 13
    endloop
  endfacet
  facet normal 0.069432 0.997587 -0
    outer loop
      vertex 14.7576 16.7187 11.2
      vertex 5.29926 17.377 11.23
      vertex 14.7576 16.7187 11.23
    endloop
  endfacet
  facet normal 0.069432 0.997587 0
    outer loop
      vertex 5.29926 17.377 11.23
      vertex 14.7576 16.7187 11.2
      vertex 5.29926 17.377 11.2
    endloop
  endfacet
  facet normal 0.745459 -0.402331 0.531433
    outer loop
      vertex 25.6106 -3.40636 13
      vertex 20.9279 -12.0827 13
      vertex 26.4985 -4.09918 11.23
    endloop
  endfacet
  facet normal -1 0 0
    outer loop
      vertex -26.4985 -4.09918 11.2
      vertex -26.4985 4.09918 11.23
      vertex -26.4985 4.09918 11.2
    endloop
  endfacet
  facet normal -1 -0 0
    outer loop
      vertex -26.4985 4.09918 11.23
      vertex -26.4985 -4.09918 11.2
      vertex -26.4985 -4.09918 11.23
    endloop
  endfacet
  facet normal -0.878179 0.478332 0
    outer loop
      vertex -26.4985 4.09918 11.2
      vertex -21.8576 12.6195 11.23
      vertex -21.8576 12.6195 11.2
    endloop
  endfacet
  facet normal -0.878179 0.478332 0
    outer loop
      vertex -21.8576 12.6195 11.23
      vertex -26.4985 4.09918 11.2
      vertex -26.4985 4.09918 11.23
    endloop
  endfacet
  facet normal -0.442652 -0.766689 0.465024
    outer loop
      vertex -20.9279 -12.0827 13
      vertex -21.8576 -12.6195 11.23
      vertex -15.0279 -15.4891 13
    endloop
  endfacet
  facet normal 0.893841 -0 0.448385
    outer loop
      vertex 25.6106 -3.40636 13
      vertex 26.4985 4.09918 11.23
      vertex 25.6106 3.40636 13
    endloop
  endfacet
  facet normal 0.893841 0 0.448385
    outer loop
      vertex 26.4985 4.09918 11.23
      vertex 25.6106 -3.40636 13
      vertex 26.4985 -4.09918 11.23
    endloop
  endfacet
  facet normal -0.500001 -0.866025 0
    outer loop
      vertex -21.8576 -12.6195 11.2
      vertex -14.7576 -16.7187 11.23
      vertex -21.8576 -12.6195 11.23
    endloop
  endfacet
  facet normal -0.500001 -0.866025 -0
    outer loop
      vertex -14.7576 -16.7187 11.23
      vertex -21.8576 -12.6195 11.2
      vertex -14.7576 -16.7187 11.2
    endloop
  endfacet
  facet normal -0.500001 0.866025 0
    outer loop
      vertex -14.7576 16.7187 11.2
      vertex -21.8576 12.6195 11.23
      vertex -14.7576 16.7187 11.23
    endloop
  endfacet
  facet normal -0.500001 0.866025 0
    outer loop
      vertex -21.8576 12.6195 11.23
      vertex -14.7576 16.7187 11.2
      vertex -21.8576 12.6195 11.2
    endloop
  endfacet
  facet normal 0 1 -0
    outer loop
      vertex 5.29926 17.377 11.2
      vertex -5.29926 17.377 11.23
      vertex 5.29926 17.377 11.23
    endloop
  endfacet
  facet normal 0 1 0
    outer loop
      vertex -5.29926 17.377 11.23
      vertex 5.29926 17.377 11.2
      vertex -5.29926 17.377 11.2
    endloop
  endfacet
  facet normal -0.442652 -0.766694 0.465016
    outer loop
      vertex -15.0279 -15.4891 13
      vertex -21.8576 -12.6195 11.23
      vertex -14.7576 -16.7187 11.23
    endloop
  endfacet
  facet normal 0.0589436 -0.846892 0.528489
    outer loop
      vertex 5.45531 -16.2616 13
      vertex 5.29926 -17.377 11.23
      vertex 14.7576 -16.7187 11.23
    endloop
  endfacet
  facet normal 0 -0.846027 0.53314
    outer loop
      vertex -5.29926 -17.377 11.23
      vertex 5.45531 -16.2616 13
      vertex -5.45531 -16.2616 13
    endloop
  endfacet
  facet normal 0 -0.846027 0.53314
    outer loop
      vertex 5.45531 -16.2616 13
      vertex -5.29926 -17.377 11.23
      vertex 5.29926 -17.377 11.23
    endloop
  endfacet
  facet normal -0.750926 -0.409019 0.518473
    outer loop
      vertex -20.9279 -12.0827 13
      vertex -26.4985 -4.09918 11.23
      vertex -21.8576 -12.6195 11.23
    endloop
  endfacet
  facet normal -0.745459 -0.402331 0.531433
    outer loop
      vertex -25.6106 -3.40636 13
      vertex -26.4985 -4.09918 11.23
      vertex -20.9279 -12.0827 13
    endloop
  endfacet
  facet normal 0 0.846027 0.53314
    outer loop
      vertex 5.29926 17.377 11.23
      vertex -5.45531 16.2616 13
      vertex 5.45531 16.2616 13
    endloop
  endfacet
  facet normal 0 0.846027 0.53314
    outer loop
      vertex -5.45531 16.2616 13
      vertex 5.29926 17.377 11.23
      vertex -5.29926 17.377 11.23
    endloop
  endfacet
  facet normal 0.0589436 0.846892 0.528489
    outer loop
      vertex 14.7576 16.7187 11.23
      vertex 5.29926 17.377 11.23
      vertex 5.45531 16.2616 13
    endloop
  endfacet
  facet normal 0.442652 -0.766694 0.465016
    outer loop
      vertex 15.0279 -15.4891 13
      vertex 14.7576 -16.7187 11.23
      vertex 21.8576 -12.6195 11.23
    endloop
  endfacet
  facet normal 0.0665113 -0.824188 0.562397
    outer loop
      vertex 15.0279 -15.4891 13
      vertex 5.45531 -16.2616 13
      vertex 14.7576 -16.7187 11.23
    endloop
  endfacet
  facet normal -0.069432 0.997587 0
    outer loop
      vertex -5.29926 17.377 11.2
      vertex -14.7576 16.7187 11.23
      vertex -5.29926 17.377 11.23
    endloop
  endfacet
  facet normal -0.069432 0.997587 0
    outer loop
      vertex -14.7576 16.7187 11.23
      vertex -5.29926 17.377 11.2
      vertex -14.7576 16.7187 11.2
    endloop
  endfacet
  facet normal 0.500001 -0.866025 0
    outer loop
      vertex 14.7576 -16.7187 11.2
      vertex 21.8576 -12.6195 11.23
      vertex 14.7576 -16.7187 11.23
    endloop
  endfacet
  facet normal 0.500001 -0.866025 0
    outer loop
      vertex 21.8576 -12.6195 11.23
      vertex 14.7576 -16.7187 11.2
      vertex 21.8576 -12.6195 11.2
    endloop
  endfacet
  facet normal 0.499988 -0.866033 -3.78862e-06
    outer loop
      vertex -16.727 -5.61588 1
      vertex -18.0129 -6.35832 12.4
      vertex -18.4408 -6.60536 12.4
    endloop
  endfacet
  facet normal 0.499146 -0.866518 -0.000172483
    outer loop
      vertex -16.727 -5.61588 1
      vertex -18.4408 -6.60536 12.4
      vertex -18.4719 -6.62328 12.4265
    endloop
  endfacet
  facet normal 0.499986 -0.866034 -4.0836e-06
    outer loop
      vertex -18.0129 -6.35832 12.4
      vertex -16.727 -5.61588 1
      vertex -17.6027 -6.1215 12.4
    endloop
  endfacet
  facet normal 0.499995 -0.866028 -3.1205e-06
    outer loop
      vertex -17.6027 -6.1215 12.4
      vertex -16.727 -5.61588 1
      vertex -13.5073 -3.75701 1
    endloop
  endfacet
  facet normal -0.488653 -0.859419 -0.150389
    outer loop
      vertex -13.173 -3.56398 1
      vertex -14.7515 -4.66623 12.4279
      vertex -14.9179 -4.57139 12.4266
    endloop
  endfacet
  facet normal -0.488608 -0.859445 -0.150386
    outer loop
      vertex -13.173 -3.56398 1
      vertex -11.395 -6.57888 12.4532
      vertex -14.7515 -4.66623 12.4279
    endloop
  endfacet
  facet normal -0.488606 -0.859446 -0.150386
    outer loop
      vertex -11.395 -6.57888 12.4532
      vertex -13.173 -3.56398 1
      vertex -9.64601 -5.56912 1
    endloop
  endfacet
  facet normal -0.988606 0.00656963 -0.150386
    outer loop
      vertex -11.4179 -10.6336 12.4266
      vertex -9.67061 -9.26651 1
      vertex -9.673 -9.62616 1
    endloop
  endfacet
  facet normal -0.988606 0.0065788 -0.150385
    outer loop
      vertex -9.67061 -9.26651 1
      vertex -11.4179 -10.6336 12.4266
      vertex -11.4015 -7.73254 12.4457
    endloop
  endfacet
  facet normal -0.988605 0.00654773 -0.15039
    outer loop
      vertex -9.64601 -5.56912 1
      vertex -11.4015 -7.73254 12.4457
      vertex -11.395 -6.57888 12.4532
    endloop
  endfacet
  facet normal -0.988606 0.00657753 -0.150385
    outer loop
      vertex -11.4015 -7.73254 12.4457
      vertex -9.64601 -5.56912 1
      vertex -9.67061 -9.26651 1
    endloop
  endfacet
  facet normal 0.48861 0.859444 0.150386
    outer loop
      vertex -16.754 -9.67292 1
      vertex -17.7407 -11.115 12.4472
      vertex -13.6931 -11.4131 1
    endloop
  endfacet
  facet normal 0.488664 0.859413 0.150387
    outer loop
      vertex -17.7407 -11.115 12.4472
      vertex -16.754 -9.67292 1
      vertex -18.1502 -10.8827 12.4503
    endloop
  endfacet
  facet normal 0.488529 0.859491 0.150379
    outer loop
      vertex -18.1502 -10.8827 12.4503
      vertex -16.754 -9.67292 1
      vertex -18.5029 -10.6827 12.453
    endloop
  endfacet
  facet normal 0.988606 -0.0065704 0.150384
    outer loop
      vertex -18.4962 -9.80637 12.4472
      vertex -16.754 -9.67292 1
      vertex -16.7306 -6.15207 1
    endloop
  endfacet
  facet normal 0.988606 -0.00656309 0.150384
    outer loop
      vertex -16.754 -9.67292 1
      vertex -18.4962 -9.80637 12.4472
      vertex -18.5029 -10.6827 12.453
    endloop
  endfacet
  facet normal -0.499995 0.866028 -3.81269e-06
    outer loop
      vertex -11.4408 -10.6468 12.4
      vertex -13.227 -11.6781 1
      vertex -14.9408 -12.6675 12.4
    endloop
  endfacet
  facet normal -0.501066 0.865409 -0.000218533
    outer loop
      vertex -14.9408 -12.6675 12.4
      vertex -13.227 -11.6781 1
      vertex -14.9719 -12.6855 12.4265
    endloop
  endfacet
  facet normal -0.500007 0.866021 -1.38878e-06
    outer loop
      vertex -13.227 -11.6781 1
      vertex -11.4408 -10.6468 12.4
      vertex -9.673 -9.62616 1
    endloop
  endfacet
  facet normal -0.499487 0.866321 0.000106
    outer loop
      vertex -9.673 -9.62616 1
      vertex -11.4408 -10.6468 12.4
      vertex -11.4179 -10.6336 12.4266
    endloop
  endfacet
  facet normal 0.988606 -0.00663754 0.150381
    outer loop
      vertex -18.4719 -6.62328 12.4265
      vertex -16.7306 -6.15207 1
      vertex -16.727 -5.61588 1
    endloop
  endfacet
  facet normal 0.988606 -0.00656914 0.150384
    outer loop
      vertex -16.7306 -6.15207 1
      vertex -18.4719 -6.62328 12.4265
      vertex -18.4962 -9.80637 12.4472
    endloop
  endfacet
  facet normal 0.488629 0.859433 0.150387
    outer loop
      vertex -13.6931 -11.4131 1
      vertex -14.9719 -12.6855 12.4265
      vertex -13.227 -11.6781 1
    endloop
  endfacet
  facet normal 0.488612 0.859443 0.150387
    outer loop
      vertex -14.9719 -12.6855 12.4265
      vertex -13.6931 -11.4131 1
      vertex -17.7407 -11.115 12.4472
    endloop
  endfacet
  facet normal 0.500007 -0.866021 2.51322e-06
    outer loop
      vertex -13.5073 -3.75701 1
      vertex -16.3319 -5.38779 12.4
      vertex -17.6027 -6.1215 12.4
    endloop
  endfacet
  facet normal 0.500004 -0.866023 1.51148e-06
    outer loop
      vertex -16.3319 -5.38779 12.4
      vertex -13.5073 -3.75701 1
      vertex -14.9408 -4.58463 12.4
    endloop
  endfacet
  facet normal 0.500042 -0.866001 7.98485e-06
    outer loop
      vertex -13.173 -3.56398 1
      vertex -14.9408 -4.58463 12.4
      vertex -13.5073 -3.75701 1
    endloop
  endfacet
  facet normal 0.500449 -0.865766 9.21369e-05
    outer loop
      vertex -14.9408 -4.58463 12.4
      vertex -13.173 -3.56398 1
      vertex -14.9179 -4.57139 12.4266
    endloop
  endfacet
  facet normal 0 0 1
    outer loop
      vertex -13.5073 -3.75701 1
      vertex -9.67061 -9.26651 1
      vertex -9.64601 -5.56912 1
    endloop
  endfacet
  facet normal -0 0 1
    outer loop
      vertex -13.5073 -3.75701 1
      vertex -9.64601 -5.56912 1
      vertex -13.173 -3.56398 1
    endloop
  endfacet
  facet normal 0 0 1
    outer loop
      vertex -13.6931 -11.4131 1
      vertex -9.67061 -9.26651 1
      vertex -13.5073 -3.75701 1
    endloop
  endfacet
  facet normal 0 -0 1
    outer loop
      vertex -13.227 -11.6781 1
      vertex -9.67061 -9.26651 1
      vertex -13.6931 -11.4131 1
    endloop
  endfacet
  facet normal 0 0 1
    outer loop
      vertex -9.67061 -9.26651 1
      vertex -13.227 -11.6781 1
      vertex -9.673 -9.62616 1
    endloop
  endfacet
  facet normal 0 0 1
    outer loop
      vertex -16.7306 -6.15207 1
      vertex -13.5073 -3.75701 1
      vertex -16.727 -5.61588 1
    endloop
  endfacet
  facet normal 0 0 1
    outer loop
      vertex -13.5073 -3.75701 1
      vertex -16.7306 -6.15207 1
      vertex -13.6931 -11.4131 1
    endloop
  endfacet
  facet normal 0 0 1
    outer loop
      vertex -13.6931 -11.4131 1
      vertex -16.7306 -6.15207 1
      vertex -16.754 -9.67292 1
    endloop
  endfacet
  facet normal 0.324532 0.562042 0.760781
    outer loop
      vertex -19.1324 -11.0461 12.99
      vertex -18.1502 -10.8827 12.4503
      vertex -18.5029 -10.6827 12.453
    endloop
  endfacet
  facet normal 0.32452 0.562069 0.760766
    outer loop
      vertex -18.1502 -10.8827 12.4503
      vertex -19.1324 -11.0461 12.99
      vertex -15.0324 -13.4133 12.99
    endloop
  endfacet
  facet normal 1 -0 0
    outer loop
      vertex -19.1324 -11.0461 13
      vertex -19.1324 -6.31185 12.99
      vertex -19.1324 -6.31185 13
    endloop
  endfacet
  facet normal 1 0 0
    outer loop
      vertex -19.1324 -6.31185 12.99
      vertex -19.1324 -11.0461 13
      vertex -19.1324 -11.0461 12.99
    endloop
  endfacet
  facet normal -1 0 0
    outer loop
      vertex -10.9324 -11.0461 12.99
      vertex -10.9324 -6.31185 13
      vertex -10.9324 -6.31185 12.99
    endloop
  endfacet
  facet normal -1 -0 0
    outer loop
      vertex -10.9324 -6.31185 13
      vertex -10.9324 -11.0461 12.99
      vertex -10.9324 -11.0461 13
    endloop
  endfacet
  facet normal 0.350572 -0.607202 0.713025
    outer loop
      vertex -19.1324 -6.31185 12.99
      vertex -16.3319 -5.38779 12.4
      vertex -14.9408 -4.58463 12.4
    endloop
  endfacet
  facet normal 0.350571 -0.607195 0.713031
    outer loop
      vertex -16.3319 -5.38779 12.4
      vertex -19.1324 -6.31185 12.99
      vertex -17.6027 -6.1215 12.4
    endloop
  endfacet
  facet normal 0.350567 -0.60722 0.713012
    outer loop
      vertex -18.0129 -6.35832 12.4
      vertex -19.1324 -6.31185 12.99
      vertex -18.4408 -6.60536 12.4
    endloop
  endfacet
  facet normal 0.350566 -0.607222 0.713011
    outer loop
      vertex -17.6027 -6.1215 12.4
      vertex -19.1324 -6.31185 12.99
      vertex -18.0129 -6.35832 12.4
    endloop
  endfacet
  facet normal -0.350575 0.607197 0.713028
    outer loop
      vertex -10.9324 -11.0461 12.99
      vertex -11.4408 -10.6468 12.4
      vertex -15.0324 -13.4133 12.99
    endloop
  endfacet
  facet normal 0.648826 -0.000763707 0.760936
    outer loop
      vertex -19.1324 -6.31185 12.99
      vertex -18.4719 -6.62328 12.4265
      vertex -18.4408 -6.60536 12.4
    endloop
  endfacet
  facet normal 0.649033 -7.46339e-06 0.76076
    outer loop
      vertex -19.1324 -6.31185 12.99
      vertex -18.4962 -9.80637 12.4472
      vertex -18.4719 -6.62328 12.4265
    endloop
  endfacet
  facet normal 0.649057 -0 0.76074
    outer loop
      vertex -19.1324 -11.0461 12.99
      vertex -18.4962 -9.80637 12.4472
      vertex -19.1324 -6.31185 12.99
    endloop
  endfacet
  facet normal 0.648973 7.36964e-05 0.760811
    outer loop
      vertex -18.4962 -9.80637 12.4472
      vertex -19.1324 -11.0461 12.99
      vertex -18.5029 -10.6827 12.453
    endloop
  endfacet
  facet normal -0.50001 0.86602 0
    outer loop
      vertex -10.9324 -11.0461 12.99
      vertex -15.0324 -13.4133 13
      vertex -10.9324 -11.0461 13
    endloop
  endfacet
  facet normal -0.50001 0.86602 0
    outer loop
      vertex -15.0324 -13.4133 13
      vertex -10.9324 -11.0461 12.99
      vertex -15.0324 -13.4133 12.99
    endloop
  endfacet
  facet normal -0.350542 0.607164 0.713073
    outer loop
      vertex -11.4408 -10.6468 12.4
      vertex -14.9408 -12.6675 12.4
      vertex -15.0324 -13.4133 12.99
    endloop
  endfacet
  facet normal 0.323013 0.562451 0.761125
    outer loop
      vertex -14.9719 -12.6855 12.4265
      vertex -15.0324 -13.4133 12.99
      vertex -14.9408 -12.6675 12.4
    endloop
  endfacet
  facet normal 0.324497 0.562062 0.760782
    outer loop
      vertex -17.7407 -11.115 12.4472
      vertex -15.0324 -13.4133 12.99
      vertex -14.9719 -12.6855 12.4265
    endloop
  endfacet
  facet normal 0.324717 0.562264 0.760538
    outer loop
      vertex -15.0324 -13.4133 12.99
      vertex -17.7407 -11.115 12.4472
      vertex -18.1502 -10.8827 12.4503
    endloop
  endfacet
  facet normal 0.350574 -0.607212 0.713016
    outer loop
      vertex -14.9408 -4.58463 12.4
      vertex -15.0324 -3.94471 12.99
      vertex -19.1324 -6.31185 12.99
    endloop
  endfacet
  facet normal -0.37876 -0.656031 0.652812
    outer loop
      vertex -15.0324 -3.94471 12.99
      vertex -14.7515 -4.66623 12.4279
      vertex -10.9324 -6.31185 12.99
    endloop
  endfacet
  facet normal -0.379 -0.656023 0.652681
    outer loop
      vertex -15.0324 -3.94471 12.99
      vertex -14.9179 -4.57139 12.4266
      vertex -14.7515 -4.66623 12.4279
    endloop
  endfacet
  facet normal -0.378888 -0.656043 0.652727
    outer loop
      vertex -14.9179 -4.57139 12.4266
      vertex -15.0324 -3.94471 12.99
      vertex -14.9408 -4.58463 12.4
    endloop
  endfacet
  facet normal 0.50001 0.86602 -0
    outer loop
      vertex -15.0324 -13.4133 12.99
      vertex -19.1324 -11.0461 13
      vertex -15.0324 -13.4133 13
    endloop
  endfacet
  facet normal 0.50001 0.86602 0
    outer loop
      vertex -19.1324 -11.0461 13
      vertex -15.0324 -13.4133 12.99
      vertex -19.1324 -11.0461 12.99
    endloop
  endfacet
  facet normal -0.757527 2.41758e-05 0.652804
    outer loop
      vertex -11.4015 -7.73254 12.4457
      vertex -10.9324 -6.31185 12.99
      vertex -11.395 -6.57888 12.4532
    endloop
  endfacet
  facet normal -0.757542 -1.53553e-05 0.652787
    outer loop
      vertex -10.9324 -11.0461 12.99
      vertex -11.4015 -7.73254 12.4457
      vertex -11.4179 -10.6336 12.4266
    endloop
  endfacet
  facet normal -0.757495 0 0.652841
    outer loop
      vertex -11.4015 -7.73254 12.4457
      vertex -10.9324 -11.0461 12.99
      vertex -10.9324 -6.31185 12.99
    endloop
  endfacet
  facet normal -0.757721 -0.000512024 0.652578
    outer loop
      vertex -10.9324 -11.0461 12.99
      vertex -11.4179 -10.6336 12.4266
      vertex -11.4408 -10.6468 12.4
    endloop
  endfacet
  facet normal -0.378769 -0.656066 0.652772
    outer loop
      vertex -11.395 -6.57888 12.4532
      vertex -10.9324 -6.31185 12.99
      vertex -14.7515 -4.66623 12.4279
    endloop
  endfacet
  facet normal 0.500001 -0.866025 0
    outer loop
      vertex -19.1324 -6.31185 12.99
      vertex -15.0324 -3.94471 13
      vertex -19.1324 -6.31185 13
    endloop
  endfacet
  facet normal 0.500001 -0.866025 0
    outer loop
      vertex -15.0324 -3.94471 13
      vertex -19.1324 -6.31185 12.99
      vertex -15.0324 -3.94471 12.99
    endloop
  endfacet
  facet normal -0.500001 -0.866025 0
    outer loop
      vertex -15.0324 -3.94471 12.99
      vertex -10.9324 -6.31185 13
      vertex -15.0324 -3.94471 13
    endloop
  endfacet
  facet normal -0.500001 -0.866025 -0
    outer loop
      vertex -10.9324 -6.31185 13
      vertex -15.0324 -3.94471 12.99
      vertex -10.9324 -6.31185 12.99
    endloop
  endfacet
  facet normal 0.0065823 -0.988661 -0.150017
    outer loop
      vertex -3.41618 -5.89802 12.99
      vertex -3.40606 -5.89947 13
      vertex -3.41357 -5.89952 13
    endloop
  endfacet
  facet normal 0.00655924 -0.988605 -0.150387
    outer loop
      vertex -2.3481 -4.06703 1
      vertex -4.21428 -5.83999 12.5736
      vertex -4.51543 -5.81809 12.4165
    endloop
  endfacet
  facet normal 0.00657755 -0.988606 -0.150383
    outer loop
      vertex -2.3481 -4.06703 1
      vertex -4.51543 -5.81809 12.4165
      vertex -6.04548 -4.09163 1
    endloop
  endfacet
  facet normal 0.00657933 -0.988606 -0.150384
    outer loop
      vertex -4.21428 -5.83999 12.5736
      vertex -2.3481 -4.06703 1
      vertex -3.41618 -5.89802 12.99
    endloop
  endfacet
  facet normal 0.00692222 -0.988608 -0.150353
    outer loop
      vertex -3.41618 -5.89802 12.99
      vertex -2.3481 -4.06703 1
      vertex -3.40606 -5.89947 13
    endloop
  endfacet
  facet normal 0.859436 0.488625 0.150386
    outer loop
      vertex -9.02333 -10.1935 12.5069
      vertex -8.45704 -7.64802 1
      vertex -9.51032 -9.47236 12.9469
    endloop
  endfacet
  facet normal 0.859446 0.488609 0.150383
    outer loop
      vertex -8.45704 -7.64802 1
      vertex -9.02333 -10.1935 12.5069
      vertex -6.74525 -10.659 1
    endloop
  endfacet
  facet normal -0.866023 0.500005 3.06978e-06
    outer loop
      vertex -1.90506 -10.2997 12.4
      vertex -0.342961 -7.59403 1
      vertex -0.535989 -7.92836 1
    endloop
  endfacet
  facet normal -0.866034 0.499985 -3.08203e-06
    outer loop
      vertex -0.342961 -7.59403 1
      vertex -1.90506 -10.2997 12.4
      vertex -1.39639 -9.41862 12.9486
    endloop
  endfacet
  facet normal -0.866018 0.500012 5.05353e-06
    outer loop
      vertex -0.535989 -7.92836 1
      vertex -2.84288 -11.924 12.4
      vertex -1.90506 -10.2997 12.4
    endloop
  endfacet
  facet normal -0.866095 0.499879 -5.69613e-05
    outer loop
      vertex -2.84288 -11.924 12.4
      vertex -0.535989 -7.92836 1
      vertex -2.91376 -12.0468 12.464
    endloop
  endfacet
  facet normal -0.0064984 0.988604 0.150396
    outer loop
      vertex -2.39486 -11.148 1
      vertex -4.17259 -12.9213 12.5797
      vertex -3.44815 -12.9724 12.9469
    endloop
  endfacet
  facet normal -0.00669709 0.988608 0.150366
    outer loop
      vertex -2.39486 -11.148 1
      vertex -4.31619 -12.9112 12.5069
      vertex -4.17259 -12.9213 12.5797
    endloop
  endfacet
  facet normal -0.00659358 0.988606 0.150383
    outer loop
      vertex -4.31619 -12.9112 12.5069
      vertex -2.39486 -11.148 1
      vertex -5.85835 -11.1711 1
    endloop
  endfacet
  facet normal 0.866032 -0.499989 2.81623e-06
    outer loop
      vertex -7.66899 -6.28308 12.7216
      vertex -6.40514 -4.09403 1
      vertex -7.45857 -5.91861 12.9486
    endloop
  endfacet
  facet normal 0.866028 -0.499995 1.30293e-06
    outer loop
      vertex -7.94892 -6.76794 12.4198
      vertex -6.40514 -4.09403 1
      vertex -7.66899 -6.28308 12.7216
    endloop
  endfacet
  facet normal 0.866025 -0.5 -1.96058e-07
    outer loop
      vertex -6.40514 -4.09403 1
      vertex -7.94892 -6.76794 12.4198
      vertex -8.20119 -7.20488 1
    endloop
  endfacet
  facet normal -0.859866 -0.487891 -0.150311
    outer loop
      vertex -3.39975 -5.90751 12.99
      vertex -3.40606 -5.89947 13
      vertex -2.3481 -4.06703 1
    endloop
  endfacet
  facet normal -0.859664 -0.488415 -0.149762
    outer loop
      vertex -3.40606 -5.89947 13
      vertex -3.39975 -5.90751 12.99
      vertex -3.40235 -5.906 13
    endloop
  endfacet
  facet normal -0.859438 -0.48862 -0.150386
    outer loop
      vertex -2.3481 -4.06703 1
      vertex -3.12222 -6.3165 12.7328
      vertex -3.39975 -5.90751 12.99
    endloop
  endfacet
  facet normal -0.859454 -0.488595 -0.150382
    outer loop
      vertex -2.3481 -4.06703 1
      vertex -2.76313 -6.84572 12.4
      vertex -3.12222 -6.3165 12.7328
    endloop
  endfacet
  facet normal -0.859447 -0.488605 -0.150384
    outer loop
      vertex -0.342961 -7.59403 1
      vertex -2.76313 -6.84572 12.4
      vertex -2.3481 -4.06703 1
    endloop
  endfacet
  facet normal -0.859445 -0.48861 -0.150383
    outer loop
      vertex -0.342961 -7.59403 1
      vertex -1.90506 -8.35503 12.4
      vertex -2.76313 -6.84572 12.4
    endloop
  endfacet
  facet normal -0.859447 -0.488605 -0.150383
    outer loop
      vertex -1.90506 -8.35503 12.4
      vertex -0.342961 -7.59403 1
      vertex -1.39639 -9.41862 12.9486
    endloop
  endfacet
  facet normal -0.00660536 0.988606 0.15038
    outer loop
      vertex -4.52699 -12.8963 12.4
      vertex -5.85835 -11.1711 1
      vertex -6.26313 -12.9079 12.4
    endloop
  endfacet
  facet normal -0.00636856 0.988612 0.150354
    outer loop
      vertex -5.85835 -11.1711 1
      vertex -4.52699 -12.8963 12.4
      vertex -4.31619 -12.9112 12.5069
    endloop
  endfacet
  facet normal -0.0131603 0.988341 0.151686
    outer loop
      vertex -7.50496 -13.0059 12.99
      vertex -7.50986 -13.0075 13
      vertex -7.50235 -13.0074 13
    endloop
  endfacet
  facet normal -0.00649577 0.988606 0.150384
    outer loop
      vertex -6.4519 -11.175 1
      vertex -6.26313 -12.9079 12.4
      vertex -5.85835 -11.1711 1
    endloop
  endfacet
  facet normal -0.00660734 0.988605 0.150386
    outer loop
      vertex -6.26313 -12.9079 12.4
      vertex -6.4519 -11.175 1
      vertex -6.62917 -12.9368 12.5739
    endloop
  endfacet
  facet normal -0.00655021 0.988606 0.150387
    outer loop
      vertex -6.62917 -12.9368 12.5739
      vertex -6.4519 -11.175 1
      vertex -7.50496 -13.0059 12.99
    endloop
  endfacet
  facet normal -0.0179393 0.988616 0.149388
    outer loop
      vertex -7.50496 -13.0059 12.99
      vertex -6.4519 -11.175 1
      vertex -7.50986 -13.0075 13
    endloop
  endfacet
  facet normal -0.866024 0.500002 1.92536e-06
    outer loop
      vertex -2.39486 -11.148 1
      vertex -2.91376 -12.0468 12.464
      vertex -0.535989 -7.92836 1
    endloop
  endfacet
  facet normal -0.866015 0.500017 3.51145e-06
    outer loop
      vertex -2.39486 -11.148 1
      vertex -3.19881 -12.5405 12.7216
      vertex -2.91376 -12.0468 12.464
    endloop
  endfacet
  facet normal -0.866041 0.499972 -3.65742e-06
    outer loop
      vertex -3.19881 -12.5405 12.7216
      vertex -2.39486 -11.148 1
      vertex -3.44815 -12.9724 12.9469
    endloop
  endfacet
  facet normal 0.861671 0.484363 0.15138
    outer loop
      vertex -7.51357 -13.0009 13
      vertex -7.50986 -13.0075 13
      vertex -7.51097 -13.0024 12.99
    endloop
  endfacet
  facet normal 0.859527 0.488459 0.150405
    outer loop
      vertex -8.90506 -10.3687 12.4
      vertex -6.74525 -10.659 1
      vertex -9.02333 -10.1935 12.5069
    endloop
  endfacet
  facet normal 0.859448 0.488603 0.150386
    outer loop
      vertex -8.90506 -10.3687 12.4
      vertex -6.4519 -11.175 1
      vertex -6.74525 -10.659 1
    endloop
  endfacet
  facet normal 0.859446 0.488608 0.150385
    outer loop
      vertex -8.047 -11.878 12.4
      vertex -6.4519 -11.175 1
      vertex -8.90506 -10.3687 12.4
    endloop
  endfacet
  facet normal 0.859428 0.488638 0.150385
    outer loop
      vertex -7.74498 -12.5115 12.7324
      vertex -6.4519 -11.175 1
      vertex -8.047 -11.878 12.4
    endloop
  endfacet
  facet normal 0.859446 0.488608 0.150383
    outer loop
      vertex -7.51097 -13.0024 12.99
      vertex -6.4519 -11.175 1
      vertex -7.74498 -12.5115 12.7324
    endloop
  endfacet
  facet normal 0.863626 0.481407 0.149655
    outer loop
      vertex -6.4519 -11.175 1
      vertex -7.51097 -13.0024 12.99
      vertex -7.50986 -13.0075 13
    endloop
  endfacet
  facet normal 0.866017 -0.500014 5.23236e-07
    outer loop
      vertex -7.96724 -6.79967 12.4
      vertex -8.20119 -7.20488 1
      vertex -7.94892 -6.76794 12.4198
    endloop
  endfacet
  facet normal 0.866023 -0.500004 6.43715e-08
    outer loop
      vertex -7.96724 -6.79967 12.4
      vertex -8.45704 -7.64802 1
      vertex -8.20119 -7.20488 1
    endloop
  endfacet
  facet normal 0.866025 -0.5 -3.28917e-07
    outer loop
      vertex -8.90506 -8.42402 12.4
      vertex -8.45704 -7.64802 1
      vertex -7.96724 -6.79967 12.4
    endloop
  endfacet
  facet normal 0.866025 -0.500001 -3.36081e-07
    outer loop
      vertex -8.45704 -7.64802 1
      vertex -8.90506 -8.42402 12.4
      vertex -9.51032 -9.47236 12.9469
    endloop
  endfacet
  facet normal 0.00655125 -0.988606 -0.150385
    outer loop
      vertex -6.40514 -4.09403 1
      vertex -6.66742 -5.85719 12.5793
      vertex -7.45857 -5.91861 12.9486
    endloop
  endfacet
  facet normal 0.00659694 -0.988606 -0.150384
    outer loop
      vertex -6.04548 -4.09163 1
      vertex -6.28314 -5.82735 12.4
      vertex -6.40514 -4.09403 1
    endloop
  endfacet
  facet normal 0.00659982 -0.988606 -0.150384
    outer loop
      vertex -6.66742 -5.85719 12.5793
      vertex -6.40514 -4.09403 1
      vertex -6.28314 -5.82735 12.4
    endloop
  endfacet
  facet normal 0.00657689 -0.988606 -0.150384
    outer loop
      vertex -6.28314 -5.82735 12.4
      vertex -6.04548 -4.09163 1
      vertex -4.547 -5.8158 12.4
    endloop
  endfacet
  facet normal 0.00691013 -0.988597 -0.150427
    outer loop
      vertex -4.547 -5.8158 12.4
      vertex -6.04548 -4.09163 1
      vertex -4.51543 -5.81809 12.4165
    endloop
  endfacet
  facet normal 0 0 1
    outer loop
      vertex -2.3481 -4.06703 1
      vertex -0.535989 -7.92836 1
      vertex -0.342961 -7.59403 1
    endloop
  endfacet
  facet normal -0 0 1
    outer loop
      vertex -6.04548 -4.09163 1
      vertex -0.535989 -7.92836 1
      vertex -2.3481 -4.06703 1
    endloop
  endfacet
  facet normal 0 0 1
    outer loop
      vertex -0.535989 -7.92836 1
      vertex -5.85835 -11.1711 1
      vertex -2.39486 -11.148 1
    endloop
  endfacet
  facet normal -0 0 1
    outer loop
      vertex -8.20119 -7.20488 1
      vertex -0.535989 -7.92836 1
      vertex -6.04548 -4.09163 1
    endloop
  endfacet
  facet normal 0 0 1
    outer loop
      vertex -8.20119 -7.20488 1
      vertex -6.04548 -4.09163 1
      vertex -6.40514 -4.09403 1
    endloop
  endfacet
  facet normal 0 0 1
    outer loop
      vertex -0.535989 -7.92836 1
      vertex -8.20119 -7.20488 1
      vertex -5.85835 -11.1711 1
    endloop
  endfacet
  facet normal 0 0 1
    outer loop
      vertex -5.85835 -11.1711 1
      vertex -6.74525 -10.659 1
      vertex -6.4519 -11.175 1
    endloop
  endfacet
  facet normal 0 0 1
    outer loop
      vertex -5.85835 -11.1711 1
      vertex -8.20119 -7.20488 1
      vertex -6.74525 -10.659 1
    endloop
  endfacet
  facet normal 0 0 1
    outer loop
      vertex -6.74525 -10.659 1
      vertex -8.20119 -7.20488 1
      vertex -8.45704 -7.64802 1
    endloop
  endfacet
  facet normal 1 -0 0
    outer loop
      vertex -9.55796 -11.8206 13
      vertex -9.55796 -7.08633 12.99
      vertex -9.55796 -7.08633 13
    endloop
  endfacet
  facet normal 1 0 0
    outer loop
      vertex -9.55796 -7.08633 12.99
      vertex -9.55796 -11.8206 13
      vertex -9.55796 -11.8206 12.99
    endloop
  endfacet
  facet normal -0.335232 0.580587 0.741982
    outer loop
      vertex -3.44815 -12.9724 12.9469
      vertex -1.35796 -11.8206 12.99
      vertex -3.19881 -12.5405 12.7216
    endloop
  endfacet
  facet normal -0.33526 0.580655 0.741916
    outer loop
      vertex -5.45796 -14.1877 12.99
      vertex -4.17259 -12.9213 12.5797
      vertex -5.40506 -13.4033 12.4
    endloop
  endfacet
  facet normal -0.33563 0.581337 0.741216
    outer loop
      vertex -3.44815 -12.9724 12.9469
      vertex -5.45796 -14.1877 12.99
      vertex -1.35796 -11.8206 12.99
    endloop
  endfacet
  facet normal -0.335157 0.580584 0.742019
    outer loop
      vertex -4.17259 -12.9213 12.5797
      vertex -5.45796 -14.1877 12.99
      vertex -3.44815 -12.9724 12.9469
    endloop
  endfacet
  facet normal 0.500001 -0.866025 0
    outer loop
      vertex -9.55796 -7.08633 12.99
      vertex -5.45796 -4.71919 13
      vertex -9.55796 -7.08633 13
    endloop
  endfacet
  facet normal 0.500001 -0.866025 0
    outer loop
      vertex -5.45796 -4.71919 13
      vertex -9.55796 -7.08633 12.99
      vertex -5.45796 -4.71919 12.99
    endloop
  endfacet
  facet normal -0.499994 0.866029 0
    outer loop
      vertex -1.35796 -11.8206 12.99
      vertex -5.45796 -14.1877 13
      vertex -1.35796 -11.8206 13
    endloop
  endfacet
  facet normal -0.499994 0.866029 0
    outer loop
      vertex -5.45796 -14.1877 13
      vertex -1.35796 -11.8206 12.99
      vertex -5.45796 -14.1877 12.99
    endloop
  endfacet
  facet normal 0.670464 0 0.741942
    outer loop
      vertex -9.55796 -7.08633 12.99
      vertex -8.90506 -8.42402 12.4
      vertex -8.90506 -7.34112 12.4
    endloop
  endfacet
  facet normal 0.670446 -1.60845e-05 0.741959
    outer loop
      vertex -8.90506 -8.42402 12.4
      vertex -9.55796 -7.08633 12.99
      vertex -9.51032 -9.47236 12.9469
    endloop
  endfacet
  facet normal 0.670514 -4.07376e-05 0.741897
    outer loop
      vertex -9.55796 -11.8206 12.99
      vertex -8.90506 -10.3687 12.4
      vertex -9.02333 -10.1935 12.5069
    endloop
  endfacet
  facet normal 0.670416 1.74289e-05 0.741985
    outer loop
      vertex -9.55796 -11.8206 12.99
      vertex -9.02333 -10.1935 12.5069
      vertex -9.51032 -9.47236 12.9469
    endloop
  endfacet
  facet normal 0.670464 0 0.741942
    outer loop
      vertex -8.90506 -10.3687 12.4
      vertex -9.55796 -11.8206 12.99
      vertex -8.90506 -11.3826 12.4
    endloop
  endfacet
  facet normal 0.670889 -0 0.741558
    outer loop
      vertex -9.55796 -11.8206 12.99
      vertex -9.51032 -9.47236 12.9469
      vertex -9.55796 -7.08633 12.99
    endloop
  endfacet
  facet normal 0.320675 0.555456 0.767226
    outer loop
      vertex -6.62917 -12.9368 12.5739
      vertex -5.45796 -14.1877 12.99
      vertex -5.40506 -13.4033 12.4
    endloop
  endfacet
  facet normal 0.320688 0.555465 0.767214
    outer loop
      vertex -5.45796 -14.1877 12.99
      vertex -6.62917 -12.9368 12.5739
      vertex -7.50496 -13.0059 12.99
    endloop
  endfacet
  facet normal 0.320691 0.555467 0.767212
    outer loop
      vertex -7.51097 -13.0024 12.99
      vertex -7.74498 -12.5115 12.7324
      vertex -9.55796 -11.8206 12.99
    endloop
  endfacet
  facet normal 0.320688 0.555449 0.767226
    outer loop
      vertex -9.55796 -11.8206 12.99
      vertex -8.047 -11.878 12.4
      vertex -8.90506 -11.3826 12.4
    endloop
  endfacet
  facet normal 0.320687 0.555452 0.767224
    outer loop
      vertex -8.047 -11.878 12.4
      vertex -9.55796 -11.8206 12.99
      vertex -7.74498 -12.5115 12.7324
    endloop
  endfacet
  facet normal 0.320663 0.555413 0.767263
    outer loop
      vertex -5.40506 -13.4033 12.4
      vertex -6.26313 -12.9079 12.4
      vertex -6.62917 -12.9368 12.5739
    endloop
  endfacet
  facet normal 0.499991 0.866031 -0
    outer loop
      vertex -5.45796 -14.1877 12.99
      vertex -7.50235 -13.0074 13
      vertex -5.45796 -14.1877 13
    endloop
  endfacet
  facet normal 0.499988 0.866032 -0.000592219
    outer loop
      vertex -7.50235 -13.0074 13
      vertex -5.45796 -14.1877 12.99
      vertex -7.50496 -13.0059 12.99
    endloop
  endfacet
  facet normal 0.49999 0.866031 9.2865e-05
    outer loop
      vertex -9.55796 -11.8206 12.99
      vertex -7.51357 -13.0009 13
      vertex -7.51097 -13.0024 12.99
    endloop
  endfacet
  facet normal 0.499991 0.866031 0
    outer loop
      vertex -7.51357 -13.0009 13
      vertex -9.55796 -11.8206 12.99
      vertex -9.55796 -11.8206 13
    endloop
  endfacet
  facet normal -0.383288 -0.663883 0.642144
    outer loop
      vertex -1.90506 -7.34112 12.4
      vertex -3.12222 -6.3165 12.7328
      vertex -2.76313 -6.84572 12.4
    endloop
  endfacet
  facet normal -0.383299 -0.663892 0.642129
    outer loop
      vertex -3.12222 -6.3165 12.7328
      vertex -1.90506 -7.34112 12.4
      vertex -1.35796 -7.08633 12.99
    endloop
  endfacet
  facet normal -0.383288 -0.663831 0.642199
    outer loop
      vertex -5.40506 -5.32039 12.4
      vertex -4.51543 -5.81809 12.4165
      vertex -4.21428 -5.83999 12.5736
    endloop
  endfacet
  facet normal -0.38352 -0.664265 0.64161
    outer loop
      vertex -4.51543 -5.81809 12.4165
      vertex -5.40506 -5.32039 12.4
      vertex -4.547 -5.8158 12.4
    endloop
  endfacet
  facet normal -0.500002 -0.866024 0
    outer loop
      vertex -3.41618 -5.89802 12.99
      vertex -5.45796 -4.71919 13
      vertex -5.45796 -4.71919 12.99
    endloop
  endfacet
  facet normal -0.5 -0.866025 0.000596287
    outer loop
      vertex -5.45796 -4.71919 13
      vertex -3.41618 -5.89802 12.99
      vertex -3.41357 -5.89952 13
    endloop
  endfacet
  facet normal -0.5 -0.866025 0.000769738
    outer loop
      vertex -3.39975 -5.90751 12.99
      vertex -1.35796 -7.08633 13
      vertex -3.40235 -5.906 13
    endloop
  endfacet
  facet normal -0.499997 -0.866027 -0
    outer loop
      vertex -1.35796 -7.08633 13
      vertex -3.39975 -5.90751 12.99
      vertex -1.35796 -7.08633 12.99
    endloop
  endfacet
  facet normal 0.366613 -0.635027 0.679953
    outer loop
      vertex -5.45796 -4.71919 12.99
      vertex -6.66742 -5.85719 12.5793
      vertex -5.40506 -5.32039 12.4
    endloop
  endfacet
  facet normal 0.366668 -0.635062 0.67989
    outer loop
      vertex -5.45796 -4.71919 12.99
      vertex -7.45857 -5.91861 12.9486
      vertex -6.66742 -5.85719 12.5793
    endloop
  endfacet
  facet normal 0.366667 -0.635111 0.679845
    outer loop
      vertex -7.45857 -5.91861 12.9486
      vertex -9.55796 -7.08633 12.99
      vertex -7.66899 -6.28308 12.7216
    endloop
  endfacet
  facet normal 0.366491 -0.634781 0.680248
    outer loop
      vertex -9.55796 -7.08633 12.99
      vertex -7.45857 -5.91861 12.9486
      vertex -5.45796 -4.71919 12.99
    endloop
  endfacet
  facet normal -0.383298 -0.663887 0.642134
    outer loop
      vertex -5.45796 -4.71919 12.99
      vertex -4.21428 -5.83999 12.5736
      vertex -3.41618 -5.89802 12.99
    endloop
  endfacet
  facet normal -0.383304 -0.663891 0.642126
    outer loop
      vertex -4.21428 -5.83999 12.5736
      vertex -5.45796 -4.71919 12.99
      vertex -5.40506 -5.32039 12.4
    endloop
  endfacet
  facet normal -0.383302 -0.663903 0.642115
    outer loop
      vertex -3.12222 -6.3165 12.7328
      vertex -1.35796 -7.08633 12.99
      vertex -3.39975 -5.90751 12.99
    endloop
  endfacet
  facet normal -0.33522 0.580673 0.741921
    outer loop
      vertex -2.84288 -11.924 12.4
      vertex -1.35796 -11.8206 12.99
      vertex -1.90506 -11.3826 12.4
    endloop
  endfacet
  facet normal -0.335291 0.580324 0.742162
    outer loop
      vertex -2.91376 -12.0468 12.464
      vertex -1.35796 -11.8206 12.99
      vertex -2.84288 -11.924 12.4
    endloop
  endfacet
  facet normal -0.335255 0.580674 0.741904
    outer loop
      vertex -1.35796 -11.8206 12.99
      vertex -2.91376 -12.0468 12.464
      vertex -3.19881 -12.5405 12.7216
    endloop
  endfacet
  facet normal -0.335268 0.580686 0.741888
    outer loop
      vertex -4.31619 -12.9112 12.5069
      vertex -5.40506 -13.4033 12.4
      vertex -4.17259 -12.9213 12.5797
    endloop
  endfacet
  facet normal -0.335233 0.580588 0.741982
    outer loop
      vertex -5.40506 -13.4033 12.4
      vertex -4.31619 -12.9112 12.5069
      vertex -4.52699 -12.8963 12.4
    endloop
  endfacet
  facet normal 0 -0 1
    outer loop
      vertex -1.90506 -11.3826 12.4
      vertex -1.90506 -10.2997 12.4
      vertex -2.84288 -11.924 12.4
    endloop
  endfacet
  facet normal 0 -0 1
    outer loop
      vertex -1.90506 -8.35503 12.4
      vertex -1.90506 -7.34112 12.4
      vertex -2.76313 -6.84572 12.4
    endloop
  endfacet
  facet normal 0 0 1
    outer loop
      vertex -4.547 -5.8158 12.4
      vertex -5.40506 -5.32039 12.4
      vertex -6.28314 -5.82735 12.4
    endloop
  endfacet
  facet normal 0 -0 1
    outer loop
      vertex -5.40506 -13.4033 12.4
      vertex -4.52699 -12.8963 12.4
      vertex -6.26313 -12.9079 12.4
    endloop
  endfacet
  facet normal 0 0 1
    outer loop
      vertex -8.047 -11.878 12.4
      vertex -8.90506 -10.3687 12.4
      vertex -8.90506 -11.3826 12.4
    endloop
  endfacet
  facet normal 0 0 1
    outer loop
      vertex -7.96724 -6.79967 12.4
      vertex -8.90506 -7.34112 12.4
      vertex -8.90506 -8.42402 12.4
    endloop
  endfacet
  facet normal 0.366596 -0.634962 0.680023
    outer loop
      vertex -6.28314 -5.82735 12.4
      vertex -5.40506 -5.32039 12.4
      vertex -6.66742 -5.85719 12.5793
    endloop
  endfacet
  facet normal 0.366547 -0.635614 0.679439
    outer loop
      vertex -9.55796 -7.08633 12.99
      vertex -7.96724 -6.79967 12.4
      vertex -7.94892 -6.76794 12.4198
    endloop
  endfacet
  facet normal 0.366622 -0.634946 0.680024
    outer loop
      vertex -9.55796 -7.08633 12.99
      vertex -7.94892 -6.76794 12.4198
      vertex -7.66899 -6.28308 12.7216
    endloop
  endfacet
  facet normal 0.36663 -0.635022 0.679949
    outer loop
      vertex -7.96724 -6.79967 12.4
      vertex -9.55796 -7.08633 12.99
      vertex -8.90506 -7.34112 12.4
    endloop
  endfacet
  facet normal -1 0 0
    outer loop
      vertex -1.35796 -11.8206 12.99
      vertex -1.35796 -7.08633 13
      vertex -1.35796 -7.08633 12.99
    endloop
  endfacet
  facet normal -1 -0 0
    outer loop
      vertex -1.35796 -7.08633 13
      vertex -1.35796 -11.8206 12.99
      vertex -1.35796 -11.8206 13
    endloop
  endfacet
  facet normal -0.733263 0 0.679946
    outer loop
      vertex -1.90506 -8.35503 12.4
      vertex -1.35796 -7.08633 12.99
      vertex -1.90506 -7.34112 12.4
    endloop
  endfacet
  facet normal -0.733277 1.31638e-05 0.67993
    outer loop
      vertex -1.39639 -9.41862 12.9486
      vertex -1.35796 -7.08633 12.99
      vertex -1.90506 -8.35503 12.4
    endloop
  endfacet
  facet normal -0.733263 0 0.679946
    outer loop
      vertex -1.35796 -11.8206 12.99
      vertex -1.90506 -10.2997 12.4
      vertex -1.90506 -11.3826 12.4
    endloop
  endfacet
  facet normal -0.732907 0 0.680329
    outer loop
      vertex -1.39639 -9.41862 12.9486
      vertex -1.35796 -11.8206 12.99
      vertex -1.35796 -7.08633 12.99
    endloop
  endfacet
  facet normal -0.733279 -1.28657e-05 0.679928
    outer loop
      vertex -1.90506 -10.2997 12.4
      vertex -1.35796 -11.8206 12.99
      vertex -1.39639 -9.41862 12.9486
    endloop
  endfacet
  facet normal 0.866034 0.499985 -3.08203e-06
    outer loop
      vertex 1.90506 -10.2997 12.4
      vertex 0.342961 -7.59403 1
      vertex 1.39639 -9.41862 12.9486
    endloop
  endfacet
  facet normal 0.866023 0.500005 3.06978e-06
    outer loop
      vertex 0.342961 -7.59403 1
      vertex 1.90506 -10.2997 12.4
      vertex 0.535989 -7.92836 1
    endloop
  endfacet
  facet normal 0.866018 0.500012 5.05353e-06
    outer loop
      vertex 2.84288 -11.924 12.4
      vertex 0.535989 -7.92836 1
      vertex 1.90506 -10.2997 12.4
    endloop
  endfacet
  facet normal 0.866095 0.499879 -5.69613e-05
    outer loop
      vertex 0.535989 -7.92836 1
      vertex 2.84288 -11.924 12.4
      vertex 2.91376 -12.0468 12.464
    endloop
  endfacet
  facet normal -0.866032 -0.499989 2.81623e-06
    outer loop
      vertex 6.40514 -4.09403 1
      vertex 7.66899 -6.28308 12.7216
      vertex 7.45857 -5.91861 12.9486
    endloop
  endfacet
  facet normal -0.866028 -0.499995 1.30293e-06
    outer loop
      vertex 6.40514 -4.09403 1
      vertex 7.94892 -6.76794 12.4198
      vertex 7.66899 -6.28308 12.7216
    endloop
  endfacet
  facet normal -0.866025 -0.5 -1.96058e-07
    outer loop
      vertex 7.94892 -6.76794 12.4198
      vertex 6.40514 -4.09403 1
      vertex 8.20119 -7.20488 1
    endloop
  endfacet
  facet normal -0.859436 0.488625 0.150386
    outer loop
      vertex 8.45704 -7.64802 1
      vertex 9.02333 -10.1935 12.5069
      vertex 9.51032 -9.47236 12.9469
    endloop
  endfacet
  facet normal -0.859446 0.488609 0.150383
    outer loop
      vertex 9.02333 -10.1935 12.5069
      vertex 8.45704 -7.64802 1
      vertex 6.74525 -10.659 1
    endloop
  endfacet
  facet normal -0.00657689 -0.988606 -0.150384
    outer loop
      vertex 4.547 -5.8158 12.4
      vertex 6.04548 -4.09163 1
      vertex 6.28314 -5.82735 12.4
    endloop
  endfacet
  facet normal -0.00691013 -0.988597 -0.150427
    outer loop
      vertex 6.04548 -4.09163 1
      vertex 4.547 -5.8158 12.4
      vertex 4.51543 -5.81809 12.4165
    endloop
  endfacet
  facet normal -0.00659982 -0.988606 -0.150384
    outer loop
      vertex 6.40514 -4.09403 1
      vertex 6.66742 -5.85719 12.5793
      vertex 6.28314 -5.82735 12.4
    endloop
  endfacet
  facet normal -0.00659694 -0.988606 -0.150384
    outer loop
      vertex 6.40514 -4.09403 1
      vertex 6.28314 -5.82735 12.4
      vertex 6.04548 -4.09163 1
    endloop
  endfacet
  facet normal -0.00655125 -0.988606 -0.150385
    outer loop
      vertex 6.66742 -5.85719 12.5793
      vertex 6.40514 -4.09403 1
      vertex 7.45857 -5.91861 12.9486
    endloop
  endfacet
  facet normal -0.0065823 -0.988661 -0.150017
    outer loop
      vertex 3.40606 -5.89947 13
      vertex 3.41618 -5.89802 12.99
      vertex 3.41357 -5.89952 13
    endloop
  endfacet
  facet normal -0.00657933 -0.988606 -0.150384
    outer loop
      vertex 2.3481 -4.06703 1
      vertex 4.21428 -5.83999 12.5736
      vertex 3.41618 -5.89802 12.99
    endloop
  endfacet
  facet normal -0.00692222 -0.988608 -0.150353
    outer loop
      vertex 2.3481 -4.06703 1
      vertex 3.41618 -5.89802 12.99
      vertex 3.40606 -5.89947 13
    endloop
  endfacet
  facet normal -0.00655924 -0.988605 -0.150387
    outer loop
      vertex 4.21428 -5.83999 12.5736
      vertex 2.3481 -4.06703 1
      vertex 4.51543 -5.81809 12.4165
    endloop
  endfacet
  facet normal -0.00657755 -0.988606 -0.150383
    outer loop
      vertex 4.51543 -5.81809 12.4165
      vertex 2.3481 -4.06703 1
      vertex 6.04548 -4.09163 1
    endloop
  endfacet
  facet normal 0.00660536 0.988606 0.15038
    outer loop
      vertex 6.26313 -12.9079 12.4
      vertex 5.85835 -11.1711 1
      vertex 4.52699 -12.8963 12.4
    endloop
  endfacet
  facet normal 0.00636856 0.988612 0.150354
    outer loop
      vertex 4.52699 -12.8963 12.4
      vertex 5.85835 -11.1711 1
      vertex 4.31619 -12.9112 12.5069
    endloop
  endfacet
  facet normal 0.0131603 0.988341 0.151686
    outer loop
      vertex 7.50986 -13.0075 13
      vertex 7.50496 -13.0059 12.99
      vertex 7.50235 -13.0074 13
    endloop
  endfacet
  facet normal 0.00649577 0.988606 0.150384
    outer loop
      vertex 5.85835 -11.1711 1
      vertex 6.26313 -12.9079 12.4
      vertex 6.4519 -11.175 1
    endloop
  endfacet
  facet normal 0.00660734 0.988605 0.150386
    outer loop
      vertex 6.62917 -12.9368 12.5739
      vertex 6.4519 -11.175 1
      vertex 6.26313 -12.9079 12.4
    endloop
  endfacet
  facet normal 0.00655021 0.988606 0.150387
    outer loop
      vertex 7.50496 -13.0059 12.99
      vertex 6.4519 -11.175 1
      vertex 6.62917 -12.9368 12.5739
    endloop
  endfacet
  facet normal 0.0179393 0.988616 0.149388
    outer loop
      vertex 6.4519 -11.175 1
      vertex 7.50496 -13.0059 12.99
      vertex 7.50986 -13.0075 13
    endloop
  endfacet
  facet normal 0.00659358 0.988606 0.150383
    outer loop
      vertex 2.39486 -11.148 1
      vertex 4.31619 -12.9112 12.5069
      vertex 5.85835 -11.1711 1
    endloop
  endfacet
  facet normal 0.00669709 0.988608 0.150366
    outer loop
      vertex 4.31619 -12.9112 12.5069
      vertex 2.39486 -11.148 1
      vertex 4.17259 -12.9213 12.5797
    endloop
  endfacet
  facet normal 0.0064984 0.988604 0.150396
    outer loop
      vertex 4.17259 -12.9213 12.5797
      vertex 2.39486 -11.148 1
      vertex 3.44815 -12.9724 12.9469
    endloop
  endfacet
  facet normal 0.859664 -0.488415 -0.149762
    outer loop
      vertex 3.39975 -5.90751 12.99
      vertex 3.40606 -5.89947 13
      vertex 3.40235 -5.906 13
    endloop
  endfacet
  facet normal 0.859866 -0.487891 -0.150311
    outer loop
      vertex 3.40606 -5.89947 13
      vertex 3.39975 -5.90751 12.99
      vertex 2.3481 -4.06703 1
    endloop
  endfacet
  facet normal 0.859438 -0.48862 -0.150386
    outer loop
      vertex 3.12222 -6.3165 12.7328
      vertex 2.3481 -4.06703 1
      vertex 3.39975 -5.90751 12.99
    endloop
  endfacet
  facet normal 0.859454 -0.488595 -0.150382
    outer loop
      vertex 2.76313 -6.84572 12.4
      vertex 2.3481 -4.06703 1
      vertex 3.12222 -6.3165 12.7328
    endloop
  endfacet
  facet normal 0.859447 -0.488605 -0.150384
    outer loop
      vertex 2.76313 -6.84572 12.4
      vertex 0.342961 -7.59403 1
      vertex 2.3481 -4.06703 1
    endloop
  endfacet
  facet normal 0.859445 -0.48861 -0.150383
    outer loop
      vertex 1.90506 -8.35503 12.4
      vertex 0.342961 -7.59403 1
      vertex 2.76313 -6.84572 12.4
    endloop
  endfacet
  facet normal 0.859447 -0.488605 -0.150383
    outer loop
      vertex 0.342961 -7.59403 1
      vertex 1.90506 -8.35503 12.4
      vertex 1.39639 -9.41862 12.9486
    endloop
  endfacet
  facet normal 0.866024 0.500002 1.92536e-06
    outer loop
      vertex 2.91376 -12.0468 12.464
      vertex 2.39486 -11.148 1
      vertex 0.535989 -7.92836 1
    endloop
  endfacet
  facet normal 0.866015 0.500017 3.51145e-06
    outer loop
      vertex 3.19881 -12.5405 12.7216
      vertex 2.39486 -11.148 1
      vertex 2.91376 -12.0468 12.464
    endloop
  endfacet
  facet normal 0.866041 0.499972 -3.65742e-06
    outer loop
      vertex 2.39486 -11.148 1
      vertex 3.19881 -12.5405 12.7216
      vertex 3.44815 -12.9724 12.9469
    endloop
  endfacet
  facet normal -0.859527 0.488459 0.150405
    outer loop
      vertex 6.74525 -10.659 1
      vertex 8.90506 -10.3687 12.4
      vertex 9.02333 -10.1935 12.5069
    endloop
  endfacet
  facet normal -0.859448 0.488603 0.150386
    outer loop
      vertex 6.4519 -11.175 1
      vertex 8.90506 -10.3687 12.4
      vertex 6.74525 -10.659 1
    endloop
  endfacet
  facet normal -0.859446 0.488608 0.150385
    outer loop
      vertex 6.4519 -11.175 1
      vertex 8.047 -11.878 12.4
      vertex 8.90506 -10.3687 12.4
    endloop
  endfacet
  facet normal -0.859428 0.488638 0.150385
    outer loop
      vertex 6.4519 -11.175 1
      vertex 7.74498 -12.5115 12.7324
      vertex 8.047 -11.878 12.4
    endloop
  endfacet
  facet normal -0.859446 0.488608 0.150383
    outer loop
      vertex 6.4519 -11.175 1
      vertex 7.51097 -13.0024 12.99
      vertex 7.74498 -12.5115 12.7324
    endloop
  endfacet
  facet normal -0.863626 0.481407 0.149655
    outer loop
      vertex 7.51097 -13.0024 12.99
      vertex 6.4519 -11.175 1
      vertex 7.50986 -13.0075 13
    endloop
  endfacet
  facet normal -0.861671 0.484363 0.15138
    outer loop
      vertex 7.51357 -13.0009 13
      vertex 7.51097 -13.0024 12.99
      vertex 7.50986 -13.0075 13
    endloop
  endfacet
  facet normal -0.866017 -0.500014 5.23236e-07
    outer loop
      vertex 8.20119 -7.20488 1
      vertex 7.96724 -6.79967 12.4
      vertex 7.94892 -6.76794 12.4198
    endloop
  endfacet
  facet normal -0.866023 -0.500004 6.43715e-08
    outer loop
      vertex 8.45704 -7.64802 1
      vertex 7.96724 -6.79967 12.4
      vertex 8.20119 -7.20488 1
    endloop
  endfacet
  facet normal -0.866025 -0.5 -3.28917e-07
    outer loop
      vertex 8.45704 -7.64802 1
      vertex 8.90506 -8.42402 12.4
      vertex 7.96724 -6.79967 12.4
    endloop
  endfacet
  facet normal -0.866025 -0.500001 -3.36081e-07
    outer loop
      vertex 8.90506 -8.42402 12.4
      vertex 8.45704 -7.64802 1
      vertex 9.51032 -9.47236 12.9469
    endloop
  endfacet
  facet normal 0 0 1
    outer loop
      vertex 8.20119 -7.20488 1
      vertex 6.74525 -10.659 1
      vertex 8.45704 -7.64802 1
    endloop
  endfacet
  facet normal 0 0 1
    outer loop
      vertex 5.85835 -11.1711 1
      vertex 6.74525 -10.659 1
      vertex 8.20119 -7.20488 1
    endloop
  endfacet
  facet normal 0 0 1
    outer loop
      vertex 6.04548 -4.09163 1
      vertex 8.20119 -7.20488 1
      vertex 6.40514 -4.09403 1
    endloop
  endfacet
  facet normal 0 0 1
    outer loop
      vertex 0.535989 -7.92836 1
      vertex 8.20119 -7.20488 1
      vertex 6.04548 -4.09163 1
    endloop
  endfacet
  facet normal 0 0 1
    outer loop
      vertex 6.74525 -10.659 1
      vertex 5.85835 -11.1711 1
      vertex 6.4519 -11.175 1
    endloop
  endfacet
  facet normal 0 0 1
    outer loop
      vertex 8.20119 -7.20488 1
      vertex 0.535989 -7.92836 1
      vertex 5.85835 -11.1711 1
    endloop
  endfacet
  facet normal 0 0 1
    outer loop
      vertex 0.535989 -7.92836 1
      vertex 6.04548 -4.09163 1
      vertex 2.3481 -4.06703 1
    endloop
  endfacet
  facet normal 0 0 1
    outer loop
      vertex 5.85835 -11.1711 1
      vertex 0.535989 -7.92836 1
      vertex 2.39486 -11.148 1
    endloop
  endfacet
  facet normal 0 -0 1
    outer loop
      vertex 0.535989 -7.92836 1
      vertex 2.3481 -4.06703 1
      vertex 0.342961 -7.59403 1
    endloop
  endfacet
  facet normal 1 -0 0
    outer loop
      vertex 1.35796 -11.8206 13
      vertex 1.35796 -7.08633 12.99
      vertex 1.35796 -7.08633 13
    endloop
  endfacet
  facet normal 1 0 0
    outer loop
      vertex 1.35796 -7.08633 12.99
      vertex 1.35796 -11.8206 13
      vertex 1.35796 -11.8206 12.99
    endloop
  endfacet
  facet normal -0.320688 0.555465 0.767214
    outer loop
      vertex 6.62917 -12.9368 12.5739
      vertex 5.45796 -14.1877 12.99
      vertex 7.50496 -13.0059 12.99
    endloop
  endfacet
  facet normal -0.320675 0.555456 0.767226
    outer loop
      vertex 5.45796 -14.1877 12.99
      vertex 6.62917 -12.9368 12.5739
      vertex 5.40506 -13.4033 12.4
    endloop
  endfacet
  facet normal -0.320691 0.555467 0.767212
    outer loop
      vertex 9.55796 -11.8206 12.99
      vertex 7.74498 -12.5115 12.7324
      vertex 7.51097 -13.0024 12.99
    endloop
  endfacet
  facet normal 0.5 -0.866025 0.000596287
    outer loop
      vertex 3.41618 -5.89802 12.99
      vertex 5.45796 -4.71919 13
      vertex 3.41357 -5.89952 13
    endloop
  endfacet
  facet normal 0.500002 -0.866024 0
    outer loop
      vertex 5.45796 -4.71919 13
      vertex 3.41618 -5.89802 12.99
      vertex 5.45796 -4.71919 12.99
    endloop
  endfacet
  facet normal 0.499997 -0.866027 0
    outer loop
      vertex 3.39975 -5.90751 12.99
      vertex 1.35796 -7.08633 13
      vertex 1.35796 -7.08633 12.99
    endloop
  endfacet
  facet normal 0.5 -0.866025 0.000769738
    outer loop
      vertex 1.35796 -7.08633 13
      vertex 3.39975 -5.90751 12.99
      vertex 3.40235 -5.906 13
    endloop
  endfacet
  facet normal -0.499988 0.866032 -0.000592219
    outer loop
      vertex 5.45796 -14.1877 12.99
      vertex 7.50235 -13.0074 13
      vertex 7.50496 -13.0059 12.99
    endloop
  endfacet
  facet normal -0.499991 0.866031 0
    outer loop
      vertex 7.50235 -13.0074 13
      vertex 5.45796 -14.1877 12.99
      vertex 5.45796 -14.1877 13
    endloop
  endfacet
  facet normal -0.499991 0.866031 0
    outer loop
      vertex 9.55796 -11.8206 12.99
      vertex 7.51357 -13.0009 13
      vertex 9.55796 -11.8206 13
    endloop
  endfacet
  facet normal -0.49999 0.866031 9.2865e-05
    outer loop
      vertex 7.51357 -13.0009 13
      vertex 9.55796 -11.8206 12.99
      vertex 7.51097 -13.0024 12.99
    endloop
  endfacet
  facet normal 0.733263 0 0.679946
    outer loop
      vertex 1.35796 -7.08633 12.99
      vertex 1.90506 -8.35503 12.4
      vertex 1.90506 -7.34112 12.4
    endloop
  endfacet
  facet normal 0.733277 1.31638e-05 0.67993
    outer loop
      vertex 1.35796 -7.08633 12.99
      vertex 1.39639 -9.41862 12.9486
      vertex 1.90506 -8.35503 12.4
    endloop
  endfacet
  facet normal 0.733279 -1.28657e-05 0.679928
    outer loop
      vertex 1.35796 -11.8206 12.99
      vertex 1.90506 -10.2997 12.4
      vertex 1.39639 -9.41862 12.9486
    endloop
  endfacet
  facet normal 0.733263 0 0.679946
    outer loop
      vertex 1.90506 -10.2997 12.4
      vertex 1.35796 -11.8206 12.99
      vertex 1.90506 -11.3826 12.4
    endloop
  endfacet
  facet normal 0.732907 -0 0.680329
    outer loop
      vertex 1.35796 -11.8206 12.99
      vertex 1.39639 -9.41862 12.9486
      vertex 1.35796 -7.08633 12.99
    endloop
  endfacet
  facet normal 0.33526 0.580655 0.741916
    outer loop
      vertex 4.17259 -12.9213 12.5797
      vertex 5.45796 -14.1877 12.99
      vertex 5.40506 -13.4033 12.4
    endloop
  endfacet
  facet normal 0.335157 0.580584 0.742019
    outer loop
      vertex 3.44815 -12.9724 12.9469
      vertex 5.45796 -14.1877 12.99
      vertex 4.17259 -12.9213 12.5797
    endloop
  endfacet
  facet normal 0.33563 0.581337 0.741216
    outer loop
      vertex 3.44815 -12.9724 12.9469
      vertex 1.35796 -11.8206 12.99
      vertex 5.45796 -14.1877 12.99
    endloop
  endfacet
  facet normal 0.335232 0.580587 0.741982
    outer loop
      vertex 1.35796 -11.8206 12.99
      vertex 3.44815 -12.9724 12.9469
      vertex 3.19881 -12.5405 12.7216
    endloop
  endfacet
  facet normal 0.33522 0.580673 0.741921
    outer loop
      vertex 1.35796 -11.8206 12.99
      vertex 2.84288 -11.924 12.4
      vertex 1.90506 -11.3826 12.4
    endloop
  endfacet
  facet normal 0.335291 0.580324 0.742162
    outer loop
      vertex 2.84288 -11.924 12.4
      vertex 1.35796 -11.8206 12.99
      vertex 2.91376 -12.0468 12.464
    endloop
  endfacet
  facet normal 0.335255 0.580674 0.741904
    outer loop
      vertex 2.91376 -12.0468 12.464
      vertex 1.35796 -11.8206 12.99
      vertex 3.19881 -12.5405 12.7216
    endloop
  endfacet
  facet normal 0.335233 0.580588 0.741982
    outer loop
      vertex 4.31619 -12.9112 12.5069
      vertex 5.40506 -13.4033 12.4
      vertex 4.52699 -12.8963 12.4
    endloop
  endfacet
  facet normal 0.335268 0.580686 0.741888
    outer loop
      vertex 5.40506 -13.4033 12.4
      vertex 4.31619 -12.9112 12.5069
      vertex 4.17259 -12.9213 12.5797
    endloop
  endfacet
  facet normal 0.499994 0.866029 -0
    outer loop
      vertex 5.45796 -14.1877 12.99
      vertex 1.35796 -11.8206 13
      vertex 5.45796 -14.1877 13
    endloop
  endfacet
  facet normal 0.499994 0.866029 0
    outer loop
      vertex 1.35796 -11.8206 13
      vertex 5.45796 -14.1877 12.99
      vertex 1.35796 -11.8206 12.99
    endloop
  endfacet
  facet normal -0.36663 -0.635022 0.679949
    outer loop
      vertex 9.55796 -7.08633 12.99
      vertex 7.96724 -6.79967 12.4
      vertex 8.90506 -7.34112 12.4
    endloop
  endfacet
  facet normal -0.366547 -0.635614 0.679439
    outer loop
      vertex 9.55796 -7.08633 12.99
      vertex 7.94892 -6.76794 12.4198
      vertex 7.96724 -6.79967 12.4
    endloop
  endfacet
  facet normal -0.366622 -0.634946 0.680024
    outer loop
      vertex 7.94892 -6.76794 12.4198
      vertex 9.55796 -7.08633 12.99
      vertex 7.66899 -6.28308 12.7216
    endloop
  endfacet
  facet normal -0.366596 -0.634962 0.680023
    outer loop
      vertex 6.28314 -5.82735 12.4
      vertex 6.66742 -5.85719 12.5793
      vertex 5.40506 -5.32039 12.4
    endloop
  endfacet
  facet normal -0.500001 -0.866025 0
    outer loop
      vertex 5.45796 -4.71919 12.99
      vertex 9.55796 -7.08633 13
      vertex 5.45796 -4.71919 13
    endloop
  endfacet
  facet normal -0.500001 -0.866025 -0
    outer loop
      vertex 9.55796 -7.08633 13
      vertex 5.45796 -4.71919 12.99
      vertex 9.55796 -7.08633 12.99
    endloop
  endfacet
  facet normal 0.383298 -0.663887 0.642134
    outer loop
      vertex 4.21428 -5.83999 12.5736
      vertex 5.45796 -4.71919 12.99
      vertex 3.41618 -5.89802 12.99
    endloop
  endfacet
  facet normal 0.383304 -0.663891 0.642126
    outer loop
      vertex 5.45796 -4.71919 12.99
      vertex 4.21428 -5.83999 12.5736
      vertex 5.40506 -5.32039 12.4
    endloop
  endfacet
  facet normal 0.383302 -0.663903 0.642115
    outer loop
      vertex 3.12222 -6.3165 12.7328
      vertex 3.39975 -5.90751 12.99
      vertex 1.35796 -7.08633 12.99
    endloop
  endfacet
  facet normal -0.366667 -0.635111 0.679845
    outer loop
      vertex 9.55796 -7.08633 12.99
      vertex 7.45857 -5.91861 12.9486
      vertex 7.66899 -6.28308 12.7216
    endloop
  endfacet
  facet normal -0.366491 -0.634781 0.680248
    outer loop
      vertex 5.45796 -4.71919 12.99
      vertex 7.45857 -5.91861 12.9486
      vertex 9.55796 -7.08633 12.99
    endloop
  endfacet
  facet normal -0.366668 -0.635062 0.67989
    outer loop
      vertex 5.45796 -4.71919 12.99
      vertex 6.66742 -5.85719 12.5793
      vertex 7.45857 -5.91861 12.9486
    endloop
  endfacet
  facet normal -0.366613 -0.635027 0.679953
    outer loop
      vertex 6.66742 -5.85719 12.5793
      vertex 5.45796 -4.71919 12.99
      vertex 5.40506 -5.32039 12.4
    endloop
  endfacet
  facet normal -0.320688 0.555449 0.767226
    outer loop
      vertex 8.047 -11.878 12.4
      vertex 9.55796 -11.8206 12.99
      vertex 8.90506 -11.3826 12.4
    endloop
  endfacet
  facet normal -0.320687 0.555452 0.767224
    outer loop
      vertex 9.55796 -11.8206 12.99
      vertex 8.047 -11.878 12.4
      vertex 7.74498 -12.5115 12.7324
    endloop
  endfacet
  facet normal -0.320663 0.555413 0.767263
    outer loop
      vertex 6.62917 -12.9368 12.5739
      vertex 6.26313 -12.9079 12.4
      vertex 5.40506 -13.4033 12.4
    endloop
  endfacet
  facet normal 0 -0 1
    outer loop
      vertex 8.90506 -11.3826 12.4
      vertex 8.90506 -10.3687 12.4
      vertex 8.047 -11.878 12.4
    endloop
  endfacet
  facet normal 0 -0 1
    outer loop
      vertex 8.90506 -8.42402 12.4
      vertex 8.90506 -7.34112 12.4
      vertex 7.96724 -6.79967 12.4
    endloop
  endfacet
  facet normal 0 0 1
    outer loop
      vertex 6.28314 -5.82735 12.4
      vertex 5.40506 -5.32039 12.4
      vertex 4.547 -5.8158 12.4
    endloop
  endfacet
  facet normal 0 -0 1
    outer loop
      vertex 5.40506 -13.4033 12.4
      vertex 6.26313 -12.9079 12.4
      vertex 4.52699 -12.8963 12.4
    endloop
  endfacet
  facet normal 0 0 1
    outer loop
      vertex 2.84288 -11.924 12.4
      vertex 1.90506 -10.2997 12.4
      vertex 1.90506 -11.3826 12.4
    endloop
  endfacet
  facet normal 0 0 1
    outer loop
      vertex 2.76313 -6.84572 12.4
      vertex 1.90506 -7.34112 12.4
      vertex 1.90506 -8.35503 12.4
    endloop
  endfacet
  facet normal 0.383288 -0.663831 0.642199
    outer loop
      vertex 4.51543 -5.81809 12.4165
      vertex 5.40506 -5.32039 12.4
      vertex 4.21428 -5.83999 12.5736
    endloop
  endfacet
  facet normal 0.38352 -0.664265 0.64161
    outer loop
      vertex 5.40506 -5.32039 12.4
      vertex 4.51543 -5.81809 12.4165
      vertex 4.547 -5.8158 12.4
    endloop
  endfacet
  facet normal 0.383299 -0.663892 0.642129
    outer loop
      vertex 1.90506 -7.34112 12.4
      vertex 3.12222 -6.3165 12.7328
      vertex 1.35796 -7.08633 12.99
    endloop
  endfacet
  facet normal 0.383288 -0.663883 0.642144
    outer loop
      vertex 3.12222 -6.3165 12.7328
      vertex 1.90506 -7.34112 12.4
      vertex 2.76313 -6.84572 12.4
    endloop
  endfacet
  facet normal -1 0 0
    outer loop
      vertex 9.55796 -11.8206 12.99
      vertex 9.55796 -7.08633 13
      vertex 9.55796 -7.08633 12.99
    endloop
  endfacet
  facet normal -1 -0 0
    outer loop
      vertex 9.55796 -7.08633 13
      vertex 9.55796 -11.8206 12.99
      vertex 9.55796 -11.8206 13
    endloop
  endfacet
  facet normal -0.670889 0 0.741558
    outer loop
      vertex 9.55796 -7.08633 12.99
      vertex 9.51032 -9.47236 12.9469
      vertex 9.55796 -11.8206 12.99
    endloop
  endfacet
  facet normal -0.670464 0 0.741942
    outer loop
      vertex 8.90506 -8.42402 12.4
      vertex 9.55796 -7.08633 12.99
      vertex 8.90506 -7.34112 12.4
    endloop
  endfacet
  facet normal -0.670446 -1.60845e-05 0.741959
    outer loop
      vertex 9.55796 -7.08633 12.99
      vertex 8.90506 -8.42402 12.4
      vertex 9.51032 -9.47236 12.9469
    endloop
  endfacet
  facet normal -0.670416 1.74289e-05 0.741985
    outer loop
      vertex 9.02333 -10.1935 12.5069
      vertex 9.55796 -11.8206 12.99
      vertex 9.51032 -9.47236 12.9469
    endloop
  endfacet
  facet normal -0.670514 -4.07376e-05 0.741897
    outer loop
      vertex 8.90506 -10.3687 12.4
      vertex 9.55796 -11.8206 12.99
      vertex 9.02333 -10.1935 12.5069
    endloop
  endfacet
  facet normal -0.670464 0 0.741942
    outer loop
      vertex 9.55796 -11.8206 12.99
      vertex 8.90506 -10.3687 12.4
      vertex 8.90506 -11.3826 12.4
    endloop
  endfacet
  facet normal 0.988605 0.00654773 -0.15039
    outer loop
      vertex 11.4015 -7.73254 12.4457
      vertex 9.64601 -5.56912 1
      vertex 11.395 -6.57888 12.4532
    endloop
  endfacet
  facet normal 0.988606 0.00657753 -0.150385
    outer loop
      vertex 9.64601 -5.56912 1
      vertex 11.4015 -7.73254 12.4457
      vertex 9.67061 -9.26651 1
    endloop
  endfacet
  facet normal -0.500004 -0.866023 1.51148e-06
    outer loop
      vertex 13.5073 -3.75701 1
      vertex 16.3319 -5.38779 12.4
      vertex 14.9408 -4.58463 12.4
    endloop
  endfacet
  facet normal -0.500449 -0.865766 9.21369e-05
    outer loop
      vertex 13.173 -3.56398 1
      vertex 14.9408 -4.58463 12.4
      vertex 14.9179 -4.57139 12.4266
    endloop
  endfacet
  facet normal -0.500042 -0.866001 7.98485e-06
    outer loop
      vertex 13.5073 -3.75701 1
      vertex 14.9408 -4.58463 12.4
      vertex 13.173 -3.56398 1
    endloop
  endfacet
  facet normal -0.500007 -0.866021 2.51322e-06
    outer loop
      vertex 16.3319 -5.38779 12.4
      vertex 13.5073 -3.75701 1
      vertex 17.6027 -6.1215 12.4
    endloop
  endfacet
  facet normal -0.988606 -0.0065704 0.150384
    outer loop
      vertex 16.754 -9.67292 1
      vertex 18.4962 -9.80637 12.4472
      vertex 16.7306 -6.15207 1
    endloop
  endfacet
  facet normal -0.988606 -0.00656309 0.150384
    outer loop
      vertex 18.4962 -9.80637 12.4472
      vertex 16.754 -9.67292 1
      vertex 18.5029 -10.6827 12.453
    endloop
  endfacet
  facet normal -0.488529 0.859491 0.150379
    outer loop
      vertex 16.754 -9.67292 1
      vertex 18.1502 -10.8827 12.4503
      vertex 18.5029 -10.6827 12.453
    endloop
  endfacet
  facet normal -0.488664 0.859413 0.150387
    outer loop
      vertex 16.754 -9.67292 1
      vertex 17.7407 -11.115 12.4472
      vertex 18.1502 -10.8827 12.4503
    endloop
  endfacet
  facet normal -0.48861 0.859444 0.150386
    outer loop
      vertex 17.7407 -11.115 12.4472
      vertex 16.754 -9.67292 1
      vertex 13.6931 -11.4131 1
    endloop
  endfacet
  facet normal 0.488606 -0.859446 -0.150386
    outer loop
      vertex 13.173 -3.56398 1
      vertex 11.395 -6.57888 12.4532
      vertex 9.64601 -5.56912 1
    endloop
  endfacet
  facet normal 0.488608 -0.859445 -0.150386
    outer loop
      vertex 11.395 -6.57888 12.4532
      vertex 13.173 -3.56398 1
      vertex 14.7515 -4.66623 12.4279
    endloop
  endfacet
  facet normal 0.488653 -0.859419 -0.150389
    outer loop
      vertex 14.7515 -4.66623 12.4279
      vertex 13.173 -3.56398 1
      vertex 14.9179 -4.57139 12.4266
    endloop
  endfacet
  facet normal -0.499986 -0.866034 -4.0836e-06
    outer loop
      vertex 16.727 -5.61588 1
      vertex 18.0129 -6.35832 12.4
      vertex 17.6027 -6.1215 12.4
    endloop
  endfacet
  facet normal -0.499995 -0.866028 -3.1205e-06
    outer loop
      vertex 16.727 -5.61588 1
      vertex 17.6027 -6.1215 12.4
      vertex 13.5073 -3.75701 1
    endloop
  endfacet
  facet normal -0.499988 -0.866033 -3.78862e-06
    outer loop
      vertex 18.0129 -6.35832 12.4
      vertex 16.727 -5.61588 1
      vertex 18.4408 -6.60536 12.4
    endloop
  endfacet
  facet normal -0.499146 -0.866518 -0.000172483
    outer loop
      vertex 18.4408 -6.60536 12.4
      vertex 16.727 -5.61588 1
      vertex 18.4719 -6.62328 12.4265
    endloop
  endfacet
  facet normal -0.988606 -0.00663754 0.150381
    outer loop
      vertex 16.7306 -6.15207 1
      vertex 18.4719 -6.62328 12.4265
      vertex 16.727 -5.61588 1
    endloop
  endfacet
  facet normal -0.988606 -0.00656914 0.150384
    outer loop
      vertex 18.4719 -6.62328 12.4265
      vertex 16.7306 -6.15207 1
      vertex 18.4962 -9.80637 12.4472
    endloop
  endfacet
  facet normal -0.488612 0.859443 0.150387
    outer loop
      vertex 13.6931 -11.4131 1
      vertex 14.9719 -12.6855 12.4265
      vertex 17.7407 -11.115 12.4472
    endloop
  endfacet
  facet normal -0.488629 0.859433 0.150387
    outer loop
      vertex 14.9719 -12.6855 12.4265
      vertex 13.6931 -11.4131 1
      vertex 13.227 -11.6781 1
    endloop
  endfacet
  facet normal 0.499995 0.866028 -3.81269e-06
    outer loop
      vertex 13.227 -11.6781 1
      vertex 11.4408 -10.6468 12.4
      vertex 14.9408 -12.6675 12.4
    endloop
  endfacet
  facet normal 0.501066 0.865409 -0.000218533
    outer loop
      vertex 13.227 -11.6781 1
      vertex 14.9408 -12.6675 12.4
      vertex 14.9719 -12.6855 12.4265
    endloop
  endfacet
  facet normal 0.500007 0.866021 -1.38878e-06
    outer loop
      vertex 9.673 -9.62616 1
      vertex 11.4408 -10.6468 12.4
      vertex 13.227 -11.6781 1
    endloop
  endfacet
  facet normal 0.499487 0.866321 0.000106
    outer loop
      vertex 11.4408 -10.6468 12.4
      vertex 9.673 -9.62616 1
      vertex 11.4179 -10.6336 12.4266
    endloop
  endfacet
  facet normal 0.988606 0.0065788 -0.150385
    outer loop
      vertex 11.4179 -10.6336 12.4266
      vertex 9.67061 -9.26651 1
      vertex 11.4015 -7.73254 12.4457
    endloop
  endfacet
  facet normal 0.988606 0.00656963 -0.150386
    outer loop
      vertex 9.67061 -9.26651 1
      vertex 11.4179 -10.6336 12.4266
      vertex 9.673 -9.62616 1
    endloop
  endfacet
  facet normal 0 0 1
    outer loop
      vertex 13.5073 -3.75701 1
      vertex 16.7306 -6.15207 1
      vertex 16.727 -5.61588 1
    endloop
  endfacet
  facet normal 0 0 1
    outer loop
      vertex 16.7306 -6.15207 1
      vertex 13.6931 -11.4131 1
      vertex 16.754 -9.67292 1
    endloop
  endfacet
  facet normal 0 0 1
    outer loop
      vertex 16.7306 -6.15207 1
      vertex 13.5073 -3.75701 1
      vertex 13.6931 -11.4131 1
    endloop
  endfacet
  facet normal -0 0 1
    outer loop
      vertex 9.67061 -9.26651 1
      vertex 13.6931 -11.4131 1
      vertex 13.5073 -3.75701 1
    endloop
  endfacet
  facet normal 0 0 1
    outer loop
      vertex 9.64601 -5.56912 1
      vertex 13.5073 -3.75701 1
      vertex 13.173 -3.56398 1
    endloop
  endfacet
  facet normal 0 0 1
    outer loop
      vertex 13.6931 -11.4131 1
      vertex 9.67061 -9.26651 1
      vertex 13.227 -11.6781 1
    endloop
  endfacet
  facet normal 0 0 1
    outer loop
      vertex 13.227 -11.6781 1
      vertex 9.67061 -9.26651 1
      vertex 9.673 -9.62616 1
    endloop
  endfacet
  facet normal 0 0 1
    outer loop
      vertex 13.5073 -3.75701 1
      vertex 9.64601 -5.56912 1
      vertex 9.67061 -9.26651 1
    endloop
  endfacet
  facet normal -0.324717 0.562264 0.760538
    outer loop
      vertex 17.7407 -11.115 12.4472
      vertex 15.0324 -13.4133 12.99
      vertex 18.1502 -10.8827 12.4503
    endloop
  endfacet
  facet normal -0.324497 0.562062 0.760782
    outer loop
      vertex 14.9719 -12.6855 12.4265
      vertex 15.0324 -13.4133 12.99
      vertex 17.7407 -11.115 12.4472
    endloop
  endfacet
  facet normal -0.323013 0.562451 0.761125
    outer loop
      vertex 15.0324 -13.4133 12.99
      vertex 14.9719 -12.6855 12.4265
      vertex 14.9408 -12.6675 12.4
    endloop
  endfacet
  facet normal -0.649057 0 0.76074
    outer loop
      vertex 18.4962 -9.80637 12.4472
      vertex 19.1324 -11.0461 12.99
      vertex 19.1324 -6.31185 12.99
    endloop
  endfacet
  facet normal -0.648973 7.36964e-05 0.760811
    outer loop
      vertex 19.1324 -11.0461 12.99
      vertex 18.4962 -9.80637 12.4472
      vertex 18.5029 -10.6827 12.453
    endloop
  endfacet
  facet normal -0.649033 -7.46339e-06 0.76076
    outer loop
      vertex 19.1324 -6.31185 12.99
      vertex 18.4719 -6.62328 12.4265
      vertex 18.4962 -9.80637 12.4472
    endloop
  endfacet
  facet normal -0.648826 -0.000763707 0.760936
    outer loop
      vertex 18.4719 -6.62328 12.4265
      vertex 19.1324 -6.31185 12.99
      vertex 18.4408 -6.60536 12.4
    endloop
  endfacet
  facet normal 0.378769 -0.656066 0.652772
    outer loop
      vertex 11.395 -6.57888 12.4532
      vertex 14.7515 -4.66623 12.4279
      vertex 10.9324 -6.31185 12.99
    endloop
  endfacet
  facet normal 0.350542 0.607164 0.713073
    outer loop
      vertex 15.0324 -13.4133 12.99
      vertex 14.9408 -12.6675 12.4
      vertex 11.4408 -10.6468 12.4
    endloop
  endfacet
  facet normal 0.757527 2.41758e-05 0.652804
    outer loop
      vertex 10.9324 -6.31185 12.99
      vertex 11.4015 -7.73254 12.4457
      vertex 11.395 -6.57888 12.4532
    endloop
  endfacet
  facet normal 0.757495 -0 0.652841
    outer loop
      vertex 10.9324 -11.0461 12.99
      vertex 11.4015 -7.73254 12.4457
      vertex 10.9324 -6.31185 12.99
    endloop
  endfacet
  facet normal 0.757721 -0.000512024 0.652578
    outer loop
      vertex 11.4179 -10.6336 12.4266
      vertex 10.9324 -11.0461 12.99
      vertex 11.4408 -10.6468 12.4
    endloop
  endfacet
  facet normal 0.757542 -1.53553e-05 0.652787
    outer loop
      vertex 11.4015 -7.73254 12.4457
      vertex 10.9324 -11.0461 12.99
      vertex 11.4179 -10.6336 12.4266
    endloop
  endfacet
  facet normal 1 -0 0
    outer loop
      vertex 10.9324 -11.0461 13
      vertex 10.9324 -6.31185 12.99
      vertex 10.9324 -6.31185 13
    endloop
  endfacet
  facet normal 1 0 0
    outer loop
      vertex 10.9324 -6.31185 12.99
      vertex 10.9324 -11.0461 13
      vertex 10.9324 -11.0461 12.99
    endloop
  endfacet
  facet normal 0.500001 -0.866025 0
    outer loop
      vertex 10.9324 -6.31185 12.99
      vertex 15.0324 -3.94471 13
      vertex 10.9324 -6.31185 13
    endloop
  endfacet
  facet normal 0.500001 -0.866025 0
    outer loop
      vertex 15.0324 -3.94471 13
      vertex 10.9324 -6.31185 12.99
      vertex 15.0324 -3.94471 12.99
    endloop
  endfacet
  facet normal -0.350567 -0.60722 0.713012
    outer loop
      vertex 19.1324 -6.31185 12.99
      vertex 18.0129 -6.35832 12.4
      vertex 18.4408 -6.60536 12.4
    endloop
  endfacet
  facet normal -0.350566 -0.607222 0.713011
    outer loop
      vertex 19.1324 -6.31185 12.99
      vertex 17.6027 -6.1215 12.4
      vertex 18.0129 -6.35832 12.4
    endloop
  endfacet
  facet normal -0.350571 -0.607195 0.713031
    outer loop
      vertex 19.1324 -6.31185 12.99
      vertex 16.3319 -5.38779 12.4
      vertex 17.6027 -6.1215 12.4
    endloop
  endfacet
  facet normal -0.350572 -0.607202 0.713025
    outer loop
      vertex 16.3319 -5.38779 12.4
      vertex 19.1324 -6.31185 12.99
      vertex 14.9408 -4.58463 12.4
    endloop
  endfacet
  facet normal -0.324532 0.562042 0.760781
    outer loop
      vertex 18.1502 -10.8827 12.4503
      vertex 19.1324 -11.0461 12.99
      vertex 18.5029 -10.6827 12.453
    endloop
  endfacet
  facet normal -0.32452 0.562069 0.760766
    outer loop
      vertex 19.1324 -11.0461 12.99
      vertex 18.1502 -10.8827 12.4503
      vertex 15.0324 -13.4133 12.99
    endloop
  endfacet
  facet normal -0.50001 0.86602 0
    outer loop
      vertex 19.1324 -11.0461 12.99
      vertex 15.0324 -13.4133 13
      vertex 19.1324 -11.0461 13
    endloop
  endfacet
  facet normal -0.50001 0.86602 0
    outer loop
      vertex 15.0324 -13.4133 13
      vertex 19.1324 -11.0461 12.99
      vertex 15.0324 -13.4133 12.99
    endloop
  endfacet
  facet normal -0.350574 -0.607212 0.713016
    outer loop
      vertex 19.1324 -6.31185 12.99
      vertex 15.0324 -3.94471 12.99
      vertex 14.9408 -4.58463 12.4
    endloop
  endfacet
  facet normal -1 0 0
    outer loop
      vertex 19.1324 -11.0461 12.99
      vertex 19.1324 -6.31185 13
      vertex 19.1324 -6.31185 12.99
    endloop
  endfacet
  facet normal -1 -0 0
    outer loop
      vertex 19.1324 -6.31185 13
      vertex 19.1324 -11.0461 12.99
      vertex 19.1324 -11.0461 13
    endloop
  endfacet
  facet normal 0.37876 -0.656031 0.652812
    outer loop
      vertex 14.7515 -4.66623 12.4279
      vertex 15.0324 -3.94471 12.99
      vertex 10.9324 -6.31185 12.99
    endloop
  endfacet
  facet normal 0.379 -0.656023 0.652681
    outer loop
      vertex 14.9179 -4.57139 12.4266
      vertex 15.0324 -3.94471 12.99
      vertex 14.7515 -4.66623 12.4279
    endloop
  endfacet
  facet normal 0.378888 -0.656043 0.652727
    outer loop
      vertex 15.0324 -3.94471 12.99
      vertex 14.9179 -4.57139 12.4266
      vertex 14.9408 -4.58463 12.4
    endloop
  endfacet
  facet normal 0.50001 0.86602 -0
    outer loop
      vertex 15.0324 -13.4133 12.99
      vertex 10.9324 -11.0461 13
      vertex 15.0324 -13.4133 13
    endloop
  endfacet
  facet normal 0.50001 0.86602 0
    outer loop
      vertex 10.9324 -11.0461 13
      vertex 15.0324 -13.4133 12.99
      vertex 10.9324 -11.0461 12.99
    endloop
  endfacet
  facet normal 0.350575 0.607197 0.713028
    outer loop
      vertex 11.4408 -10.6468 12.4
      vertex 10.9324 -11.0461 12.99
      vertex 15.0324 -13.4133 12.99
    endloop
  endfacet
  facet normal -0.500001 -0.866025 0
    outer loop
      vertex 15.0324 -3.94471 12.99
      vertex 19.1324 -6.31185 13
      vertex 15.0324 -3.94471 13
    endloop
  endfacet
  facet normal -0.500001 -0.866025 -0
    outer loop
      vertex 19.1324 -6.31185 13
      vertex 15.0324 -3.94471 12.99
      vertex 19.1324 -6.31185 12.99
    endloop
  endfacet
  facet normal 0 1 0
    outer loop
      vertex -19.6519 -3.5 1
      vertex -18.6723 -3.5 12.4
      vertex -15.5481 -3.5 1
    endloop
  endfacet
  facet normal 0 1 0
    outer loop
      vertex -18.3185 -3.5 12.5908
      vertex -15.5481 -3.5 1
      vertex -18.6723 -3.5 12.4
    endloop
  endfacet
  facet normal 0 1 0
    outer loop
      vertex -15.5481 -3.5 1
      vertex -18.3185 -3.5 12.5908
      vertex -17.655 -3.5 12.9486
    endloop
  endfacet
  facet normal 0 1 0
    outer loop
      vertex -18.6723 -3.5 12.4
      vertex -19.6519 -3.5 1
      vertex -20.5479 -3.5 12.4
    endloop
  endfacet
  facet normal 0 1 0
    outer loop
      vertex -20.5479 -3.5 12.4
      vertex -19.6519 -3.5 1
      vertex -20.9702 -3.5 12.5908
    endloop
  endfacet
  facet normal 0 1 0
    outer loop
      vertex -20.9702 -3.5 12.5908
      vertex -19.6519 -3.5 1
      vertex -21.7585 -3.5 12.9469
    endloop
  endfacet
  facet normal 0.85256 0.500544 0.150328
    outer loop
      vertex -23.8197 0 13
      vertex -23.8159 -0.00346913 12.99
      vertex -21.7038 0 1
    endloop
  endfacet
  facet normal 0.852691 0.500276 0.15047
    outer loop
      vertex -23.8159 -0.00346913 12.99
      vertex -23.8197 0 13
      vertex -23.8159 -0.00647688 13
    endloop
  endfacet
  facet normal 0.852867 0.500003 0.150382
    outer loop
      vertex -23.1101 -1.02992 12.4
      vertex -21.7038 0 1
      vertex -23.8159 -0.00346913 12.99
    endloop
  endfacet
  facet normal 0.852887 0.49997 0.150381
    outer loop
      vertex -22.2321 -2.52768 12.4
      vertex -21.7038 0 1
      vertex -23.1101 -1.02992 12.4
    endloop
  endfacet
  facet normal 0.852853 0.500026 0.150381
    outer loop
      vertex -19.6519 -3.5 1
      vertex -22.2321 -2.52768 12.4
      vertex -21.9481 -3.11072 12.728
    endloop
  endfacet
  facet normal 0.852886 0.499968 0.15039
    outer loop
      vertex -19.6519 -3.5 1
      vertex -21.9481 -3.11072 12.728
      vertex -21.7585 -3.5 12.9469
    endloop
  endfacet
  facet normal 0.852868 0.5 0.150387
    outer loop
      vertex -22.2321 -2.52768 12.4
      vertex -19.6519 -3.5 1
      vertex -21.7038 0 1
    endloop
  endfacet
  facet normal -0.852849 -0.500034 -0.150383
    outer loop
      vertex -15.5481 3.5 1
      vertex -17.3873 3.10967 12.7283
      vertex -17.655 3.5 12.9486
    endloop
  endfacet
  facet normal -0.852859 -0.500017 -0.150384
    outer loop
      vertex -15.5481 3.5 1
      vertex -16.9882 2.52768 12.4
      vertex -17.3873 3.10967 12.7283
    endloop
  endfacet
  facet normal -0.852862 -0.500012 -0.150384
    outer loop
      vertex -15.5481 3.5 1
      vertex -16.1101 1.02992 12.4
      vertex -16.9882 2.52768 12.4
    endloop
  endfacet
  facet normal -0.852869 -0.5 -0.150382
    outer loop
      vertex -13.4962 0 1
      vertex -16.1101 1.02992 12.4
      vertex -15.5481 3.5 1
    endloop
  endfacet
  facet normal -0.85287 -0.499997 -0.150383
    outer loop
      vertex -16.1101 1.02992 12.4
      vertex -13.4962 0 1
      vertex -15.6159 0.00948533 12.99
    endloop
  endfacet
  facet normal -0.852776 -0.500163 -0.150366
    outer loop
      vertex -15.6121 0 13
      vertex -15.6159 0.00948533 12.99
      vertex -13.4962 0 1
    endloop
  endfacet
  facet normal -0.852717 -0.500236 -0.150458
    outer loop
      vertex -15.6159 0.00948533 12.99
      vertex -15.6121 0 13
      vertex -15.6159 0.00647759 13
    endloop
  endfacet
  facet normal 0.852691 -0.500276 0.15047
    outer loop
      vertex -23.8159 0.00647688 13
      vertex -23.8197 0 13
      vertex -23.8159 0.00346913 12.99
    endloop
  endfacet
  facet normal 0.852886 -0.499968 0.15039
    outer loop
      vertex -21.9481 3.11072 12.728
      vertex -19.6519 3.5 1
      vertex -21.7585 3.5 12.9469
    endloop
  endfacet
  facet normal 0.852853 -0.500026 0.150381
    outer loop
      vertex -22.2321 2.52768 12.4
      vertex -19.6519 3.5 1
      vertex -21.9481 3.11072 12.728
    endloop
  endfacet
  facet normal 0.852885 -0.499969 0.150393
    outer loop
      vertex -23.1101 1.02992 12.4
      vertex -19.6519 3.5 1
      vertex -22.2321 2.52768 12.4
    endloop
  endfacet
  facet normal 0.852867 -0.500003 0.150382
    outer loop
      vertex -21.7038 0 1
      vertex -23.1101 1.02992 12.4
      vertex -23.8159 0.00346913 12.99
    endloop
  endfacet
  facet normal 0.85256 -0.500544 0.150328
    outer loop
      vertex -21.7038 0 1
      vertex -23.8159 0.00346913 12.99
      vertex -23.8197 0 13
    endloop
  endfacet
  facet normal 0.852869 -0.5 0.150382
    outer loop
      vertex -23.1101 1.02992 12.4
      vertex -21.7038 0 1
      vertex -19.6519 3.5 1
    endloop
  endfacet
  facet normal -0.852776 0.500163 -0.150366
    outer loop
      vertex -15.6159 -0.00948533 12.99
      vertex -15.6121 0 13
      vertex -13.4962 0 1
    endloop
  endfacet
  facet normal -0.852717 0.500236 -0.150458
    outer loop
      vertex -15.6121 0 13
      vertex -15.6159 -0.00948533 12.99
      vertex -15.6159 -0.00647759 13
    endloop
  endfacet
  facet normal -0.85287 0.499997 -0.150383
    outer loop
      vertex -13.4962 0 1
      vertex -16.1101 -1.02992 12.4
      vertex -15.6159 -0.00948533 12.99
    endloop
  endfacet
  facet normal -0.852862 0.500012 -0.150379
    outer loop
      vertex -13.4962 0 1
      vertex -16.9882 -2.52768 12.4
      vertex -16.1101 -1.02992 12.4
    endloop
  endfacet
  facet normal -0.852868 0.5 -0.150384
    outer loop
      vertex -15.5481 -3.5 1
      vertex -16.9882 -2.52768 12.4
      vertex -13.4962 0 1
    endloop
  endfacet
  facet normal -0.852859 0.500017 -0.150384
    outer loop
      vertex -16.9882 -2.52768 12.4
      vertex -15.5481 -3.5 1
      vertex -17.3873 -3.10967 12.7283
    endloop
  endfacet
  facet normal -0.852849 0.500034 -0.150383
    outer loop
      vertex -17.3873 -3.10967 12.7283
      vertex -15.5481 -3.5 1
      vertex -17.655 -3.5 12.9486
    endloop
  endfacet
  facet normal 0 -1 0
    outer loop
      vertex -20.5479 3.5 12.4
      vertex -19.6519 3.5 1
      vertex -18.6723 3.5 12.4
    endloop
  endfacet
  facet normal 0 -1 0
    outer loop
      vertex -20.9702 3.5 12.5908
      vertex -19.6519 3.5 1
      vertex -20.5479 3.5 12.4
    endloop
  endfacet
  facet normal 0 -1 0
    outer loop
      vertex -19.6519 3.5 1
      vertex -20.9702 3.5 12.5908
      vertex -21.7585 3.5 12.9469
    endloop
  endfacet
  facet normal 0 -1 0
    outer loop
      vertex -15.5481 3.5 1
      vertex -18.6723 3.5 12.4
      vertex -19.6519 3.5 1
    endloop
  endfacet
  facet normal 0 -1 0
    outer loop
      vertex -18.6723 3.5 12.4
      vertex -15.5481 3.5 1
      vertex -18.3185 3.5 12.5908
    endloop
  endfacet
  facet normal 0 -1 0
    outer loop
      vertex -18.3185 3.5 12.5908
      vertex -15.5481 3.5 1
      vertex -17.655 3.5 12.9486
    endloop
  endfacet
  facet normal 0 0 1
    outer loop
      vertex -15.5481 3.5 1
      vertex -15.5481 -3.5 1
      vertex -13.4962 0 1
    endloop
  endfacet
  facet normal -0 0 1
    outer loop
      vertex -19.6519 3.5 1
      vertex -15.5481 -3.5 1
      vertex -15.5481 3.5 1
    endloop
  endfacet
  facet normal 0 0 1
    outer loop
      vertex -19.6519 3.5 1
      vertex -19.6519 -3.5 1
      vertex -15.5481 -3.5 1
    endloop
  endfacet
  facet normal 0 -0 1
    outer loop
      vertex -19.6519 -3.5 1
      vertex -19.6519 3.5 1
      vertex -21.7038 0 1
    endloop
  endfacet
  facet normal -0.366673 0.635152 0.679803
    outer loop
      vertex -17.655 -3.5 12.9486
      vertex -15.6159 -2.36714 12.99
      vertex -17.3873 -3.10967 12.7283
    endloop
  endfacet
  facet normal -0.366649 0.635021 0.679939
    outer loop
      vertex -19.7159 -4.73427 12.99
      vertex -18.3185 -3.5 12.5908
      vertex -19.6101 -4.04145 12.4
    endloop
  endfacet
  facet normal -0.366312 0.634473 0.680632
    outer loop
      vertex -17.655 -3.5 12.9486
      vertex -19.7159 -4.73427 12.99
      vertex -15.6159 -2.36714 12.99
    endloop
  endfacet
  facet normal -0.366659 0.635028 0.679927
    outer loop
      vertex -18.3185 -3.5 12.5908
      vertex -19.7159 -4.73427 12.99
      vertex -17.655 -3.5 12.9486
    endloop
  endfacet
  facet normal 0.499999 -0.866026 0
    outer loop
      vertex -23.8159 2.36714 12.99
      vertex -19.7159 4.73427 13
      vertex -23.8159 2.36714 13
    endloop
  endfacet
  facet normal 0.499999 -0.866026 0
    outer loop
      vertex -19.7159 4.73427 13
      vertex -23.8159 2.36714 12.99
      vertex -19.7159 4.73427 12.99
    endloop
  endfacet
  facet normal 1 0 0
    outer loop
      vertex -23.8159 -2.36714 12.99
      vertex -23.8159 -0.00647688 13
      vertex -23.8159 -2.36714 13
    endloop
  endfacet
  facet normal 1 0 0
    outer loop
      vertex -23.8159 -0.00647688 13
      vertex -23.8159 -2.36714 12.99
      vertex -23.8159 -0.00346913 12.99
    endloop
  endfacet
  facet normal 1 -0 0
    outer loop
      vertex -23.8159 0.00647688 13
      vertex -23.8159 2.36714 12.99
      vertex -23.8159 2.36714 13
    endloop
  endfacet
  facet normal 1 0 0
    outer loop
      vertex -23.8159 2.36714 12.99
      vertex -23.8159 0.00647688 13
      vertex -23.8159 0.00346913 12.99
    endloop
  endfacet
  facet normal -0.499999 -0.866026 0
    outer loop
      vertex -19.7159 4.73427 12.99
      vertex -15.6159 2.36714 13
      vertex -19.7159 4.73427 13
    endloop
  endfacet
  facet normal -0.499999 -0.866026 -0
    outer loop
      vertex -15.6159 2.36714 13
      vertex -19.7159 4.73427 12.99
      vertex -15.6159 2.36714 12.99
    endloop
  endfacet
  facet normal 0.64136 -0 0.76724
    outer loop
      vertex -23.8159 -2.36714 12.99
      vertex -23.1101 -1.02992 12.4
      vertex -23.8159 -0.00346913 12.99
    endloop
  endfacet
  facet normal 0.64136 0 0.76724
    outer loop
      vertex -23.1101 -1.02992 12.4
      vertex -23.8159 -2.36714 12.99
      vertex -23.1101 -2.02073 12.4
    endloop
  endfacet
  facet normal 0.64136 0 0.76724
    outer loop
      vertex -23.8159 2.36714 12.99
      vertex -23.1101 1.02992 12.4
      vertex -23.1101 2.02073 12.4
    endloop
  endfacet
  facet normal 0.64136 0 0.76724
    outer loop
      vertex -23.1101 1.02992 12.4
      vertex -23.8159 2.36714 12.99
      vertex -23.8159 0.00346913 12.99
    endloop
  endfacet
  facet normal 0.335232 0.580639 0.741942
    outer loop
      vertex -20.9702 -3.5 12.5908
      vertex -19.7159 -4.73427 12.99
      vertex -19.6101 -4.04145 12.4
    endloop
  endfacet
  facet normal 0.335181 0.580604 0.741993
    outer loop
      vertex -21.7585 -3.5 12.9469
      vertex -19.7159 -4.73427 12.99
      vertex -20.9702 -3.5 12.5908
    endloop
  endfacet
  facet normal 0.335553 0.581196 0.741361
    outer loop
      vertex -21.7585 -3.5 12.9469
      vertex -23.8159 -2.36714 12.99
      vertex -19.7159 -4.73427 12.99
    endloop
  endfacet
  facet normal 0.335198 0.580526 0.742045
    outer loop
      vertex -23.8159 -2.36714 12.99
      vertex -21.7585 -3.5 12.9469
      vertex -21.9481 -3.11072 12.728
    endloop
  endfacet
  facet normal 0.335246 0.580622 0.741949
    outer loop
      vertex -23.8159 -2.36714 12.99
      vertex -22.2321 -2.52768 12.4
      vertex -23.1101 -2.02073 12.4
    endloop
  endfacet
  facet normal 0.335238 0.580672 0.741913
    outer loop
      vertex -22.2321 -2.52768 12.4
      vertex -23.8159 -2.36714 12.99
      vertex -21.9481 -3.11072 12.728
    endloop
  endfacet
  facet normal 0.335227 0.580618 0.741961
    outer loop
      vertex -19.6101 -4.04145 12.4
      vertex -20.5479 -3.5 12.4
      vertex -20.9702 -3.5 12.5908
    endloop
  endfacet
  facet normal -0.499999 0.866026 0
    outer loop
      vertex -15.6159 -2.36714 12.99
      vertex -19.7159 -4.73427 13
      vertex -15.6159 -2.36714 13
    endloop
  endfacet
  facet normal -0.499999 0.866026 0
    outer loop
      vertex -19.7159 -4.73427 13
      vertex -15.6159 -2.36714 12.99
      vertex -19.7159 -4.73427 12.99
    endloop
  endfacet
  facet normal -0.366621 0.635033 0.679942
    outer loop
      vertex -16.9882 -2.52768 12.4
      vertex -15.6159 -2.36714 12.99
      vertex -16.1101 -2.02073 12.4
    endloop
  endfacet
  facet normal -0.366631 0.634991 0.679976
    outer loop
      vertex -15.6159 -2.36714 12.99
      vertex -16.9882 -2.52768 12.4
      vertex -17.3873 -3.10967 12.7283
    endloop
  endfacet
  facet normal -0.36666 0.63506 0.679896
    outer loop
      vertex -18.3185 -3.5 12.5908
      vertex -18.6723 -3.5 12.4
      vertex -19.6101 -4.04145 12.4
    endloop
  endfacet
  facet normal 0 -0 1
    outer loop
      vertex -16.1101 -2.02073 12.4
      vertex -16.1101 -1.02992 12.4
      vertex -16.9882 -2.52768 12.4
    endloop
  endfacet
  facet normal 0 -0 1
    outer loop
      vertex -19.6101 -4.04145 12.4
      vertex -18.6723 -3.5 12.4
      vertex -20.5479 -3.5 12.4
    endloop
  endfacet
  facet normal 0 0 1
    outer loop
      vertex -22.2321 -2.52768 12.4
      vertex -23.1101 -1.02992 12.4
      vertex -23.1101 -2.02073 12.4
    endloop
  endfacet
  facet normal 0 0 1
    outer loop
      vertex -22.2321 2.52768 12.4
      vertex -23.1101 2.02073 12.4
      vertex -23.1101 1.02992 12.4
    endloop
  endfacet
  facet normal 0 -0 1
    outer loop
      vertex -16.1101 1.02992 12.4
      vertex -16.1101 2.02073 12.4
      vertex -16.9882 2.52768 12.4
    endloop
  endfacet
  facet normal 0 0 1
    outer loop
      vertex -18.6723 3.5 12.4
      vertex -19.6101 4.04145 12.4
      vertex -20.5479 3.5 12.4
    endloop
  endfacet
  facet normal 0.499999 0.866026 -0
    outer loop
      vertex -19.7159 -4.73427 12.99
      vertex -23.8159 -2.36714 13
      vertex -19.7159 -4.73427 13
    endloop
  endfacet
  facet normal 0.499999 0.866026 0
    outer loop
      vertex -23.8159 -2.36714 13
      vertex -19.7159 -4.73427 12.99
      vertex -23.8159 -2.36714 12.99
    endloop
  endfacet
  facet normal -0.7666 0 0.642125
    outer loop
      vertex -15.6159 -2.36714 12.99
      vertex -16.1101 -1.02992 12.4
      vertex -16.1101 -2.02073 12.4
    endloop
  endfacet
  facet normal -0.7666 0 0.642125
    outer loop
      vertex -16.1101 -1.02992 12.4
      vertex -15.6159 -2.36714 12.99
      vertex -15.6159 -0.00948533 12.99
    endloop
  endfacet
  facet normal -0.7666 0 0.642125
    outer loop
      vertex -16.1101 1.02992 12.4
      vertex -15.6159 2.36714 12.99
      vertex -16.1101 2.02073 12.4
    endloop
  endfacet
  facet normal -0.7666 0 0.642125
    outer loop
      vertex -15.6159 2.36714 12.99
      vertex -16.1101 1.02992 12.4
      vertex -15.6159 0.00948533 12.99
    endloop
  endfacet
  facet normal -0.366673 -0.635152 0.679803
    outer loop
      vertex -15.6159 2.36714 12.99
      vertex -17.655 3.5 12.9486
      vertex -17.3873 3.10967 12.7283
    endloop
  endfacet
  facet normal -0.366659 -0.635028 0.679927
    outer loop
      vertex -19.7159 4.73427 12.99
      vertex -18.3185 3.5 12.5908
      vertex -17.655 3.5 12.9486
    endloop
  endfacet
  facet normal -0.366649 -0.635021 0.679939
    outer loop
      vertex -18.3185 3.5 12.5908
      vertex -19.7159 4.73427 12.99
      vertex -19.6101 4.04145 12.4
    endloop
  endfacet
  facet normal -0.366312 -0.634473 0.680632
    outer loop
      vertex -19.7159 4.73427 12.99
      vertex -17.655 3.5 12.9486
      vertex -15.6159 2.36714 12.99
    endloop
  endfacet
  facet normal -0.366621 -0.635033 0.679942
    outer loop
      vertex -15.6159 2.36714 12.99
      vertex -16.9882 2.52768 12.4
      vertex -16.1101 2.02073 12.4
    endloop
  endfacet
  facet normal -0.366631 -0.634991 0.679976
    outer loop
      vertex -16.9882 2.52768 12.4
      vertex -15.6159 2.36714 12.99
      vertex -17.3873 3.10967 12.7283
    endloop
  endfacet
  facet normal -0.36666 -0.63506 0.679896
    outer loop
      vertex -18.6723 3.5 12.4
      vertex -18.3185 3.5 12.5908
      vertex -19.6101 4.04145 12.4
    endloop
  endfacet
  facet normal -1 0 0
    outer loop
      vertex -15.6159 -2.36714 13
      vertex -15.6159 -0.00948533 12.99
      vertex -15.6159 -2.36714 12.99
    endloop
  endfacet
  facet normal -1 0 0
    outer loop
      vertex -15.6159 -0.00948533 12.99
      vertex -15.6159 -2.36714 13
      vertex -15.6159 -0.00647759 13
    endloop
  endfacet
  facet normal -1 0 0
    outer loop
      vertex -15.6159 0.00948533 12.99
      vertex -15.6159 2.36714 13
      vertex -15.6159 2.36714 12.99
    endloop
  endfacet
  facet normal -1 -0 0
    outer loop
      vertex -15.6159 2.36714 13
      vertex -15.6159 0.00948533 12.99
      vertex -15.6159 0.00647759 13
    endloop
  endfacet
  facet normal 0.335238 -0.580672 0.741913
    outer loop
      vertex -23.8159 2.36714 12.99
      vertex -22.2321 2.52768 12.4
      vertex -21.9481 3.11072 12.728
    endloop
  endfacet
  facet normal 0.335246 -0.580622 0.741949
    outer loop
      vertex -22.2321 2.52768 12.4
      vertex -23.8159 2.36714 12.99
      vertex -23.1101 2.02073 12.4
    endloop
  endfacet
  facet normal 0.335227 -0.580618 0.741961
    outer loop
      vertex -20.5479 3.5 12.4
      vertex -19.6101 4.04145 12.4
      vertex -20.9702 3.5 12.5908
    endloop
  endfacet
  facet normal 0.335232 -0.580639 0.741942
    outer loop
      vertex -19.7159 4.73427 12.99
      vertex -20.9702 3.5 12.5908
      vertex -19.6101 4.04145 12.4
    endloop
  endfacet
  facet normal 0.335181 -0.580604 0.741993
    outer loop
      vertex -19.7159 4.73427 12.99
      vertex -21.7585 3.5 12.9469
      vertex -20.9702 3.5 12.5908
    endloop
  endfacet
  facet normal 0.335198 -0.580526 0.742045
    outer loop
      vertex -21.7585 3.5 12.9469
      vertex -23.8159 2.36714 12.99
      vertex -21.9481 3.11072 12.728
    endloop
  endfacet
  facet normal 0.335553 -0.581196 0.741361
    outer loop
      vertex -23.8159 2.36714 12.99
      vertex -21.7585 3.5 12.9469
      vertex -19.7159 4.73427 12.99
    endloop
  endfacet
  facet normal -0.852886 -0.49997 -0.150386
    outer loop
      vertex -6.7481 3.5 1
      vertex -8.58729 3.10967 12.7283
      vertex -8.85495 3.5 12.9486
    endloop
  endfacet
  facet normal -0.852865 -0.500006 -0.150384
    outer loop
      vertex -6.7481 3.5 1
      vertex -8.1882 2.52768 12.4
      vertex -8.58729 3.10967 12.7283
    endloop
  endfacet
  facet normal -0.853458 -0.498997 -0.150373
    outer loop
      vertex -6.7481 3.5 1
      vertex -8.18675 2.5252 12.4
      vertex -8.1882 2.52768 12.4
    endloop
  endfacet
  facet normal -0.852868 -0.500001 -0.150384
    outer loop
      vertex -8.18675 2.5252 12.4
      vertex -6.7481 3.5 1
      vertex -4.84436 0.252728 1
    endloop
  endfacet
  facet normal 0 1 0
    outer loop
      vertex -10.8519 -3.5 1
      vertex -9.87231 -3.5 12.4
      vertex -6.7481 -3.5 1
    endloop
  endfacet
  facet normal 0 1 0
    outer loop
      vertex -9.51845 -3.5 12.5908
      vertex -6.7481 -3.5 1
      vertex -9.87231 -3.5 12.4
    endloop
  endfacet
  facet normal 0 1 0
    outer loop
      vertex -6.7481 -3.5 1
      vertex -9.51845 -3.5 12.5908
      vertex -8.85495 -3.5 12.9486
    endloop
  endfacet
  facet normal 0 1 0
    outer loop
      vertex -9.87231 -3.5 12.4
      vertex -10.8519 -3.5 1
      vertex -11.7479 -3.5 12.4
    endloop
  endfacet
  facet normal 0 1 0
    outer loop
      vertex -11.7479 -3.5 12.4
      vertex -10.8519 -3.5 1
      vertex -12.1702 -3.5 12.5908
    endloop
  endfacet
  facet normal 0 1 0
    outer loop
      vertex -12.1702 -3.5 12.5908
      vertex -10.8519 -3.5 1
      vertex -12.9585 -3.5 12.947
    endloop
  endfacet
  facet normal -0.852868 0.500001 -0.150384
    outer loop
      vertex -6.7481 -3.5 1
      vertex -8.18675 -2.5252 12.4
      vertex -4.84436 -0.252728 1
    endloop
  endfacet
  facet normal -0.853458 0.498997 -0.150373
    outer loop
      vertex -8.18675 -2.5252 12.4
      vertex -6.7481 -3.5 1
      vertex -8.1882 -2.52768 12.4
    endloop
  endfacet
  facet normal -0.852865 0.500006 -0.150384
    outer loop
      vertex -8.1882 -2.52768 12.4
      vertex -6.7481 -3.5 1
      vertex -8.58729 -3.10967 12.7283
    endloop
  endfacet
  facet normal -0.852886 0.49997 -0.150386
    outer loop
      vertex -8.58729 -3.10967 12.7283
      vertex -6.7481 -3.5 1
      vertex -8.85495 -3.5 12.9486
    endloop
  endfacet
  facet normal 0.852739 -0.500201 0.150448
    outer loop
      vertex -15.0159 0.00647821 13
      vertex -15.0197 0 13
      vertex -15.0159 0.00347046 12.99
    endloop
  endfacet
  facet normal 0.85287 -0.499997 0.150386
    outer loop
      vertex -13.1481 3.11072 12.728
      vertex -10.8519 3.5 1
      vertex -12.9585 3.5 12.947
    endloop
  endfacet
  facet normal 0.852853 -0.500026 0.150381
    outer loop
      vertex -13.4321 2.52768 12.4
      vertex -10.8519 3.5 1
      vertex -13.1481 3.11072 12.728
    endloop
  endfacet
  facet normal 0.852885 -0.499969 0.150393
    outer loop
      vertex -14.3101 1.02992 12.4
      vertex -10.8519 3.5 1
      vertex -13.4321 2.52768 12.4
    endloop
  endfacet
  facet normal 0.852867 -0.500003 0.150382
    outer loop
      vertex -12.9038 0 1
      vertex -14.3101 1.02992 12.4
      vertex -15.0159 0.00347046 12.99
    endloop
  endfacet
  facet normal 0.852641 -0.5004 0.150342
    outer loop
      vertex -12.9038 0 1
      vertex -15.0159 0.00347046 12.99
      vertex -15.0197 0 13
    endloop
  endfacet
  facet normal 0.852869 -0.5 0.150382
    outer loop
      vertex -14.3101 1.02992 12.4
      vertex -12.9038 0 1
      vertex -10.8519 3.5 1
    endloop
  endfacet
  facet normal -0.852868 -0.500001 -0.150384
    outer loop
      vertex -4.84436 0.252728 1
      vertex -7.31013 1.02992 12.4
      vertex -8.18675 2.5252 12.4
    endloop
  endfacet
  facet normal -0.852873 -0.499991 -0.150386
    outer loop
      vertex -4.6962 0 1
      vertex -7.31013 1.02992 12.4
      vertex -4.84436 0.252728 1
    endloop
  endfacet
  facet normal -0.852866 -0.500004 -0.150383
    outer loop
      vertex -7.31013 1.02992 12.4
      vertex -4.6962 0 1
      vertex -6.81592 0.00948696 12.99
    endloop
  endfacet
  facet normal -0.853195 -0.499425 -0.150442
    outer loop
      vertex -6.81213 0 13
      vertex -6.81592 0.00948696 12.99
      vertex -4.6962 0 1
    endloop
  endfacet
  facet normal -0.853387 -0.499187 -0.150143
    outer loop
      vertex -6.81592 0.00948696 12.99
      vertex -6.81213 0 13
      vertex -6.81592 0.00647921 13
    endloop
  endfacet
  facet normal 0.852641 0.5004 0.150342
    outer loop
      vertex -15.0197 0 13
      vertex -15.0159 -0.00347046 12.99
      vertex -12.9038 0 1
    endloop
  endfacet
  facet normal 0.852739 0.500201 0.150448
    outer loop
      vertex -15.0159 -0.00347046 12.99
      vertex -15.0197 0 13
      vertex -15.0159 -0.00647821 13
    endloop
  endfacet
  facet normal 0.852867 0.500003 0.150382
    outer loop
      vertex -14.3101 -1.02992 12.4
      vertex -12.9038 0 1
      vertex -15.0159 -0.00347046 12.99
    endloop
  endfacet
  facet normal 0.852887 0.49997 0.150381
    outer loop
      vertex -13.4321 -2.52768 12.4
      vertex -12.9038 0 1
      vertex -14.3101 -1.02992 12.4
    endloop
  endfacet
  facet normal 0.852853 0.500026 0.150381
    outer loop
      vertex -10.8519 -3.5 1
      vertex -13.4321 -2.52768 12.4
      vertex -13.1481 -3.11072 12.728
    endloop
  endfacet
  facet normal 0.85287 0.499997 0.150386
    outer loop
      vertex -10.8519 -3.5 1
      vertex -13.1481 -3.11072 12.728
      vertex -12.9585 -3.5 12.947
    endloop
  endfacet
  facet normal 0.852868 0.5 0.150387
    outer loop
      vertex -13.4321 -2.52768 12.4
      vertex -10.8519 -3.5 1
      vertex -12.9038 0 1
    endloop
  endfacet
  facet normal -0.853195 0.499425 -0.150442
    outer loop
      vertex -6.81592 -0.00948696 12.99
      vertex -6.81213 0 13
      vertex -4.6962 0 1
    endloop
  endfacet
  facet normal -0.853387 0.499187 -0.150143
    outer loop
      vertex -6.81213 0 13
      vertex -6.81592 -0.00948696 12.99
      vertex -6.81592 -0.00647921 13
    endloop
  endfacet
  facet normal -0.852873 0.499991 -0.150386
    outer loop
      vertex -7.31013 -1.02992 12.4
      vertex -4.6962 0 1
      vertex -4.84436 -0.252728 1
    endloop
  endfacet
  facet normal -0.852866 0.500004 -0.150383
    outer loop
      vertex -4.6962 0 1
      vertex -7.31013 -1.02992 12.4
      vertex -6.81592 -0.00948696 12.99
    endloop
  endfacet
  facet normal -0.852868 0.500001 -0.150384
    outer loop
      vertex -7.31013 -1.02992 12.4
      vertex -4.84436 -0.252728 1
      vertex -8.18675 -2.5252 12.4
    endloop
  endfacet
  facet normal 0 -1 0
    outer loop
      vertex -11.7479 3.5 12.4
      vertex -10.8519 3.5 1
      vertex -9.87231 3.5 12.4
    endloop
  endfacet
  facet normal 0 -1 0
    outer loop
      vertex -12.1702 3.5 12.5908
      vertex -10.8519 3.5 1
      vertex -11.7479 3.5 12.4
    endloop
  endfacet
  facet normal 0 -1 0
    outer loop
      vertex -10.8519 3.5 1
      vertex -12.1702 3.5 12.5908
      vertex -12.9585 3.5 12.947
    endloop
  endfacet
  facet normal 0 -1 0
    outer loop
      vertex -6.7481 3.5 1
      vertex -9.87231 3.5 12.4
      vertex -10.8519 3.5 1
    endloop
  endfacet
  facet normal 0 -1 0
    outer loop
      vertex -9.87231 3.5 12.4
      vertex -6.7481 3.5 1
      vertex -9.51845 3.5 12.5908
    endloop
  endfacet
  facet normal 0 -1 0
    outer loop
      vertex -9.51845 3.5 12.5908
      vertex -6.7481 3.5 1
      vertex -8.85495 3.5 12.9486
    endloop
  endfacet
  facet normal 0 0 1
    outer loop
      vertex -4.84436 0.252728 1
      vertex -4.84436 -0.252728 1
      vertex -4.6962 0 1
    endloop
  endfacet
  facet normal -0 0 1
    outer loop
      vertex -10.8519 3.5 1
      vertex -4.84436 0.252728 1
      vertex -6.7481 3.5 1
    endloop
  endfacet
  facet normal 0 0 1
    outer loop
      vertex -4.84436 0.252728 1
      vertex -10.8519 3.5 1
      vertex -4.84436 -0.252728 1
    endloop
  endfacet
  facet normal 0 0 1
    outer loop
      vertex -10.8519 -3.5 1
      vertex -4.84436 -0.252728 1
      vertex -10.8519 3.5 1
    endloop
  endfacet
  facet normal 0 0 1
    outer loop
      vertex -4.84436 -0.252728 1
      vertex -10.8519 -3.5 1
      vertex -6.7481 -3.5 1
    endloop
  endfacet
  facet normal 0 -0 1
    outer loop
      vertex -10.8519 -3.5 1
      vertex -10.8519 3.5 1
      vertex -12.9038 0 1
    endloop
  endfacet
  facet normal -0.366633 0.635007 0.679961
    outer loop
      vertex -9.51845 -3.5 12.5908
      vertex -9.87231 -3.5 12.4
      vertex -10.8101 -4.04145 12.4
    endloop
  endfacet
  facet normal -0.366628 0.635023 0.679948
    outer loop
      vertex -8.1882 -2.52768 12.4
      vertex -6.81592 -2.36714 12.99
      vertex -7.31013 -2.02073 12.4
    endloop
  endfacet
  facet normal -0.366636 0.634988 0.679976
    outer loop
      vertex -6.81592 -2.36714 12.99
      vertex -8.1882 -2.52768 12.4
      vertex -8.58729 -3.10967 12.7283
    endloop
  endfacet
  facet normal -0.500001 0.866025 0
    outer loop
      vertex -6.81592 -2.36714 12.99
      vertex -10.9159 -4.73427 13
      vertex -6.81592 -2.36714 13
    endloop
  endfacet
  facet normal -0.500001 0.866025 0
    outer loop
      vertex -10.9159 -4.73427 13
      vertex -6.81592 -2.36714 12.99
      vertex -10.9159 -4.73427 12.99
    endloop
  endfacet
  facet normal 0.499999 -0.866026 0
    outer loop
      vertex -15.0159 2.36714 12.99
      vertex -10.9159 4.73427 13
      vertex -15.0159 2.36714 13
    endloop
  endfacet
  facet normal 0.499999 -0.866026 0
    outer loop
      vertex -10.9159 4.73427 13
      vertex -15.0159 2.36714 12.99
      vertex -10.9159 4.73427 12.99
    endloop
  endfacet
  facet normal 0.499999 0.866026 -0
    outer loop
      vertex -10.9159 -4.73427 12.99
      vertex -15.0159 -2.36714 13
      vertex -10.9159 -4.73427 13
    endloop
  endfacet
  facet normal 0.499999 0.866026 0
    outer loop
      vertex -15.0159 -2.36714 13
      vertex -10.9159 -4.73427 12.99
      vertex -15.0159 -2.36714 12.99
    endloop
  endfacet
  facet normal 0.64136 -0 0.76724
    outer loop
      vertex -15.0159 -2.36714 12.99
      vertex -14.3101 -1.02992 12.4
      vertex -15.0159 -0.00347046 12.99
    endloop
  endfacet
  facet normal 0.64136 0 0.76724
    outer loop
      vertex -14.3101 -1.02992 12.4
      vertex -15.0159 -2.36714 12.99
      vertex -14.3101 -2.02073 12.4
    endloop
  endfacet
  facet normal 0.64136 0 0.76724
    outer loop
      vertex -15.0159 2.36714 12.99
      vertex -14.3101 1.02992 12.4
      vertex -14.3101 2.02073 12.4
    endloop
  endfacet
  facet normal 0.64136 0 0.76724
    outer loop
      vertex -14.3101 1.02992 12.4
      vertex -15.0159 2.36714 12.99
      vertex -15.0159 0.00347046 12.99
    endloop
  endfacet
  facet normal 0.335232 0.580639 0.741942
    outer loop
      vertex -12.1702 -3.5 12.5908
      vertex -10.9159 -4.73427 12.99
      vertex -10.8101 -4.04145 12.4
    endloop
  endfacet
  facet normal 0.335246 0.580649 0.741928
    outer loop
      vertex -12.9585 -3.5 12.947
      vertex -10.9159 -4.73427 12.99
      vertex -12.1702 -3.5 12.5908
    endloop
  endfacet
  facet normal 0.335124 0.580454 0.742136
    outer loop
      vertex -12.9585 -3.5 12.947
      vertex -15.0159 -2.36714 12.99
      vertex -10.9159 -4.73427 12.99
    endloop
  endfacet
  facet normal 0.335236 0.580665 0.74192
    outer loop
      vertex -15.0159 -2.36714 12.99
      vertex -12.9585 -3.5 12.947
      vertex -13.1481 -3.11072 12.728
    endloop
  endfacet
  facet normal 0.335227 0.580618 0.741961
    outer loop
      vertex -10.8101 -4.04145 12.4
      vertex -11.7479 -3.5 12.4
      vertex -12.1702 -3.5 12.5908
    endloop
  endfacet
  facet normal 0.335246 0.580622 0.741949
    outer loop
      vertex -15.0159 -2.36714 12.99
      vertex -13.4321 -2.52768 12.4
      vertex -14.3101 -2.02073 12.4
    endloop
  endfacet
  facet normal 0.335238 0.580672 0.741913
    outer loop
      vertex -13.4321 -2.52768 12.4
      vertex -15.0159 -2.36714 12.99
      vertex -13.1481 -3.11072 12.728
    endloop
  endfacet
  facet normal -0.500001 -0.866025 0
    outer loop
      vertex -10.9159 4.73427 12.99
      vertex -6.81592 2.36714 13
      vertex -10.9159 4.73427 13
    endloop
  endfacet
  facet normal -0.500001 -0.866025 -0
    outer loop
      vertex -6.81592 2.36714 13
      vertex -10.9159 4.73427 12.99
      vertex -6.81592 2.36714 12.99
    endloop
  endfacet
  facet normal 1 0 0
    outer loop
      vertex -15.0159 -2.36714 12.99
      vertex -15.0159 -0.00647821 13
      vertex -15.0159 -2.36714 13
    endloop
  endfacet
  facet normal 1 0 0
    outer loop
      vertex -15.0159 -0.00647821 13
      vertex -15.0159 -2.36714 12.99
      vertex -15.0159 -0.00347046 12.99
    endloop
  endfacet
  facet normal 1 -0 0
    outer loop
      vertex -15.0159 0.00647821 13
      vertex -15.0159 2.36714 12.99
      vertex -15.0159 2.36714 13
    endloop
  endfacet
  facet normal 1 0 0
    outer loop
      vertex -15.0159 2.36714 12.99
      vertex -15.0159 0.00647821 13
      vertex -15.0159 0.00347046 12.99
    endloop
  endfacet
  facet normal 0.335232 -0.580639 0.741942
    outer loop
      vertex -10.9159 4.73427 12.99
      vertex -12.1702 3.5 12.5908
      vertex -10.8101 4.04145 12.4
    endloop
  endfacet
  facet normal 0.335246 -0.580649 0.741928
    outer loop
      vertex -10.9159 4.73427 12.99
      vertex -12.9585 3.5 12.947
      vertex -12.1702 3.5 12.5908
    endloop
  endfacet
  facet normal 0.335236 -0.580665 0.74192
    outer loop
      vertex -12.9585 3.5 12.947
      vertex -15.0159 2.36714 12.99
      vertex -13.1481 3.11072 12.728
    endloop
  endfacet
  facet normal 0.335124 -0.580454 0.742136
    outer loop
      vertex -15.0159 2.36714 12.99
      vertex -12.9585 3.5 12.947
      vertex -10.9159 4.73427 12.99
    endloop
  endfacet
  facet normal -0.366672 0.635128 0.679827
    outer loop
      vertex -8.85495 -3.5 12.9486
      vertex -6.81592 -2.36714 12.99
      vertex -8.58729 -3.10967 12.7283
    endloop
  endfacet
  facet normal -0.366637 0.635023 0.679943
    outer loop
      vertex -10.9159 -4.73427 12.99
      vertex -9.51845 -3.5 12.5908
      vertex -10.8101 -4.04145 12.4
    endloop
  endfacet
  facet normal -0.366446 0.634702 0.680346
    outer loop
      vertex -8.85495 -3.5 12.9486
      vertex -10.9159 -4.73427 12.99
      vertex -6.81592 -2.36714 12.99
    endloop
  endfacet
  facet normal -0.366655 0.635037 0.679921
    outer loop
      vertex -9.51845 -3.5 12.5908
      vertex -10.9159 -4.73427 12.99
      vertex -8.85495 -3.5 12.9486
    endloop
  endfacet
  facet normal 0 -0 1
    outer loop
      vertex -10.8101 -4.04145 12.4
      vertex -9.87231 -3.5 12.4
      vertex -11.7479 -3.5 12.4
    endloop
  endfacet
  facet normal 0 0 1
    outer loop
      vertex -9.87231 3.5 12.4
      vertex -10.8101 4.04145 12.4
      vertex -11.7479 3.5 12.4
    endloop
  endfacet
  facet normal 0 0 1
    outer loop
      vertex -13.4321 -2.52768 12.4
      vertex -14.3101 -1.02992 12.4
      vertex -14.3101 -2.02073 12.4
    endloop
  endfacet
  facet normal 0 0 1
    outer loop
      vertex -13.4321 2.52768 12.4
      vertex -14.3101 2.02073 12.4
      vertex -14.3101 1.02992 12.4
    endloop
  endfacet
  facet normal 0 0 1
    outer loop
      vertex -7.31013 2.02073 12.4
      vertex -8.18675 2.5252 12.4
      vertex -7.31013 1.02992 12.4
    endloop
  endfacet
  facet normal -0 -0 1
    outer loop
      vertex -8.18675 2.5252 12.4
      vertex -7.31013 2.02073 12.4
      vertex -8.1882 2.52768 12.4
    endloop
  endfacet
  facet normal 0 0 1
    outer loop
      vertex -8.18675 -2.5252 12.4
      vertex -7.31013 -2.02073 12.4
      vertex -7.31013 -1.02992 12.4
    endloop
  endfacet
  facet normal 0 0 1
    outer loop
      vertex -7.31013 -2.02073 12.4
      vertex -8.18675 -2.5252 12.4
      vertex -8.1882 -2.52768 12.4
    endloop
  endfacet
  facet normal 0.335227 -0.580618 0.741961
    outer loop
      vertex -11.7479 3.5 12.4
      vertex -10.8101 4.04145 12.4
      vertex -12.1702 3.5 12.5908
    endloop
  endfacet
  facet normal 0.335238 -0.580672 0.741913
    outer loop
      vertex -15.0159 2.36714 12.99
      vertex -13.4321 2.52768 12.4
      vertex -13.1481 3.11072 12.728
    endloop
  endfacet
  facet normal 0.335246 -0.580622 0.741949
    outer loop
      vertex -13.4321 2.52768 12.4
      vertex -15.0159 2.36714 12.99
      vertex -14.3101 2.02073 12.4
    endloop
  endfacet
  facet normal -1 0 0
    outer loop
      vertex -6.81592 -2.36714 13
      vertex -6.81592 -0.00948696 12.99
      vertex -6.81592 -2.36714 12.99
    endloop
  endfacet
  facet normal -1 0 0
    outer loop
      vertex -6.81592 -0.00948696 12.99
      vertex -6.81592 -2.36714 13
      vertex -6.81592 -0.00647921 13
    endloop
  endfacet
  facet normal -1 0 0
    outer loop
      vertex -6.81592 0.00948696 12.99
      vertex -6.81592 2.36714 13
      vertex -6.81592 2.36714 12.99
    endloop
  endfacet
  facet normal -1 -0 0
    outer loop
      vertex -6.81592 2.36714 13
      vertex -6.81592 0.00948696 12.99
      vertex -6.81592 0.00647921 13
    endloop
  endfacet
  facet normal -0.366633 -0.635007 0.679961
    outer loop
      vertex -9.87231 3.5 12.4
      vertex -9.51845 3.5 12.5908
      vertex -10.8101 4.04145 12.4
    endloop
  endfacet
  facet normal -0.366628 -0.635023 0.679948
    outer loop
      vertex -6.81592 2.36714 12.99
      vertex -8.1882 2.52768 12.4
      vertex -7.31013 2.02073 12.4
    endloop
  endfacet
  facet normal -0.366636 -0.634988 0.679976
    outer loop
      vertex -8.1882 2.52768 12.4
      vertex -6.81592 2.36714 12.99
      vertex -8.58729 3.10967 12.7283
    endloop
  endfacet
  facet normal -0.366672 -0.635128 0.679827
    outer loop
      vertex -6.81592 2.36714 12.99
      vertex -8.85495 3.5 12.9486
      vertex -8.58729 3.10967 12.7283
    endloop
  endfacet
  facet normal -0.366655 -0.635037 0.679921
    outer loop
      vertex -10.9159 4.73427 12.99
      vertex -9.51845 3.5 12.5908
      vertex -8.85495 3.5 12.9486
    endloop
  endfacet
  facet normal -0.366637 -0.635023 0.679943
    outer loop
      vertex -9.51845 3.5 12.5908
      vertex -10.9159 4.73427 12.99
      vertex -10.8101 4.04145 12.4
    endloop
  endfacet
  facet normal -0.366446 -0.634702 0.680346
    outer loop
      vertex -10.9159 4.73427 12.99
      vertex -8.85495 3.5 12.9486
      vertex -6.81592 2.36714 12.99
    endloop
  endfacet
  facet normal -0.766594 0 0.642133
    outer loop
      vertex -6.81592 -2.36714 12.99
      vertex -7.31013 -1.02992 12.4
      vertex -7.31013 -2.02073 12.4
    endloop
  endfacet
  facet normal -0.766594 0 0.642133
    outer loop
      vertex -7.31013 -1.02992 12.4
      vertex -6.81592 -2.36714 12.99
      vertex -6.81592 -0.00948696 12.99
    endloop
  endfacet
  facet normal -0.766594 0 0.642133
    outer loop
      vertex -7.31013 1.02992 12.4
      vertex -6.81592 2.36714 12.99
      vertex -7.31013 2.02073 12.4
    endloop
  endfacet
  facet normal -0.766594 0 0.642133
    outer loop
      vertex -6.81592 2.36714 12.99
      vertex -7.31013 1.02992 12.4
      vertex -6.81592 0.00948696 12.99
    endloop
  endfacet
  facet normal 0.499999 -0.866026 0
    outer loop
      vertex -3.5 2.02073 1
      vertex 0 4.04145 12.4
      vertex -3.5 2.02073 12.4
    endloop
  endfacet
  facet normal 0.499999 -0.866026 0
    outer loop
      vertex 0 4.04145 12.4
      vertex -3.5 2.02073 1
      vertex 0 4.04145 1
    endloop
  endfacet
  facet normal -1 0 0
    outer loop
      vertex 3.5 -2.02073 1
      vertex 3.5 2.02073 12.4
      vertex 3.5 2.02073 1
    endloop
  endfacet
  facet normal -1 -0 0
    outer loop
      vertex 3.5 2.02073 12.4
      vertex 3.5 -2.02073 1
      vertex 3.5 -2.02073 12.4
    endloop
  endfacet
  facet normal 0.499999 0.866026 -0
    outer loop
      vertex 0 -4.04145 1
      vertex -3.5 -2.02073 12.4
      vertex 0 -4.04145 12.4
    endloop
  endfacet
  facet normal 0.499999 0.866026 0
    outer loop
      vertex -3.5 -2.02073 12.4
      vertex 0 -4.04145 1
      vertex -3.5 -2.02073 1
    endloop
  endfacet
  facet normal -0.499999 -0.866026 0
    outer loop
      vertex 0 4.04145 1
      vertex 3.5 2.02073 12.4
      vertex 0 4.04145 12.4
    endloop
  endfacet
  facet normal -0.499999 -0.866026 -0
    outer loop
      vertex 3.5 2.02073 12.4
      vertex 0 4.04145 1
      vertex 3.5 2.02073 1
    endloop
  endfacet
  facet normal -0.499999 0.866026 0
    outer loop
      vertex 3.5 -2.02073 1
      vertex 0 -4.04145 12.4
      vertex 3.5 -2.02073 12.4
    endloop
  endfacet
  facet normal -0.499999 0.866026 0
    outer loop
      vertex 0 -4.04145 12.4
      vertex 3.5 -2.02073 1
      vertex 0 -4.04145 1
    endloop
  endfacet
  facet normal 1 -0 0
    outer loop
      vertex -3.5 -2.02073 12.4
      vertex -3.5 2.02073 1
      vertex -3.5 2.02073 12.4
    endloop
  endfacet
  facet normal 1 0 0
    outer loop
      vertex -3.5 2.02073 1
      vertex -3.5 -2.02073 12.4
      vertex -3.5 -2.02073 1
    endloop
  endfacet
  facet normal 0 0 1
    outer loop
      vertex 0 4.04145 1
      vertex 3.5 -2.02073 1
      vertex 3.5 2.02073 1
    endloop
  endfacet
  facet normal 0 0 1
    outer loop
      vertex 0 4.04145 1
      vertex 0 -4.04145 1
      vertex 3.5 -2.02073 1
    endloop
  endfacet
  facet normal -0 0 1
    outer loop
      vertex -3.5 2.02073 1
      vertex 0 -4.04145 1
      vertex 0 4.04145 1
    endloop
  endfacet
  facet normal 0 0 1
    outer loop
      vertex 0 -4.04145 1
      vertex -3.5 2.02073 1
      vertex -3.5 -2.02073 1
    endloop
  endfacet
  facet normal -0.362069 0.627121 0.689656
    outer loop
      vertex 3.90476 -2.44686 13
      vertex 0 -4.04145 12.4
      vertex 0 -4.70128 13
    endloop
  endfacet
  facet normal -0.362053 -0.62714 0.689647
    outer loop
      vertex 3.90476 2.44686 13
      vertex 3.5 2.02073 12.4
      vertex 4.07143 2.35064 13
    endloop
  endfacet
  facet normal -0.362071 -0.627127 0.689649
    outer loop
      vertex 3.5 2.02073 12.4
      vertex 3.90476 2.44686 13
      vertex 0 4.04145 12.4
    endloop
  endfacet
  facet normal 0.724137 0 0.689656
    outer loop
      vertex -4.07143 2.35064 13
      vertex -3.5 -2.02073 12.4
      vertex -3.5 2.02073 12.4
    endloop
  endfacet
  facet normal 0.724137 0 0.689656
    outer loop
      vertex -3.5 -2.02073 12.4
      vertex -4.07143 2.35064 13
      vertex -4.07143 -2.35064 13
    endloop
  endfacet
  facet normal 0.362069 0.627121 0.689656
    outer loop
      vertex 0 -4.70128 13
      vertex 0 -4.04145 12.4
      vertex -3.90476 -2.44686 13
    endloop
  endfacet
  facet normal 0.362071 0.627127 0.689649
    outer loop
      vertex -3.5 -2.02073 12.4
      vertex -3.90476 -2.44686 13
      vertex 0 -4.04145 12.4
    endloop
  endfacet
  facet normal 0.362053 0.62714 0.689647
    outer loop
      vertex -3.90476 -2.44686 13
      vertex -3.5 -2.02073 12.4
      vertex -4.07143 -2.35064 13
    endloop
  endfacet
  facet normal -0.362053 0.62714 0.689647
    outer loop
      vertex 3.5 -2.02073 12.4
      vertex 3.90476 -2.44686 13
      vertex 4.07143 -2.35064 13
    endloop
  endfacet
  facet normal -0.362071 0.627127 0.689649
    outer loop
      vertex 3.90476 -2.44686 13
      vertex 3.5 -2.02073 12.4
      vertex 0 -4.04145 12.4
    endloop
  endfacet
  facet normal -0.724137 0 0.689656
    outer loop
      vertex 3.5 -2.02073 12.4
      vertex 4.07143 2.35064 13
      vertex 3.5 2.02073 12.4
    endloop
  endfacet
  facet normal -0.724137 0 0.689656
    outer loop
      vertex 4.07143 2.35064 13
      vertex 3.5 -2.02073 12.4
      vertex 4.07143 -2.35064 13
    endloop
  endfacet
  facet normal 0.362069 -0.627121 0.689656
    outer loop
      vertex 0 4.04145 12.4
      vertex 0 4.70128 13
      vertex -3.90476 2.44686 13
    endloop
  endfacet
  facet normal -0.362069 -0.627121 0.689656
    outer loop
      vertex 3.90476 2.44686 13
      vertex 0 4.70128 13
      vertex 0 4.04145 12.4
    endloop
  endfacet
  facet normal 0.362071 -0.627127 0.689649
    outer loop
      vertex -3.90476 2.44686 13
      vertex -3.5 2.02073 12.4
      vertex 0 4.04145 12.4
    endloop
  endfacet
  facet normal 0.362053 -0.62714 0.689647
    outer loop
      vertex -3.5 2.02073 12.4
      vertex -3.90476 2.44686 13
      vertex -4.07143 2.35064 13
    endloop
  endfacet
  facet normal 0.853458 0.498997 -0.150373
    outer loop
      vertex 6.7481 -3.5 1
      vertex 8.18675 -2.5252 12.4
      vertex 8.1882 -2.52768 12.4
    endloop
  endfacet
  facet normal 0.852865 0.500006 -0.150384
    outer loop
      vertex 6.7481 -3.5 1
      vertex 8.1882 -2.52768 12.4
      vertex 8.58729 -3.10967 12.7283
    endloop
  endfacet
  facet normal 0.852886 0.49997 -0.150386
    outer loop
      vertex 6.7481 -3.5 1
      vertex 8.58729 -3.10967 12.7283
      vertex 8.85495 -3.5 12.9486
    endloop
  endfacet
  facet normal 0.852868 0.500001 -0.150384
    outer loop
      vertex 8.18675 -2.5252 12.4
      vertex 6.7481 -3.5 1
      vertex 4.84436 -0.252728 1
    endloop
  endfacet
  facet normal 0 1 0
    outer loop
      vertex 11.7479 -3.5 12.4
      vertex 10.8519 -3.5 1
      vertex 9.87231 -3.5 12.4
    endloop
  endfacet
  facet normal 0 1 0
    outer loop
      vertex 12.1702 -3.5 12.5908
      vertex 10.8519 -3.5 1
      vertex 11.7479 -3.5 12.4
    endloop
  endfacet
  facet normal 0 1 0
    outer loop
      vertex 10.8519 -3.5 1
      vertex 12.1702 -3.5 12.5908
      vertex 12.9585 -3.5 12.947
    endloop
  endfacet
  facet normal 0 1 0
    outer loop
      vertex 6.7481 -3.5 1
      vertex 9.87231 -3.5 12.4
      vertex 10.8519 -3.5 1
    endloop
  endfacet
  facet normal 0 1 0
    outer loop
      vertex 9.87231 -3.5 12.4
      vertex 6.7481 -3.5 1
      vertex 9.51845 -3.5 12.5908
    endloop
  endfacet
  facet normal 0 1 0
    outer loop
      vertex 9.51845 -3.5 12.5908
      vertex 6.7481 -3.5 1
      vertex 8.85495 -3.5 12.9486
    endloop
  endfacet
  facet normal 0.852886 -0.49997 -0.150386
    outer loop
      vertex 8.58729 3.10967 12.7283
      vertex 6.7481 3.5 1
      vertex 8.85495 3.5 12.9486
    endloop
  endfacet
  facet normal 0.852865 -0.500006 -0.150384
    outer loop
      vertex 8.1882 2.52768 12.4
      vertex 6.7481 3.5 1
      vertex 8.58729 3.10967 12.7283
    endloop
  endfacet
  facet normal 0.853458 -0.498997 -0.150373
    outer loop
      vertex 8.18675 2.5252 12.4
      vertex 6.7481 3.5 1
      vertex 8.1882 2.52768 12.4
    endloop
  endfacet
  facet normal 0.852868 -0.500001 -0.150384
    outer loop
      vertex 6.7481 3.5 1
      vertex 8.18675 2.5252 12.4
      vertex 4.84436 0.252728 1
    endloop
  endfacet
  facet normal -0.85287 -0.499997 0.150386
    outer loop
      vertex 10.8519 3.5 1
      vertex 13.1481 3.11072 12.728
      vertex 12.9585 3.5 12.947
    endloop
  endfacet
  facet normal -0.852853 -0.500026 0.150381
    outer loop
      vertex 10.8519 3.5 1
      vertex 13.4321 2.52768 12.4
      vertex 13.1481 3.11072 12.728
    endloop
  endfacet
  facet normal -0.852885 -0.499969 0.150393
    outer loop
      vertex 10.8519 3.5 1
      vertex 14.3101 1.02992 12.4
      vertex 13.4321 2.52768 12.4
    endloop
  endfacet
  facet normal -0.852869 -0.5 0.150382
    outer loop
      vertex 12.9038 0 1
      vertex 14.3101 1.02992 12.4
      vertex 10.8519 3.5 1
    endloop
  endfacet
  facet normal -0.852867 -0.500003 0.150382
    outer loop
      vertex 14.3101 1.02992 12.4
      vertex 12.9038 0 1
      vertex 15.0159 0.00347046 12.99
    endloop
  endfacet
  facet normal -0.852739 -0.500201 0.150448
    outer loop
      vertex 15.0159 0.00347046 12.99
      vertex 15.0197 0 13
      vertex 15.0159 0.00647821 13
    endloop
  endfacet
  facet normal -0.852641 -0.5004 0.150342
    outer loop
      vertex 15.0197 0 13
      vertex 15.0159 0.00347046 12.99
      vertex 12.9038 0 1
    endloop
  endfacet
  facet normal 0.853387 0.499187 -0.150143
    outer loop
      vertex 6.81592 -0.00948696 12.99
      vertex 6.81213 0 13
      vertex 6.81592 -0.00647921 13
    endloop
  endfacet
  facet normal 0.853195 0.499425 -0.150442
    outer loop
      vertex 6.81213 0 13
      vertex 6.81592 -0.00948696 12.99
      vertex 4.6962 0 1
    endloop
  endfacet
  facet normal 0.852866 0.500004 -0.150383
    outer loop
      vertex 7.31013 -1.02992 12.4
      vertex 4.6962 0 1
      vertex 6.81592 -0.00948696 12.99
    endloop
  endfacet
  facet normal 0.852873 0.499991 -0.150386
    outer loop
      vertex 4.6962 0 1
      vertex 7.31013 -1.02992 12.4
      vertex 4.84436 -0.252728 1
    endloop
  endfacet
  facet normal 0.852868 0.500001 -0.150384
    outer loop
      vertex 4.84436 -0.252728 1
      vertex 7.31013 -1.02992 12.4
      vertex 8.18675 -2.5252 12.4
    endloop
  endfacet
  facet normal 0 -1 0
    outer loop
      vertex 10.8519 3.5 1
      vertex 9.87231 3.5 12.4
      vertex 6.7481 3.5 1
    endloop
  endfacet
  facet normal 0 -1 -0
    outer loop
      vertex 9.51845 3.5 12.5908
      vertex 6.7481 3.5 1
      vertex 9.87231 3.5 12.4
    endloop
  endfacet
  facet normal 0 -1 0
    outer loop
      vertex 6.7481 3.5 1
      vertex 9.51845 3.5 12.5908
      vertex 8.85495 3.5 12.9486
    endloop
  endfacet
  facet normal 0 -1 0
    outer loop
      vertex 9.87231 3.5 12.4
      vertex 10.8519 3.5 1
      vertex 11.7479 3.5 12.4
    endloop
  endfacet
  facet normal 0 -1 -0
    outer loop
      vertex 11.7479 3.5 12.4
      vertex 10.8519 3.5 1
      vertex 12.1702 3.5 12.5908
    endloop
  endfacet
  facet normal 0 -1 -0
    outer loop
      vertex 12.1702 3.5 12.5908
      vertex 10.8519 3.5 1
      vertex 12.9585 3.5 12.947
    endloop
  endfacet
  facet normal -0.852641 0.5004 0.150342
    outer loop
      vertex 12.9038 0 1
      vertex 15.0159 -0.00347046 12.99
      vertex 15.0197 0 13
    endloop
  endfacet
  facet normal -0.852867 0.500003 0.150382
    outer loop
      vertex 12.9038 0 1
      vertex 14.3101 -1.02992 12.4
      vertex 15.0159 -0.00347046 12.99
    endloop
  endfacet
  facet normal -0.852887 0.49997 0.150381
    outer loop
      vertex 12.9038 0 1
      vertex 13.4321 -2.52768 12.4
      vertex 14.3101 -1.02992 12.4
    endloop
  endfacet
  facet normal -0.852868 0.5 0.150387
    outer loop
      vertex 10.8519 -3.5 1
      vertex 13.4321 -2.52768 12.4
      vertex 12.9038 0 1
    endloop
  endfacet
  facet normal -0.852853 0.500026 0.150381
    outer loop
      vertex 13.4321 -2.52768 12.4
      vertex 10.8519 -3.5 1
      vertex 13.1481 -3.11072 12.728
    endloop
  endfacet
  facet normal -0.85287 0.499997 0.150386
    outer loop
      vertex 13.1481 -3.11072 12.728
      vertex 10.8519 -3.5 1
      vertex 12.9585 -3.5 12.947
    endloop
  endfacet
  facet normal -0.852739 0.500201 0.150448
    outer loop
      vertex 15.0197 0 13
      vertex 15.0159 -0.00347046 12.99
      vertex 15.0159 -0.00647821 13
    endloop
  endfacet
  facet normal 0.852868 -0.500001 -0.150384
    outer loop
      vertex 7.31013 1.02992 12.4
      vertex 4.84436 0.252728 1
      vertex 8.18675 2.5252 12.4
    endloop
  endfacet
  facet normal 0.852866 -0.500004 -0.150383
    outer loop
      vertex 4.6962 0 1
      vertex 7.31013 1.02992 12.4
      vertex 6.81592 0.00948696 12.99
    endloop
  endfacet
  facet normal 0.853387 -0.499187 -0.150143
    outer loop
      vertex 6.81213 0 13
      vertex 6.81592 0.00948696 12.99
      vertex 6.81592 0.00647921 13
    endloop
  endfacet
  facet normal 0.853195 -0.499425 -0.150442
    outer loop
      vertex 6.81592 0.00948696 12.99
      vertex 6.81213 0 13
      vertex 4.6962 0 1
    endloop
  endfacet
  facet normal 0.852873 -0.499991 -0.150386
    outer loop
      vertex 7.31013 1.02992 12.4
      vertex 4.6962 0 1
      vertex 4.84436 0.252728 1
    endloop
  endfacet
  facet normal 0 0 1
    outer loop
      vertex 10.8519 3.5 1
      vertex 10.8519 -3.5 1
      vertex 12.9038 0 1
    endloop
  endfacet
  facet normal 0 0 1
    outer loop
      vertex 4.84436 0.252728 1
      vertex 10.8519 3.5 1
      vertex 6.7481 3.5 1
    endloop
  endfacet
  facet normal 0 0 1
    outer loop
      vertex 10.8519 3.5 1
      vertex 4.84436 0.252728 1
      vertex 10.8519 -3.5 1
    endloop
  endfacet
  facet normal -0 0 1
    outer loop
      vertex 4.84436 -0.252728 1
      vertex 10.8519 -3.5 1
      vertex 4.84436 0.252728 1
    endloop
  endfacet
  facet normal 0 0 1
    outer loop
      vertex 10.8519 -3.5 1
      vertex 4.84436 -0.252728 1
      vertex 6.7481 -3.5 1
    endloop
  endfacet
  facet normal 0 -0 1
    outer loop
      vertex 4.84436 -0.252728 1
      vertex 4.84436 0.252728 1
      vertex 4.6962 0 1
    endloop
  endfacet
  facet normal 1 -0 0
    outer loop
      vertex 6.81592 -2.36714 13
      vertex 6.81592 -0.00948696 12.99
      vertex 6.81592 -0.00647921 13
    endloop
  endfacet
  facet normal 1 0 0
    outer loop
      vertex 6.81592 -0.00948696 12.99
      vertex 6.81592 -2.36714 13
      vertex 6.81592 -2.36714 12.99
    endloop
  endfacet
  facet normal 1 0 0
    outer loop
      vertex 6.81592 2.36714 13
      vertex 6.81592 0.00948696 12.99
      vertex 6.81592 2.36714 12.99
    endloop
  endfacet
  facet normal 1 0 -0
    outer loop
      vertex 6.81592 0.00948696 12.99
      vertex 6.81592 2.36714 13
      vertex 6.81592 0.00647921 13
    endloop
  endfacet
  facet normal -0.335236 0.580665 0.74192
    outer loop
      vertex 12.9585 -3.5 12.947
      vertex 15.0159 -2.36714 12.99
      vertex 13.1481 -3.11072 12.728
    endloop
  endfacet
  facet normal -0.335124 0.580454 0.742136
    outer loop
      vertex 12.9585 -3.5 12.947
      vertex 10.9159 -4.73427 12.99
      vertex 15.0159 -2.36714 12.99
    endloop
  endfacet
  facet normal -0.335246 0.580649 0.741928
    outer loop
      vertex 12.1702 -3.5 12.5908
      vertex 10.9159 -4.73427 12.99
      vertex 12.9585 -3.5 12.947
    endloop
  endfacet
  facet normal -0.335232 0.580639 0.741942
    outer loop
      vertex 10.9159 -4.73427 12.99
      vertex 12.1702 -3.5 12.5908
      vertex 10.8101 -4.04145 12.4
    endloop
  endfacet
  facet normal 0.500001 -0.866025 0
    outer loop
      vertex 6.81592 2.36714 12.99
      vertex 10.9159 4.73427 13
      vertex 6.81592 2.36714 13
    endloop
  endfacet
  facet normal 0.500001 -0.866025 0
    outer loop
      vertex 10.9159 4.73427 13
      vertex 6.81592 2.36714 12.99
      vertex 10.9159 4.73427 12.99
    endloop
  endfacet
  facet normal -0.499999 0.866026 0
    outer loop
      vertex 15.0159 -2.36714 12.99
      vertex 10.9159 -4.73427 13
      vertex 15.0159 -2.36714 13
    endloop
  endfacet
  facet normal -0.499999 0.866026 0
    outer loop
      vertex 10.9159 -4.73427 13
      vertex 15.0159 -2.36714 12.99
      vertex 10.9159 -4.73427 12.99
    endloop
  endfacet
  facet normal 0.766594 -0 0.642133
    outer loop
      vertex 6.81592 -2.36714 12.99
      vertex 7.31013 -1.02992 12.4
      vertex 6.81592 -0.00948696 12.99
    endloop
  endfacet
  facet normal 0.766594 0 0.642133
    outer loop
      vertex 7.31013 -1.02992 12.4
      vertex 6.81592 -2.36714 12.99
      vertex 7.31013 -2.02073 12.4
    endloop
  endfacet
  facet normal 0.766594 0 0.642133
    outer loop
      vertex 6.81592 2.36714 12.99
      vertex 7.31013 1.02992 12.4
      vertex 7.31013 2.02073 12.4
    endloop
  endfacet
  facet normal 0.766594 0 0.642133
    outer loop
      vertex 7.31013 1.02992 12.4
      vertex 6.81592 2.36714 12.99
      vertex 6.81592 0.00948696 12.99
    endloop
  endfacet
  facet normal 0.366637 0.635023 0.679943
    outer loop
      vertex 9.51845 -3.5 12.5908
      vertex 10.9159 -4.73427 12.99
      vertex 10.8101 -4.04145 12.4
    endloop
  endfacet
  facet normal 0.366655 0.635037 0.679921
    outer loop
      vertex 8.85495 -3.5 12.9486
      vertex 10.9159 -4.73427 12.99
      vertex 9.51845 -3.5 12.5908
    endloop
  endfacet
  facet normal 0.366446 0.634702 0.680346
    outer loop
      vertex 8.85495 -3.5 12.9486
      vertex 6.81592 -2.36714 12.99
      vertex 10.9159 -4.73427 12.99
    endloop
  endfacet
  facet normal 0.366672 0.635128 0.679827
    outer loop
      vertex 6.81592 -2.36714 12.99
      vertex 8.85495 -3.5 12.9486
      vertex 8.58729 -3.10967 12.7283
    endloop
  endfacet
  facet normal 0.366628 0.635023 0.679948
    outer loop
      vertex 6.81592 -2.36714 12.99
      vertex 8.1882 -2.52768 12.4
      vertex 7.31013 -2.02073 12.4
    endloop
  endfacet
  facet normal 0.366636 0.634988 0.679976
    outer loop
      vertex 8.1882 -2.52768 12.4
      vertex 6.81592 -2.36714 12.99
      vertex 8.58729 -3.10967 12.7283
    endloop
  endfacet
  facet normal 0.366633 0.635007 0.679961
    outer loop
      vertex 10.8101 -4.04145 12.4
      vertex 9.87231 -3.5 12.4
      vertex 9.51845 -3.5 12.5908
    endloop
  endfacet
  facet normal 0.500001 0.866025 -0
    outer loop
      vertex 10.9159 -4.73427 12.99
      vertex 6.81592 -2.36714 13
      vertex 10.9159 -4.73427 13
    endloop
  endfacet
  facet normal 0.500001 0.866025 0
    outer loop
      vertex 6.81592 -2.36714 13
      vertex 10.9159 -4.73427 12.99
      vertex 6.81592 -2.36714 12.99
    endloop
  endfacet
  facet normal -0.335246 -0.580622 0.741949
    outer loop
      vertex 15.0159 2.36714 12.99
      vertex 13.4321 2.52768 12.4
      vertex 14.3101 2.02073 12.4
    endloop
  endfacet
  facet normal -0.335238 -0.580672 0.741913
    outer loop
      vertex 13.4321 2.52768 12.4
      vertex 15.0159 2.36714 12.99
      vertex 13.1481 3.11072 12.728
    endloop
  endfacet
  facet normal -0.335227 -0.580618 0.741961
    outer loop
      vertex 11.7479 3.5 12.4
      vertex 12.1702 3.5 12.5908
      vertex 10.8101 4.04145 12.4
    endloop
  endfacet
  facet normal -0.499999 -0.866026 0
    outer loop
      vertex 10.9159 4.73427 12.99
      vertex 15.0159 2.36714 13
      vertex 10.9159 4.73427 13
    endloop
  endfacet
  facet normal -0.499999 -0.866026 -0
    outer loop
      vertex 15.0159 2.36714 13
      vertex 10.9159 4.73427 12.99
      vertex 15.0159 2.36714 12.99
    endloop
  endfacet
  facet normal 0.366637 -0.635023 0.679943
    outer loop
      vertex 10.9159 4.73427 12.99
      vertex 9.51845 3.5 12.5908
      vertex 10.8101 4.04145 12.4
    endloop
  endfacet
  facet normal 0.366655 -0.635037 0.679921
    outer loop
      vertex 10.9159 4.73427 12.99
      vertex 8.85495 3.5 12.9486
      vertex 9.51845 3.5 12.5908
    endloop
  endfacet
  facet normal 0.366672 -0.635128 0.679827
    outer loop
      vertex 8.85495 3.5 12.9486
      vertex 6.81592 2.36714 12.99
      vertex 8.58729 3.10967 12.7283
    endloop
  endfacet
  facet normal 0.366446 -0.634702 0.680346
    outer loop
      vertex 6.81592 2.36714 12.99
      vertex 8.85495 3.5 12.9486
      vertex 10.9159 4.73427 12.99
    endloop
  endfacet
  facet normal -0.335236 -0.580665 0.74192
    outer loop
      vertex 15.0159 2.36714 12.99
      vertex 12.9585 3.5 12.947
      vertex 13.1481 3.11072 12.728
    endloop
  endfacet
  facet normal -0.335124 -0.580454 0.742136
    outer loop
      vertex 10.9159 4.73427 12.99
      vertex 12.9585 3.5 12.947
      vertex 15.0159 2.36714 12.99
    endloop
  endfacet
  facet normal -0.335246 -0.580649 0.741928
    outer loop
      vertex 10.9159 4.73427 12.99
      vertex 12.1702 3.5 12.5908
      vertex 12.9585 3.5 12.947
    endloop
  endfacet
  facet normal -0.335232 -0.580639 0.741942
    outer loop
      vertex 12.1702 3.5 12.5908
      vertex 10.9159 4.73427 12.99
      vertex 10.8101 4.04145 12.4
    endloop
  endfacet
  facet normal -0.335246 0.580622 0.741949
    outer loop
      vertex 13.4321 -2.52768 12.4
      vertex 15.0159 -2.36714 12.99
      vertex 14.3101 -2.02073 12.4
    endloop
  endfacet
  facet normal -0.335238 0.580672 0.741913
    outer loop
      vertex 15.0159 -2.36714 12.99
      vertex 13.4321 -2.52768 12.4
      vertex 13.1481 -3.11072 12.728
    endloop
  endfacet
  facet normal -0.335227 0.580618 0.741961
    outer loop
      vertex 12.1702 -3.5 12.5908
      vertex 11.7479 -3.5 12.4
      vertex 10.8101 -4.04145 12.4
    endloop
  endfacet
  facet normal 0 -0 1
    outer loop
      vertex 14.3101 -2.02073 12.4
      vertex 14.3101 -1.02992 12.4
      vertex 13.4321 -2.52768 12.4
    endloop
  endfacet
  facet normal 0 -0 1
    outer loop
      vertex 14.3101 1.02992 12.4
      vertex 14.3101 2.02073 12.4
      vertex 13.4321 2.52768 12.4
    endloop
  endfacet
  facet normal 0 0 1
    outer loop
      vertex 11.7479 3.5 12.4
      vertex 10.8101 4.04145 12.4
      vertex 9.87231 3.5 12.4
    endloop
  endfacet
  facet normal 0 -0 1
    outer loop
      vertex 10.8101 -4.04145 12.4
      vertex 11.7479 -3.5 12.4
      vertex 9.87231 -3.5 12.4
    endloop
  endfacet
  facet normal 0 0 1
    outer loop
      vertex 8.18675 -2.5252 12.4
      vertex 7.31013 -2.02073 12.4
      vertex 8.1882 -2.52768 12.4
    endloop
  endfacet
  facet normal -0 0 1
    outer loop
      vertex 7.31013 -2.02073 12.4
      vertex 8.18675 -2.5252 12.4
      vertex 7.31013 -1.02992 12.4
    endloop
  endfacet
  facet normal 0 0 1
    outer loop
      vertex 7.31013 2.02073 12.4
      vertex 8.18675 2.5252 12.4
      vertex 8.1882 2.52768 12.4
    endloop
  endfacet
  facet normal 0 0 1
    outer loop
      vertex 8.18675 2.5252 12.4
      vertex 7.31013 2.02073 12.4
      vertex 7.31013 1.02992 12.4
    endloop
  endfacet
  facet normal 0.366633 -0.635007 0.679961
    outer loop
      vertex 9.87231 3.5 12.4
      vertex 10.8101 4.04145 12.4
      vertex 9.51845 3.5 12.5908
    endloop
  endfacet
  facet normal 0.366636 -0.634988 0.679976
    outer loop
      vertex 6.81592 2.36714 12.99
      vertex 8.1882 2.52768 12.4
      vertex 8.58729 3.10967 12.7283
    endloop
  endfacet
  facet normal 0.366628 -0.635023 0.679948
    outer loop
      vertex 8.1882 2.52768 12.4
      vertex 6.81592 2.36714 12.99
      vertex 7.31013 2.02073 12.4
    endloop
  endfacet
  facet normal -1 0 0
    outer loop
      vertex 15.0159 -2.36714 12.99
      vertex 15.0159 -0.00647821 13
      vertex 15.0159 -0.00347046 12.99
    endloop
  endfacet
  facet normal -1 -0 0
    outer loop
      vertex 15.0159 -0.00647821 13
      vertex 15.0159 -2.36714 12.99
      vertex 15.0159 -2.36714 13
    endloop
  endfacet
  facet normal -1 0 0
    outer loop
      vertex 15.0159 2.36714 12.99
      vertex 15.0159 0.00647821 13
      vertex 15.0159 2.36714 13
    endloop
  endfacet
  facet normal -1 0 -0
    outer loop
      vertex 15.0159 0.00647821 13
      vertex 15.0159 2.36714 12.99
      vertex 15.0159 0.00347046 12.99
    endloop
  endfacet
  facet normal -0.64136 0 0.76724
    outer loop
      vertex 14.3101 -1.02992 12.4
      vertex 15.0159 -2.36714 12.99
      vertex 15.0159 -0.00347046 12.99
    endloop
  endfacet
  facet normal -0.64136 0 0.76724
    outer loop
      vertex 15.0159 -2.36714 12.99
      vertex 14.3101 -1.02992 12.4
      vertex 14.3101 -2.02073 12.4
    endloop
  endfacet
  facet normal -0.64136 0 0.76724
    outer loop
      vertex 14.3101 1.02992 12.4
      vertex 15.0159 2.36714 12.99
      vertex 14.3101 2.02073 12.4
    endloop
  endfacet
  facet normal -0.64136 0 0.76724
    outer loop
      vertex 15.0159 2.36714 12.99
      vertex 14.3101 1.02992 12.4
      vertex 15.0159 0.00347046 12.99
    endloop
  endfacet
  facet normal 0 -1 0
    outer loop
      vertex 19.6519 3.5 1
      vertex 18.6723 3.5 12.4
      vertex 15.5481 3.5 1
    endloop
  endfacet
  facet normal 0 -1 -0
    outer loop
      vertex 18.3185 3.5 12.5908
      vertex 15.5481 3.5 1
      vertex 18.6723 3.5 12.4
    endloop
  endfacet
  facet normal 0 -1 0
    outer loop
      vertex 15.5481 3.5 1
      vertex 18.3185 3.5 12.5908
      vertex 17.655 3.5 12.9486
    endloop
  endfacet
  facet normal 0 -1 0
    outer loop
      vertex 18.6723 3.5 12.4
      vertex 19.6519 3.5 1
      vertex 20.5479 3.5 12.4
    endloop
  endfacet
  facet normal 0 -1 -0
    outer loop
      vertex 20.5479 3.5 12.4
      vertex 19.6519 3.5 1
      vertex 20.9702 3.5 12.5908
    endloop
  endfacet
  facet normal 0 -1 -0
    outer loop
      vertex 20.9702 3.5 12.5908
      vertex 19.6519 3.5 1
      vertex 21.7585 3.5 12.9469
    endloop
  endfacet
  facet normal 0.852717 0.500236 -0.150458
    outer loop
      vertex 15.6159 -0.00948533 12.99
      vertex 15.6121 0 13
      vertex 15.6159 -0.00647759 13
    endloop
  endfacet
  facet normal 0.852776 0.500163 -0.150366
    outer loop
      vertex 15.6121 0 13
      vertex 15.6159 -0.00948533 12.99
      vertex 13.4962 0 1
    endloop
  endfacet
  facet normal 0.85287 0.499997 -0.150383
    outer loop
      vertex 16.1101 -1.02992 12.4
      vertex 13.4962 0 1
      vertex 15.6159 -0.00948533 12.99
    endloop
  endfacet
  facet normal 0.852862 0.500012 -0.150379
    outer loop
      vertex 16.9882 -2.52768 12.4
      vertex 13.4962 0 1
      vertex 16.1101 -1.02992 12.4
    endloop
  endfacet
  facet normal 0.852859 0.500017 -0.150384
    outer loop
      vertex 15.5481 -3.5 1
      vertex 16.9882 -2.52768 12.4
      vertex 17.3873 -3.10967 12.7283
    endloop
  endfacet
  facet normal 0.852849 0.500034 -0.150383
    outer loop
      vertex 15.5481 -3.5 1
      vertex 17.3873 -3.10967 12.7283
      vertex 17.655 -3.5 12.9486
    endloop
  endfacet
  facet normal 0.852868 0.5 -0.150384
    outer loop
      vertex 16.9882 -2.52768 12.4
      vertex 15.5481 -3.5 1
      vertex 13.4962 0 1
    endloop
  endfacet
  facet normal -0.85256 0.500544 0.150328
    outer loop
      vertex 21.7038 0 1
      vertex 23.8159 -0.00346913 12.99
      vertex 23.8197 0 13
    endloop
  endfacet
  facet normal -0.852867 0.500003 0.150382
    outer loop
      vertex 21.7038 0 1
      vertex 23.1101 -1.02992 12.4
      vertex 23.8159 -0.00346913 12.99
    endloop
  endfacet
  facet normal -0.852887 0.49997 0.150381
    outer loop
      vertex 21.7038 0 1
      vertex 22.2321 -2.52768 12.4
      vertex 23.1101 -1.02992 12.4
    endloop
  endfacet
  facet normal -0.852868 0.5 0.150387
    outer loop
      vertex 19.6519 -3.5 1
      vertex 22.2321 -2.52768 12.4
      vertex 21.7038 0 1
    endloop
  endfacet
  facet normal -0.852853 0.500026 0.150381
    outer loop
      vertex 22.2321 -2.52768 12.4
      vertex 19.6519 -3.5 1
      vertex 21.9481 -3.11072 12.728
    endloop
  endfacet
  facet normal -0.852886 0.499968 0.15039
    outer loop
      vertex 21.9481 -3.11072 12.728
      vertex 19.6519 -3.5 1
      vertex 21.7585 -3.5 12.9469
    endloop
  endfacet
  facet normal -0.852691 0.500276 0.15047
    outer loop
      vertex 23.8197 0 13
      vertex 23.8159 -0.00346913 12.99
      vertex 23.8159 -0.00647688 13
    endloop
  endfacet
  facet normal 0.852849 -0.500034 -0.150383
    outer loop
      vertex 17.3873 3.10967 12.7283
      vertex 15.5481 3.5 1
      vertex 17.655 3.5 12.9486
    endloop
  endfacet
  facet normal 0.852859 -0.500017 -0.150384
    outer loop
      vertex 16.9882 2.52768 12.4
      vertex 15.5481 3.5 1
      vertex 17.3873 3.10967 12.7283
    endloop
  endfacet
  facet normal 0.852862 -0.500012 -0.150384
    outer loop
      vertex 16.1101 1.02992 12.4
      vertex 15.5481 3.5 1
      vertex 16.9882 2.52768 12.4
    endloop
  endfacet
  facet normal 0.85287 -0.499997 -0.150383
    outer loop
      vertex 13.4962 0 1
      vertex 16.1101 1.02992 12.4
      vertex 15.6159 0.00948533 12.99
    endloop
  endfacet
  facet normal 0.852717 -0.500236 -0.150458
    outer loop
      vertex 15.6121 0 13
      vertex 15.6159 0.00948533 12.99
      vertex 15.6159 0.00647759 13
    endloop
  endfacet
  facet normal 0.852776 -0.500163 -0.150366
    outer loop
      vertex 15.6159 0.00948533 12.99
      vertex 15.6121 0 13
      vertex 13.4962 0 1
    endloop
  endfacet
  facet normal 0.852869 -0.5 -0.150382
    outer loop
      vertex 16.1101 1.02992 12.4
      vertex 13.4962 0 1
      vertex 15.5481 3.5 1
    endloop
  endfacet
  facet normal -0.852886 -0.499968 0.15039
    outer loop
      vertex 19.6519 3.5 1
      vertex 21.9481 3.11072 12.728
      vertex 21.7585 3.5 12.9469
    endloop
  endfacet
  facet normal -0.852853 -0.500026 0.150381
    outer loop
      vertex 19.6519 3.5 1
      vertex 22.2321 2.52768 12.4
      vertex 21.9481 3.11072 12.728
    endloop
  endfacet
  facet normal -0.852885 -0.499969 0.150393
    outer loop
      vertex 19.6519 3.5 1
      vertex 23.1101 1.02992 12.4
      vertex 22.2321 2.52768 12.4
    endloop
  endfacet
  facet normal -0.852869 -0.5 0.150382
    outer loop
      vertex 21.7038 0 1
      vertex 23.1101 1.02992 12.4
      vertex 19.6519 3.5 1
    endloop
  endfacet
  facet normal -0.852867 -0.500003 0.150382
    outer loop
      vertex 23.1101 1.02992 12.4
      vertex 21.7038 0 1
      vertex 23.8159 0.00346913 12.99
    endloop
  endfacet
  facet normal -0.852691 -0.500276 0.15047
    outer loop
      vertex 23.8159 0.00346913 12.99
      vertex 23.8197 0 13
      vertex 23.8159 0.00647688 13
    endloop
  endfacet
  facet normal -0.85256 -0.500544 0.150328
    outer loop
      vertex 23.8197 0 13
      vertex 23.8159 0.00346913 12.99
      vertex 21.7038 0 1
    endloop
  endfacet
  facet normal 0 1 0
    outer loop
      vertex 20.5479 -3.5 12.4
      vertex 19.6519 -3.5 1
      vertex 18.6723 -3.5 12.4
    endloop
  endfacet
  facet normal 0 1 0
    outer loop
      vertex 20.9702 -3.5 12.5908
      vertex 19.6519 -3.5 1
      vertex 20.5479 -3.5 12.4
    endloop
  endfacet
  facet normal 0 1 0
    outer loop
      vertex 19.6519 -3.5 1
      vertex 20.9702 -3.5 12.5908
      vertex 21.7585 -3.5 12.9469
    endloop
  endfacet
  facet normal 0 1 0
    outer loop
      vertex 15.5481 -3.5 1
      vertex 18.6723 -3.5 12.4
      vertex 19.6519 -3.5 1
    endloop
  endfacet
  facet normal 0 1 0
    outer loop
      vertex 18.6723 -3.5 12.4
      vertex 15.5481 -3.5 1
      vertex 18.3185 -3.5 12.5908
    endloop
  endfacet
  facet normal 0 1 0
    outer loop
      vertex 18.3185 -3.5 12.5908
      vertex 15.5481 -3.5 1
      vertex 17.655 -3.5 12.9486
    endloop
  endfacet
  facet normal 0 0 1
    outer loop
      vertex 19.6519 3.5 1
      vertex 19.6519 -3.5 1
      vertex 21.7038 0 1
    endloop
  endfacet
  facet normal -0 0 1
    outer loop
      vertex 15.5481 3.5 1
      vertex 19.6519 -3.5 1
      vertex 19.6519 3.5 1
    endloop
  endfacet
  facet normal 0 0 1
    outer loop
      vertex 15.5481 3.5 1
      vertex 15.5481 -3.5 1
      vertex 19.6519 -3.5 1
    endloop
  endfacet
  facet normal 0 -0 1
    outer loop
      vertex 15.5481 -3.5 1
      vertex 15.5481 3.5 1
      vertex 13.4962 0 1
    endloop
  endfacet
  facet normal 1 0 0
    outer loop
      vertex 15.6159 2.36714 13
      vertex 15.6159 0.00948533 12.99
      vertex 15.6159 2.36714 12.99
    endloop
  endfacet
  facet normal 1 0 -0
    outer loop
      vertex 15.6159 0.00948533 12.99
      vertex 15.6159 2.36714 13
      vertex 15.6159 0.00647759 13
    endloop
  endfacet
  facet normal 1 -0 0
    outer loop
      vertex 15.6159 -2.36714 13
      vertex 15.6159 -0.00948533 12.99
      vertex 15.6159 -0.00647759 13
    endloop
  endfacet
  facet normal 1 0 0
    outer loop
      vertex 15.6159 -0.00948533 12.99
      vertex 15.6159 -2.36714 13
      vertex 15.6159 -2.36714 12.99
    endloop
  endfacet
  facet normal -0.335198 0.580526 0.742045
    outer loop
      vertex 21.7585 -3.5 12.9469
      vertex 23.8159 -2.36714 12.99
      vertex 21.9481 -3.11072 12.728
    endloop
  endfacet
  facet normal -0.335553 0.581196 0.741361
    outer loop
      vertex 21.7585 -3.5 12.9469
      vertex 19.7159 -4.73427 12.99
      vertex 23.8159 -2.36714 12.99
    endloop
  endfacet
  facet normal -0.335181 0.580604 0.741993
    outer loop
      vertex 20.9702 -3.5 12.5908
      vertex 19.7159 -4.73427 12.99
      vertex 21.7585 -3.5 12.9469
    endloop
  endfacet
  facet normal -0.335232 0.580639 0.741942
    outer loop
      vertex 19.7159 -4.73427 12.99
      vertex 20.9702 -3.5 12.5908
      vertex 19.6101 -4.04145 12.4
    endloop
  endfacet
  facet normal 0.499999 -0.866026 0
    outer loop
      vertex 15.6159 2.36714 12.99
      vertex 19.7159 4.73427 13
      vertex 15.6159 2.36714 13
    endloop
  endfacet
  facet normal 0.499999 -0.866026 0
    outer loop
      vertex 19.7159 4.73427 13
      vertex 15.6159 2.36714 12.99
      vertex 19.7159 4.73427 12.99
    endloop
  endfacet
  facet normal -0.499999 0.866026 0
    outer loop
      vertex 23.8159 -2.36714 12.99
      vertex 19.7159 -4.73427 13
      vertex 23.8159 -2.36714 13
    endloop
  endfacet
  facet normal -0.499999 0.866026 0
    outer loop
      vertex 19.7159 -4.73427 13
      vertex 23.8159 -2.36714 12.99
      vertex 19.7159 -4.73427 12.99
    endloop
  endfacet
  facet normal 0.7666 0 0.642125
    outer loop
      vertex 15.6159 2.36714 12.99
      vertex 16.1101 1.02992 12.4
      vertex 16.1101 2.02073 12.4
    endloop
  endfacet
  facet normal 0.7666 0 0.642125
    outer loop
      vertex 16.1101 1.02992 12.4
      vertex 15.6159 2.36714 12.99
      vertex 15.6159 0.00948533 12.99
    endloop
  endfacet
  facet normal 0.7666 -0 0.642125
    outer loop
      vertex 15.6159 -2.36714 12.99
      vertex 16.1101 -1.02992 12.4
      vertex 15.6159 -0.00948533 12.99
    endloop
  endfacet
  facet normal 0.7666 0 0.642125
    outer loop
      vertex 16.1101 -1.02992 12.4
      vertex 15.6159 -2.36714 12.99
      vertex 16.1101 -2.02073 12.4
    endloop
  endfacet
  facet normal 0.366649 0.635021 0.679939
    outer loop
      vertex 18.3185 -3.5 12.5908
      vertex 19.7159 -4.73427 12.99
      vertex 19.6101 -4.04145 12.4
    endloop
  endfacet
  facet normal 0.366659 0.635028 0.679927
    outer loop
      vertex 17.655 -3.5 12.9486
      vertex 19.7159 -4.73427 12.99
      vertex 18.3185 -3.5 12.5908
    endloop
  endfacet
  facet normal 0.366312 0.634473 0.680632
    outer loop
      vertex 17.655 -3.5 12.9486
      vertex 15.6159 -2.36714 12.99
      vertex 19.7159 -4.73427 12.99
    endloop
  endfacet
  facet normal 0.366673 0.635152 0.679803
    outer loop
      vertex 15.6159 -2.36714 12.99
      vertex 17.655 -3.5 12.9486
      vertex 17.3873 -3.10967 12.7283
    endloop
  endfacet
  facet normal 0.36666 0.63506 0.679896
    outer loop
      vertex 19.6101 -4.04145 12.4
      vertex 18.6723 -3.5 12.4
      vertex 18.3185 -3.5 12.5908
    endloop
  endfacet
  facet normal 0.366621 0.635033 0.679942
    outer loop
      vertex 15.6159 -2.36714 12.99
      vertex 16.9882 -2.52768 12.4
      vertex 16.1101 -2.02073 12.4
    endloop
  endfacet
  facet normal 0.366631 0.634991 0.679976
    outer loop
      vertex 16.9882 -2.52768 12.4
      vertex 15.6159 -2.36714 12.99
      vertex 17.3873 -3.10967 12.7283
    endloop
  endfacet
  facet normal 0.499999 0.866026 -0
    outer loop
      vertex 19.7159 -4.73427 12.99
      vertex 15.6159 -2.36714 13
      vertex 19.7159 -4.73427 13
    endloop
  endfacet
  facet normal 0.499999 0.866026 0
    outer loop
      vertex 15.6159 -2.36714 13
      vertex 19.7159 -4.73427 12.99
      vertex 15.6159 -2.36714 12.99
    endloop
  endfacet
  facet normal -0.335246 -0.580622 0.741949
    outer loop
      vertex 23.8159 2.36714 12.99
      vertex 22.2321 2.52768 12.4
      vertex 23.1101 2.02073 12.4
    endloop
  endfacet
  facet normal -0.335238 -0.580672 0.741913
    outer loop
      vertex 22.2321 2.52768 12.4
      vertex 23.8159 2.36714 12.99
      vertex 21.9481 3.11072 12.728
    endloop
  endfacet
  facet normal -0.335227 -0.580618 0.741961
    outer loop
      vertex 20.5479 3.5 12.4
      vertex 20.9702 3.5 12.5908
      vertex 19.6101 4.04145 12.4
    endloop
  endfacet
  facet normal -0.499999 -0.866026 0
    outer loop
      vertex 19.7159 4.73427 12.99
      vertex 23.8159 2.36714 13
      vertex 19.7159 4.73427 13
    endloop
  endfacet
  facet normal -0.499999 -0.866026 -0
    outer loop
      vertex 23.8159 2.36714 13
      vertex 19.7159 4.73427 12.99
      vertex 23.8159 2.36714 12.99
    endloop
  endfacet
  facet normal 0.366649 -0.635021 0.679939
    outer loop
      vertex 19.7159 4.73427 12.99
      vertex 18.3185 3.5 12.5908
      vertex 19.6101 4.04145 12.4
    endloop
  endfacet
  facet normal 0.366659 -0.635028 0.679927
    outer loop
      vertex 19.7159 4.73427 12.99
      vertex 17.655 3.5 12.9486
      vertex 18.3185 3.5 12.5908
    endloop
  endfacet
  facet normal 0.366673 -0.635152 0.679803
    outer loop
      vertex 17.655 3.5 12.9486
      vertex 15.6159 2.36714 12.99
      vertex 17.3873 3.10967 12.7283
    endloop
  endfacet
  facet normal 0.366312 -0.634473 0.680632
    outer loop
      vertex 15.6159 2.36714 12.99
      vertex 17.655 3.5 12.9486
      vertex 19.7159 4.73427 12.99
    endloop
  endfacet
  facet normal -0.335198 -0.580526 0.742045
    outer loop
      vertex 23.8159 2.36714 12.99
      vertex 21.7585 3.5 12.9469
      vertex 21.9481 3.11072 12.728
    endloop
  endfacet
  facet normal -0.335553 -0.581196 0.741361
    outer loop
      vertex 19.7159 4.73427 12.99
      vertex 21.7585 3.5 12.9469
      vertex 23.8159 2.36714 12.99
    endloop
  endfacet
  facet normal -0.335181 -0.580604 0.741993
    outer loop
      vertex 19.7159 4.73427 12.99
      vertex 20.9702 3.5 12.5908
      vertex 21.7585 3.5 12.9469
    endloop
  endfacet
  facet normal -0.335232 -0.580639 0.741942
    outer loop
      vertex 20.9702 3.5 12.5908
      vertex 19.7159 4.73427 12.99
      vertex 19.6101 4.04145 12.4
    endloop
  endfacet
  facet normal -0.335246 0.580622 0.741949
    outer loop
      vertex 22.2321 -2.52768 12.4
      vertex 23.8159 -2.36714 12.99
      vertex 23.1101 -2.02073 12.4
    endloop
  endfacet
  facet normal -0.335238 0.580672 0.741913
    outer loop
      vertex 23.8159 -2.36714 12.99
      vertex 22.2321 -2.52768 12.4
      vertex 21.9481 -3.11072 12.728
    endloop
  endfacet
  facet normal -0.335227 0.580618 0.741961
    outer loop
      vertex 20.9702 -3.5 12.5908
      vertex 20.5479 -3.5 12.4
      vertex 19.6101 -4.04145 12.4
    endloop
  endfacet
  facet normal 0 -0 1
    outer loop
      vertex 23.1101 1.02992 12.4
      vertex 23.1101 2.02073 12.4
      vertex 22.2321 2.52768 12.4
    endloop
  endfacet
  facet normal 0 -0 1
    outer loop
      vertex 23.1101 -2.02073 12.4
      vertex 23.1101 -1.02992 12.4
      vertex 22.2321 -2.52768 12.4
    endloop
  endfacet
  facet normal 0 -0 1
    outer loop
      vertex 19.6101 -4.04145 12.4
      vertex 20.5479 -3.5 12.4
      vertex 18.6723 -3.5 12.4
    endloop
  endfacet
  facet normal 0 0 1
    outer loop
      vertex 16.9882 -2.52768 12.4
      vertex 16.1101 -1.02992 12.4
      vertex 16.1101 -2.02073 12.4
    endloop
  endfacet
  facet normal 0 0 1
    outer loop
      vertex 16.9882 2.52768 12.4
      vertex 16.1101 2.02073 12.4
      vertex 16.1101 1.02992 12.4
    endloop
  endfacet
  facet normal 0 0 1
    outer loop
      vertex 20.5479 3.5 12.4
      vertex 19.6101 4.04145 12.4
      vertex 18.6723 3.5 12.4
    endloop
  endfacet
  facet normal 0.366631 -0.634991 0.679976
    outer loop
      vertex 15.6159 2.36714 12.99
      vertex 16.9882 2.52768 12.4
      vertex 17.3873 3.10967 12.7283
    endloop
  endfacet
  facet normal 0.366621 -0.635033 0.679942
    outer loop
      vertex 16.9882 2.52768 12.4
      vertex 15.6159 2.36714 12.99
      vertex 16.1101 2.02073 12.4
    endloop
  endfacet
  facet normal 0.36666 -0.63506 0.679896
    outer loop
      vertex 18.6723 3.5 12.4
      vertex 19.6101 4.04145 12.4
      vertex 18.3185 3.5 12.5908
    endloop
  endfacet
  facet normal -1 0 0
    outer loop
      vertex 23.8159 -2.36714 12.99
      vertex 23.8159 -0.00647688 13
      vertex 23.8159 -0.00346913 12.99
    endloop
  endfacet
  facet normal -1 -0 0
    outer loop
      vertex 23.8159 -0.00647688 13
      vertex 23.8159 -2.36714 12.99
      vertex 23.8159 -2.36714 13
    endloop
  endfacet
  facet normal -1 0 0
    outer loop
      vertex 23.8159 2.36714 12.99
      vertex 23.8159 0.00647688 13
      vertex 23.8159 2.36714 13
    endloop
  endfacet
  facet normal -1 0 -0
    outer loop
      vertex 23.8159 0.00647688 13
      vertex 23.8159 2.36714 12.99
      vertex 23.8159 0.00346913 12.99
    endloop
  endfacet
  facet normal -0.64136 0 0.76724
    outer loop
      vertex 23.1101 1.02992 12.4
      vertex 23.8159 2.36714 12.99
      vertex 23.1101 2.02073 12.4
    endloop
  endfacet
  facet normal -0.64136 0 0.76724
    outer loop
      vertex 23.8159 2.36714 12.99
      vertex 23.1101 1.02992 12.4
      vertex 23.8159 0.00346913 12.99
    endloop
  endfacet
  facet normal -0.64136 0 0.76724
    outer loop
      vertex 23.1101 -1.02992 12.4
      vertex 23.8159 -2.36714 12.99
      vertex 23.8159 -0.00346913 12.99
    endloop
  endfacet
  facet normal -0.64136 0 0.76724
    outer loop
      vertex 23.8159 -2.36714 12.99
      vertex 23.1101 -1.02992 12.4
      vertex 23.1101 -2.02073 12.4
    endloop
  endfacet
  facet normal -0.988606 -0.00657753 -0.150385
    outer loop
      vertex -9.64601 5.56912 1
      vertex -11.4015 7.73254 12.4457
      vertex -9.67061 9.26651 1
    endloop
  endfacet
  facet normal -0.988605 -0.00654773 -0.15039
    outer loop
      vertex -11.4015 7.73254 12.4457
      vertex -9.64601 5.56912 1
      vertex -11.395 6.57888 12.4532
    endloop
  endfacet
  facet normal 0.500004 0.866023 1.51148e-06
    outer loop
      vertex -13.5073 3.75701 1
      vertex -16.3319 5.38779 12.4
      vertex -14.9408 4.58463 12.4
    endloop
  endfacet
  facet normal 0.500449 0.865766 9.21369e-05
    outer loop
      vertex -13.173 3.56398 1
      vertex -14.9408 4.58463 12.4
      vertex -14.9179 4.57139 12.4266
    endloop
  endfacet
  facet normal 0.500042 0.866001 7.98485e-06
    outer loop
      vertex -13.5073 3.75701 1
      vertex -14.9408 4.58463 12.4
      vertex -13.173 3.56398 1
    endloop
  endfacet
  facet normal 0.500007 0.866021 2.51322e-06
    outer loop
      vertex -16.3319 5.38779 12.4
      vertex -13.5073 3.75701 1
      vertex -17.6027 6.1215 12.4
    endloop
  endfacet
  facet normal 0.988606 0.00656309 0.150384
    outer loop
      vertex -18.4962 9.80637 12.4472
      vertex -16.754 9.67292 1
      vertex -18.5029 10.6827 12.453
    endloop
  endfacet
  facet normal 0.988606 0.0065704 0.150384
    outer loop
      vertex -16.754 9.67292 1
      vertex -18.4962 9.80637 12.4472
      vertex -16.7306 6.15207 1
    endloop
  endfacet
  facet normal 0.488529 -0.859491 0.150379
    outer loop
      vertex -16.754 9.67292 1
      vertex -18.1502 10.8827 12.4503
      vertex -18.5029 10.6827 12.453
    endloop
  endfacet
  facet normal 0.488664 -0.859413 0.150387
    outer loop
      vertex -16.754 9.67292 1
      vertex -17.7407 11.115 12.4472
      vertex -18.1502 10.8827 12.4503
    endloop
  endfacet
  facet normal 0.48861 -0.859444 0.150386
    outer loop
      vertex -17.7407 11.115 12.4472
      vertex -16.754 9.67292 1
      vertex -13.6931 11.4131 1
    endloop
  endfacet
  facet normal -0.488606 0.859446 -0.150386
    outer loop
      vertex -13.173 3.56398 1
      vertex -11.395 6.57888 12.4532
      vertex -9.64601 5.56912 1
    endloop
  endfacet
  facet normal -0.488608 0.859445 -0.150386
    outer loop
      vertex -11.395 6.57888 12.4532
      vertex -13.173 3.56398 1
      vertex -14.7515 4.66623 12.4279
    endloop
  endfacet
  facet normal -0.488653 0.859419 -0.150389
    outer loop
      vertex -14.7515 4.66623 12.4279
      vertex -13.173 3.56398 1
      vertex -14.9179 4.57139 12.4266
    endloop
  endfacet
  facet normal 0.499988 0.866033 -3.78862e-06
    outer loop
      vertex -18.0129 6.35832 12.4
      vertex -16.727 5.61588 1
      vertex -18.4408 6.60536 12.4
    endloop
  endfacet
  facet normal 0.499146 0.866518 -0.000172483
    outer loop
      vertex -18.4408 6.60536 12.4
      vertex -16.727 5.61588 1
      vertex -18.4719 6.62328 12.4265
    endloop
  endfacet
  facet normal 0.499995 0.866028 -3.1205e-06
    outer loop
      vertex -16.727 5.61588 1
      vertex -17.6027 6.1215 12.4
      vertex -13.5073 3.75701 1
    endloop
  endfacet
  facet normal 0.499986 0.866034 -4.0836e-06
    outer loop
      vertex -17.6027 6.1215 12.4
      vertex -16.727 5.61588 1
      vertex -18.0129 6.35832 12.4
    endloop
  endfacet
  facet normal 0.988606 0.00656914 0.150384
    outer loop
      vertex -18.4719 6.62328 12.4265
      vertex -16.7306 6.15207 1
      vertex -18.4962 9.80637 12.4472
    endloop
  endfacet
  facet normal 0.988606 0.00663754 0.150381
    outer loop
      vertex -16.7306 6.15207 1
      vertex -18.4719 6.62328 12.4265
      vertex -16.727 5.61588 1
    endloop
  endfacet
  facet normal 0.488612 -0.859443 0.150387
    outer loop
      vertex -13.6931 11.4131 1
      vertex -14.9719 12.6855 12.4265
      vertex -17.7407 11.115 12.4472
    endloop
  endfacet
  facet normal 0.488629 -0.859433 0.150387
    outer loop
      vertex -14.9719 12.6855 12.4265
      vertex -13.6931 11.4131 1
      vertex -13.227 11.6781 1
    endloop
  endfacet
  facet normal -0.499995 -0.866028 -3.81269e-06
    outer loop
      vertex -13.227 11.6781 1
      vertex -11.4408 10.6468 12.4
      vertex -14.9408 12.6675 12.4
    endloop
  endfacet
  facet normal -0.501066 -0.865409 -0.000218533
    outer loop
      vertex -13.227 11.6781 1
      vertex -14.9408 12.6675 12.4
      vertex -14.9719 12.6855 12.4265
    endloop
  endfacet
  facet normal -0.500007 -0.866021 -1.38878e-06
    outer loop
      vertex -9.673 9.62616 1
      vertex -11.4408 10.6468 12.4
      vertex -13.227 11.6781 1
    endloop
  endfacet
  facet normal -0.499487 -0.866321 0.000106
    outer loop
      vertex -11.4408 10.6468 12.4
      vertex -9.673 9.62616 1
      vertex -11.4179 10.6336 12.4266
    endloop
  endfacet
  facet normal -0.988606 -0.00656963 -0.150386
    outer loop
      vertex -9.67061 9.26651 1
      vertex -11.4179 10.6336 12.4266
      vertex -9.673 9.62616 1
    endloop
  endfacet
  facet normal -0.988606 -0.0065788 -0.150385
    outer loop
      vertex -11.4179 10.6336 12.4266
      vertex -9.67061 9.26651 1
      vertex -11.4015 7.73254 12.4457
    endloop
  endfacet
  facet normal 0 0 1
    outer loop
      vertex -13.227 11.6781 1
      vertex -9.67061 9.26651 1
      vertex -9.673 9.62616 1
    endloop
  endfacet
  facet normal 0 0 1
    outer loop
      vertex -9.67061 9.26651 1
      vertex -13.5073 3.75701 1
      vertex -9.64601 5.56912 1
    endloop
  endfacet
  facet normal 0 0 1
    outer loop
      vertex -9.67061 9.26651 1
      vertex -13.227 11.6781 1
      vertex -13.6931 11.4131 1
    endloop
  endfacet
  facet normal 0 0 1
    outer loop
      vertex -9.64601 5.56912 1
      vertex -13.5073 3.75701 1
      vertex -13.173 3.56398 1
    endloop
  endfacet
  facet normal 0 0 1
    outer loop
      vertex -9.67061 9.26651 1
      vertex -13.6931 11.4131 1
      vertex -13.5073 3.75701 1
    endloop
  endfacet
  facet normal -0 0 1
    outer loop
      vertex -16.7306 6.15207 1
      vertex -13.5073 3.75701 1
      vertex -13.6931 11.4131 1
    endloop
  endfacet
  facet normal 0 0 1
    outer loop
      vertex -13.5073 3.75701 1
      vertex -16.7306 6.15207 1
      vertex -16.727 5.61588 1
    endloop
  endfacet
  facet normal 0 -0 1
    outer loop
      vertex -16.7306 6.15207 1
      vertex -13.6931 11.4131 1
      vertex -16.754 9.67292 1
    endloop
  endfacet
  facet normal -0.50001 -0.86602 0
    outer loop
      vertex -15.0324 13.4133 12.99
      vertex -10.9324 11.0461 13
      vertex -15.0324 13.4133 13
    endloop
  endfacet
  facet normal -0.50001 -0.86602 -0
    outer loop
      vertex -10.9324 11.0461 13
      vertex -15.0324 13.4133 12.99
      vertex -10.9324 11.0461 12.99
    endloop
  endfacet
  facet normal 1 -0 0
    outer loop
      vertex -19.1324 6.31185 13
      vertex -19.1324 11.0461 12.99
      vertex -19.1324 11.0461 13
    endloop
  endfacet
  facet normal 1 0 0
    outer loop
      vertex -19.1324 11.0461 12.99
      vertex -19.1324 6.31185 13
      vertex -19.1324 6.31185 12.99
    endloop
  endfacet
  facet normal 0.648973 -7.36964e-05 0.760811
    outer loop
      vertex -19.1324 11.0461 12.99
      vertex -18.4962 9.80637 12.4472
      vertex -18.5029 10.6827 12.453
    endloop
  endfacet
  facet normal 0.649057 -0 0.76074
    outer loop
      vertex -19.1324 6.31185 12.99
      vertex -18.4962 9.80637 12.4472
      vertex -19.1324 11.0461 12.99
    endloop
  endfacet
  facet normal 0.648826 0.000763707 0.760936
    outer loop
      vertex -18.4719 6.62328 12.4265
      vertex -19.1324 6.31185 12.99
      vertex -18.4408 6.60536 12.4
    endloop
  endfacet
  facet normal 0.649033 7.46339e-06 0.76076
    outer loop
      vertex -18.4962 9.80637 12.4472
      vertex -19.1324 6.31185 12.99
      vertex -18.4719 6.62328 12.4265
    endloop
  endfacet
  facet normal -0.500001 0.866025 0
    outer loop
      vertex -10.9324 6.31185 12.99
      vertex -15.0324 3.94471 13
      vertex -10.9324 6.31185 13
    endloop
  endfacet
  facet normal -0.500001 0.866025 0
    outer loop
      vertex -15.0324 3.94471 13
      vertex -10.9324 6.31185 12.99
      vertex -15.0324 3.94471 12.99
    endloop
  endfacet
  facet normal 0.500001 0.866025 -0
    outer loop
      vertex -15.0324 3.94471 12.99
      vertex -19.1324 6.31185 13
      vertex -15.0324 3.94471 13
    endloop
  endfacet
  facet normal 0.500001 0.866025 0
    outer loop
      vertex -19.1324 6.31185 13
      vertex -15.0324 3.94471 12.99
      vertex -19.1324 6.31185 12.99
    endloop
  endfacet
  facet normal 0.32452 -0.562069 0.760766
    outer loop
      vertex -19.1324 11.0461 12.99
      vertex -18.1502 10.8827 12.4503
      vertex -15.0324 13.4133 12.99
    endloop
  endfacet
  facet normal 0.324532 -0.562042 0.760781
    outer loop
      vertex -18.1502 10.8827 12.4503
      vertex -19.1324 11.0461 12.99
      vertex -18.5029 10.6827 12.453
    endloop
  endfacet
  facet normal 0.350571 0.607195 0.713031
    outer loop
      vertex -19.1324 6.31185 12.99
      vertex -16.3319 5.38779 12.4
      vertex -17.6027 6.1215 12.4
    endloop
  endfacet
  facet normal 0.350566 0.607222 0.713011
    outer loop
      vertex -19.1324 6.31185 12.99
      vertex -17.6027 6.1215 12.4
      vertex -18.0129 6.35832 12.4
    endloop
  endfacet
  facet normal 0.350572 0.607202 0.713025
    outer loop
      vertex -16.3319 5.38779 12.4
      vertex -19.1324 6.31185 12.99
      vertex -14.9408 4.58463 12.4
    endloop
  endfacet
  facet normal 0.350567 0.60722 0.713012
    outer loop
      vertex -19.1324 6.31185 12.99
      vertex -18.0129 6.35832 12.4
      vertex -18.4408 6.60536 12.4
    endloop
  endfacet
  facet normal -0.350575 -0.607197 0.713028
    outer loop
      vertex -11.4408 10.6468 12.4
      vertex -10.9324 11.0461 12.99
      vertex -15.0324 13.4133 12.99
    endloop
  endfacet
  facet normal -0.757721 0.000512024 0.652578
    outer loop
      vertex -11.4179 10.6336 12.4266
      vertex -10.9324 11.0461 12.99
      vertex -11.4408 10.6468 12.4
    endloop
  endfacet
  facet normal -0.757542 1.53553e-05 0.652787
    outer loop
      vertex -11.4015 7.73254 12.4457
      vertex -10.9324 11.0461 12.99
      vertex -11.4179 10.6336 12.4266
    endloop
  endfacet
  facet normal -0.757527 -2.41758e-05 0.652804
    outer loop
      vertex -10.9324 6.31185 12.99
      vertex -11.4015 7.73254 12.4457
      vertex -11.395 6.57888 12.4532
    endloop
  endfacet
  facet normal -0.757495 0 0.652841
    outer loop
      vertex -11.4015 7.73254 12.4457
      vertex -10.9324 6.31185 12.99
      vertex -10.9324 11.0461 12.99
    endloop
  endfacet
  facet normal -1 0 0
    outer loop
      vertex -10.9324 6.31185 12.99
      vertex -10.9324 11.0461 13
      vertex -10.9324 11.0461 12.99
    endloop
  endfacet
  facet normal -1 -0 0
    outer loop
      vertex -10.9324 11.0461 13
      vertex -10.9324 6.31185 12.99
      vertex -10.9324 6.31185 13
    endloop
  endfacet
  facet normal -0.37876 0.656031 0.652812
    outer loop
      vertex -14.7515 4.66623 12.4279
      vertex -15.0324 3.94471 12.99
      vertex -10.9324 6.31185 12.99
    endloop
  endfacet
  facet normal -0.379 0.656023 0.652681
    outer loop
      vertex -14.9179 4.57139 12.4266
      vertex -15.0324 3.94471 12.99
      vertex -14.7515 4.66623 12.4279
    endloop
  endfacet
  facet normal -0.378888 0.656043 0.652727
    outer loop
      vertex -15.0324 3.94471 12.99
      vertex -14.9179 4.57139 12.4266
      vertex -14.9408 4.58463 12.4
    endloop
  endfacet
  facet normal 0.350574 0.607212 0.713016
    outer loop
      vertex -15.0324 3.94471 12.99
      vertex -14.9408 4.58463 12.4
      vertex -19.1324 6.31185 12.99
    endloop
  endfacet
  facet normal 0.50001 -0.86602 0
    outer loop
      vertex -19.1324 11.0461 12.99
      vertex -15.0324 13.4133 13
      vertex -19.1324 11.0461 13
    endloop
  endfacet
  facet normal 0.50001 -0.86602 0
    outer loop
      vertex -15.0324 13.4133 13
      vertex -19.1324 11.0461 12.99
      vertex -15.0324 13.4133 12.99
    endloop
  endfacet
  facet normal -0.378769 0.656066 0.652772
    outer loop
      vertex -10.9324 6.31185 12.99
      vertex -11.395 6.57888 12.4532
      vertex -14.7515 4.66623 12.4279
    endloop
  endfacet
  facet normal -0.350542 -0.607164 0.713073
    outer loop
      vertex -14.9408 12.6675 12.4
      vertex -11.4408 10.6468 12.4
      vertex -15.0324 13.4133 12.99
    endloop
  endfacet
  facet normal 0.323013 -0.562451 0.761125
    outer loop
      vertex -15.0324 13.4133 12.99
      vertex -14.9719 12.6855 12.4265
      vertex -14.9408 12.6675 12.4
    endloop
  endfacet
  facet normal 0.324497 -0.562062 0.760782
    outer loop
      vertex -15.0324 13.4133 12.99
      vertex -17.7407 11.115 12.4472
      vertex -14.9719 12.6855 12.4265
    endloop
  endfacet
  facet normal 0.324717 -0.562264 0.760538
    outer loop
      vertex -17.7407 11.115 12.4472
      vertex -15.0324 13.4133 12.99
      vertex -18.1502 10.8827 12.4503
    endloop
  endfacet
  facet normal -0.866095 -0.499879 -5.69613e-05
    outer loop
      vertex -0.535989 7.92836 1
      vertex -2.84288 11.924 12.4
      vertex -2.91376 12.0468 12.464
    endloop
  endfacet
  facet normal -0.866018 -0.500012 5.05353e-06
    outer loop
      vertex -0.535989 7.92836 1
      vertex -1.90506 10.2997 12.4
      vertex -2.84288 11.924 12.4
    endloop
  endfacet
  facet normal -0.866023 -0.500005 3.06978e-06
    outer loop
      vertex -0.342961 7.59403 1
      vertex -1.90506 10.2997 12.4
      vertex -0.535989 7.92836 1
    endloop
  endfacet
  facet normal -0.866034 -0.499985 -3.08203e-06
    outer loop
      vertex -1.90506 10.2997 12.4
      vertex -0.342961 7.59403 1
      vertex -1.39639 9.41862 12.9486
    endloop
  endfacet
  facet normal 0.866028 0.499995 1.30293e-06
    outer loop
      vertex -6.40514 4.09403 1
      vertex -7.94892 6.76794 12.4198
      vertex -7.66899 6.28308 12.7216
    endloop
  endfacet
  facet normal 0.866032 0.499989 2.81623e-06
    outer loop
      vertex -6.40514 4.09403 1
      vertex -7.66899 6.28308 12.7216
      vertex -7.45857 5.91861 12.9486
    endloop
  endfacet
  facet normal 0.866025 0.5 -1.96058e-07
    outer loop
      vertex -7.94892 6.76794 12.4198
      vertex -6.40514 4.09403 1
      vertex -8.20119 7.20488 1
    endloop
  endfacet
  facet normal 0.859436 -0.488625 0.150386
    outer loop
      vertex -8.45704 7.64802 1
      vertex -9.02333 10.1935 12.5069
      vertex -9.51032 9.47236 12.9469
    endloop
  endfacet
  facet normal 0.859446 -0.488609 0.150383
    outer loop
      vertex -9.02333 10.1935 12.5069
      vertex -8.45704 7.64802 1
      vertex -6.74525 10.659 1
    endloop
  endfacet
  facet normal 0.00657689 0.988606 -0.150384
    outer loop
      vertex -4.547 5.8158 12.4
      vertex -6.04548 4.09163 1
      vertex -6.28314 5.82735 12.4
    endloop
  endfacet
  facet normal 0.00691013 0.988597 -0.150427
    outer loop
      vertex -6.04548 4.09163 1
      vertex -4.547 5.8158 12.4
      vertex -4.51543 5.81809 12.4165
    endloop
  endfacet
  facet normal 0.00659982 0.988606 -0.150384
    outer loop
      vertex -6.40514 4.09403 1
      vertex -6.66742 5.85719 12.5793
      vertex -6.28314 5.82735 12.4
    endloop
  endfacet
  facet normal 0.00659694 0.988606 -0.150384
    outer loop
      vertex -6.40514 4.09403 1
      vertex -6.28314 5.82735 12.4
      vertex -6.04548 4.09163 1
    endloop
  endfacet
  facet normal 0.00655125 0.988606 -0.150385
    outer loop
      vertex -6.66742 5.85719 12.5793
      vertex -6.40514 4.09403 1
      vertex -7.45857 5.91861 12.9486
    endloop
  endfacet
  facet normal 0.0065823 0.988661 -0.150017
    outer loop
      vertex -3.40606 5.89947 13
      vertex -3.41618 5.89802 12.99
      vertex -3.41357 5.89952 13
    endloop
  endfacet
  facet normal 0.00657933 0.988606 -0.150384
    outer loop
      vertex -2.3481 4.06703 1
      vertex -4.21428 5.83999 12.5736
      vertex -3.41618 5.89802 12.99
    endloop
  endfacet
  facet normal 0.00692222 0.988608 -0.150353
    outer loop
      vertex -2.3481 4.06703 1
      vertex -3.41618 5.89802 12.99
      vertex -3.40606 5.89947 13
    endloop
  endfacet
  facet normal 0.00655924 0.988605 -0.150387
    outer loop
      vertex -4.21428 5.83999 12.5736
      vertex -2.3481 4.06703 1
      vertex -4.51543 5.81809 12.4165
    endloop
  endfacet
  facet normal 0.00657755 0.988606 -0.150383
    outer loop
      vertex -4.51543 5.81809 12.4165
      vertex -2.3481 4.06703 1
      vertex -6.04548 4.09163 1
    endloop
  endfacet
  facet normal -0.0131603 -0.988341 0.151686
    outer loop
      vertex -7.50986 13.0075 13
      vertex -7.50496 13.0059 12.99
      vertex -7.50235 13.0074 13
    endloop
  endfacet
  facet normal -0.00649577 -0.988606 0.150384
    outer loop
      vertex -5.85835 11.1711 1
      vertex -6.26313 12.9079 12.4
      vertex -6.4519 11.175 1
    endloop
  endfacet
  facet normal -0.00660734 -0.988605 0.150386
    outer loop
      vertex -6.62917 12.9368 12.5739
      vertex -6.4519 11.175 1
      vertex -6.26313 12.9079 12.4
    endloop
  endfacet
  facet normal -0.00655021 -0.988606 0.150387
    outer loop
      vertex -7.50496 13.0059 12.99
      vertex -6.4519 11.175 1
      vertex -6.62917 12.9368 12.5739
    endloop
  endfacet
  facet normal -0.0179393 -0.988616 0.149388
    outer loop
      vertex -6.4519 11.175 1
      vertex -7.50496 13.0059 12.99
      vertex -7.50986 13.0075 13
    endloop
  endfacet
  facet normal -0.00660536 -0.988606 0.15038
    outer loop
      vertex -6.26313 12.9079 12.4
      vertex -5.85835 11.1711 1
      vertex -4.52699 12.8963 12.4
    endloop
  endfacet
  facet normal -0.00636856 -0.988612 0.150354
    outer loop
      vertex -4.52699 12.8963 12.4
      vertex -5.85835 11.1711 1
      vertex -4.31619 12.9112 12.5069
    endloop
  endfacet
  facet normal -0.00659358 -0.988606 0.150383
    outer loop
      vertex -2.39486 11.148 1
      vertex -4.31619 12.9112 12.5069
      vertex -5.85835 11.1711 1
    endloop
  endfacet
  facet normal -0.00669709 -0.988608 0.150366
    outer loop
      vertex -4.31619 12.9112 12.5069
      vertex -2.39486 11.148 1
      vertex -4.17259 12.9213 12.5797
    endloop
  endfacet
  facet normal -0.0064984 -0.988604 0.150396
    outer loop
      vertex -4.17259 12.9213 12.5797
      vertex -2.39486 11.148 1
      vertex -3.44815 12.9724 12.9469
    endloop
  endfacet
  facet normal -0.866041 -0.499972 -3.65742e-06
    outer loop
      vertex -2.39486 11.148 1
      vertex -3.19881 12.5405 12.7216
      vertex -3.44815 12.9724 12.9469
    endloop
  endfacet
  facet normal -0.866015 -0.500017 3.51145e-06
    outer loop
      vertex -3.19881 12.5405 12.7216
      vertex -2.39486 11.148 1
      vertex -2.91376 12.0468 12.464
    endloop
  endfacet
  facet normal -0.866024 -0.500002 1.92536e-06
    outer loop
      vertex -2.91376 12.0468 12.464
      vertex -2.39486 11.148 1
      vertex -0.535989 7.92836 1
    endloop
  endfacet
  facet normal -0.859447 0.488605 -0.150383
    outer loop
      vertex -0.342961 7.59403 1
      vertex -1.90506 8.35503 12.4
      vertex -1.39639 9.41862 12.9486
    endloop
  endfacet
  facet normal -0.859445 0.48861 -0.150383
    outer loop
      vertex -0.342961 7.59403 1
      vertex -2.76313 6.84572 12.4
      vertex -1.90506 8.35503 12.4
    endloop
  endfacet
  facet normal -0.859447 0.488605 -0.150384
    outer loop
      vertex -2.3481 4.06703 1
      vertex -2.76313 6.84572 12.4
      vertex -0.342961 7.59403 1
    endloop
  endfacet
  facet normal -0.859454 0.488595 -0.150382
    outer loop
      vertex -2.76313 6.84572 12.4
      vertex -2.3481 4.06703 1
      vertex -3.12222 6.3165 12.7328
    endloop
  endfacet
  facet normal -0.859438 0.48862 -0.150386
    outer loop
      vertex -3.12222 6.3165 12.7328
      vertex -2.3481 4.06703 1
      vertex -3.39975 5.90751 12.99
    endloop
  endfacet
  facet normal -0.859664 0.488415 -0.149762
    outer loop
      vertex -3.39975 5.90751 12.99
      vertex -3.40606 5.89947 13
      vertex -3.40235 5.906 13
    endloop
  endfacet
  facet normal -0.859866 0.487891 -0.150311
    outer loop
      vertex -3.39975 5.90751 12.99
      vertex -2.3481 4.06703 1
      vertex -3.40606 5.89947 13
    endloop
  endfacet
  facet normal 0.861671 -0.484363 0.15138
    outer loop
      vertex -7.50986 13.0075 13
      vertex -7.51357 13.0009 13
      vertex -7.51097 13.0024 12.99
    endloop
  endfacet
  facet normal 0.863626 -0.481407 0.149655
    outer loop
      vertex -7.51097 13.0024 12.99
      vertex -6.4519 11.175 1
      vertex -7.50986 13.0075 13
    endloop
  endfacet
  facet normal 0.859446 -0.488608 0.150383
    outer loop
      vertex -7.74498 12.5115 12.7324
      vertex -6.4519 11.175 1
      vertex -7.51097 13.0024 12.99
    endloop
  endfacet
  facet normal 0.859428 -0.488638 0.150385
    outer loop
      vertex -8.047 11.878 12.4
      vertex -6.4519 11.175 1
      vertex -7.74498 12.5115 12.7324
    endloop
  endfacet
  facet normal 0.859446 -0.488608 0.150385
    outer loop
      vertex -8.90506 10.3687 12.4
      vertex -6.4519 11.175 1
      vertex -8.047 11.878 12.4
    endloop
  endfacet
  facet normal 0.859448 -0.488603 0.150386
    outer loop
      vertex -6.4519 11.175 1
      vertex -8.90506 10.3687 12.4
      vertex -6.74525 10.659 1
    endloop
  endfacet
  facet normal 0.859527 -0.488459 0.150405
    outer loop
      vertex -6.74525 10.659 1
      vertex -8.90506 10.3687 12.4
      vertex -9.02333 10.1935 12.5069
    endloop
  endfacet
  facet normal 0.866025 0.500001 -3.36081e-07
    outer loop
      vertex -8.90506 8.42402 12.4
      vertex -8.45704 7.64802 1
      vertex -9.51032 9.47236 12.9469
    endloop
  endfacet
  facet normal 0.866025 0.5 -3.28917e-07
    outer loop
      vertex -7.96724 6.79967 12.4
      vertex -8.45704 7.64802 1
      vertex -8.90506 8.42402 12.4
    endloop
  endfacet
  facet normal 0.866023 0.500004 6.43715e-08
    outer loop
      vertex -8.45704 7.64802 1
      vertex -7.96724 6.79967 12.4
      vertex -8.20119 7.20488 1
    endloop
  endfacet
  facet normal 0.866017 0.500014 5.23236e-07
    outer loop
      vertex -8.20119 7.20488 1
      vertex -7.96724 6.79967 12.4
      vertex -7.94892 6.76794 12.4198
    endloop
  endfacet
  facet normal 0 0 1
    outer loop
      vertex -0.535989 7.92836 1
      vertex -2.3481 4.06703 1
      vertex -0.342961 7.59403 1
    endloop
  endfacet
  facet normal 0 0 1
    outer loop
      vertex -5.85835 11.1711 1
      vertex -0.535989 7.92836 1
      vertex -2.39486 11.148 1
    endloop
  endfacet
  facet normal 0 0 1
    outer loop
      vertex -8.20119 7.20488 1
      vertex -0.535989 7.92836 1
      vertex -5.85835 11.1711 1
    endloop
  endfacet
  facet normal 0 0 1
    outer loop
      vertex -0.535989 7.92836 1
      vertex -6.04548 4.09163 1
      vertex -2.3481 4.06703 1
    endloop
  endfacet
  facet normal 0 0 1
    outer loop
      vertex -0.535989 7.92836 1
      vertex -8.20119 7.20488 1
      vertex -6.04548 4.09163 1
    endloop
  endfacet
  facet normal 0 0 1
    outer loop
      vertex -6.74525 10.659 1
      vertex -5.85835 11.1711 1
      vertex -6.4519 11.175 1
    endloop
  endfacet
  facet normal 0 0 1
    outer loop
      vertex -8.20119 7.20488 1
      vertex -5.85835 11.1711 1
      vertex -6.74525 10.659 1
    endloop
  endfacet
  facet normal 0 0 1
    outer loop
      vertex -6.04548 4.09163 1
      vertex -8.20119 7.20488 1
      vertex -6.40514 4.09403 1
    endloop
  endfacet
  facet normal 0 -0 1
    outer loop
      vertex -8.20119 7.20488 1
      vertex -6.74525 10.659 1
      vertex -8.45704 7.64802 1
    endloop
  endfacet
  facet normal 1 -0 0
    outer loop
      vertex -9.55796 7.08633 13
      vertex -9.55796 11.8206 12.99
      vertex -9.55796 11.8206 13
    endloop
  endfacet
  facet normal 1 0 0
    outer loop
      vertex -9.55796 11.8206 12.99
      vertex -9.55796 7.08633 13
      vertex -9.55796 7.08633 12.99
    endloop
  endfacet
  facet normal -0.383298 0.663887 0.642134
    outer loop
      vertex -4.21428 5.83999 12.5736
      vertex -5.45796 4.71919 12.99
      vertex -3.41618 5.89802 12.99
    endloop
  endfacet
  facet normal -0.383304 0.663891 0.642126
    outer loop
      vertex -5.45796 4.71919 12.99
      vertex -4.21428 5.83999 12.5736
      vertex -5.40506 5.32039 12.4
    endloop
  endfacet
  facet normal -0.383302 0.663903 0.642115
    outer loop
      vertex -1.35796 7.08633 12.99
      vertex -3.12222 6.3165 12.7328
      vertex -3.39975 5.90751 12.99
    endloop
  endfacet
  facet normal 0.499988 -0.866032 -0.000592219
    outer loop
      vertex -5.45796 14.1877 12.99
      vertex -7.50235 13.0074 13
      vertex -7.50496 13.0059 12.99
    endloop
  endfacet
  facet normal 0.499991 -0.866031 0
    outer loop
      vertex -7.50235 13.0074 13
      vertex -5.45796 14.1877 12.99
      vertex -5.45796 14.1877 13
    endloop
  endfacet
  facet normal 0.499991 -0.866031 0
    outer loop
      vertex -9.55796 11.8206 12.99
      vertex -7.51357 13.0009 13
      vertex -9.55796 11.8206 13
    endloop
  endfacet
  facet normal 0.49999 -0.866031 9.2865e-05
    outer loop
      vertex -7.51357 13.0009 13
      vertex -9.55796 11.8206 12.99
      vertex -7.51097 13.0024 12.99
    endloop
  endfacet
  facet normal -0.5 0.866025 0.000596287
    outer loop
      vertex -3.41618 5.89802 12.99
      vertex -5.45796 4.71919 13
      vertex -3.41357 5.89952 13
    endloop
  endfacet
  facet normal -0.500002 0.866024 0
    outer loop
      vertex -5.45796 4.71919 13
      vertex -3.41618 5.89802 12.99
      vertex -5.45796 4.71919 12.99
    endloop
  endfacet
  facet normal -0.499997 0.866027 0
    outer loop
      vertex -3.39975 5.90751 12.99
      vertex -1.35796 7.08633 13
      vertex -1.35796 7.08633 12.99
    endloop
  endfacet
  facet normal -0.5 0.866025 0.000769738
    outer loop
      vertex -1.35796 7.08633 13
      vertex -3.39975 5.90751 12.99
      vertex -3.40235 5.906 13
    endloop
  endfacet
  facet normal 0.670464 0 0.741942
    outer loop
      vertex -9.55796 11.8206 12.99
      vertex -8.90506 10.3687 12.4
      vertex -8.90506 11.3826 12.4
    endloop
  endfacet
  facet normal 0.670514 4.07376e-05 0.741897
    outer loop
      vertex -8.90506 10.3687 12.4
      vertex -9.55796 11.8206 12.99
      vertex -9.02333 10.1935 12.5069
    endloop
  endfacet
  facet normal 0.670416 -1.74289e-05 0.741985
    outer loop
      vertex -9.02333 10.1935 12.5069
      vertex -9.55796 11.8206 12.99
      vertex -9.51032 9.47236 12.9469
    endloop
  endfacet
  facet normal 0.670446 1.60845e-05 0.741959
    outer loop
      vertex -9.55796 7.08633 12.99
      vertex -8.90506 8.42402 12.4
      vertex -9.51032 9.47236 12.9469
    endloop
  endfacet
  facet normal 0.670464 0 0.741942
    outer loop
      vertex -8.90506 8.42402 12.4
      vertex -9.55796 7.08633 12.99
      vertex -8.90506 7.34112 12.4
    endloop
  endfacet
  facet normal 0.670889 -0 0.741558
    outer loop
      vertex -9.55796 7.08633 12.99
      vertex -9.51032 9.47236 12.9469
      vertex -9.55796 11.8206 12.99
    endloop
  endfacet
  facet normal 0.366613 0.635027 0.679953
    outer loop
      vertex -6.66742 5.85719 12.5793
      vertex -5.45796 4.71919 12.99
      vertex -5.40506 5.32039 12.4
    endloop
  endfacet
  facet normal 0.366668 0.635062 0.67989
    outer loop
      vertex -7.45857 5.91861 12.9486
      vertex -5.45796 4.71919 12.99
      vertex -6.66742 5.85719 12.5793
    endloop
  endfacet
  facet normal 0.366491 0.634781 0.680248
    outer loop
      vertex -7.45857 5.91861 12.9486
      vertex -9.55796 7.08633 12.99
      vertex -5.45796 4.71919 12.99
    endloop
  endfacet
  facet normal 0.366667 0.635111 0.679845
    outer loop
      vertex -9.55796 7.08633 12.99
      vertex -7.45857 5.91861 12.9486
      vertex -7.66899 6.28308 12.7216
    endloop
  endfacet
  facet normal 0.36663 0.635022 0.679949
    outer loop
      vertex -9.55796 7.08633 12.99
      vertex -7.96724 6.79967 12.4
      vertex -8.90506 7.34112 12.4
    endloop
  endfacet
  facet normal 0.366547 0.635614 0.679439
    outer loop
      vertex -7.96724 6.79967 12.4
      vertex -9.55796 7.08633 12.99
      vertex -7.94892 6.76794 12.4198
    endloop
  endfacet
  facet normal 0.366622 0.634946 0.680024
    outer loop
      vertex -7.94892 6.76794 12.4198
      vertex -9.55796 7.08633 12.99
      vertex -7.66899 6.28308 12.7216
    endloop
  endfacet
  facet normal 0.366596 0.634962 0.680023
    outer loop
      vertex -5.40506 5.32039 12.4
      vertex -6.28314 5.82735 12.4
      vertex -6.66742 5.85719 12.5793
    endloop
  endfacet
  facet normal 0.500001 0.866025 -0
    outer loop
      vertex -5.45796 4.71919 12.99
      vertex -9.55796 7.08633 13
      vertex -5.45796 4.71919 13
    endloop
  endfacet
  facet normal 0.500001 0.866025 0
    outer loop
      vertex -9.55796 7.08633 13
      vertex -5.45796 4.71919 12.99
      vertex -9.55796 7.08633 12.99
    endloop
  endfacet
  facet normal -0.33522 -0.580673 0.741921
    outer loop
      vertex -1.35796 11.8206 12.99
      vertex -2.84288 11.924 12.4
      vertex -1.90506 11.3826 12.4
    endloop
  endfacet
  facet normal -0.335291 -0.580324 0.742162
    outer loop
      vertex -1.35796 11.8206 12.99
      vertex -2.91376 12.0468 12.464
      vertex -2.84288 11.924 12.4
    endloop
  endfacet
  facet normal -0.335255 -0.580674 0.741904
    outer loop
      vertex -2.91376 12.0468 12.464
      vertex -1.35796 11.8206 12.99
      vertex -3.19881 12.5405 12.7216
    endloop
  endfacet
  facet normal -0.335233 -0.580588 0.741982
    outer loop
      vertex -4.31619 12.9112 12.5069
      vertex -5.40506 13.4033 12.4
      vertex -4.52699 12.8963 12.4
    endloop
  endfacet
  facet normal -0.335268 -0.580686 0.741888
    outer loop
      vertex -5.40506 13.4033 12.4
      vertex -4.31619 12.9112 12.5069
      vertex -4.17259 12.9213 12.5797
    endloop
  endfacet
  facet normal -0.499994 -0.866029 0
    outer loop
      vertex -5.45796 14.1877 12.99
      vertex -1.35796 11.8206 13
      vertex -5.45796 14.1877 13
    endloop
  endfacet
  facet normal -0.499994 -0.866029 -0
    outer loop
      vertex -1.35796 11.8206 13
      vertex -5.45796 14.1877 12.99
      vertex -1.35796 11.8206 12.99
    endloop
  endfacet
  facet normal 0.320675 -0.555456 0.767226
    outer loop
      vertex -5.45796 14.1877 12.99
      vertex -6.62917 12.9368 12.5739
      vertex -5.40506 13.4033 12.4
    endloop
  endfacet
  facet normal 0.320688 -0.555465 0.767214
    outer loop
      vertex -6.62917 12.9368 12.5739
      vertex -5.45796 14.1877 12.99
      vertex -7.50496 13.0059 12.99
    endloop
  endfacet
  facet normal 0.320691 -0.555467 0.767212
    outer loop
      vertex -7.74498 12.5115 12.7324
      vertex -7.51097 13.0024 12.99
      vertex -9.55796 11.8206 12.99
    endloop
  endfacet
  facet normal -0.335232 -0.580587 0.741982
    outer loop
      vertex -1.35796 11.8206 12.99
      vertex -3.44815 12.9724 12.9469
      vertex -3.19881 12.5405 12.7216
    endloop
  endfacet
  facet normal -0.335157 -0.580584 0.742019
    outer loop
      vertex -5.45796 14.1877 12.99
      vertex -4.17259 12.9213 12.5797
      vertex -3.44815 12.9724 12.9469
    endloop
  endfacet
  facet normal -0.33526 -0.580655 0.741916
    outer loop
      vertex -4.17259 12.9213 12.5797
      vertex -5.45796 14.1877 12.99
      vertex -5.40506 13.4033 12.4
    endloop
  endfacet
  facet normal -0.33563 -0.581337 0.741216
    outer loop
      vertex -5.45796 14.1877 12.99
      vertex -3.44815 12.9724 12.9469
      vertex -1.35796 11.8206 12.99
    endloop
  endfacet
  facet normal -0.383299 0.663892 0.642129
    outer loop
      vertex -1.90506 7.34112 12.4
      vertex -3.12222 6.3165 12.7328
      vertex -1.35796 7.08633 12.99
    endloop
  endfacet
  facet normal -0.383288 0.663883 0.642144
    outer loop
      vertex -3.12222 6.3165 12.7328
      vertex -1.90506 7.34112 12.4
      vertex -2.76313 6.84572 12.4
    endloop
  endfacet
  facet normal -0.383288 0.663831 0.642199
    outer loop
      vertex -4.51543 5.81809 12.4165
      vertex -5.40506 5.32039 12.4
      vertex -4.21428 5.83999 12.5736
    endloop
  endfacet
  facet normal -0.38352 0.664265 0.64161
    outer loop
      vertex -5.40506 5.32039 12.4
      vertex -4.51543 5.81809 12.4165
      vertex -4.547 5.8158 12.4
    endloop
  endfacet
  facet normal 0 -0 1
    outer loop
      vertex -1.90506 7.34112 12.4
      vertex -1.90506 8.35503 12.4
      vertex -2.76313 6.84572 12.4
    endloop
  endfacet
  facet normal 0 -0 1
    outer loop
      vertex -1.90506 10.2997 12.4
      vertex -1.90506 11.3826 12.4
      vertex -2.84288 11.924 12.4
    endloop
  endfacet
  facet normal 0 0 1
    outer loop
      vertex -4.52699 12.8963 12.4
      vertex -5.40506 13.4033 12.4
      vertex -6.26313 12.9079 12.4
    endloop
  endfacet
  facet normal 0 -0 1
    outer loop
      vertex -5.40506 5.32039 12.4
      vertex -4.547 5.8158 12.4
      vertex -6.28314 5.82735 12.4
    endloop
  endfacet
  facet normal 0 0 1
    outer loop
      vertex -7.96724 6.79967 12.4
      vertex -8.90506 8.42402 12.4
      vertex -8.90506 7.34112 12.4
    endloop
  endfacet
  facet normal 0 0 1
    outer loop
      vertex -8.047 11.878 12.4
      vertex -8.90506 11.3826 12.4
      vertex -8.90506 10.3687 12.4
    endloop
  endfacet
  facet normal 0.320663 -0.555413 0.767263
    outer loop
      vertex -6.26313 12.9079 12.4
      vertex -5.40506 13.4033 12.4
      vertex -6.62917 12.9368 12.5739
    endloop
  endfacet
  facet normal 0.320687 -0.555452 0.767224
    outer loop
      vertex -9.55796 11.8206 12.99
      vertex -8.047 11.878 12.4
      vertex -7.74498 12.5115 12.7324
    endloop
  endfacet
  facet normal 0.320688 -0.555449 0.767226
    outer loop
      vertex -8.047 11.878 12.4
      vertex -9.55796 11.8206 12.99
      vertex -8.90506 11.3826 12.4
    endloop
  endfacet
  facet normal -1 0 0
    outer loop
      vertex -1.35796 7.08633 12.99
      vertex -1.35796 11.8206 13
      vertex -1.35796 11.8206 12.99
    endloop
  endfacet
  facet normal -1 -0 0
    outer loop
      vertex -1.35796 11.8206 13
      vertex -1.35796 7.08633 12.99
      vertex -1.35796 7.08633 13
    endloop
  endfacet
  facet normal -0.733263 0 0.679946
    outer loop
      vertex -1.90506 10.2997 12.4
      vertex -1.35796 11.8206 12.99
      vertex -1.90506 11.3826 12.4
    endloop
  endfacet
  facet normal -0.733279 1.28657e-05 0.679928
    outer loop
      vertex -1.39639 9.41862 12.9486
      vertex -1.35796 11.8206 12.99
      vertex -1.90506 10.2997 12.4
    endloop
  endfacet
  facet normal -0.733263 0 0.679946
    outer loop
      vertex -1.35796 7.08633 12.99
      vertex -1.90506 8.35503 12.4
      vertex -1.90506 7.34112 12.4
    endloop
  endfacet
  facet normal -0.732907 0 0.680329
    outer loop
      vertex -1.39639 9.41862 12.9486
      vertex -1.35796 7.08633 12.99
      vertex -1.35796 11.8206 12.99
    endloop
  endfacet
  facet normal -0.733277 -1.31638e-05 0.67993
    outer loop
      vertex -1.90506 8.35503 12.4
      vertex -1.35796 7.08633 12.99
      vertex -1.39639 9.41862 12.9486
    endloop
  endfacet
  facet normal -0.0065823 0.988661 -0.150017
    outer loop
      vertex 3.41618 5.89802 12.99
      vertex 3.40606 5.89947 13
      vertex 3.41357 5.89952 13
    endloop
  endfacet
  facet normal -0.00655924 0.988605 -0.150387
    outer loop
      vertex 2.3481 4.06703 1
      vertex 4.21428 5.83999 12.5736
      vertex 4.51543 5.81809 12.4165
    endloop
  endfacet
  facet normal -0.00657755 0.988606 -0.150383
    outer loop
      vertex 2.3481 4.06703 1
      vertex 4.51543 5.81809 12.4165
      vertex 6.04548 4.09163 1
    endloop
  endfacet
  facet normal -0.00657933 0.988606 -0.150384
    outer loop
      vertex 4.21428 5.83999 12.5736
      vertex 2.3481 4.06703 1
      vertex 3.41618 5.89802 12.99
    endloop
  endfacet
  facet normal -0.00692222 0.988608 -0.150353
    outer loop
      vertex 3.41618 5.89802 12.99
      vertex 2.3481 4.06703 1
      vertex 3.40606 5.89947 13
    endloop
  endfacet
  facet normal -0.859446 -0.488609 0.150383
    outer loop
      vertex 8.45704 7.64802 1
      vertex 9.02333 10.1935 12.5069
      vertex 6.74525 10.659 1
    endloop
  endfacet
  facet normal -0.859436 -0.488625 0.150386
    outer loop
      vertex 9.02333 10.1935 12.5069
      vertex 8.45704 7.64802 1
      vertex 9.51032 9.47236 12.9469
    endloop
  endfacet
  facet normal 0.866095 -0.499879 -5.69613e-05
    outer loop
      vertex 2.84288 11.924 12.4
      vertex 0.535989 7.92836 1
      vertex 2.91376 12.0468 12.464
    endloop
  endfacet
  facet normal 0.866018 -0.500012 5.05353e-06
    outer loop
      vertex 1.90506 10.2997 12.4
      vertex 0.535989 7.92836 1
      vertex 2.84288 11.924 12.4
    endloop
  endfacet
  facet normal 0.866034 -0.499985 -3.08203e-06
    outer loop
      vertex 0.342961 7.59403 1
      vertex 1.90506 10.2997 12.4
      vertex 1.39639 9.41862 12.9486
    endloop
  endfacet
  facet normal 0.866023 -0.500005 3.06978e-06
    outer loop
      vertex 1.90506 10.2997 12.4
      vertex 0.342961 7.59403 1
      vertex 0.535989 7.92836 1
    endloop
  endfacet
  facet normal 0.0064984 -0.988604 0.150396
    outer loop
      vertex 2.39486 11.148 1
      vertex 4.17259 12.9213 12.5797
      vertex 3.44815 12.9724 12.9469
    endloop
  endfacet
  facet normal 0.00669709 -0.988608 0.150366
    outer loop
      vertex 2.39486 11.148 1
      vertex 4.31619 12.9112 12.5069
      vertex 4.17259 12.9213 12.5797
    endloop
  endfacet
  facet normal 0.00659358 -0.988606 0.150383
    outer loop
      vertex 4.31619 12.9112 12.5069
      vertex 2.39486 11.148 1
      vertex 5.85835 11.1711 1
    endloop
  endfacet
  facet normal -0.866025 0.5 -1.96058e-07
    outer loop
      vertex 6.40514 4.09403 1
      vertex 7.94892 6.76794 12.4198
      vertex 8.20119 7.20488 1
    endloop
  endfacet
  facet normal -0.866028 0.499995 1.30293e-06
    outer loop
      vertex 7.94892 6.76794 12.4198
      vertex 6.40514 4.09403 1
      vertex 7.66899 6.28308 12.7216
    endloop
  endfacet
  facet normal -0.866032 0.499989 2.81623e-06
    outer loop
      vertex 7.66899 6.28308 12.7216
      vertex 6.40514 4.09403 1
      vertex 7.45857 5.91861 12.9486
    endloop
  endfacet
  facet normal 0.859447 0.488605 -0.150383
    outer loop
      vertex 1.90506 8.35503 12.4
      vertex 0.342961 7.59403 1
      vertex 1.39639 9.41862 12.9486
    endloop
  endfacet
  facet normal 0.859445 0.48861 -0.150383
    outer loop
      vertex 2.76313 6.84572 12.4
      vertex 0.342961 7.59403 1
      vertex 1.90506 8.35503 12.4
    endloop
  endfacet
  facet normal 0.859454 0.488595 -0.150382
    outer loop
      vertex 2.3481 4.06703 1
      vertex 2.76313 6.84572 12.4
      vertex 3.12222 6.3165 12.7328
    endloop
  endfacet
  facet normal 0.859438 0.48862 -0.150386
    outer loop
      vertex 2.3481 4.06703 1
      vertex 3.12222 6.3165 12.7328
      vertex 3.39975 5.90751 12.99
    endloop
  endfacet
  facet normal 0.859664 0.488415 -0.149762
    outer loop
      vertex 3.40606 5.89947 13
      vertex 3.39975 5.90751 12.99
      vertex 3.40235 5.906 13
    endloop
  endfacet
  facet normal 0.859866 0.487891 -0.150311
    outer loop
      vertex 2.3481 4.06703 1
      vertex 3.39975 5.90751 12.99
      vertex 3.40606 5.89947 13
    endloop
  endfacet
  facet normal 0.859447 0.488605 -0.150384
    outer loop
      vertex 2.76313 6.84572 12.4
      vertex 2.3481 4.06703 1
      vertex 0.342961 7.59403 1
    endloop
  endfacet
  facet normal 0.00660536 -0.988606 0.15038
    outer loop
      vertex 4.52699 12.8963 12.4
      vertex 5.85835 11.1711 1
      vertex 6.26313 12.9079 12.4
    endloop
  endfacet
  facet normal 0.00636856 -0.988612 0.150354
    outer loop
      vertex 5.85835 11.1711 1
      vertex 4.52699 12.8963 12.4
      vertex 4.31619 12.9112 12.5069
    endloop
  endfacet
  facet normal 0.0131603 -0.988341 0.151686
    outer loop
      vertex 7.50496 13.0059 12.99
      vertex 7.50986 13.0075 13
      vertex 7.50235 13.0074 13
    endloop
  endfacet
  facet normal 0.00649577 -0.988606 0.150384
    outer loop
      vertex 6.4519 11.175 1
      vertex 6.26313 12.9079 12.4
      vertex 5.85835 11.1711 1
    endloop
  endfacet
  facet normal 0.00660734 -0.988605 0.150386
    outer loop
      vertex 6.26313 12.9079 12.4
      vertex 6.4519 11.175 1
      vertex 6.62917 12.9368 12.5739
    endloop
  endfacet
  facet normal 0.00655021 -0.988606 0.150387
    outer loop
      vertex 6.62917 12.9368 12.5739
      vertex 6.4519 11.175 1
      vertex 7.50496 13.0059 12.99
    endloop
  endfacet
  facet normal 0.0179393 -0.988616 0.149388
    outer loop
      vertex 7.50496 13.0059 12.99
      vertex 6.4519 11.175 1
      vertex 7.50986 13.0075 13
    endloop
  endfacet
  facet normal 0.866015 -0.500017 3.51145e-06
    outer loop
      vertex 2.39486 11.148 1
      vertex 3.19881 12.5405 12.7216
      vertex 2.91376 12.0468 12.464
    endloop
  endfacet
  facet normal 0.866041 -0.499972 -3.65742e-06
    outer loop
      vertex 3.19881 12.5405 12.7216
      vertex 2.39486 11.148 1
      vertex 3.44815 12.9724 12.9469
    endloop
  endfacet
  facet normal 0.866024 -0.500002 1.92536e-06
    outer loop
      vertex 2.39486 11.148 1
      vertex 2.91376 12.0468 12.464
      vertex 0.535989 7.92836 1
    endloop
  endfacet
  facet normal -0.863626 -0.481407 0.149655
    outer loop
      vertex 6.4519 11.175 1
      vertex 7.51097 13.0024 12.99
      vertex 7.50986 13.0075 13
    endloop
  endfacet
  facet normal -0.859446 -0.488608 0.150383
    outer loop
      vertex 6.4519 11.175 1
      vertex 7.74498 12.5115 12.7324
      vertex 7.51097 13.0024 12.99
    endloop
  endfacet
  facet normal -0.859428 -0.488638 0.150385
    outer loop
      vertex 6.4519 11.175 1
      vertex 8.047 11.878 12.4
      vertex 7.74498 12.5115 12.7324
    endloop
  endfacet
  facet normal -0.859448 -0.488603 0.150386
    outer loop
      vertex 8.90506 10.3687 12.4
      vertex 6.4519 11.175 1
      vertex 6.74525 10.659 1
    endloop
  endfacet
  facet normal -0.859446 -0.488608 0.150385
    outer loop
      vertex 6.4519 11.175 1
      vertex 8.90506 10.3687 12.4
      vertex 8.047 11.878 12.4
    endloop
  endfacet
  facet normal -0.859527 -0.488459 0.150405
    outer loop
      vertex 8.90506 10.3687 12.4
      vertex 6.74525 10.659 1
      vertex 9.02333 10.1935 12.5069
    endloop
  endfacet
  facet normal -0.861671 -0.484363 0.15138
    outer loop
      vertex 7.50986 13.0075 13
      vertex 7.51097 13.0024 12.99
      vertex 7.51357 13.0009 13
    endloop
  endfacet
  facet normal -0.866025 0.500001 -3.36081e-07
    outer loop
      vertex 8.45704 7.64802 1
      vertex 8.90506 8.42402 12.4
      vertex 9.51032 9.47236 12.9469
    endloop
  endfacet
  facet normal -0.866023 0.500004 6.43715e-08
    outer loop
      vertex 7.96724 6.79967 12.4
      vertex 8.45704 7.64802 1
      vertex 8.20119 7.20488 1
    endloop
  endfacet
  facet normal -0.866025 0.5 -3.28917e-07
    outer loop
      vertex 8.45704 7.64802 1
      vertex 7.96724 6.79967 12.4
      vertex 8.90506 8.42402 12.4
    endloop
  endfacet
  facet normal -0.866017 0.500014 5.23236e-07
    outer loop
      vertex 7.96724 6.79967 12.4
      vertex 8.20119 7.20488 1
      vertex 7.94892 6.76794 12.4198
    endloop
  endfacet
  facet normal -0.00657689 0.988606 -0.150384
    outer loop
      vertex 6.28314 5.82735 12.4
      vertex 6.04548 4.09163 1
      vertex 4.547 5.8158 12.4
    endloop
  endfacet
  facet normal -0.00691013 0.988597 -0.150427
    outer loop
      vertex 4.547 5.8158 12.4
      vertex 6.04548 4.09163 1
      vertex 4.51543 5.81809 12.4165
    endloop
  endfacet
  facet normal -0.00655125 0.988606 -0.150385
    outer loop
      vertex 6.40514 4.09403 1
      vertex 6.66742 5.85719 12.5793
      vertex 7.45857 5.91861 12.9486
    endloop
  endfacet
  facet normal -0.00659694 0.988606 -0.150384
    outer loop
      vertex 6.04548 4.09163 1
      vertex 6.28314 5.82735 12.4
      vertex 6.40514 4.09403 1
    endloop
  endfacet
  facet normal -0.00659982 0.988606 -0.150384
    outer loop
      vertex 6.66742 5.85719 12.5793
      vertex 6.40514 4.09403 1
      vertex 6.28314 5.82735 12.4
    endloop
  endfacet
  facet normal 0 0 1
    outer loop
      vertex 6.74525 10.659 1
      vertex 8.20119 7.20488 1
      vertex 8.45704 7.64802 1
    endloop
  endfacet
  facet normal -0 0 1
    outer loop
      vertex 5.85835 11.1711 1
      vertex 6.74525 10.659 1
      vertex 6.4519 11.175 1
    endloop
  endfacet
  facet normal 0 0 1
    outer loop
      vertex 6.74525 10.659 1
      vertex 5.85835 11.1711 1
      vertex 8.20119 7.20488 1
    endloop
  endfacet
  facet normal 0 0 1
    outer loop
      vertex 8.20119 7.20488 1
      vertex 6.04548 4.09163 1
      vertex 6.40514 4.09403 1
    endloop
  endfacet
  facet normal -0 0 1
    outer loop
      vertex 0.535989 7.92836 1
      vertex 8.20119 7.20488 1
      vertex 5.85835 11.1711 1
    endloop
  endfacet
  facet normal 0 0 1
    outer loop
      vertex 0.535989 7.92836 1
      vertex 5.85835 11.1711 1
      vertex 2.39486 11.148 1
    endloop
  endfacet
  facet normal 0 0 1
    outer loop
      vertex 8.20119 7.20488 1
      vertex 0.535989 7.92836 1
      vertex 6.04548 4.09163 1
    endloop
  endfacet
  facet normal 0 0 1
    outer loop
      vertex 6.04548 4.09163 1
      vertex 0.535989 7.92836 1
      vertex 2.3481 4.06703 1
    endloop
  endfacet
  facet normal 0 0 1
    outer loop
      vertex 2.3481 4.06703 1
      vertex 0.535989 7.92836 1
      vertex 0.342961 7.59403 1
    endloop
  endfacet
  facet normal 1 -0 0
    outer loop
      vertex 1.35796 7.08633 13
      vertex 1.35796 11.8206 12.99
      vertex 1.35796 11.8206 13
    endloop
  endfacet
  facet normal 1 0 0
    outer loop
      vertex 1.35796 11.8206 12.99
      vertex 1.35796 7.08633 13
      vertex 1.35796 7.08633 12.99
    endloop
  endfacet
  facet normal -0.366667 0.635111 0.679845
    outer loop
      vertex 7.45857 5.91861 12.9486
      vertex 9.55796 7.08633 12.99
      vertex 7.66899 6.28308 12.7216
    endloop
  endfacet
  facet normal -0.366491 0.634781 0.680248
    outer loop
      vertex 7.45857 5.91861 12.9486
      vertex 5.45796 4.71919 12.99
      vertex 9.55796 7.08633 12.99
    endloop
  endfacet
  facet normal -0.366668 0.635062 0.67989
    outer loop
      vertex 6.66742 5.85719 12.5793
      vertex 5.45796 4.71919 12.99
      vertex 7.45857 5.91861 12.9486
    endloop
  endfacet
  facet normal -0.366613 0.635027 0.679953
    outer loop
      vertex 5.45796 4.71919 12.99
      vertex 6.66742 5.85719 12.5793
      vertex 5.40506 5.32039 12.4
    endloop
  endfacet
  facet normal 0.499994 -0.866029 0
    outer loop
      vertex 1.35796 11.8206 12.99
      vertex 5.45796 14.1877 13
      vertex 1.35796 11.8206 13
    endloop
  endfacet
  facet normal 0.499994 -0.866029 0
    outer loop
      vertex 5.45796 14.1877 13
      vertex 1.35796 11.8206 12.99
      vertex 5.45796 14.1877 12.99
    endloop
  endfacet
  facet normal -0.500001 0.866025 0
    outer loop
      vertex 9.55796 7.08633 12.99
      vertex 5.45796 4.71919 13
      vertex 9.55796 7.08633 13
    endloop
  endfacet
  facet normal -0.500001 0.866025 0
    outer loop
      vertex 5.45796 4.71919 13
      vertex 9.55796 7.08633 12.99
      vertex 5.45796 4.71919 12.99
    endloop
  endfacet
  facet normal 0.733263 0 0.679946
    outer loop
      vertex 1.35796 11.8206 12.99
      vertex 1.90506 10.2997 12.4
      vertex 1.90506 11.3826 12.4
    endloop
  endfacet
  facet normal 0.733279 1.28657e-05 0.679928
    outer loop
      vertex 1.35796 11.8206 12.99
      vertex 1.39639 9.41862 12.9486
      vertex 1.90506 10.2997 12.4
    endloop
  endfacet
  facet normal 0.733277 -1.31638e-05 0.67993
    outer loop
      vertex 1.35796 7.08633 12.99
      vertex 1.90506 8.35503 12.4
      vertex 1.39639 9.41862 12.9486
    endloop
  endfacet
  facet normal 0.733263 0 0.679946
    outer loop
      vertex 1.90506 8.35503 12.4
      vertex 1.35796 7.08633 12.99
      vertex 1.90506 7.34112 12.4
    endloop
  endfacet
  facet normal 0.732907 -0 0.680329
    outer loop
      vertex 1.35796 7.08633 12.99
      vertex 1.39639 9.41862 12.9486
      vertex 1.35796 11.8206 12.99
    endloop
  endfacet
  facet normal 0.383298 0.663887 0.642134
    outer loop
      vertex 5.45796 4.71919 12.99
      vertex 4.21428 5.83999 12.5736
      vertex 3.41618 5.89802 12.99
    endloop
  endfacet
  facet normal 0.383304 0.663891 0.642126
    outer loop
      vertex 4.21428 5.83999 12.5736
      vertex 5.45796 4.71919 12.99
      vertex 5.40506 5.32039 12.4
    endloop
  endfacet
  facet normal 0.383302 0.663903 0.642115
    outer loop
      vertex 3.39975 5.90751 12.99
      vertex 3.12222 6.3165 12.7328
      vertex 1.35796 7.08633 12.99
    endloop
  endfacet
  facet normal 0.383288 0.663831 0.642199
    outer loop
      vertex 5.40506 5.32039 12.4
      vertex 4.51543 5.81809 12.4165
      vertex 4.21428 5.83999 12.5736
    endloop
  endfacet
  facet normal 0.38352 0.664265 0.64161
    outer loop
      vertex 4.51543 5.81809 12.4165
      vertex 5.40506 5.32039 12.4
      vertex 4.547 5.8158 12.4
    endloop
  endfacet
  facet normal 0.383288 0.663883 0.642144
    outer loop
      vertex 1.90506 7.34112 12.4
      vertex 3.12222 6.3165 12.7328
      vertex 2.76313 6.84572 12.4
    endloop
  endfacet
  facet normal 0.383299 0.663892 0.642129
    outer loop
      vertex 3.12222 6.3165 12.7328
      vertex 1.90506 7.34112 12.4
      vertex 1.35796 7.08633 12.99
    endloop
  endfacet
  facet normal 0.500002 0.866024 0
    outer loop
      vertex 3.41618 5.89802 12.99
      vertex 5.45796 4.71919 13
      vertex 5.45796 4.71919 12.99
    endloop
  endfacet
  facet normal 0.5 0.866025 0.000596287
    outer loop
      vertex 5.45796 4.71919 13
      vertex 3.41618 5.89802 12.99
      vertex 3.41357 5.89952 13
    endloop
  endfacet
  facet normal 0.5 0.866025 0.000769738
    outer loop
      vertex 3.39975 5.90751 12.99
      vertex 1.35796 7.08633 13
      vertex 3.40235 5.906 13
    endloop
  endfacet
  facet normal 0.499997 0.866027 0
    outer loop
      vertex 1.35796 7.08633 13
      vertex 3.39975 5.90751 12.99
      vertex 1.35796 7.08633 12.99
    endloop
  endfacet
  facet normal -0.320688 -0.555449 0.767226
    outer loop
      vertex 9.55796 11.8206 12.99
      vertex 8.047 11.878 12.4
      vertex 8.90506 11.3826 12.4
    endloop
  endfacet
  facet normal -0.320687 -0.555452 0.767224
    outer loop
      vertex 8.047 11.878 12.4
      vertex 9.55796 11.8206 12.99
      vertex 7.74498 12.5115 12.7324
    endloop
  endfacet
  facet normal -0.320663 -0.555413 0.767263
    outer loop
      vertex 6.26313 12.9079 12.4
      vertex 6.62917 12.9368 12.5739
      vertex 5.40506 13.4033 12.4
    endloop
  endfacet
  facet normal -0.499991 -0.866031 0
    outer loop
      vertex 5.45796 14.1877 12.99
      vertex 7.50235 13.0074 13
      vertex 5.45796 14.1877 13
    endloop
  endfacet
  facet normal -0.499988 -0.866032 -0.000592219
    outer loop
      vertex 7.50235 13.0074 13
      vertex 5.45796 14.1877 12.99
      vertex 7.50496 13.0059 12.99
    endloop
  endfacet
  facet normal -0.49999 -0.866031 9.2865e-05
    outer loop
      vertex 9.55796 11.8206 12.99
      vertex 7.51357 13.0009 13
      vertex 7.51097 13.0024 12.99
    endloop
  endfacet
  facet normal -0.499991 -0.866031 0
    outer loop
      vertex 7.51357 13.0009 13
      vertex 9.55796 11.8206 12.99
      vertex 9.55796 11.8206 13
    endloop
  endfacet
  facet normal 0.33526 -0.580655 0.741916
    outer loop
      vertex 5.45796 14.1877 12.99
      vertex 4.17259 12.9213 12.5797
      vertex 5.40506 13.4033 12.4
    endloop
  endfacet
  facet normal 0.335157 -0.580584 0.742019
    outer loop
      vertex 5.45796 14.1877 12.99
      vertex 3.44815 12.9724 12.9469
      vertex 4.17259 12.9213 12.5797
    endloop
  endfacet
  facet normal 0.335232 -0.580587 0.741982
    outer loop
      vertex 3.44815 12.9724 12.9469
      vertex 1.35796 11.8206 12.99
      vertex 3.19881 12.5405 12.7216
    endloop
  endfacet
  facet normal 0.33563 -0.581337 0.741216
    outer loop
      vertex 1.35796 11.8206 12.99
      vertex 3.44815 12.9724 12.9469
      vertex 5.45796 14.1877 12.99
    endloop
  endfacet
  facet normal -0.320688 -0.555465 0.767214
    outer loop
      vertex 5.45796 14.1877 12.99
      vertex 6.62917 12.9368 12.5739
      vertex 7.50496 13.0059 12.99
    endloop
  endfacet
  facet normal -0.320675 -0.555456 0.767226
    outer loop
      vertex 6.62917 12.9368 12.5739
      vertex 5.45796 14.1877 12.99
      vertex 5.40506 13.4033 12.4
    endloop
  endfacet
  facet normal -0.320691 -0.555467 0.767212
    outer loop
      vertex 7.74498 12.5115 12.7324
      vertex 9.55796 11.8206 12.99
      vertex 7.51097 13.0024 12.99
    endloop
  endfacet
  facet normal -0.36663 0.635022 0.679949
    outer loop
      vertex 7.96724 6.79967 12.4
      vertex 9.55796 7.08633 12.99
      vertex 8.90506 7.34112 12.4
    endloop
  endfacet
  facet normal -0.366547 0.635614 0.679439
    outer loop
      vertex 7.94892 6.76794 12.4198
      vertex 9.55796 7.08633 12.99
      vertex 7.96724 6.79967 12.4
    endloop
  endfacet
  facet normal -0.366622 0.634946 0.680024
    outer loop
      vertex 9.55796 7.08633 12.99
      vertex 7.94892 6.76794 12.4198
      vertex 7.66899 6.28308 12.7216
    endloop
  endfacet
  facet normal -0.366596 0.634962 0.680023
    outer loop
      vertex 6.66742 5.85719 12.5793
      vertex 6.28314 5.82735 12.4
      vertex 5.40506 5.32039 12.4
    endloop
  endfacet
  facet normal 0 -0 1
    outer loop
      vertex 8.90506 10.3687 12.4
      vertex 8.90506 11.3826 12.4
      vertex 8.047 11.878 12.4
    endloop
  endfacet
  facet normal 0 -0 1
    outer loop
      vertex 8.90506 7.34112 12.4
      vertex 8.90506 8.42402 12.4
      vertex 7.96724 6.79967 12.4
    endloop
  endfacet
  facet normal 0 -0 1
    outer loop
      vertex 5.40506 5.32039 12.4
      vertex 6.28314 5.82735 12.4
      vertex 4.547 5.8158 12.4
    endloop
  endfacet
  facet normal 0 0 1
    outer loop
      vertex 2.76313 6.84572 12.4
      vertex 1.90506 8.35503 12.4
      vertex 1.90506 7.34112 12.4
    endloop
  endfacet
  facet normal 0 0 1
    outer loop
      vertex 2.84288 11.924 12.4
      vertex 1.90506 11.3826 12.4
      vertex 1.90506 10.2997 12.4
    endloop
  endfacet
  facet normal 0 0 1
    outer loop
      vertex 6.26313 12.9079 12.4
      vertex 5.40506 13.4033 12.4
      vertex 4.52699 12.8963 12.4
    endloop
  endfacet
  facet normal 0.335291 -0.580324 0.742162
    outer loop
      vertex 1.35796 11.8206 12.99
      vertex 2.84288 11.924 12.4
      vertex 2.91376 12.0468 12.464
    endloop
  endfacet
  facet normal 0.335255 -0.580674 0.741904
    outer loop
      vertex 1.35796 11.8206 12.99
      vertex 2.91376 12.0468 12.464
      vertex 3.19881 12.5405 12.7216
    endloop
  endfacet
  facet normal 0.33522 -0.580673 0.741921
    outer loop
      vertex 2.84288 11.924 12.4
      vertex 1.35796 11.8206 12.99
      vertex 1.90506 11.3826 12.4
    endloop
  endfacet
  facet normal 0.335233 -0.580588 0.741982
    outer loop
      vertex 5.40506 13.4033 12.4
      vertex 4.31619 12.9112 12.5069
      vertex 4.52699 12.8963 12.4
    endloop
  endfacet
  facet normal 0.335268 -0.580686 0.741888
    outer loop
      vertex 4.31619 12.9112 12.5069
      vertex 5.40506 13.4033 12.4
      vertex 4.17259 12.9213 12.5797
    endloop
  endfacet
  facet normal -1 0 0
    outer loop
      vertex 9.55796 7.08633 12.99
      vertex 9.55796 11.8206 13
      vertex 9.55796 11.8206 12.99
    endloop
  endfacet
  facet normal -1 -0 0
    outer loop
      vertex 9.55796 11.8206 13
      vertex 9.55796 7.08633 12.99
      vertex 9.55796 7.08633 13
    endloop
  endfacet
  facet normal -0.670889 0 0.741558
    outer loop
      vertex 9.55796 11.8206 12.99
      vertex 9.51032 9.47236 12.9469
      vertex 9.55796 7.08633 12.99
    endloop
  endfacet
  facet normal -0.670416 -1.74289e-05 0.741985
    outer loop
      vertex 9.55796 11.8206 12.99
      vertex 9.02333 10.1935 12.5069
      vertex 9.51032 9.47236 12.9469
    endloop
  endfacet
  facet normal -0.670464 0 0.741942
    outer loop
      vertex 8.90506 10.3687 12.4
      vertex 9.55796 11.8206 12.99
      vertex 8.90506 11.3826 12.4
    endloop
  endfacet
  facet normal -0.670514 4.07376e-05 0.741897
    outer loop
      vertex 9.55796 11.8206 12.99
      vertex 8.90506 10.3687 12.4
      vertex 9.02333 10.1935 12.5069
    endloop
  endfacet
  facet normal -0.670446 1.60845e-05 0.741959
    outer loop
      vertex 8.90506 8.42402 12.4
      vertex 9.55796 7.08633 12.99
      vertex 9.51032 9.47236 12.9469
    endloop
  endfacet
  facet normal -0.670464 0 0.741942
    outer loop
      vertex 9.55796 7.08633 12.99
      vertex 8.90506 8.42402 12.4
      vertex 8.90506 7.34112 12.4
    endloop
  endfacet
  facet normal -0.499988 0.866033 -3.78862e-06
    outer loop
      vertex 16.727 5.61588 1
      vertex 18.0129 6.35832 12.4
      vertex 18.4408 6.60536 12.4
    endloop
  endfacet
  facet normal -0.499146 0.866518 -0.000172483
    outer loop
      vertex 16.727 5.61588 1
      vertex 18.4408 6.60536 12.4
      vertex 18.4719 6.62328 12.4265
    endloop
  endfacet
  facet normal -0.499986 0.866034 -4.0836e-06
    outer loop
      vertex 18.0129 6.35832 12.4
      vertex 16.727 5.61588 1
      vertex 17.6027 6.1215 12.4
    endloop
  endfacet
  facet normal -0.499995 0.866028 -3.1205e-06
    outer loop
      vertex 17.6027 6.1215 12.4
      vertex 16.727 5.61588 1
      vertex 13.5073 3.75701 1
    endloop
  endfacet
  facet normal 0.988606 -0.00656963 -0.150386
    outer loop
      vertex 11.4179 10.6336 12.4266
      vertex 9.67061 9.26651 1
      vertex 9.673 9.62616 1
    endloop
  endfacet
  facet normal 0.988606 -0.0065788 -0.150385
    outer loop
      vertex 9.67061 9.26651 1
      vertex 11.4179 10.6336 12.4266
      vertex 11.4015 7.73254 12.4457
    endloop
  endfacet
  facet normal 0.988605 -0.00654773 -0.15039
    outer loop
      vertex 9.64601 5.56912 1
      vertex 11.4015 7.73254 12.4457
      vertex 11.395 6.57888 12.4532
    endloop
  endfacet
  facet normal 0.988606 -0.00657753 -0.150385
    outer loop
      vertex 11.4015 7.73254 12.4457
      vertex 9.64601 5.56912 1
      vertex 9.67061 9.26651 1
    endloop
  endfacet
  facet normal -0.48861 -0.859444 0.150386
    outer loop
      vertex 16.754 9.67292 1
      vertex 17.7407 11.115 12.4472
      vertex 13.6931 11.4131 1
    endloop
  endfacet
  facet normal -0.488664 -0.859413 0.150387
    outer loop
      vertex 17.7407 11.115 12.4472
      vertex 16.754 9.67292 1
      vertex 18.1502 10.8827 12.4503
    endloop
  endfacet
  facet normal -0.488529 -0.859491 0.150379
    outer loop
      vertex 18.1502 10.8827 12.4503
      vertex 16.754 9.67292 1
      vertex 18.5029 10.6827 12.453
    endloop
  endfacet
  facet normal -0.988606 0.00656309 0.150384
    outer loop
      vertex 16.754 9.67292 1
      vertex 18.4962 9.80637 12.4472
      vertex 18.5029 10.6827 12.453
    endloop
  endfacet
  facet normal -0.988606 0.0065704 0.150384
    outer loop
      vertex 18.4962 9.80637 12.4472
      vertex 16.754 9.67292 1
      vertex 16.7306 6.15207 1
    endloop
  endfacet
  facet normal 0.488653 0.859419 -0.150389
    outer loop
      vertex 13.173 3.56398 1
      vertex 14.7515 4.66623 12.4279
      vertex 14.9179 4.57139 12.4266
    endloop
  endfacet
  facet normal 0.488608 0.859445 -0.150386
    outer loop
      vertex 13.173 3.56398 1
      vertex 11.395 6.57888 12.4532
      vertex 14.7515 4.66623 12.4279
    endloop
  endfacet
  facet normal 0.488606 0.859446 -0.150386
    outer loop
      vertex 11.395 6.57888 12.4532
      vertex 13.173 3.56398 1
      vertex 9.64601 5.56912 1
    endloop
  endfacet
  facet normal 0.500007 -0.866021 -1.38878e-06
    outer loop
      vertex 13.227 11.6781 1
      vertex 11.4408 10.6468 12.4
      vertex 9.673 9.62616 1
    endloop
  endfacet
  facet normal 0.499487 -0.866321 0.000106
    outer loop
      vertex 9.673 9.62616 1
      vertex 11.4408 10.6468 12.4
      vertex 11.4179 10.6336 12.4266
    endloop
  endfacet
  facet normal 0.499995 -0.866028 -3.81269e-06
    outer loop
      vertex 11.4408 10.6468 12.4
      vertex 13.227 11.6781 1
      vertex 14.9408 12.6675 12.4
    endloop
  endfacet
  facet normal 0.501066 -0.865409 -0.000218533
    outer loop
      vertex 14.9408 12.6675 12.4
      vertex 13.227 11.6781 1
      vertex 14.9719 12.6855 12.4265
    endloop
  endfacet
  facet normal -0.988606 0.00656914 0.150384
    outer loop
      vertex 16.7306 6.15207 1
      vertex 18.4719 6.62328 12.4265
      vertex 18.4962 9.80637 12.4472
    endloop
  endfacet
  facet normal -0.988606 0.00663754 0.150381
    outer loop
      vertex 18.4719 6.62328 12.4265
      vertex 16.7306 6.15207 1
      vertex 16.727 5.61588 1
    endloop
  endfacet
  facet normal -0.488629 -0.859433 0.150387
    outer loop
      vertex 13.6931 11.4131 1
      vertex 14.9719 12.6855 12.4265
      vertex 13.227 11.6781 1
    endloop
  endfacet
  facet normal -0.488612 -0.859443 0.150387
    outer loop
      vertex 14.9719 12.6855 12.4265
      vertex 13.6931 11.4131 1
      vertex 17.7407 11.115 12.4472
    endloop
  endfacet
  facet normal -0.500007 0.866021 2.51322e-06
    outer loop
      vertex 13.5073 3.75701 1
      vertex 16.3319 5.38779 12.4
      vertex 17.6027 6.1215 12.4
    endloop
  endfacet
  facet normal -0.500004 0.866023 1.51148e-06
    outer loop
      vertex 16.3319 5.38779 12.4
      vertex 13.5073 3.75701 1
      vertex 14.9408 4.58463 12.4
    endloop
  endfacet
  facet normal -0.500042 0.866001 7.98485e-06
    outer loop
      vertex 13.173 3.56398 1
      vertex 14.9408 4.58463 12.4
      vertex 13.5073 3.75701 1
    endloop
  endfacet
  facet normal -0.500449 0.865766 9.21369e-05
    outer loop
      vertex 14.9408 4.58463 12.4
      vertex 13.173 3.56398 1
      vertex 14.9179 4.57139 12.4266
    endloop
  endfacet
  facet normal 0 0 1
    outer loop
      vertex 13.6931 11.4131 1
      vertex 16.7306 6.15207 1
      vertex 16.754 9.67292 1
    endloop
  endfacet
  facet normal 0 0 1
    outer loop
      vertex 13.5073 3.75701 1
      vertex 16.7306 6.15207 1
      vertex 13.6931 11.4131 1
    endloop
  endfacet
  facet normal 0 0 1
    outer loop
      vertex 16.7306 6.15207 1
      vertex 13.5073 3.75701 1
      vertex 16.727 5.61588 1
    endloop
  endfacet
  facet normal 0 0 1
    outer loop
      vertex 9.67061 9.26651 1
      vertex 13.6931 11.4131 1
      vertex 13.227 11.6781 1
    endloop
  endfacet
  facet normal 0 0 1
    outer loop
      vertex 13.6931 11.4131 1
      vertex 9.67061 9.26651 1
      vertex 13.5073 3.75701 1
    endloop
  endfacet
  facet normal 0 0 1
    outer loop
      vertex 9.67061 9.26651 1
      vertex 13.227 11.6781 1
      vertex 9.673 9.62616 1
    endloop
  endfacet
  facet normal -0 0 1
    outer loop
      vertex 9.64601 5.56912 1
      vertex 13.5073 3.75701 1
      vertex 9.67061 9.26651 1
    endloop
  endfacet
  facet normal 0 0 1
    outer loop
      vertex 13.5073 3.75701 1
      vertex 9.64601 5.56912 1
      vertex 13.173 3.56398 1
    endloop
  endfacet
  facet normal 0.378769 0.656066 0.652772
    outer loop
      vertex 14.7515 4.66623 12.4279
      vertex 11.395 6.57888 12.4532
      vertex 10.9324 6.31185 12.99
    endloop
  endfacet
  facet normal -0.350567 0.60722 0.713012
    outer loop
      vertex 18.0129 6.35832 12.4
      vertex 19.1324 6.31185 12.99
      vertex 18.4408 6.60536 12.4
    endloop
  endfacet
  facet normal -0.350566 0.607222 0.713011
    outer loop
      vertex 17.6027 6.1215 12.4
      vertex 19.1324 6.31185 12.99
      vertex 18.0129 6.35832 12.4
    endloop
  endfacet
  facet normal -0.350571 0.607195 0.713031
    outer loop
      vertex 16.3319 5.38779 12.4
      vertex 19.1324 6.31185 12.99
      vertex 17.6027 6.1215 12.4
    endloop
  endfacet
  facet normal -0.350572 0.607202 0.713025
    outer loop
      vertex 19.1324 6.31185 12.99
      vertex 16.3319 5.38779 12.4
      vertex 14.9408 4.58463 12.4
    endloop
  endfacet
  facet normal -0.648973 -7.36964e-05 0.760811
    outer loop
      vertex 18.4962 9.80637 12.4472
      vertex 19.1324 11.0461 12.99
      vertex 18.5029 10.6827 12.453
    endloop
  endfacet
  facet normal -0.649057 0 0.76074
    outer loop
      vertex 19.1324 11.0461 12.99
      vertex 18.4962 9.80637 12.4472
      vertex 19.1324 6.31185 12.99
    endloop
  endfacet
  facet normal -0.649033 7.46339e-06 0.76076
    outer loop
      vertex 18.4719 6.62328 12.4265
      vertex 19.1324 6.31185 12.99
      vertex 18.4962 9.80637 12.4472
    endloop
  endfacet
  facet normal -0.648826 0.000763707 0.760936
    outer loop
      vertex 19.1324 6.31185 12.99
      vertex 18.4719 6.62328 12.4265
      vertex 18.4408 6.60536 12.4
    endloop
  endfacet
  facet normal 0.757721 0.000512024 0.652578
    outer loop
      vertex 10.9324 11.0461 12.99
      vertex 11.4179 10.6336 12.4266
      vertex 11.4408 10.6468 12.4
    endloop
  endfacet
  facet normal 0.757542 1.53553e-05 0.652787
    outer loop
      vertex 10.9324 11.0461 12.99
      vertex 11.4015 7.73254 12.4457
      vertex 11.4179 10.6336 12.4266
    endloop
  endfacet
  facet normal 0.757495 -0 0.652841
    outer loop
      vertex 10.9324 6.31185 12.99
      vertex 11.4015 7.73254 12.4457
      vertex 10.9324 11.0461 12.99
    endloop
  endfacet
  facet normal 0.757527 -2.41758e-05 0.652804
    outer loop
      vertex 11.4015 7.73254 12.4457
      vertex 10.9324 6.31185 12.99
      vertex 11.395 6.57888 12.4532
    endloop
  endfacet
  facet normal -0.324717 -0.562264 0.760538
    outer loop
      vertex 15.0324 13.4133 12.99
      vertex 17.7407 11.115 12.4472
      vertex 18.1502 10.8827 12.4503
    endloop
  endfacet
  facet normal -0.324497 -0.562062 0.760782
    outer loop
      vertex 15.0324 13.4133 12.99
      vertex 14.9719 12.6855 12.4265
      vertex 17.7407 11.115 12.4472
    endloop
  endfacet
  facet normal -0.323013 -0.562451 0.761125
    outer loop
      vertex 14.9719 12.6855 12.4265
      vertex 15.0324 13.4133 12.99
      vertex 14.9408 12.6675 12.4
    endloop
  endfacet
  facet normal 0.350575 -0.607197 0.713028
    outer loop
      vertex 10.9324 11.0461 12.99
      vertex 11.4408 10.6468 12.4
      vertex 15.0324 13.4133 12.99
    endloop
  endfacet
  facet normal -1 0 0
    outer loop
      vertex 19.1324 6.31185 12.99
      vertex 19.1324 11.0461 13
      vertex 19.1324 11.0461 12.99
    endloop
  endfacet
  facet normal -1 -0 0
    outer loop
      vertex 19.1324 11.0461 13
      vertex 19.1324 6.31185 12.99
      vertex 19.1324 6.31185 13
    endloop
  endfacet
  facet normal -0.500001 0.866025 0
    outer loop
      vertex 19.1324 6.31185 12.99
      vertex 15.0324 3.94471 13
      vertex 19.1324 6.31185 13
    endloop
  endfacet
  facet normal -0.500001 0.866025 0
    outer loop
      vertex 15.0324 3.94471 13
      vertex 19.1324 6.31185 12.99
      vertex 15.0324 3.94471 12.99
    endloop
  endfacet
  facet normal 0.350542 -0.607164 0.713073
    outer loop
      vertex 14.9408 12.6675 12.4
      vertex 15.0324 13.4133 12.99
      vertex 11.4408 10.6468 12.4
    endloop
  endfacet
  facet normal 1 -0 0
    outer loop
      vertex 10.9324 6.31185 13
      vertex 10.9324 11.0461 12.99
      vertex 10.9324 11.0461 13
    endloop
  endfacet
  facet normal 1 0 0
    outer loop
      vertex 10.9324 11.0461 12.99
      vertex 10.9324 6.31185 13
      vertex 10.9324 6.31185 12.99
    endloop
  endfacet
  facet normal 0.50001 -0.86602 0
    outer loop
      vertex 10.9324 11.0461 12.99
      vertex 15.0324 13.4133 13
      vertex 10.9324 11.0461 13
    endloop
  endfacet
  facet normal 0.50001 -0.86602 0
    outer loop
      vertex 15.0324 13.4133 13
      vertex 10.9324 11.0461 12.99
      vertex 15.0324 13.4133 12.99
    endloop
  endfacet
  facet normal -0.350574 0.607212 0.713016
    outer loop
      vertex 15.0324 3.94471 12.99
      vertex 19.1324 6.31185 12.99
      vertex 14.9408 4.58463 12.4
    endloop
  endfacet
  facet normal -0.324532 -0.562042 0.760781
    outer loop
      vertex 19.1324 11.0461 12.99
      vertex 18.1502 10.8827 12.4503
      vertex 18.5029 10.6827 12.453
    endloop
  endfacet
  facet normal -0.32452 -0.562069 0.760766
    outer loop
      vertex 18.1502 10.8827 12.4503
      vertex 19.1324 11.0461 12.99
      vertex 15.0324 13.4133 12.99
    endloop
  endfacet
  facet normal -0.50001 -0.86602 0
    outer loop
      vertex 15.0324 13.4133 12.99
      vertex 19.1324 11.0461 13
      vertex 15.0324 13.4133 13
    endloop
  endfacet
  facet normal -0.50001 -0.86602 -0
    outer loop
      vertex 19.1324 11.0461 13
      vertex 15.0324 13.4133 12.99
      vertex 19.1324 11.0461 12.99
    endloop
  endfacet
  facet normal 0.500001 0.866025 -0
    outer loop
      vertex 15.0324 3.94471 12.99
      vertex 10.9324 6.31185 13
      vertex 15.0324 3.94471 13
    endloop
  endfacet
  facet normal 0.500001 0.866025 0
    outer loop
      vertex 10.9324 6.31185 13
      vertex 15.0324 3.94471 12.99
      vertex 10.9324 6.31185 12.99
    endloop
  endfacet
  facet normal 0.37876 0.656031 0.652812
    outer loop
      vertex 15.0324 3.94471 12.99
      vertex 14.7515 4.66623 12.4279
      vertex 10.9324 6.31185 12.99
    endloop
  endfacet
  facet normal 0.379 0.656023 0.652681
    outer loop
      vertex 15.0324 3.94471 12.99
      vertex 14.9179 4.57139 12.4266
      vertex 14.7515 4.66623 12.4279
    endloop
  endfacet
  facet normal 0.378888 0.656043 0.652727
    outer loop
      vertex 14.9179 4.57139 12.4266
      vertex 15.0324 3.94471 12.99
      vertex 14.9408 4.58463 12.4
    endloop
  endfacet
endsolid OpenSCAD_Model
