solid OpenSCAD_Model
  facet normal 0 1 -0
    outer loop
      vertex 9 24.6528 0.37
      vertex -9 24.6528 0.4
      vertex 9 24.6528 0.4
    endloop
  endfacet
  facet normal 0 1 0
    outer loop
      vertex -9 24.6528 0.4
      vertex 9 24.6528 0.37
      vertex -9 24.6528 0.37
    endloop
  endfacet
  facet normal 1 -0 0
    outer loop
      vertex 25.85 -4.5322 0.4
      vertex 25.85 4.5322 0.37
      vertex 25.85 4.5322 0.4
    endloop
  endfacet
  facet normal 1 0 0
    outer loop
      vertex 25.85 4.5322 0.37
      vertex 25.85 -4.5322 0.4
      vertex 25.85 -4.5322 0.37
    endloop
  endfacet
  facet normal -0.339499 0.588024 -0.734144
    outer loop
      vertex -16.45 19.8897 0
      vertex -16.85 20.1207 0.37
      vertex -9 24.191 0
    endloop
  endfacet
  facet normal 0.679042 0 -0.734099
    outer loop
      vertex 25.45 -4.30125 0
      vertex 25.85 4.5322 0.37
      vertex 25.85 -4.5322 0.37
    endloop
  endfacet
  facet normal 0.679042 0 -0.734099
    outer loop
      vertex 25.85 4.5322 0.37
      vertex 25.45 -4.30125 0
      vertex 25.45 4.30125 0
    endloop
  endfacet
  facet normal 0.339499 -0.588024 -0.734144
    outer loop
      vertex 16.85 -20.1207 0.37
      vertex 9 -24.191 0
      vertex 16.45 -19.8897 0
    endloop
  endfacet
  facet normal 0.541441 -0.3126 -0.780463
    outer loop
      vertex 16.85 -20.1207 0.37
      vertex 25.45 -4.30125 0
      vertex 25.85 -4.5322 0.37
    endloop
  endfacet
  facet normal 0.541423 -0.312591 -0.78048
    outer loop
      vertex 25.45 -4.30125 0
      vertex 16.85 -20.1207 0.37
      vertex 16.45 -19.8897 0
    endloop
  endfacet
  facet normal -0.339499 -0.588024 -0.734144
    outer loop
      vertex -9 -24.191 0
      vertex -16.85 -20.1207 0.37
      vertex -16.45 -19.8897 0
    endloop
  endfacet
  facet normal -0.339546 0.588124 -0.734043
    outer loop
      vertex -9 24.191 0
      vertex -16.85 20.1207 0.37
      vertex -9 24.6528 0.37
    endloop
  endfacet
  facet normal 0.499992 0.86603 -0
    outer loop
      vertex 16.85 20.1207 0.37
      vertex 9 24.6528 0.4
      vertex 16.85 20.1207 0.4
    endloop
  endfacet
  facet normal 0.499992 0.86603 0
    outer loop
      vertex 9 24.6528 0.4
      vertex 16.85 20.1207 0.37
      vertex 9 24.6528 0.37
    endloop
  endfacet
  facet normal 0.541441 0.3126 -0.780463
    outer loop
      vertex 25.45 4.30125 0
      vertex 16.85 20.1207 0.37
      vertex 25.85 4.5322 0.37
    endloop
  endfacet
  facet normal 0.541423 0.312591 -0.78048
    outer loop
      vertex 16.85 20.1207 0.37
      vertex 25.45 4.30125 0
      vertex 16.45 19.8897 0
    endloop
  endfacet
  facet normal -0.339546 -0.588124 -0.734043
    outer loop
      vertex -9 -24.6528 0.37
      vertex -16.85 -20.1207 0.37
      vertex -9 -24.191 0
    endloop
  endfacet
  facet normal 0.339546 -0.588124 -0.734043
    outer loop
      vertex 16.85 -20.1207 0.37
      vertex 9 -24.6528 0.37
      vertex 9 -24.191 0
    endloop
  endfacet
  facet normal -0.499992 0.86603 0
    outer loop
      vertex -9 24.6528 0.37
      vertex -16.85 20.1207 0.4
      vertex -9 24.6528 0.4
    endloop
  endfacet
  facet normal -0.499992 0.86603 0
    outer loop
      vertex -16.85 20.1207 0.4
      vertex -9 24.6528 0.37
      vertex -16.85 20.1207 0.37
    endloop
  endfacet
  facet normal -1 0 0
    outer loop
      vertex -25.85 -4.5322 0.37
      vertex -25.85 4.5322 0.4
      vertex -25.85 4.5322 0.37
    endloop
  endfacet
  facet normal -1 -0 0
    outer loop
      vertex -25.85 4.5322 0.4
      vertex -25.85 -4.5322 0.37
      vertex -25.85 -4.5322 0.4
    endloop
  endfacet
  facet normal -0.866026 -0.499999 0
    outer loop
      vertex -16.85 -20.1207 0.37
      vertex -25.85 -4.5322 0.4
      vertex -25.85 -4.5322 0.37
    endloop
  endfacet
  facet normal -0.866026 -0.499999 0
    outer loop
      vertex -25.85 -4.5322 0.4
      vertex -16.85 -20.1207 0.37
      vertex -16.85 -20.1207 0.4
    endloop
  endfacet
  facet normal -0.866026 0.499999 0
    outer loop
      vertex -25.85 4.5322 0.37
      vertex -16.85 20.1207 0.4
      vertex -16.85 20.1207 0.37
    endloop
  endfacet
  facet normal -0.866026 0.499999 0
    outer loop
      vertex -16.85 20.1207 0.4
      vertex -25.85 4.5322 0.37
      vertex -25.85 4.5322 0.4
    endloop
  endfacet
  facet normal -0.499992 -0.86603 0
    outer loop
      vertex -16.85 -20.1207 0.37
      vertex -9 -24.6528 0.4
      vertex -16.85 -20.1207 0.4
    endloop
  endfacet
  facet normal -0.499992 -0.86603 -0
    outer loop
      vertex -9 -24.6528 0.4
      vertex -16.85 -20.1207 0.37
      vertex -9 -24.6528 0.37
    endloop
  endfacet
  facet normal -0.541423 0.312591 -0.78048
    outer loop
      vertex -25.45 4.30125 0
      vertex -16.85 20.1207 0.37
      vertex -16.45 19.8897 0
    endloop
  endfacet
  facet normal -0.541441 0.3126 -0.780463
    outer loop
      vertex -16.85 20.1207 0.37
      vertex -25.45 4.30125 0
      vertex -25.85 4.5322 0.37
    endloop
  endfacet
  facet normal 0.866026 0.499999 0
    outer loop
      vertex 25.85 4.5322 0.4
      vertex 16.85 20.1207 0.37
      vertex 16.85 20.1207 0.4
    endloop
  endfacet
  facet normal 0.866026 0.499999 0
    outer loop
      vertex 16.85 20.1207 0.37
      vertex 25.85 4.5322 0.4
      vertex 25.85 4.5322 0.37
    endloop
  endfacet
  facet normal -0.541423 -0.312591 -0.78048
    outer loop
      vertex -16.85 -20.1207 0.37
      vertex -25.45 -4.30125 0
      vertex -16.45 -19.8897 0
    endloop
  endfacet
  facet normal -0.541441 -0.3126 -0.780463
    outer loop
      vertex -25.45 -4.30125 0
      vertex -16.85 -20.1207 0.37
      vertex -25.85 -4.5322 0.37
    endloop
  endfacet
  facet normal 0 -1 0
    outer loop
      vertex -9 -24.6528 0.37
      vertex 9 -24.6528 0.4
      vertex -9 -24.6528 0.4
    endloop
  endfacet
  facet normal 0 -1 -0
    outer loop
      vertex 9 -24.6528 0.4
      vertex -9 -24.6528 0.37
      vertex 9 -24.6528 0.37
    endloop
  endfacet
  facet normal 0 -0.625272 -0.780407
    outer loop
      vertex -9 -24.6528 0.37
      vertex 9 -24.191 0
      vertex 9 -24.6528 0.37
    endloop
  endfacet
  facet normal -0 -0.625272 -0.780407
    outer loop
      vertex 9 -24.191 0
      vertex -9 -24.6528 0.37
      vertex -9 -24.191 0
    endloop
  endfacet
  facet normal -0.679042 0 -0.734099
    outer loop
      vertex -25.85 -4.5322 0.37
      vertex -25.45 4.30125 0
      vertex -25.45 -4.30125 0
    endloop
  endfacet
  facet normal -0.679042 0 -0.734099
    outer loop
      vertex -25.45 4.30125 0
      vertex -25.85 -4.5322 0.37
      vertex -25.85 4.5322 0.37
    endloop
  endfacet
  facet normal 0 0.625272 -0.780407
    outer loop
      vertex -9 24.191 0
      vertex 9 24.6528 0.37
      vertex 9 24.191 0
    endloop
  endfacet
  facet normal 0 0.625272 -0.780407
    outer loop
      vertex 9 24.6528 0.37
      vertex -9 24.191 0
      vertex -9 24.6528 0.37
    endloop
  endfacet
  facet normal 0.866026 -0.499999 0
    outer loop
      vertex 16.85 -20.1207 0.4
      vertex 25.85 -4.5322 0.37
      vertex 25.85 -4.5322 0.4
    endloop
  endfacet
  facet normal 0.866026 -0.499999 0
    outer loop
      vertex 25.85 -4.5322 0.37
      vertex 16.85 -20.1207 0.4
      vertex 16.85 -20.1207 0.37
    endloop
  endfacet
  facet normal 0 0 -1
    outer loop
      vertex 16.45 -19.8897 0
      vertex 25.45 4.30125 0
      vertex 25.45 -4.30125 0
    endloop
  endfacet
  facet normal 0 0 -1
    outer loop
      vertex 16.45 -19.8897 0
      vertex 16.45 19.8897 0
      vertex 25.45 4.30125 0
    endloop
  endfacet
  facet normal 0 0 -1
    outer loop
      vertex 9 -24.191 0
      vertex 16.45 19.8897 0
      vertex 16.45 -19.8897 0
    endloop
  endfacet
  facet normal 0 0 -1
    outer loop
      vertex 9 -24.191 0
      vertex 9 24.191 0
      vertex 16.45 19.8897 0
    endloop
  endfacet
  facet normal 0 0 -1
    outer loop
      vertex -9 -24.191 0
      vertex 9 24.191 0
      vertex 9 -24.191 0
    endloop
  endfacet
  facet normal 0 0 -1
    outer loop
      vertex -9 -24.191 0
      vertex -9 24.191 0
      vertex 9 24.191 0
    endloop
  endfacet
  facet normal 0 0 -1
    outer loop
      vertex -16.45 -19.8897 0
      vertex -9 24.191 0
      vertex -9 -24.191 0
    endloop
  endfacet
  facet normal 0 0 -1
    outer loop
      vertex -16.45 -19.8897 0
      vertex -16.45 19.8897 0
      vertex -9 24.191 0
    endloop
  endfacet
  facet normal 0 0 -1
    outer loop
      vertex -25.45 -4.30125 0
      vertex -16.45 19.8897 0
      vertex -16.45 -19.8897 0
    endloop
  endfacet
  facet normal 0 0 -1
    outer loop
      vertex -16.45 19.8897 0
      vertex -25.45 -4.30125 0
      vertex -25.45 4.30125 0
    endloop
  endfacet
  facet normal 0.499992 -0.86603 0
    outer loop
      vertex 9 -24.6528 0.37
      vertex 16.85 -20.1207 0.4
      vertex 9 -24.6528 0.4
    endloop
  endfacet
  facet normal 0.499992 -0.86603 0
    outer loop
      vertex 16.85 -20.1207 0.4
      vertex 9 -24.6528 0.37
      vertex 16.85 -20.1207 0.37
    endloop
  endfacet
  facet normal 0.339499 0.588024 -0.734144
    outer loop
      vertex 16.45 19.8897 0
      vertex 9 24.191 0
      vertex 16.85 20.1207 0.37
    endloop
  endfacet
  facet normal 0.339546 0.588124 -0.734043
    outer loop
      vertex 16.85 20.1207 0.37
      vertex 9 24.191 0
      vertex 9 24.6528 0.37
    endloop
  endfacet
  facet normal -0.0022081 0.99696 -0.0778861
    outer loop
      vertex -9 24.6528 0.4
      vertex -9.07518 24.7831 2.07
      vertex 0 24.8032 2.07
    endloop
  endfacet
  facet normal 0.86713 0.498081 0
    outer loop
      vertex 26.0004 4.5322 2.1
      vertex 21.4802 12.4016 2.07
      vertex 21.4802 12.4016 2.1
    endloop
  endfacet
  facet normal 0.86713 0.498081 0
    outer loop
      vertex 21.4802 12.4016 2.07
      vertex 26.0004 4.5322 2.1
      vertex 26.0004 4.5322 2.07
    endloop
  endfacet
  facet normal -0.862292 -0.500394 -0.0778417
    outer loop
      vertex -16.9252 -20.2509 2.07
      vertex -21.4802 -12.4016 2.07
      vertex -16.85 -20.1207 0.4
    endloop
  endfacet
  facet normal -0.995969 0 -0.0896969
    outer loop
      vertex -25.85 -4.5322 0.4
      vertex -26.0004 4.5322 2.07
      vertex -25.85 4.5322 0.4
    endloop
  endfacet
  facet normal -0.995969 -0 -0.0896969
    outer loop
      vertex -26.0004 4.5322 2.07
      vertex -25.85 -4.5322 0.4
      vertex -26.0004 -4.5322 2.07
    endloop
  endfacet
  facet normal -0.86713 0.498081 0
    outer loop
      vertex -26.0004 4.5322 2.07
      vertex -21.4802 12.4016 2.1
      vertex -21.4802 12.4016 2.07
    endloop
  endfacet
  facet normal -0.86713 0.498081 0
    outer loop
      vertex -21.4802 12.4016 2.1
      vertex -26.0004 4.5322 2.07
      vertex -26.0004 4.5322 2.1
    endloop
  endfacet
  facet normal 0 -0.995969 -0.0896969
    outer loop
      vertex 0 -24.8032 2.07
      vertex -9 -24.6528 0.4
      vertex 9 -24.6528 0.4
    endloop
  endfacet
  facet normal -0.862292 0.500394 -0.0778417
    outer loop
      vertex -16.85 20.1207 0.4
      vertex -21.4802 12.4016 2.07
      vertex -16.9252 20.2509 2.07
    endloop
  endfacet
  facet normal -0.864498 0.49657 -0.0778566
    outer loop
      vertex -25.85 4.5322 0.4
      vertex -26.0004 4.5322 2.07
      vertex -21.4802 12.4016 2.07
    endloop
  endfacet
  facet normal 0.862292 -0.500394 -0.0778417
    outer loop
      vertex 16.9252 -20.2509 2.07
      vertex 16.85 -20.1207 0.4
      vertex 21.4802 -12.4016 2.07
    endloop
  endfacet
  facet normal -0.499999 -0.866026 0
    outer loop
      vertex -16.9252 -20.2509 2.07
      vertex -9.07518 -24.7831 2.1
      vertex -16.9252 -20.2509 2.1
    endloop
  endfacet
  facet normal -0.499999 -0.866026 -0
    outer loop
      vertex -9.07518 -24.7831 2.1
      vertex -16.9252 -20.2509 2.07
      vertex -9.07518 -24.7831 2.07
    endloop
  endfacet
  facet normal -0.864916 -0.501916 0
    outer loop
      vertex -16.9252 -20.2509 2.07
      vertex -21.4802 -12.4016 2.1
      vertex -21.4802 -12.4016 2.07
    endloop
  endfacet
  facet normal -0.864916 -0.501916 0
    outer loop
      vertex -21.4802 -12.4016 2.1
      vertex -16.9252 -20.2509 2.07
      vertex -16.9252 -20.2509 2.1
    endloop
  endfacet
  facet normal 0.864916 -0.501916 0
    outer loop
      vertex 16.9252 -20.2509 2.1
      vertex 21.4802 -12.4016 2.07
      vertex 21.4802 -12.4016 2.1
    endloop
  endfacet
  facet normal 0.864916 -0.501916 0
    outer loop
      vertex 21.4802 -12.4016 2.07
      vertex 16.9252 -20.2509 2.1
      vertex 16.9252 -20.2509 2.07
    endloop
  endfacet
  facet normal -0.497985 -0.862537 -0.0896711
    outer loop
      vertex -16.85 -20.1207 0.4
      vertex -9.07518 -24.7831 2.07
      vertex -16.9252 -20.2509 2.07
    endloop
  endfacet
  facet normal -0.497975 -0.862538 -0.0897164
    outer loop
      vertex -9.07518 -24.7831 2.07
      vertex -16.85 -20.1207 0.4
      vertex -9 -24.6528 0.4
    endloop
  endfacet
  facet normal 0.864916 0.501916 0
    outer loop
      vertex 21.4802 12.4016 2.1
      vertex 16.9252 20.2509 2.07
      vertex 16.9252 20.2509 2.1
    endloop
  endfacet
  facet normal 0.864916 0.501916 0
    outer loop
      vertex 16.9252 20.2509 2.07
      vertex 21.4802 12.4016 2.1
      vertex 21.4802 12.4016 2.07
    endloop
  endfacet
  facet normal -0.00221483 0.999998 0
    outer loop
      vertex 0 24.8032 2.07
      vertex -9.07518 24.7831 2.1
      vertex 0 24.8032 2.1
    endloop
  endfacet
  facet normal -0.00221483 0.999998 0
    outer loop
      vertex -9.07518 24.7831 2.1
      vertex 0 24.8032 2.07
      vertex -9.07518 24.7831 2.07
    endloop
  endfacet
  facet normal -0.862538 -0.497985 -0.0896563
    outer loop
      vertex -21.4802 -12.4016 2.07
      vertex -25.85 -4.5322 0.4
      vertex -16.85 -20.1207 0.4
    endloop
  endfacet
  facet normal 0.0022081 0.99696 -0.0778861
    outer loop
      vertex 9 24.6528 0.4
      vertex 0 24.8032 2.07
      vertex 9.07518 24.7831 2.07
    endloop
  endfacet
  facet normal 0.995969 0 -0.0896969
    outer loop
      vertex 26.0004 -4.5322 2.07
      vertex 25.85 4.5322 0.4
      vertex 26.0004 4.5322 2.07
    endloop
  endfacet
  facet normal 0.995969 0 -0.0896969
    outer loop
      vertex 25.85 4.5322 0.4
      vertex 26.0004 -4.5322 2.07
      vertex 25.85 -4.5322 0.4
    endloop
  endfacet
  facet normal 0 0.995969 -0.0896969
    outer loop
      vertex 9 24.6528 0.4
      vertex -9 24.6528 0.4
      vertex 0 24.8032 2.07
    endloop
  endfacet
  facet normal 0.0022081 -0.99696 -0.0778861
    outer loop
      vertex 9.07518 -24.7831 2.07
      vertex 0 -24.8032 2.07
      vertex 9 -24.6528 0.4
    endloop
  endfacet
  facet normal 0.86713 -0.498081 0
    outer loop
      vertex 21.4802 -12.4016 2.1
      vertex 26.0004 -4.5322 2.07
      vertex 26.0004 -4.5322 2.1
    endloop
  endfacet
  facet normal 0.86713 -0.498081 0
    outer loop
      vertex 26.0004 -4.5322 2.07
      vertex 21.4802 -12.4016 2.1
      vertex 21.4802 -12.4016 2.07
    endloop
  endfacet
  facet normal -0.86713 -0.498081 0
    outer loop
      vertex -21.4802 -12.4016 2.07
      vertex -26.0004 -4.5322 2.1
      vertex -26.0004 -4.5322 2.07
    endloop
  endfacet
  facet normal -0.86713 -0.498081 0
    outer loop
      vertex -26.0004 -4.5322 2.1
      vertex -21.4802 -12.4016 2.07
      vertex -21.4802 -12.4016 2.1
    endloop
  endfacet
  facet normal -0.497975 0.862538 -0.0897164
    outer loop
      vertex -16.85 20.1207 0.4
      vertex -9.07518 24.7831 2.07
      vertex -9 24.6528 0.4
    endloop
  endfacet
  facet normal -0.497985 0.862537 -0.0896711
    outer loop
      vertex -9.07518 24.7831 2.07
      vertex -16.85 20.1207 0.4
      vertex -16.9252 20.2509 2.07
    endloop
  endfacet
  facet normal -0.864916 0.501916 0
    outer loop
      vertex -21.4802 12.4016 2.07
      vertex -16.9252 20.2509 2.1
      vertex -16.9252 20.2509 2.07
    endloop
  endfacet
  facet normal -0.864916 0.501916 0
    outer loop
      vertex -16.9252 20.2509 2.1
      vertex -21.4802 12.4016 2.07
      vertex -21.4802 12.4016 2.1
    endloop
  endfacet
  facet normal 0.499999 0.866026 -0
    outer loop
      vertex 16.9252 20.2509 2.07
      vertex 9.07518 24.7831 2.1
      vertex 16.9252 20.2509 2.1
    endloop
  endfacet
  facet normal 0.499999 0.866026 0
    outer loop
      vertex 9.07518 24.7831 2.1
      vertex 16.9252 20.2509 2.07
      vertex 9.07518 24.7831 2.07
    endloop
  endfacet
  facet normal 0.00221483 -0.999998 0
    outer loop
      vertex 0 -24.8032 2.07
      vertex 9.07518 -24.7831 2.1
      vertex 0 -24.8032 2.1
    endloop
  endfacet
  facet normal 0.00221483 -0.999998 0
    outer loop
      vertex 9.07518 -24.7831 2.1
      vertex 0 -24.8032 2.07
      vertex 9.07518 -24.7831 2.07
    endloop
  endfacet
  facet normal 0.862292 0.500394 -0.0778417
    outer loop
      vertex 21.4802 12.4016 2.07
      vertex 16.85 20.1207 0.4
      vertex 16.9252 20.2509 2.07
    endloop
  endfacet
  facet normal -0.862538 0.497985 -0.0896563
    outer loop
      vertex -16.85 20.1207 0.4
      vertex -25.85 4.5322 0.4
      vertex -21.4802 12.4016 2.07
    endloop
  endfacet
  facet normal -0.499999 0.866026 0
    outer loop
      vertex -9.07518 24.7831 2.07
      vertex -16.9252 20.2509 2.1
      vertex -9.07518 24.7831 2.1
    endloop
  endfacet
  facet normal -0.499999 0.866026 0
    outer loop
      vertex -16.9252 20.2509 2.1
      vertex -9.07518 24.7831 2.07
      vertex -16.9252 20.2509 2.07
    endloop
  endfacet
  facet normal 0.862538 -0.497985 -0.0896563
    outer loop
      vertex 21.4802 -12.4016 2.07
      vertex 16.85 -20.1207 0.4
      vertex 25.85 -4.5322 0.4
    endloop
  endfacet
  facet normal 0.864498 -0.49657 -0.0778566
    outer loop
      vertex 26.0004 -4.5322 2.07
      vertex 21.4802 -12.4016 2.07
      vertex 25.85 -4.5322 0.4
    endloop
  endfacet
  facet normal -0.0022081 -0.99696 -0.0778861
    outer loop
      vertex 0 -24.8032 2.07
      vertex -9.07518 -24.7831 2.07
      vertex -9 -24.6528 0.4
    endloop
  endfacet
  facet normal -0.00221483 -0.999998 0
    outer loop
      vertex -9.07518 -24.7831 2.07
      vertex 0 -24.8032 2.1
      vertex -9.07518 -24.7831 2.1
    endloop
  endfacet
  facet normal -0.00221483 -0.999998 -0
    outer loop
      vertex 0 -24.8032 2.1
      vertex -9.07518 -24.7831 2.07
      vertex 0 -24.8032 2.07
    endloop
  endfacet
  facet normal 0 0 -1
    outer loop
      vertex 26.0046 -4.5322 2.1
      vertex 26.0004 -4.5322 2.1
      vertex 26.0046 4.5322 2.1
    endloop
  endfacet
  facet normal 0 0 -1
    outer loop
      vertex 21.4839 -12.4037 2.1
      vertex 26.0004 -4.5322 2.1
      vertex 26.0046 -4.5322 2.1
    endloop
  endfacet
  facet normal 0 0 -1
    outer loop
      vertex 21.4839 -12.4037 2.1
      vertex 21.4802 -12.4016 2.1
      vertex 26.0004 -4.5322 2.1
    endloop
  endfacet
  facet normal 0 0 -1
    outer loop
      vertex 16.9252 -20.2509 2.1
      vertex 21.4839 -12.4037 2.1
      vertex 16.9273 -20.2545 2.1
    endloop
  endfacet
  facet normal -0 0 -1
    outer loop
      vertex 21.4839 -12.4037 2.1
      vertex 16.9252 -20.2509 2.1
      vertex 21.4802 -12.4016 2.1
    endloop
  endfacet
  facet normal 0 0 -1
    outer loop
      vertex 9.07729 -24.7867 2.1
      vertex 16.9252 -20.2509 2.1
      vertex 16.9273 -20.2545 2.1
    endloop
  endfacet
  facet normal 0 0 -1
    outer loop
      vertex 9.07729 -24.7867 2.1
      vertex 9.07518 -24.7831 2.1
      vertex 16.9252 -20.2509 2.1
    endloop
  endfacet
  facet normal 0 0 -1
    outer loop
      vertex 0 -24.8074 2.1
      vertex 9.07518 -24.7831 2.1
      vertex 9.07729 -24.7867 2.1
    endloop
  endfacet
  facet normal 0 0 -1
    outer loop
      vertex 0 -24.8074 2.1
      vertex 0 -24.8032 2.1
      vertex 9.07518 -24.7831 2.1
    endloop
  endfacet
  facet normal 0 0 -1
    outer loop
      vertex 0 -24.8074 2.1
      vertex -9.07518 -24.7831 2.1
      vertex 0 -24.8032 2.1
    endloop
  endfacet
  facet normal 0 0 -1
    outer loop
      vertex -9.07729 -24.7867 2.1
      vertex -9.07518 -24.7831 2.1
      vertex 0 -24.8074 2.1
    endloop
  endfacet
  facet normal 0 0 -1
    outer loop
      vertex -9.07729 -24.7867 2.1
      vertex -16.9252 -20.2509 2.1
      vertex -9.07518 -24.7831 2.1
    endloop
  endfacet
  facet normal 0 0 -1
    outer loop
      vertex -16.9273 -20.2545 2.1
      vertex -16.9252 -20.2509 2.1
      vertex -9.07729 -24.7867 2.1
    endloop
  endfacet
  facet normal 0 0 -1
    outer loop
      vertex -21.4839 -12.4037 2.1
      vertex -16.9252 -20.2509 2.1
      vertex -16.9273 -20.2545 2.1
    endloop
  endfacet
  facet normal 0 0 -1
    outer loop
      vertex -16.9252 -20.2509 2.1
      vertex -21.4839 -12.4037 2.1
      vertex -21.4802 -12.4016 2.1
    endloop
  endfacet
  facet normal 0 0 -1
    outer loop
      vertex -21.4839 -12.4037 2.1
      vertex -26.0004 -4.5322 2.1
      vertex -21.4802 -12.4016 2.1
    endloop
  endfacet
  facet normal 0 0 -1
    outer loop
      vertex -26.0004 -4.5322 2.1
      vertex -26.0046 -4.5322 2.1
      vertex -26.0004 4.5322 2.1
    endloop
  endfacet
  facet normal 0 0 -1
    outer loop
      vertex -26.0046 -4.5322 2.1
      vertex -26.0004 -4.5322 2.1
      vertex -21.4839 -12.4037 2.1
    endloop
  endfacet
  facet normal 0 0 -1
    outer loop
      vertex 26.0004 4.5322 2.1
      vertex 26.0046 4.5322 2.1
      vertex 26.0004 -4.5322 2.1
    endloop
  endfacet
  facet normal 0 0 -1
    outer loop
      vertex 26.0004 4.5322 2.1
      vertex 21.4839 12.4037 2.1
      vertex 26.0046 4.5322 2.1
    endloop
  endfacet
  facet normal 0 0 -1
    outer loop
      vertex 21.4802 12.4016 2.1
      vertex 21.4839 12.4037 2.1
      vertex 26.0004 4.5322 2.1
    endloop
  endfacet
  facet normal 0 0 -1
    outer loop
      vertex 16.9252 20.2509 2.1
      vertex 21.4839 12.4037 2.1
      vertex 21.4802 12.4016 2.1
    endloop
  endfacet
  facet normal 0 0 -1
    outer loop
      vertex 21.4839 12.4037 2.1
      vertex 16.9252 20.2509 2.1
      vertex 16.9273 20.2545 2.1
    endloop
  endfacet
  facet normal 0 0 -1
    outer loop
      vertex 16.9252 20.2509 2.1
      vertex 9.07729 24.7867 2.1
      vertex 16.9273 20.2545 2.1
    endloop
  endfacet
  facet normal 0 0 -1
    outer loop
      vertex 9.07518 24.7831 2.1
      vertex 9.07729 24.7867 2.1
      vertex 16.9252 20.2509 2.1
    endloop
  endfacet
  facet normal 0 0 -1
    outer loop
      vertex 0 24.8074 2.1
      vertex 9.07518 24.7831 2.1
      vertex 0 24.8032 2.1
    endloop
  endfacet
  facet normal 0 0 -1
    outer loop
      vertex 9.07518 24.7831 2.1
      vertex 0 24.8074 2.1
      vertex 9.07729 24.7867 2.1
    endloop
  endfacet
  facet normal 0 0 -1
    outer loop
      vertex -9.07518 24.7831 2.1
      vertex 0 24.8074 2.1
      vertex 0 24.8032 2.1
    endloop
  endfacet
  facet normal 0 0 -1
    outer loop
      vertex -9.07518 24.7831 2.1
      vertex -9.07729 24.7867 2.1
      vertex 0 24.8074 2.1
    endloop
  endfacet
  facet normal 0 0 -1
    outer loop
      vertex -16.9252 20.2509 2.1
      vertex -9.07729 24.7867 2.1
      vertex -9.07518 24.7831 2.1
    endloop
  endfacet
  facet normal 0 0 -1
    outer loop
      vertex -16.9252 20.2509 2.1
      vertex -16.9273 20.2545 2.1
      vertex -9.07729 24.7867 2.1
    endloop
  endfacet
  facet normal 0 0 -1
    outer loop
      vertex -21.4839 12.4037 2.1
      vertex -16.9252 20.2509 2.1
      vertex -21.4802 12.4016 2.1
    endloop
  endfacet
  facet normal -0 0 -1
    outer loop
      vertex -16.9252 20.2509 2.1
      vertex -21.4839 12.4037 2.1
      vertex -16.9273 20.2545 2.1
    endloop
  endfacet
  facet normal 0 0 -1
    outer loop
      vertex -26.0004 4.5322 2.1
      vertex -21.4839 12.4037 2.1
      vertex -21.4802 12.4016 2.1
    endloop
  endfacet
  facet normal 0 0 -1
    outer loop
      vertex -26.0004 4.5322 2.1
      vertex -26.0046 4.5322 2.1
      vertex -21.4839 12.4037 2.1
    endloop
  endfacet
  facet normal 0 0 -1
    outer loop
      vertex -26.0046 4.5322 2.1
      vertex -26.0004 4.5322 2.1
      vertex -26.0046 -4.5322 2.1
    endloop
  endfacet
  facet normal 0.497975 -0.862538 -0.0897164
    outer loop
      vertex 16.85 -20.1207 0.4
      vertex 9.07518 -24.7831 2.07
      vertex 9 -24.6528 0.4
    endloop
  endfacet
  facet normal 0.497985 -0.862537 -0.0896711
    outer loop
      vertex 9.07518 -24.7831 2.07
      vertex 16.85 -20.1207 0.4
      vertex 16.9252 -20.2509 2.07
    endloop
  endfacet
  facet normal 0.00221483 0.999998 -0
    outer loop
      vertex 9.07518 24.7831 2.07
      vertex 0 24.8032 2.1
      vertex 9.07518 24.7831 2.1
    endloop
  endfacet
  facet normal 0.00221483 0.999998 0
    outer loop
      vertex 0 24.8032 2.1
      vertex 9.07518 24.7831 2.07
      vertex 0 24.8032 2.07
    endloop
  endfacet
  facet normal -0.864498 -0.49657 -0.0778566
    outer loop
      vertex -21.4802 -12.4016 2.07
      vertex -26.0004 -4.5322 2.07
      vertex -25.85 -4.5322 0.4
    endloop
  endfacet
  facet normal 0.499999 -0.866026 0
    outer loop
      vertex 9.07518 -24.7831 2.07
      vertex 16.9252 -20.2509 2.1
      vertex 9.07518 -24.7831 2.1
    endloop
  endfacet
  facet normal 0.499999 -0.866026 0
    outer loop
      vertex 16.9252 -20.2509 2.1
      vertex 9.07518 -24.7831 2.07
      vertex 16.9252 -20.2509 2.07
    endloop
  endfacet
  facet normal 1 -0 0
    outer loop
      vertex 26.0004 -4.5322 2.1
      vertex 26.0004 4.5322 2.07
      vertex 26.0004 4.5322 2.1
    endloop
  endfacet
  facet normal 1 0 0
    outer loop
      vertex 26.0004 4.5322 2.07
      vertex 26.0004 -4.5322 2.1
      vertex 26.0004 -4.5322 2.07
    endloop
  endfacet
  facet normal -1 0 0
    outer loop
      vertex -26.0004 -4.5322 2.07
      vertex -26.0004 4.5322 2.1
      vertex -26.0004 4.5322 2.07
    endloop
  endfacet
  facet normal -1 -0 0
    outer loop
      vertex -26.0004 4.5322 2.1
      vertex -26.0004 -4.5322 2.07
      vertex -26.0004 -4.5322 2.1
    endloop
  endfacet
  facet normal 0.864498 0.49657 -0.0778566
    outer loop
      vertex 25.85 4.5322 0.4
      vertex 21.4802 12.4016 2.07
      vertex 26.0004 4.5322 2.07
    endloop
  endfacet
  facet normal 0.862538 0.497985 -0.0896563
    outer loop
      vertex 25.85 4.5322 0.4
      vertex 16.85 20.1207 0.4
      vertex 21.4802 12.4016 2.07
    endloop
  endfacet
  facet normal 0.497985 0.862537 -0.0896711
    outer loop
      vertex 16.85 20.1207 0.4
      vertex 9.07518 24.7831 2.07
      vertex 16.9252 20.2509 2.07
    endloop
  endfacet
  facet normal 0.497975 0.862538 -0.0897164
    outer loop
      vertex 9.07518 24.7831 2.07
      vertex 16.85 20.1207 0.4
      vertex 9 24.6528 0.4
    endloop
  endfacet
  facet normal -0.003366 -0.829108 0.559078
    outer loop
      vertex 0 -24.2369 3
      vertex -9.13843 -24.1998 3
      vertex -9.07729 -24.7867 2.13
    endloop
  endfacet
  facet normal -0.71971 -0.411637 0.559081
    outer loop
      vertex -25.5269 -4.18579 3
      vertex -26.0046 -4.5322 2.13
      vertex -20.9898 -12.1185 3
    endloop
  endfacet
  facet normal -0.00190697 -0.836239 0.548361
    outer loop
      vertex 0 -24.2369 3
      vertex -9.07729 -24.7867 2.13
      vertex 0 -24.8074 2.13
    endloop
  endfacet
  facet normal 0.716323 -0.417464 0.559111
    outer loop
      vertex 20.9898 -12.1185 3
      vertex 16.3884 -20.014 3
      vertex 16.9273 -20.2545 2.13
    endloop
  endfacet
  facet normal -0.864881 0.501977 0
    outer loop
      vertex -21.4839 12.4037 2.1
      vertex -16.9273 20.2545 2.13
      vertex -16.9273 20.2545 2.1
    endloop
  endfacet
  facet normal -0.864881 0.501977 0
    outer loop
      vertex -16.9273 20.2545 2.13
      vertex -21.4839 12.4037 2.1
      vertex -21.4839 12.4037 2.13
    endloop
  endfacet
  facet normal -1 0 0
    outer loop
      vertex -26.0046 -4.5322 2.1
      vertex -26.0046 4.5322 2.13
      vertex -26.0046 4.5322 2.1
    endloop
  endfacet
  facet normal -1 -0 0
    outer loop
      vertex -26.0046 4.5322 2.13
      vertex -26.0046 -4.5322 2.1
      vertex -26.0046 -4.5322 2.13
    endloop
  endfacet
  facet normal -0.716323 -0.417464 0.559111
    outer loop
      vertex -16.3884 -20.014 3
      vertex -20.9898 -12.1185 3
      vertex -16.9273 -20.2545 2.13
    endloop
  endfacet
  facet normal -0.867164 -0.498023 0
    outer loop
      vertex -21.4839 -12.4037 2.1
      vertex -26.0046 -4.5322 2.13
      vertex -26.0046 -4.5322 2.1
    endloop
  endfacet
  facet normal -0.867164 -0.498023 0
    outer loop
      vertex -26.0046 -4.5322 2.13
      vertex -21.4839 -12.4037 2.1
      vertex -21.4839 -12.4037 2.13
    endloop
  endfacet
  facet normal 0.716323 0.417464 0.559111
    outer loop
      vertex 16.9273 20.2545 2.13
      vertex 16.3884 20.014 3
      vertex 20.9898 12.1185 3
    endloop
  endfacet
  facet normal 0.003366 0.829108 0.559078
    outer loop
      vertex 9.07729 24.7867 2.13
      vertex 0 24.2369 3
      vertex 9.13843 24.1998 3
    endloop
  endfacet
  facet normal -0.723248 -0.419773 0.548363
    outer loop
      vertex -20.9898 -12.1185 3
      vertex -21.4839 -12.4037 2.13
      vertex -16.9273 -20.2545 2.13
    endloop
  endfacet
  facet normal 0.00190697 -0.836239 0.548361
    outer loop
      vertex 0 -24.2369 3
      vertex 0 -24.8074 2.13
      vertex 9.07729 -24.7867 2.13
    endloop
  endfacet
  facet normal -0.725157 0.416467 0.548364
    outer loop
      vertex -21.4839 12.4037 2.13
      vertex -26.0046 4.5322 2.13
      vertex -20.9898 12.1185 3
    endloop
  endfacet
  facet normal -0.43828 0.759119 0.481299
    outer loop
      vertex -9.07729 24.7867 2.13
      vertex -16.3884 20.014 3
      vertex -9.13843 24.1998 3
    endloop
  endfacet
  facet normal 0.864881 -0.501977 0
    outer loop
      vertex 16.9273 -20.2545 2.13
      vertex 21.4839 -12.4037 2.1
      vertex 21.4839 -12.4037 2.13
    endloop
  endfacet
  facet normal 0.864881 -0.501977 0
    outer loop
      vertex 21.4839 -12.4037 2.1
      vertex 16.9273 -20.2545 2.13
      vertex 16.9273 -20.2545 2.1
    endloop
  endfacet
  facet normal 0.723248 -0.419773 0.548363
    outer loop
      vertex 20.9898 -12.1185 3
      vertex 16.9273 -20.2545 2.13
      vertex 21.4839 -12.4037 2.13
    endloop
  endfacet
  facet normal 0.867164 0.498023 0
    outer loop
      vertex 26.0046 4.5322 2.13
      vertex 21.4839 12.4037 2.1
      vertex 21.4839 12.4037 2.13
    endloop
  endfacet
  facet normal 0.867164 0.498023 0
    outer loop
      vertex 21.4839 12.4037 2.1
      vertex 26.0046 4.5322 2.13
      vertex 26.0046 4.5322 2.1
    endloop
  endfacet
  facet normal 0.43828 -0.759119 0.481299
    outer loop
      vertex 9.13843 -24.1998 3
      vertex 9.07729 -24.7867 2.13
      vertex 16.3884 -20.014 3
    endloop
  endfacet
  facet normal -0.864881 -0.501977 0
    outer loop
      vertex -16.9273 -20.2545 2.1
      vertex -21.4839 -12.4037 2.13
      vertex -21.4839 -12.4037 2.1
    endloop
  endfacet
  facet normal -0.864881 -0.501977 0
    outer loop
      vertex -21.4839 -12.4037 2.13
      vertex -16.9273 -20.2545 2.1
      vertex -16.9273 -20.2545 2.13
    endloop
  endfacet
  facet normal -0.723248 0.419773 0.548363
    outer loop
      vertex -16.9273 20.2545 2.13
      vertex -21.4839 12.4037 2.13
      vertex -20.9898 12.1185 3
    endloop
  endfacet
  facet normal 0.00228041 -0.999997 0
    outer loop
      vertex 0 -24.8074 2.1
      vertex 9.07729 -24.7867 2.13
      vertex 0 -24.8074 2.13
    endloop
  endfacet
  facet normal 0.00228041 -0.999997 0
    outer loop
      vertex 9.07729 -24.7867 2.13
      vertex 0 -24.8074 2.1
      vertex 9.07729 -24.7867 2.1
    endloop
  endfacet
  facet normal -0.867164 0.498023 0
    outer loop
      vertex -26.0046 4.5322 2.1
      vertex -21.4839 12.4037 2.13
      vertex -21.4839 12.4037 2.1
    endloop
  endfacet
  facet normal -0.867164 0.498023 0
    outer loop
      vertex -21.4839 12.4037 2.13
      vertex -26.0046 4.5322 2.1
      vertex -26.0046 4.5322 2.13
    endloop
  endfacet
  facet normal 0.003366 -0.829108 0.559078
    outer loop
      vertex 9.13843 -24.1998 3
      vertex 0 -24.2369 3
      vertex 9.07729 -24.7867 2.13
    endloop
  endfacet
  facet normal 0.876556 -0 0.4813
    outer loop
      vertex 25.5269 -4.18579 3
      vertex 26.0046 4.5322 2.13
      vertex 25.5269 4.18579 3
    endloop
  endfacet
  facet normal 0.876556 0 0.4813
    outer loop
      vertex 26.0046 4.5322 2.13
      vertex 25.5269 -4.18579 3
      vertex 26.0046 -4.5322 2.13
    endloop
  endfacet
  facet normal 0.864881 0.501977 0
    outer loop
      vertex 21.4839 12.4037 2.13
      vertex 16.9273 20.2545 2.1
      vertex 16.9273 20.2545 2.13
    endloop
  endfacet
  facet normal 0.864881 0.501977 0
    outer loop
      vertex 16.9273 20.2545 2.1
      vertex 21.4839 12.4037 2.13
      vertex 21.4839 12.4037 2.1
    endloop
  endfacet
  facet normal 0.71971 0.411637 0.559081
    outer loop
      vertex 26.0046 4.5322 2.13
      vertex 20.9898 12.1185 3
      vertex 25.5269 4.18579 3
    endloop
  endfacet
  facet normal 0.725157 -0.416467 0.548364
    outer loop
      vertex 26.0046 -4.5322 2.13
      vertex 20.9898 -12.1185 3
      vertex 21.4839 -12.4037 2.13
    endloop
  endfacet
  facet normal 0.725157 0.416467 0.548364
    outer loop
      vertex 21.4839 12.4037 2.13
      vertex 20.9898 12.1185 3
      vertex 26.0046 4.5322 2.13
    endloop
  endfacet
  facet normal 0.43828 0.759119 0.481299
    outer loop
      vertex 16.3884 20.014 3
      vertex 9.07729 24.7867 2.13
      vertex 9.13843 24.1998 3
    endloop
  endfacet
  facet normal -0.725157 -0.416467 0.548364
    outer loop
      vertex -20.9898 -12.1185 3
      vertex -26.0046 -4.5322 2.13
      vertex -21.4839 -12.4037 2.13
    endloop
  endfacet
  facet normal 0 0 -1
    outer loop
      vertex 25.5311 -4.18579 3
      vertex 25.5269 -4.18579 3
      vertex 25.5311 4.18579 3
    endloop
  endfacet
  facet normal 0 0 -1
    outer loop
      vertex 20.9934 -12.1206 3
      vertex 25.5269 -4.18579 3
      vertex 25.5311 -4.18579 3
    endloop
  endfacet
  facet normal 0 0 -1
    outer loop
      vertex 20.9934 -12.1206 3
      vertex 20.9898 -12.1185 3
      vertex 25.5269 -4.18579 3
    endloop
  endfacet
  facet normal 0 0 -1
    outer loop
      vertex 16.3884 -20.014 3
      vertex 20.9934 -12.1206 3
      vertex 16.3905 -20.0177 3
    endloop
  endfacet
  facet normal -0 0 -1
    outer loop
      vertex 20.9934 -12.1206 3
      vertex 16.3884 -20.014 3
      vertex 20.9898 -12.1185 3
    endloop
  endfacet
  facet normal 0 0 -1
    outer loop
      vertex 9.14053 -24.2034 3
      vertex 16.3884 -20.014 3
      vertex 16.3905 -20.0177 3
    endloop
  endfacet
  facet normal 0 0 -1
    outer loop
      vertex 9.14053 -24.2034 3
      vertex 9.13843 -24.1998 3
      vertex 16.3884 -20.014 3
    endloop
  endfacet
  facet normal 0 0 -1
    outer loop
      vertex 0 -24.2411 3
      vertex 9.13843 -24.1998 3
      vertex 9.14053 -24.2034 3
    endloop
  endfacet
  facet normal 0 0 -1
    outer loop
      vertex 0 -24.2411 3
      vertex 0 -24.2369 3
      vertex 9.13843 -24.1998 3
    endloop
  endfacet
  facet normal 0 0 -1
    outer loop
      vertex 0 -24.2411 3
      vertex -9.13843 -24.1998 3
      vertex 0 -24.2369 3
    endloop
  endfacet
  facet normal 0 0 -1
    outer loop
      vertex -9.14053 -24.2034 3
      vertex -9.13843 -24.1998 3
      vertex 0 -24.2411 3
    endloop
  endfacet
  facet normal 0 0 -1
    outer loop
      vertex -9.14053 -24.2034 3
      vertex -16.3884 -20.014 3
      vertex -9.13843 -24.1998 3
    endloop
  endfacet
  facet normal 0 0 -1
    outer loop
      vertex -16.3905 -20.0177 3
      vertex -16.3884 -20.014 3
      vertex -9.14053 -24.2034 3
    endloop
  endfacet
  facet normal 0 0 -1
    outer loop
      vertex -20.9934 -12.1206 3
      vertex -16.3884 -20.014 3
      vertex -16.3905 -20.0177 3
    endloop
  endfacet
  facet normal 0 0 -1
    outer loop
      vertex -16.3884 -20.014 3
      vertex -20.9934 -12.1206 3
      vertex -20.9898 -12.1185 3
    endloop
  endfacet
  facet normal 0 0 -1
    outer loop
      vertex -20.9934 -12.1206 3
      vertex -25.5269 -4.18579 3
      vertex -20.9898 -12.1185 3
    endloop
  endfacet
  facet normal 0 0 -1
    outer loop
      vertex -25.5269 -4.18579 3
      vertex -25.5311 -4.18579 3
      vertex -25.5269 4.18579 3
    endloop
  endfacet
  facet normal 0 0 -1
    outer loop
      vertex -25.5311 -4.18579 3
      vertex -25.5269 -4.18579 3
      vertex -20.9934 -12.1206 3
    endloop
  endfacet
  facet normal 0 0 -1
    outer loop
      vertex 25.5269 4.18579 3
      vertex 25.5311 4.18579 3
      vertex 25.5269 -4.18579 3
    endloop
  endfacet
  facet normal 0 0 -1
    outer loop
      vertex 25.5269 4.18579 3
      vertex 20.9934 12.1206 3
      vertex 25.5311 4.18579 3
    endloop
  endfacet
  facet normal 0 0 -1
    outer loop
      vertex 20.9898 12.1185 3
      vertex 20.9934 12.1206 3
      vertex 25.5269 4.18579 3
    endloop
  endfacet
  facet normal 0 0 -1
    outer loop
      vertex 16.3884 20.014 3
      vertex 20.9934 12.1206 3
      vertex 20.9898 12.1185 3
    endloop
  endfacet
  facet normal 0 0 -1
    outer loop
      vertex 20.9934 12.1206 3
      vertex 16.3884 20.014 3
      vertex 16.3905 20.0177 3
    endloop
  endfacet
  facet normal 0 0 -1
    outer loop
      vertex 16.3884 20.014 3
      vertex 9.14053 24.2034 3
      vertex 16.3905 20.0177 3
    endloop
  endfacet
  facet normal 0 0 -1
    outer loop
      vertex 9.13843 24.1998 3
      vertex 9.14053 24.2034 3
      vertex 16.3884 20.014 3
    endloop
  endfacet
  facet normal 0 0 -1
    outer loop
      vertex 0 24.2411 3
      vertex 9.13843 24.1998 3
      vertex 0 24.2369 3
    endloop
  endfacet
  facet normal 0 0 -1
    outer loop
      vertex 9.13843 24.1998 3
      vertex 0 24.2411 3
      vertex 9.14053 24.2034 3
    endloop
  endfacet
  facet normal 0 0 -1
    outer loop
      vertex -9.13843 24.1998 3
      vertex 0 24.2411 3
      vertex 0 24.2369 3
    endloop
  endfacet
  facet normal 0 0 -1
    outer loop
      vertex -9.13843 24.1998 3
      vertex -9.14053 24.2034 3
      vertex 0 24.2411 3
    endloop
  endfacet
  facet normal 0 0 -1
    outer loop
      vertex -16.3884 20.014 3
      vertex -9.14053 24.2034 3
      vertex -9.13843 24.1998 3
    endloop
  endfacet
  facet normal 0 0 -1
    outer loop
      vertex -16.3884 20.014 3
      vertex -16.3905 20.0177 3
      vertex -9.14053 24.2034 3
    endloop
  endfacet
  facet normal 0 0 -1
    outer loop
      vertex -20.9934 12.1206 3
      vertex -16.3884 20.014 3
      vertex -20.9898 12.1185 3
    endloop
  endfacet
  facet normal -0 0 -1
    outer loop
      vertex -16.3884 20.014 3
      vertex -20.9934 12.1206 3
      vertex -16.3905 20.0177 3
    endloop
  endfacet
  facet normal 0 0 -1
    outer loop
      vertex -25.5269 4.18579 3
      vertex -20.9934 12.1206 3
      vertex -20.9898 12.1185 3
    endloop
  endfacet
  facet normal 0 0 -1
    outer loop
      vertex -25.5269 4.18579 3
      vertex -25.5311 4.18579 3
      vertex -20.9934 12.1206 3
    endloop
  endfacet
  facet normal 0 0 -1
    outer loop
      vertex -25.5311 4.18579 3
      vertex -25.5269 4.18579 3
      vertex -25.5311 -4.18579 3
    endloop
  endfacet
  facet normal 0.71971 -0.411637 0.559081
    outer loop
      vertex 25.5269 -4.18579 3
      vertex 20.9898 -12.1185 3
      vertex 26.0046 -4.5322 2.13
    endloop
  endfacet
  facet normal -0.438271 -0.759109 0.481322
    outer loop
      vertex -16.3884 -20.014 3
      vertex -16.9273 -20.2545 2.13
      vertex -9.07729 -24.7867 2.13
    endloop
  endfacet
  facet normal -0.438271 0.759109 0.481322
    outer loop
      vertex -9.07729 24.7867 2.13
      vertex -16.9273 20.2545 2.13
      vertex -16.3884 20.014 3
    endloop
  endfacet
  facet normal -0.003366 0.829108 0.559078
    outer loop
      vertex -9.07729 24.7867 2.13
      vertex -9.13843 24.1998 3
      vertex 0 24.2369 3
    endloop
  endfacet
  facet normal 0.438271 0.759109 0.481322
    outer loop
      vertex 16.9273 20.2545 2.13
      vertex 9.07729 24.7867 2.13
      vertex 16.3884 20.014 3
    endloop
  endfacet
  facet normal -0.00228041 -0.999997 0
    outer loop
      vertex -9.07729 -24.7867 2.1
      vertex 0 -24.8074 2.13
      vertex -9.07729 -24.7867 2.13
    endloop
  endfacet
  facet normal -0.00228041 -0.999997 -0
    outer loop
      vertex 0 -24.8074 2.13
      vertex -9.07729 -24.7867 2.1
      vertex 0 -24.8074 2.1
    endloop
  endfacet
  facet normal -0.71971 0.411637 0.559081
    outer loop
      vertex -20.9898 12.1185 3
      vertex -26.0046 4.5322 2.13
      vertex -25.5269 4.18579 3
    endloop
  endfacet
  facet normal -0.716323 0.417464 0.559111
    outer loop
      vertex -16.9273 20.2545 2.13
      vertex -20.9898 12.1185 3
      vertex -16.3884 20.014 3
    endloop
  endfacet
  facet normal -0.43828 -0.759119 0.481299
    outer loop
      vertex -9.13843 -24.1998 3
      vertex -16.3884 -20.014 3
      vertex -9.07729 -24.7867 2.13
    endloop
  endfacet
  facet normal 1 -0 0
    outer loop
      vertex 26.0046 -4.5322 2.13
      vertex 26.0046 4.5322 2.1
      vertex 26.0046 4.5322 2.13
    endloop
  endfacet
  facet normal 1 0 0
    outer loop
      vertex 26.0046 4.5322 2.1
      vertex 26.0046 -4.5322 2.13
      vertex 26.0046 -4.5322 2.1
    endloop
  endfacet
  facet normal 0.723248 0.419773 0.548363
    outer loop
      vertex 21.4839 12.4037 2.13
      vertex 16.9273 20.2545 2.13
      vertex 20.9898 12.1185 3
    endloop
  endfacet
  facet normal 0.5 0.866026 -0
    outer loop
      vertex 16.9273 20.2545 2.1
      vertex 9.07729 24.7867 2.13
      vertex 16.9273 20.2545 2.13
    endloop
  endfacet
  facet normal 0.5 0.866026 0
    outer loop
      vertex 9.07729 24.7867 2.13
      vertex 16.9273 20.2545 2.1
      vertex 9.07729 24.7867 2.1
    endloop
  endfacet
  facet normal 0.867164 -0.498023 0
    outer loop
      vertex 21.4839 -12.4037 2.13
      vertex 26.0046 -4.5322 2.1
      vertex 26.0046 -4.5322 2.13
    endloop
  endfacet
  facet normal 0.867164 -0.498023 0
    outer loop
      vertex 26.0046 -4.5322 2.1
      vertex 21.4839 -12.4037 2.13
      vertex 21.4839 -12.4037 2.1
    endloop
  endfacet
  facet normal -0.5 0.866026 0
    outer loop
      vertex -9.07729 24.7867 2.1
      vertex -16.9273 20.2545 2.13
      vertex -9.07729 24.7867 2.13
    endloop
  endfacet
  facet normal -0.5 0.866026 0
    outer loop
      vertex -16.9273 20.2545 2.13
      vertex -9.07729 24.7867 2.1
      vertex -16.9273 20.2545 2.1
    endloop
  endfacet
  facet normal -0.5 -0.866026 0
    outer loop
      vertex -16.9273 -20.2545 2.1
      vertex -9.07729 -24.7867 2.13
      vertex -16.9273 -20.2545 2.13
    endloop
  endfacet
  facet normal -0.5 -0.866026 -0
    outer loop
      vertex -9.07729 -24.7867 2.13
      vertex -16.9273 -20.2545 2.1
      vertex -9.07729 -24.7867 2.1
    endloop
  endfacet
  facet normal 0.438271 -0.759109 0.481322
    outer loop
      vertex 16.3884 -20.014 3
      vertex 9.07729 -24.7867 2.13
      vertex 16.9273 -20.2545 2.13
    endloop
  endfacet
  facet normal 0.5 -0.866026 0
    outer loop
      vertex 9.07729 -24.7867 2.1
      vertex 16.9273 -20.2545 2.13
      vertex 9.07729 -24.7867 2.13
    endloop
  endfacet
  facet normal 0.5 -0.866026 0
    outer loop
      vertex 16.9273 -20.2545 2.13
      vertex 9.07729 -24.7867 2.1
      vertex 16.9273 -20.2545 2.1
    endloop
  endfacet
  facet normal 0.00228041 0.999997 -0
    outer loop
      vertex 9.07729 24.7867 2.1
      vertex 0 24.8074 2.13
      vertex 9.07729 24.7867 2.13
    endloop
  endfacet
  facet normal 0.00228041 0.999997 0
    outer loop
      vertex 0 24.8074 2.13
      vertex 9.07729 24.7867 2.1
      vertex 0 24.8074 2.1
    endloop
  endfacet
  facet normal -0.00228041 0.999997 0
    outer loop
      vertex 0 24.8074 2.1
      vertex -9.07729 24.7867 2.13
      vertex 0 24.8074 2.13
    endloop
  endfacet
  facet normal -0.00228041 0.999997 0
    outer loop
      vertex -9.07729 24.7867 2.13
      vertex 0 24.8074 2.1
      vertex -9.07729 24.7867 2.1
    endloop
  endfacet
  facet normal -0.00190697 0.836239 0.548361
    outer loop
      vertex 0 24.8074 2.13
      vertex -9.07729 24.7867 2.13
      vertex 0 24.2369 3
    endloop
  endfacet
  facet normal 0.00190697 0.836239 0.548361
    outer loop
      vertex 0 24.8074 2.13
      vertex 0 24.2369 3
      vertex 9.07729 24.7867 2.13
    endloop
  endfacet
  facet normal -0.876556 0 0.4813
    outer loop
      vertex -26.0046 4.5322 2.13
      vertex -25.5269 -4.18579 3
      vertex -25.5269 4.18579 3
    endloop
  endfacet
  facet normal -0.876556 0 0.4813
    outer loop
      vertex -25.5269 -4.18579 3
      vertex -26.0046 4.5322 2.13
      vertex -26.0046 -4.5322 2.13
    endloop
  endfacet
  facet normal -0.0123168 -0.999924 0
    outer loop
      vertex -9.43356 -24.711 7.17
      vertex 0 -24.8272 7.2
      vertex -9.43356 -24.711 7.2
    endloop
  endfacet
  facet normal -0.0123168 -0.999924 -0
    outer loop
      vertex 0 -24.8272 7.2
      vertex -9.43356 -24.711 7.17
      vertex 0 -24.8272 7.17
    endloop
  endfacet
  facet normal -0.855548 0.498664 -0.139181
    outer loop
      vertex -20.9934 12.1206 3
      vertex -21.501 12.4136 7.17
      vertex -16.3905 20.0177 3
    endloop
  endfacet
  facet normal 0.0123168 -0.999924 0
    outer loop
      vertex 0 -24.8272 7.17
      vertex 9.43356 -24.711 7.2
      vertex 0 -24.8272 7.2
    endloop
  endfacet
  facet normal 0.0123168 -0.999924 0
    outer loop
      vertex 9.43356 -24.711 7.2
      vertex 0 -24.8272 7.17
      vertex 9.43356 -24.711 7.17
    endloop
  endfacet
  facet normal -0.0122253 -0.992495 -0.121672
    outer loop
      vertex 0 -24.8272 7.17
      vertex -9.43356 -24.711 7.17
      vertex -9.14053 -24.2034 3
    endloop
  endfacet
  facet normal -0.499999 -0.866026 0
    outer loop
      vertex -16.6836 -20.5252 7.17
      vertex -9.43356 -24.711 7.2
      vertex -16.6836 -20.5252 7.2
    endloop
  endfacet
  facet normal -0.499999 -0.866026 -0
    outer loop
      vertex -9.43356 -24.711 7.2
      vertex -16.6836 -20.5252 7.17
      vertex -9.43356 -24.711 7.17
    endloop
  endfacet
  facet normal -1 0 0
    outer loop
      vertex -26.1171 -4.18579 7.17
      vertex -26.1171 4.18579 7.2
      vertex -26.1171 4.18579 7.17
    endloop
  endfacet
  facet normal -1 -0 0
    outer loop
      vertex -26.1171 4.18579 7.2
      vertex -26.1171 -4.18579 7.17
      vertex -26.1171 -4.18579 7.2
    endloop
  endfacet
  facet normal -0.853414 -0.506834 -0.121668
    outer loop
      vertex -16.6836 -20.5252 7.17
      vertex -21.501 -12.4136 7.17
      vertex -16.3905 -20.0177 3
    endloop
  endfacet
  facet normal -0.99027 0 -0.13916
    outer loop
      vertex -25.5311 -4.18579 3
      vertex -26.1171 4.18579 7.17
      vertex -25.5311 4.18579 3
    endloop
  endfacet
  facet normal -0.99027 -0 -0.13916
    outer loop
      vertex -26.1171 4.18579 7.17
      vertex -25.5311 -4.18579 3
      vertex -26.1171 -4.18579 7.17
    endloop
  endfacet
  facet normal -0.859802 0.510628 0
    outer loop
      vertex -21.501 12.4136 7.17
      vertex -16.6836 20.5252 7.2
      vertex -16.6836 20.5252 7.17
    endloop
  endfacet
  facet normal -0.859802 0.510628 0
    outer loop
      vertex -16.6836 20.5252 7.2
      vertex -21.501 12.4136 7.17
      vertex -21.501 12.4136 7.2
    endloop
  endfacet
  facet normal -0.495127 0.857599 -0.139186
    outer loop
      vertex -16.3905 20.0177 3
      vertex -9.43356 24.711 7.17
      vertex -9.14053 24.2034 3
    endloop
  endfacet
  facet normal -0.495133 0.857598 -0.139174
    outer loop
      vertex -9.43356 24.711 7.17
      vertex -16.3905 20.0177 3
      vertex -16.6836 20.5252 7.17
    endloop
  endfacet
  facet normal -0.0123168 0.999924 0
    outer loop
      vertex 0 24.8272 7.17
      vertex -9.43356 24.711 7.2
      vertex 0 24.8272 7.2
    endloop
  endfacet
  facet normal -0.0123168 0.999924 0
    outer loop
      vertex -9.43356 24.711 7.2
      vertex 0 24.8272 7.17
      vertex -9.43356 24.711 7.17
    endloop
  endfacet
  facet normal -0.87212 -0.489291 0
    outer loop
      vertex -21.501 -12.4136 7.17
      vertex -26.1171 -4.18579 7.2
      vertex -26.1171 -4.18579 7.17
    endloop
  endfacet
  facet normal -0.87212 -0.489291 0
    outer loop
      vertex -26.1171 -4.18579 7.2
      vertex -21.501 -12.4136 7.17
      vertex -21.501 -12.4136 7.2
    endloop
  endfacet
  facet normal 0.853414 -0.506834 -0.121668
    outer loop
      vertex 16.6836 -20.5252 7.17
      vertex 16.3905 -20.0177 3
      vertex 21.501 -12.4136 7.17
    endloop
  endfacet
  facet normal 0.859802 0.510628 0
    outer loop
      vertex 21.501 12.4136 7.2
      vertex 16.6836 20.5252 7.17
      vertex 16.6836 20.5252 7.2
    endloop
  endfacet
  facet normal 0.859802 0.510628 0
    outer loop
      vertex 16.6836 20.5252 7.17
      vertex 21.501 12.4136 7.2
      vertex 21.501 12.4136 7.17
    endloop
  endfacet
  facet normal -0.0122253 0.992495 -0.121672
    outer loop
      vertex -9.14053 24.2034 3
      vertex -9.43356 24.711 7.17
      vertex 0 24.8272 7.17
    endloop
  endfacet
  facet normal 0.499999 -0.866026 0
    outer loop
      vertex 9.43356 -24.711 7.17
      vertex 16.6836 -20.5252 7.2
      vertex 9.43356 -24.711 7.2
    endloop
  endfacet
  facet normal 0.499999 -0.866026 0
    outer loop
      vertex 16.6836 -20.5252 7.2
      vertex 9.43356 -24.711 7.17
      vertex 16.6836 -20.5252 7.17
    endloop
  endfacet
  facet normal -0.87212 0.489291 0
    outer loop
      vertex -26.1171 4.18579 7.17
      vertex -21.501 12.4136 7.2
      vertex -21.501 12.4136 7.17
    endloop
  endfacet
  facet normal -0.87212 0.489291 0
    outer loop
      vertex -21.501 12.4136 7.2
      vertex -26.1171 4.18579 7.17
      vertex -26.1171 4.18579 7.2
    endloop
  endfacet
  facet normal -0.859802 -0.510628 0
    outer loop
      vertex -16.6836 -20.5252 7.17
      vertex -21.501 -12.4136 7.2
      vertex -21.501 -12.4136 7.17
    endloop
  endfacet
  facet normal -0.859802 -0.510628 0
    outer loop
      vertex -21.501 -12.4136 7.2
      vertex -16.6836 -20.5252 7.17
      vertex -16.6836 -20.5252 7.2
    endloop
  endfacet
  facet normal 0.0122253 0.992495 -0.121672
    outer loop
      vertex 9.14053 24.2034 3
      vertex 0 24.8272 7.17
      vertex 9.43356 24.711 7.17
    endloop
  endfacet
  facet normal 0.0123168 0.999924 -0
    outer loop
      vertex 9.43356 24.711 7.17
      vertex 0 24.8272 7.2
      vertex 9.43356 24.711 7.2
    endloop
  endfacet
  facet normal 0.0123168 0.999924 0
    outer loop
      vertex 0 24.8272 7.2
      vertex 9.43356 24.711 7.17
      vertex 0 24.8272 7.17
    endloop
  endfacet
  facet normal 0.499999 0.866026 -0
    outer loop
      vertex 16.6836 20.5252 7.17
      vertex 9.43356 24.711 7.2
      vertex 16.6836 20.5252 7.2
    endloop
  endfacet
  facet normal 0.499999 0.866026 0
    outer loop
      vertex 9.43356 24.711 7.2
      vertex 16.6836 20.5252 7.17
      vertex 9.43356 24.711 7.17
    endloop
  endfacet
  facet normal 0.99027 0 -0.13916
    outer loop
      vertex 26.1171 -4.18579 7.17
      vertex 25.5311 4.18579 3
      vertex 26.1171 4.18579 7.17
    endloop
  endfacet
  facet normal 0.99027 0 -0.13916
    outer loop
      vertex 25.5311 4.18579 3
      vertex 26.1171 -4.18579 7.17
      vertex 25.5311 -4.18579 3
    endloop
  endfacet
  facet normal 0.859628 0.491598 -0.139181
    outer loop
      vertex 25.5311 4.18579 3
      vertex 20.9934 12.1206 3
      vertex 21.501 12.4136 7.17
    endloop
  endfacet
  facet normal 0.495127 -0.857599 -0.139186
    outer loop
      vertex 16.3905 -20.0177 3
      vertex 9.43356 -24.711 7.17
      vertex 9.14053 -24.2034 3
    endloop
  endfacet
  facet normal 0.495133 -0.857598 -0.139174
    outer loop
      vertex 9.43356 -24.711 7.17
      vertex 16.3905 -20.0177 3
      vertex 16.6836 -20.5252 7.17
    endloop
  endfacet
  facet normal -0.855548 -0.498664 -0.139181
    outer loop
      vertex -16.3905 -20.0177 3
      vertex -21.501 -12.4136 7.17
      vertex -20.9934 -12.1206 3
    endloop
  endfacet
  facet normal 0.87212 -0.489291 0
    outer loop
      vertex 21.501 -12.4136 7.2
      vertex 26.1171 -4.18579 7.17
      vertex 26.1171 -4.18579 7.2
    endloop
  endfacet
  facet normal 0.87212 -0.489291 0
    outer loop
      vertex 26.1171 -4.18579 7.17
      vertex 21.501 -12.4136 7.2
      vertex 21.501 -12.4136 7.17
    endloop
  endfacet
  facet normal -0.00408431 0.990258 -0.139182
    outer loop
      vertex 0 24.2411 3
      vertex -9.14053 24.2034 3
      vertex 0 24.8272 7.17
    endloop
  endfacet
  facet normal 0.859802 -0.510628 0
    outer loop
      vertex 16.6836 -20.5252 7.2
      vertex 21.501 -12.4136 7.17
      vertex 21.501 -12.4136 7.2
    endloop
  endfacet
  facet normal 0.859802 -0.510628 0
    outer loop
      vertex 21.501 -12.4136 7.17
      vertex 16.6836 -20.5252 7.2
      vertex 16.6836 -20.5252 7.17
    endloop
  endfacet
  facet normal 0 0 -1
    outer loop
      vertex 26.1214 -4.18579 7.2
      vertex 26.1171 -4.18579 7.2
      vertex 26.1214 4.18579 7.2
    endloop
  endfacet
  facet normal 0 0 -1
    outer loop
      vertex 21.5046 -12.4157 7.2
      vertex 26.1171 -4.18579 7.2
      vertex 26.1214 -4.18579 7.2
    endloop
  endfacet
  facet normal 0 0 -1
    outer loop
      vertex 21.5046 -12.4157 7.2
      vertex 21.501 -12.4136 7.2
      vertex 26.1171 -4.18579 7.2
    endloop
  endfacet
  facet normal 0 0 -1
    outer loop
      vertex 16.6836 -20.5252 7.2
      vertex 21.5046 -12.4157 7.2
      vertex 16.6857 -20.5289 7.2
    endloop
  endfacet
  facet normal -0 0 -1
    outer loop
      vertex 21.5046 -12.4157 7.2
      vertex 16.6836 -20.5252 7.2
      vertex 21.501 -12.4136 7.2
    endloop
  endfacet
  facet normal 0 0 -1
    outer loop
      vertex 9.43567 -24.7146 7.2
      vertex 16.6836 -20.5252 7.2
      vertex 16.6857 -20.5289 7.2
    endloop
  endfacet
  facet normal 0 0 -1
    outer loop
      vertex 9.43567 -24.7146 7.2
      vertex 9.43356 -24.711 7.2
      vertex 16.6836 -20.5252 7.2
    endloop
  endfacet
  facet normal 0 0 -1
    outer loop
      vertex 0 -24.8314 7.2
      vertex 9.43356 -24.711 7.2
      vertex 9.43567 -24.7146 7.2
    endloop
  endfacet
  facet normal 0 0 -1
    outer loop
      vertex 0 -24.8314 7.2
      vertex 0 -24.8272 7.2
      vertex 9.43356 -24.711 7.2
    endloop
  endfacet
  facet normal 0 0 -1
    outer loop
      vertex 0 -24.8314 7.2
      vertex -9.43356 -24.711 7.2
      vertex 0 -24.8272 7.2
    endloop
  endfacet
  facet normal 0 0 -1
    outer loop
      vertex -9.43567 -24.7146 7.2
      vertex -9.43356 -24.711 7.2
      vertex 0 -24.8314 7.2
    endloop
  endfacet
  facet normal 0 0 -1
    outer loop
      vertex -9.43567 -24.7146 7.2
      vertex -16.6836 -20.5252 7.2
      vertex -9.43356 -24.711 7.2
    endloop
  endfacet
  facet normal 0 0 -1
    outer loop
      vertex -16.6857 -20.5289 7.2
      vertex -16.6836 -20.5252 7.2
      vertex -9.43567 -24.7146 7.2
    endloop
  endfacet
  facet normal 0 0 -1
    outer loop
      vertex -21.5046 -12.4157 7.2
      vertex -16.6836 -20.5252 7.2
      vertex -16.6857 -20.5289 7.2
    endloop
  endfacet
  facet normal 0 0 -1
    outer loop
      vertex -16.6836 -20.5252 7.2
      vertex -21.5046 -12.4157 7.2
      vertex -21.501 -12.4136 7.2
    endloop
  endfacet
  facet normal 0 0 -1
    outer loop
      vertex -21.5046 -12.4157 7.2
      vertex -26.1171 -4.18579 7.2
      vertex -21.501 -12.4136 7.2
    endloop
  endfacet
  facet normal 0 0 -1
    outer loop
      vertex -26.1171 -4.18579 7.2
      vertex -26.1214 -4.18579 7.2
      vertex -26.1171 4.18579 7.2
    endloop
  endfacet
  facet normal 0 0 -1
    outer loop
      vertex -26.1214 -4.18579 7.2
      vertex -26.1171 -4.18579 7.2
      vertex -21.5046 -12.4157 7.2
    endloop
  endfacet
  facet normal 0 0 -1
    outer loop
      vertex 26.1171 4.18579 7.2
      vertex 26.1214 4.18579 7.2
      vertex 26.1171 -4.18579 7.2
    endloop
  endfacet
  facet normal 0 0 -1
    outer loop
      vertex 26.1171 4.18579 7.2
      vertex 21.5046 12.4157 7.2
      vertex 26.1214 4.18579 7.2
    endloop
  endfacet
  facet normal 0 0 -1
    outer loop
      vertex 21.501 12.4136 7.2
      vertex 21.5046 12.4157 7.2
      vertex 26.1171 4.18579 7.2
    endloop
  endfacet
  facet normal 0 0 -1
    outer loop
      vertex 16.6836 20.5252 7.2
      vertex 21.5046 12.4157 7.2
      vertex 21.501 12.4136 7.2
    endloop
  endfacet
  facet normal 0 0 -1
    outer loop
      vertex 21.5046 12.4157 7.2
      vertex 16.6836 20.5252 7.2
      vertex 16.6857 20.5289 7.2
    endloop
  endfacet
  facet normal 0 0 -1
    outer loop
      vertex 16.6836 20.5252 7.2
      vertex 9.43567 24.7146 7.2
      vertex 16.6857 20.5289 7.2
    endloop
  endfacet
  facet normal 0 0 -1
    outer loop
      vertex 9.43356 24.711 7.2
      vertex 9.43567 24.7146 7.2
      vertex 16.6836 20.5252 7.2
    endloop
  endfacet
  facet normal 0 0 -1
    outer loop
      vertex 0 24.8314 7.2
      vertex 9.43356 24.711 7.2
      vertex 0 24.8272 7.2
    endloop
  endfacet
  facet normal 0 0 -1
    outer loop
      vertex 9.43356 24.711 7.2
      vertex 0 24.8314 7.2
      vertex 9.43567 24.7146 7.2
    endloop
  endfacet
  facet normal 0 0 -1
    outer loop
      vertex -9.43356 24.711 7.2
      vertex 0 24.8314 7.2
      vertex 0 24.8272 7.2
    endloop
  endfacet
  facet normal 0 0 -1
    outer loop
      vertex -9.43356 24.711 7.2
      vertex -9.43567 24.7146 7.2
      vertex 0 24.8314 7.2
    endloop
  endfacet
  facet normal 0 0 -1
    outer loop
      vertex -16.6836 20.5252 7.2
      vertex -9.43567 24.7146 7.2
      vertex -9.43356 24.711 7.2
    endloop
  endfacet
  facet normal 0 0 -1
    outer loop
      vertex -16.6836 20.5252 7.2
      vertex -16.6857 20.5289 7.2
      vertex -9.43567 24.7146 7.2
    endloop
  endfacet
  facet normal 0 0 -1
    outer loop
      vertex -21.5046 12.4157 7.2
      vertex -16.6836 20.5252 7.2
      vertex -21.501 12.4136 7.2
    endloop
  endfacet
  facet normal -0 0 -1
    outer loop
      vertex -16.6836 20.5252 7.2
      vertex -21.5046 12.4157 7.2
      vertex -16.6857 20.5289 7.2
    endloop
  endfacet
  facet normal 0 0 -1
    outer loop
      vertex -26.1171 4.18579 7.2
      vertex -21.5046 12.4157 7.2
      vertex -21.501 12.4136 7.2
    endloop
  endfacet
  facet normal 0 0 -1
    outer loop
      vertex -26.1171 4.18579 7.2
      vertex -26.1214 4.18579 7.2
      vertex -21.5046 12.4157 7.2
    endloop
  endfacet
  facet normal 0 0 -1
    outer loop
      vertex -26.1214 4.18579 7.2
      vertex -26.1171 4.18579 7.2
      vertex -26.1214 -4.18579 7.2
    endloop
  endfacet
  facet normal -0.853414 0.506834 -0.121668
    outer loop
      vertex -16.3905 20.0177 3
      vertex -21.501 12.4136 7.17
      vertex -16.6836 20.5252 7.17
    endloop
  endfacet
  facet normal -0.495133 -0.857598 -0.139174
    outer loop
      vertex -16.3905 -20.0177 3
      vertex -9.43356 -24.711 7.17
      vertex -16.6836 -20.5252 7.17
    endloop
  endfacet
  facet normal -0.495127 -0.857599 -0.139186
    outer loop
      vertex -9.43356 -24.711 7.17
      vertex -16.3905 -20.0177 3
      vertex -9.14053 -24.2034 3
    endloop
  endfacet
  facet normal -0.865644 -0.485657 -0.121647
    outer loop
      vertex -21.501 -12.4136 7.17
      vertex -26.1171 -4.18579 7.17
      vertex -25.5311 -4.18579 3
    endloop
  endfacet
  facet normal 0.87212 0.489291 0
    outer loop
      vertex 26.1171 4.18579 7.2
      vertex 21.501 12.4136 7.17
      vertex 21.501 12.4136 7.2
    endloop
  endfacet
  facet normal 0.87212 0.489291 0
    outer loop
      vertex 21.501 12.4136 7.17
      vertex 26.1171 4.18579 7.2
      vertex 26.1171 4.18579 7.17
    endloop
  endfacet
  facet normal 0.0122253 -0.992495 -0.121672
    outer loop
      vertex 9.43356 -24.711 7.17
      vertex 0 -24.8272 7.17
      vertex 9.14053 -24.2034 3
    endloop
  endfacet
  facet normal 0.495133 0.857598 -0.139174
    outer loop
      vertex 16.3905 20.0177 3
      vertex 9.43356 24.711 7.17
      vertex 16.6836 20.5252 7.17
    endloop
  endfacet
  facet normal 0.495127 0.857599 -0.139186
    outer loop
      vertex 9.43356 24.711 7.17
      vertex 16.3905 20.0177 3
      vertex 9.14053 24.2034 3
    endloop
  endfacet
  facet normal 0.865644 0.485657 -0.121647
    outer loop
      vertex 25.5311 4.18579 3
      vertex 21.501 12.4136 7.17
      vertex 26.1171 4.18579 7.17
    endloop
  endfacet
  facet normal 0.865644 -0.485657 -0.121647
    outer loop
      vertex 26.1171 -4.18579 7.17
      vertex 21.501 -12.4136 7.17
      vertex 25.5311 -4.18579 3
    endloop
  endfacet
  facet normal 1 -0 0
    outer loop
      vertex 26.1171 -4.18579 7.2
      vertex 26.1171 4.18579 7.17
      vertex 26.1171 4.18579 7.2
    endloop
  endfacet
  facet normal 1 0 0
    outer loop
      vertex 26.1171 4.18579 7.17
      vertex 26.1171 -4.18579 7.2
      vertex 26.1171 -4.18579 7.17
    endloop
  endfacet
  facet normal -0.499999 0.866026 0
    outer loop
      vertex -9.43356 24.711 7.17
      vertex -16.6836 20.5252 7.2
      vertex -9.43356 24.711 7.2
    endloop
  endfacet
  facet normal -0.499999 0.866026 0
    outer loop
      vertex -16.6836 20.5252 7.2
      vertex -9.43356 24.711 7.17
      vertex -16.6836 20.5252 7.17
    endloop
  endfacet
  facet normal 0.00408431 0.990258 -0.139182
    outer loop
      vertex 9.14053 24.2034 3
      vertex 0 24.2411 3
      vertex 0 24.8272 7.17
    endloop
  endfacet
  facet normal -0.865644 0.485657 -0.121647
    outer loop
      vertex -25.5311 4.18579 3
      vertex -26.1171 4.18579 7.17
      vertex -21.501 12.4136 7.17
    endloop
  endfacet
  facet normal 0.859628 -0.491598 -0.139181
    outer loop
      vertex 21.501 -12.4136 7.17
      vertex 20.9934 -12.1206 3
      vertex 25.5311 -4.18579 3
    endloop
  endfacet
  facet normal 0.855548 -0.498664 -0.139181
    outer loop
      vertex 21.501 -12.4136 7.17
      vertex 16.3905 -20.0177 3
      vertex 20.9934 -12.1206 3
    endloop
  endfacet
  facet normal 0.00408431 -0.990258 -0.139182
    outer loop
      vertex 9.14053 -24.2034 3
      vertex 0 -24.8272 7.17
      vertex 0 -24.2411 3
    endloop
  endfacet
  facet normal -0.00408431 -0.990258 -0.139182
    outer loop
      vertex 0 -24.8272 7.17
      vertex -9.14053 -24.2034 3
      vertex 0 -24.2411 3
    endloop
  endfacet
  facet normal 0.853414 0.506834 -0.121668
    outer loop
      vertex 21.501 12.4136 7.17
      vertex 16.3905 20.0177 3
      vertex 16.6836 20.5252 7.17
    endloop
  endfacet
  facet normal -0.859628 -0.491598 -0.139181
    outer loop
      vertex -21.501 -12.4136 7.17
      vertex -25.5311 -4.18579 3
      vertex -20.9934 -12.1206 3
    endloop
  endfacet
  facet normal -0.859628 0.491598 -0.139181
    outer loop
      vertex -20.9934 12.1206 3
      vertex -25.5311 4.18579 3
      vertex -21.501 12.4136 7.17
    endloop
  endfacet
  facet normal 0.855548 0.498664 -0.139181
    outer loop
      vertex 20.9934 12.1206 3
      vertex 16.3905 20.0177 3
      vertex 21.501 12.4136 7.17
    endloop
  endfacet
  facet normal -0.0109245 -0.789572 0.61356
    outer loop
      vertex 0 -24.2468 8
      vertex -9.48978 -24.1155 8
      vertex -9.43567 -24.7146 7.23
    endloop
  endfacet
  facet normal -0.00985856 -0.796422 0.60466
    outer loop
      vertex 0 -24.2468 8
      vertex -9.43567 -24.7146 7.23
      vertex 0 -24.8314 7.23
    endloop
  endfacet
  facet normal 0.421379 -0.729867 0.53827
    outer loop
      vertex 16.1398 -20.2762 8
      vertex 9.48978 -24.1155 8
      vertex 16.6857 -20.5289 7.23
    endloop
  endfacet
  facet normal 0.689238 0.385328 0.613575
    outer loop
      vertex 26.1214 4.18579 7.23
      vertex 20.9983 12.1234 8
      vertex 25.6296 3.83937 8
    endloop
  endfacet
  facet normal 1 -0 0
    outer loop
      vertex 26.1214 -4.18579 7.23
      vertex 26.1214 4.18579 7.2
      vertex 26.1214 4.18579 7.23
    endloop
  endfacet
  facet normal 1 0 0
    outer loop
      vertex 26.1214 4.18579 7.2
      vertex 26.1214 -4.18579 7.23
      vertex 26.1214 -4.18579 7.2
    endloop
  endfacet
  facet normal -0.0123776 0.999923 0
    outer loop
      vertex 0 24.8314 7.2
      vertex -9.43567 24.7146 7.23
      vertex 0 24.8314 7.23
    endloop
  endfacet
  facet normal -0.0123776 0.999923 0
    outer loop
      vertex -9.43567 24.7146 7.23
      vertex 0 24.8314 7.2
      vertex -9.43567 24.7146 7.2
    endloop
  endfacet
  facet normal -1 0 0
    outer loop
      vertex -26.1214 -4.18579 7.2
      vertex -26.1214 4.18579 7.23
      vertex -26.1214 4.18579 7.2
    endloop
  endfacet
  facet normal -1 -0 0
    outer loop
      vertex -26.1214 4.18579 7.23
      vertex -26.1214 -4.18579 7.2
      vertex -26.1214 -4.18579 7.23
    endloop
  endfacet
  facet normal -0.872142 -0.489253 0
    outer loop
      vertex -21.5046 -12.4157 7.2
      vertex -26.1214 -4.18579 7.23
      vertex -26.1214 -4.18579 7.2
    endloop
  endfacet
  facet normal -0.872142 -0.489253 0
    outer loop
      vertex -26.1214 -4.18579 7.23
      vertex -21.5046 -12.4157 7.2
      vertex -21.5046 -12.4157 7.23
    endloop
  endfacet
  facet normal 0.859776 -0.510671 0
    outer loop
      vertex 16.6857 -20.5289 7.23
      vertex 21.5046 -12.4157 7.2
      vertex 21.5046 -12.4157 7.23
    endloop
  endfacet
  facet normal 0.859776 -0.510671 0
    outer loop
      vertex 21.5046 -12.4157 7.2
      vertex 16.6857 -20.5289 7.23
      vertex 16.6857 -20.5289 7.2
    endloop
  endfacet
  facet normal 0.42138 -0.72987 0.538265
    outer loop
      vertex 9.48978 -24.1155 8
      vertex 9.43567 -24.7146 7.23
      vertex 16.6857 -20.5289 7.23
    endloop
  endfacet
  facet normal 0.842768 -0 0.538277
    outer loop
      vertex 25.6296 -3.83937 8
      vertex 26.1214 4.18579 7.23
      vertex 25.6296 3.83937 8
    endloop
  endfacet
  facet normal 0.842768 0 0.538277
    outer loop
      vertex 26.1214 4.18579 7.23
      vertex 25.6296 -3.83937 8
      vertex 26.1214 -4.18579 7.23
    endloop
  endfacet
  facet normal 0.42138 0.72987 0.538265
    outer loop
      vertex 16.6857 20.5289 7.23
      vertex 9.43567 24.7146 7.23
      vertex 9.48978 24.1155 8
    endloop
  endfacet
  facet normal -0.0123776 -0.999923 0
    outer loop
      vertex -9.43567 -24.7146 7.2
      vertex 0 -24.8314 7.23
      vertex -9.43567 -24.7146 7.23
    endloop
  endfacet
  facet normal -0.0123776 -0.999923 -0
    outer loop
      vertex 0 -24.8314 7.23
      vertex -9.43567 -24.7146 7.2
      vertex 0 -24.8314 7.2
    endloop
  endfacet
  facet normal -0.859776 0.510671 0
    outer loop
      vertex -21.5046 12.4157 7.2
      vertex -16.6857 20.5289 7.23
      vertex -16.6857 20.5289 7.2
    endloop
  endfacet
  facet normal -0.859776 0.510671 0
    outer loop
      vertex -16.6857 20.5289 7.23
      vertex -21.5046 12.4157 7.2
      vertex -21.5046 12.4157 7.23
    endloop
  endfacet
  facet normal -0.421379 -0.729867 0.53827
    outer loop
      vertex -16.1398 -20.2762 8
      vertex -16.6857 -20.5289 7.23
      vertex -9.48978 -24.1155 8
    endloop
  endfacet
  facet normal 0.49999 0.866031 -0
    outer loop
      vertex 16.6857 20.5289 7.2
      vertex 9.43567 24.7146 7.23
      vertex 16.6857 20.5289 7.23
    endloop
  endfacet
  facet normal 0.49999 0.866031 0
    outer loop
      vertex 9.43567 24.7146 7.23
      vertex 16.6857 20.5289 7.2
      vertex 9.43567 24.7146 7.2
    endloop
  endfacet
  facet normal -0.678326 -0.404235 0.613569
    outer loop
      vertex -16.1398 -20.2762 8
      vertex -20.9983 -12.1234 8
      vertex -16.6857 -20.5289 7.23
    endloop
  endfacet
  facet normal 0.68479 0.406736 0.604673
    outer loop
      vertex 21.5046 12.4157 7.23
      vertex 16.6857 20.5289 7.23
      vertex 20.9983 12.1234 8
    endloop
  endfacet
  facet normal -0.859776 -0.510671 0
    outer loop
      vertex -16.6857 -20.5289 7.2
      vertex -21.5046 -12.4157 7.23
      vertex -21.5046 -12.4157 7.2
    endloop
  endfacet
  facet normal -0.859776 -0.510671 0
    outer loop
      vertex -21.5046 -12.4157 7.23
      vertex -16.6857 -20.5289 7.2
      vertex -16.6857 -20.5289 7.23
    endloop
  endfacet
  facet normal 0.694638 0.389677 0.604673
    outer loop
      vertex 21.5046 12.4157 7.23
      vertex 20.9983 12.1234 8
      vertex 26.1214 4.18579 7.23
    endloop
  endfacet
  facet normal 0.00985856 -0.796422 0.60466
    outer loop
      vertex 0 -24.2468 8
      vertex 0 -24.8314 7.23
      vertex 9.43567 -24.7146 7.23
    endloop
  endfacet
  facet normal 0.0123776 -0.999923 0
    outer loop
      vertex 0 -24.8314 7.2
      vertex 9.43567 -24.7146 7.23
      vertex 0 -24.8314 7.23
    endloop
  endfacet
  facet normal 0.0123776 -0.999923 0
    outer loop
      vertex 9.43567 -24.7146 7.23
      vertex 0 -24.8314 7.2
      vertex 9.43567 -24.7146 7.2
    endloop
  endfacet
  facet normal 0.872142 -0.489253 0
    outer loop
      vertex 21.5046 -12.4157 7.23
      vertex 26.1214 -4.18579 7.2
      vertex 26.1214 -4.18579 7.23
    endloop
  endfacet
  facet normal 0.872142 -0.489253 0
    outer loop
      vertex 26.1214 -4.18579 7.2
      vertex 21.5046 -12.4157 7.23
      vertex 21.5046 -12.4157 7.2
    endloop
  endfacet
  facet normal 0.0109245 -0.789572 0.61356
    outer loop
      vertex 9.48978 -24.1155 8
      vertex 0 -24.2468 8
      vertex 9.43567 -24.7146 7.23
    endloop
  endfacet
  facet normal 0.872142 0.489253 0
    outer loop
      vertex 26.1214 4.18579 7.23
      vertex 21.5046 12.4157 7.2
      vertex 21.5046 12.4157 7.23
    endloop
  endfacet
  facet normal 0.872142 0.489253 0
    outer loop
      vertex 21.5046 12.4157 7.2
      vertex 26.1214 4.18579 7.23
      vertex 26.1214 4.18579 7.2
    endloop
  endfacet
  facet normal -0.689238 -0.385328 0.613575
    outer loop
      vertex -25.6296 -3.83937 8
      vertex -26.1214 -4.18579 7.23
      vertex -20.9983 -12.1234 8
    endloop
  endfacet
  facet normal 0.694638 -0.389677 0.604673
    outer loop
      vertex 26.1214 -4.18579 7.23
      vertex 20.9983 -12.1234 8
      vertex 21.5046 -12.4157 7.23
    endloop
  endfacet
  facet normal -0.00985856 0.796422 0.60466
    outer loop
      vertex 0 24.8314 7.23
      vertex -9.43567 24.7146 7.23
      vertex 0 24.2468 8
    endloop
  endfacet
  facet normal -0.842768 0 0.538277
    outer loop
      vertex -26.1214 4.18579 7.23
      vertex -25.6296 -3.83937 8
      vertex -25.6296 3.83937 8
    endloop
  endfacet
  facet normal -0.842768 0 0.538277
    outer loop
      vertex -25.6296 -3.83937 8
      vertex -26.1214 4.18579 7.23
      vertex -26.1214 -4.18579 7.23
    endloop
  endfacet
  facet normal -0.678326 0.404235 0.613569
    outer loop
      vertex -16.6857 20.5289 7.23
      vertex -20.9983 12.1234 8
      vertex -16.1398 20.2762 8
    endloop
  endfacet
  facet normal -0.68479 -0.406736 0.604673
    outer loop
      vertex -20.9983 -12.1234 8
      vertex -21.5046 -12.4157 7.23
      vertex -16.6857 -20.5289 7.23
    endloop
  endfacet
  facet normal -0.872142 0.489253 0
    outer loop
      vertex -26.1214 4.18579 7.2
      vertex -21.5046 12.4157 7.23
      vertex -21.5046 12.4157 7.2
    endloop
  endfacet
  facet normal -0.872142 0.489253 0
    outer loop
      vertex -21.5046 12.4157 7.23
      vertex -26.1214 4.18579 7.2
      vertex -26.1214 4.18579 7.23
    endloop
  endfacet
  facet normal -0.49999 -0.866031 0
    outer loop
      vertex -16.6857 -20.5289 7.2
      vertex -9.43567 -24.7146 7.23
      vertex -16.6857 -20.5289 7.23
    endloop
  endfacet
  facet normal -0.49999 -0.866031 -0
    outer loop
      vertex -9.43567 -24.7146 7.23
      vertex -16.6857 -20.5289 7.2
      vertex -9.43567 -24.7146 7.2
    endloop
  endfacet
  facet normal -0.49999 0.866031 0
    outer loop
      vertex -9.43567 24.7146 7.2
      vertex -16.6857 20.5289 7.23
      vertex -9.43567 24.7146 7.23
    endloop
  endfacet
  facet normal -0.49999 0.866031 0
    outer loop
      vertex -16.6857 20.5289 7.23
      vertex -9.43567 24.7146 7.2
      vertex -16.6857 20.5289 7.2
    endloop
  endfacet
  facet normal 0.859776 0.510671 0
    outer loop
      vertex 21.5046 12.4157 7.23
      vertex 16.6857 20.5289 7.2
      vertex 16.6857 20.5289 7.23
    endloop
  endfacet
  facet normal 0.859776 0.510671 0
    outer loop
      vertex 16.6857 20.5289 7.2
      vertex 21.5046 12.4157 7.23
      vertex 21.5046 12.4157 7.2
    endloop
  endfacet
  facet normal 0.0123776 0.999923 -0
    outer loop
      vertex 9.43567 24.7146 7.2
      vertex 0 24.8314 7.23
      vertex 9.43567 24.7146 7.23
    endloop
  endfacet
  facet normal 0.0123776 0.999923 0
    outer loop
      vertex 0 24.8314 7.23
      vertex 9.43567 24.7146 7.2
      vertex 0 24.8314 7.2
    endloop
  endfacet
  facet normal -0.42138 0.72987 0.538265
    outer loop
      vertex -9.43567 24.7146 7.23
      vertex -16.6857 20.5289 7.23
      vertex -9.48978 24.1155 8
    endloop
  endfacet
  facet normal -0.0109245 0.789572 0.61356
    outer loop
      vertex -9.43567 24.7146 7.23
      vertex -9.48978 24.1155 8
      vertex 0 24.2468 8
    endloop
  endfacet
  facet normal -0.68479 0.406736 0.604673
    outer loop
      vertex -16.6857 20.5289 7.23
      vertex -21.5046 12.4157 7.23
      vertex -20.9983 12.1234 8
    endloop
  endfacet
  facet normal -0.694638 0.389677 0.604673
    outer loop
      vertex -21.5046 12.4157 7.23
      vertex -26.1214 4.18579 7.23
      vertex -20.9983 12.1234 8
    endloop
  endfacet
  facet normal 0.0109245 0.789572 0.61356
    outer loop
      vertex 9.43567 24.7146 7.23
      vertex 0 24.2468 8
      vertex 9.48978 24.1155 8
    endloop
  endfacet
  facet normal 0.00985856 0.796422 0.60466
    outer loop
      vertex 0 24.8314 7.23
      vertex 0 24.2468 8
      vertex 9.43567 24.7146 7.23
    endloop
  endfacet
  facet normal 0.421379 0.729867 0.53827
    outer loop
      vertex 16.6857 20.5289 7.23
      vertex 9.48978 24.1155 8
      vertex 16.1398 20.2762 8
    endloop
  endfacet
  facet normal 0.678326 0.404235 0.613569
    outer loop
      vertex 16.6857 20.5289 7.23
      vertex 16.1398 20.2762 8
      vertex 20.9983 12.1234 8
    endloop
  endfacet
  facet normal 0.689238 -0.385328 0.613575
    outer loop
      vertex 25.6296 -3.83937 8
      vertex 20.9983 -12.1234 8
      vertex 26.1214 -4.18579 7.23
    endloop
  endfacet
  facet normal -0.421379 0.729867 0.53827
    outer loop
      vertex -9.48978 24.1155 8
      vertex -16.6857 20.5289 7.23
      vertex -16.1398 20.2762 8
    endloop
  endfacet
  facet normal 0.49999 -0.866031 0
    outer loop
      vertex 9.43567 -24.7146 7.2
      vertex 16.6857 -20.5289 7.23
      vertex 9.43567 -24.7146 7.23
    endloop
  endfacet
  facet normal 0.49999 -0.866031 0
    outer loop
      vertex 16.6857 -20.5289 7.23
      vertex 9.43567 -24.7146 7.2
      vertex 16.6857 -20.5289 7.2
    endloop
  endfacet
  facet normal 0.678326 -0.404235 0.613569
    outer loop
      vertex 20.9983 -12.1234 8
      vertex 16.1398 -20.2762 8
      vertex 16.6857 -20.5289 7.23
    endloop
  endfacet
  facet normal -0.689238 0.385328 0.613575
    outer loop
      vertex -20.9983 12.1234 8
      vertex -26.1214 4.18579 7.23
      vertex -25.6296 3.83937 8
    endloop
  endfacet
  facet normal -0.694638 -0.389677 0.604673
    outer loop
      vertex -20.9983 -12.1234 8
      vertex -26.1214 -4.18579 7.23
      vertex -21.5046 -12.4157 7.23
    endloop
  endfacet
  facet normal 0 0 -1
    outer loop
      vertex 25.6338 -3.83937 8
      vertex 25.6296 -3.83937 8
      vertex 25.6338 3.83937 8
    endloop
  endfacet
  facet normal 0 0 -1
    outer loop
      vertex 21.002 -12.1255 8
      vertex 25.6296 -3.83937 8
      vertex 25.6338 -3.83937 8
    endloop
  endfacet
  facet normal 0 0 -1
    outer loop
      vertex 21.002 -12.1255 8
      vertex 20.9983 -12.1234 8
      vertex 25.6296 -3.83937 8
    endloop
  endfacet
  facet normal 0 0 -1
    outer loop
      vertex 16.1398 -20.2762 8
      vertex 21.002 -12.1255 8
      vertex 16.1419 -20.2798 8
    endloop
  endfacet
  facet normal -0 0 -1
    outer loop
      vertex 21.002 -12.1255 8
      vertex 16.1398 -20.2762 8
      vertex 20.9983 -12.1234 8
    endloop
  endfacet
  facet normal 0 0 -1
    outer loop
      vertex 9.49188 -24.1192 8
      vertex 16.1398 -20.2762 8
      vertex 16.1419 -20.2798 8
    endloop
  endfacet
  facet normal 0 0 -1
    outer loop
      vertex 9.49188 -24.1192 8
      vertex 9.48978 -24.1155 8
      vertex 16.1398 -20.2762 8
    endloop
  endfacet
  facet normal 0 0 -1
    outer loop
      vertex 0 -24.251 8
      vertex 9.48978 -24.1155 8
      vertex 9.49188 -24.1192 8
    endloop
  endfacet
  facet normal 0 0 -1
    outer loop
      vertex 0 -24.251 8
      vertex 0 -24.2468 8
      vertex 9.48978 -24.1155 8
    endloop
  endfacet
  facet normal 0 0 -1
    outer loop
      vertex 0 -24.251 8
      vertex -9.48978 -24.1155 8
      vertex 0 -24.2468 8
    endloop
  endfacet
  facet normal 0 0 -1
    outer loop
      vertex -9.49188 -24.1192 8
      vertex -9.48978 -24.1155 8
      vertex 0 -24.251 8
    endloop
  endfacet
  facet normal 0 0 -1
    outer loop
      vertex -9.49188 -24.1192 8
      vertex -16.1398 -20.2762 8
      vertex -9.48978 -24.1155 8
    endloop
  endfacet
  facet normal 0 0 -1
    outer loop
      vertex -16.1419 -20.2798 8
      vertex -16.1398 -20.2762 8
      vertex -9.49188 -24.1192 8
    endloop
  endfacet
  facet normal 0 0 -1
    outer loop
      vertex -21.002 -12.1255 8
      vertex -16.1398 -20.2762 8
      vertex -16.1419 -20.2798 8
    endloop
  endfacet
  facet normal 0 0 -1
    outer loop
      vertex -16.1398 -20.2762 8
      vertex -21.002 -12.1255 8
      vertex -20.9983 -12.1234 8
    endloop
  endfacet
  facet normal 0 0 -1
    outer loop
      vertex -21.002 -12.1255 8
      vertex -25.6296 -3.83937 8
      vertex -20.9983 -12.1234 8
    endloop
  endfacet
  facet normal 0 0 -1
    outer loop
      vertex -25.6296 -3.83937 8
      vertex -25.6338 -3.83937 8
      vertex -25.6296 3.83937 8
    endloop
  endfacet
  facet normal 0 0 -1
    outer loop
      vertex -25.6338 -3.83937 8
      vertex -25.6296 -3.83937 8
      vertex -21.002 -12.1255 8
    endloop
  endfacet
  facet normal 0 0 -1
    outer loop
      vertex 25.6296 3.83937 8
      vertex 25.6338 3.83937 8
      vertex 25.6296 -3.83937 8
    endloop
  endfacet
  facet normal 0 0 -1
    outer loop
      vertex 25.6296 3.83937 8
      vertex 21.002 12.1255 8
      vertex 25.6338 3.83937 8
    endloop
  endfacet
  facet normal 0 0 -1
    outer loop
      vertex 20.9983 12.1234 8
      vertex 21.002 12.1255 8
      vertex 25.6296 3.83937 8
    endloop
  endfacet
  facet normal 0 0 -1
    outer loop
      vertex 16.1398 20.2762 8
      vertex 21.002 12.1255 8
      vertex 20.9983 12.1234 8
    endloop
  endfacet
  facet normal 0 0 -1
    outer loop
      vertex 21.002 12.1255 8
      vertex 16.1398 20.2762 8
      vertex 16.1419 20.2798 8
    endloop
  endfacet
  facet normal 0 0 -1
    outer loop
      vertex 16.1398 20.2762 8
      vertex 9.49188 24.1192 8
      vertex 16.1419 20.2798 8
    endloop
  endfacet
  facet normal 0 0 -1
    outer loop
      vertex 9.48978 24.1155 8
      vertex 9.49188 24.1192 8
      vertex 16.1398 20.2762 8
    endloop
  endfacet
  facet normal 0 0 -1
    outer loop
      vertex 0 24.251 8
      vertex 9.48978 24.1155 8
      vertex 0 24.2468 8
    endloop
  endfacet
  facet normal 0 0 -1
    outer loop
      vertex 9.48978 24.1155 8
      vertex 0 24.251 8
      vertex 9.49188 24.1192 8
    endloop
  endfacet
  facet normal 0 0 -1
    outer loop
      vertex -9.48978 24.1155 8
      vertex 0 24.251 8
      vertex 0 24.2468 8
    endloop
  endfacet
  facet normal 0 0 -1
    outer loop
      vertex -9.48978 24.1155 8
      vertex -9.49188 24.1192 8
      vertex 0 24.251 8
    endloop
  endfacet
  facet normal 0 0 -1
    outer loop
      vertex -16.1398 20.2762 8
      vertex -9.49188 24.1192 8
      vertex -9.48978 24.1155 8
    endloop
  endfacet
  facet normal 0 0 -1
    outer loop
      vertex -16.1398 20.2762 8
      vertex -16.1419 20.2798 8
      vertex -9.49188 24.1192 8
    endloop
  endfacet
  facet normal 0 0 -1
    outer loop
      vertex -21.002 12.1255 8
      vertex -16.1398 20.2762 8
      vertex -20.9983 12.1234 8
    endloop
  endfacet
  facet normal -0 0 -1
    outer loop
      vertex -16.1398 20.2762 8
      vertex -21.002 12.1255 8
      vertex -16.1419 20.2798 8
    endloop
  endfacet
  facet normal 0 0 -1
    outer loop
      vertex -25.6296 3.83937 8
      vertex -21.002 12.1255 8
      vertex -20.9983 12.1234 8
    endloop
  endfacet
  facet normal 0 0 -1
    outer loop
      vertex -25.6296 3.83937 8
      vertex -25.6338 3.83937 8
      vertex -21.002 12.1255 8
    endloop
  endfacet
  facet normal 0 0 -1
    outer loop
      vertex -25.6338 3.83937 8
      vertex -25.6296 3.83937 8
      vertex -25.6338 -3.83937 8
    endloop
  endfacet
  facet normal 0.68479 -0.406736 0.604673
    outer loop
      vertex 20.9983 -12.1234 8
      vertex 16.6857 -20.5289 7.23
      vertex 21.5046 -12.4157 7.23
    endloop
  endfacet
  facet normal -0.42138 -0.72987 0.538265
    outer loop
      vertex -9.48978 -24.1155 8
      vertex -16.6857 -20.5289 7.23
      vertex -9.43567 -24.7146 7.23
    endloop
  endfacet
  facet normal 0.873315 0.487155 0
    outer loop
      vertex 25.6998 3.83937 8.5
      vertex 21.0592 12.1585 8.47
      vertex 21.0592 12.1585 8.5
    endloop
  endfacet
  facet normal 0.873315 0.487155 0
    outer loop
      vertex 21.0592 12.1585 8.47
      vertex 25.6998 3.83937 8.5
      vertex 25.6998 3.83937 8.47
    endloop
  endfacet
  facet normal -0.858547 0.512735 0
    outer loop
      vertex -21.0592 12.1585 8.47
      vertex -16.1749 20.337 8.5
      vertex -16.1749 20.337 8.47
    endloop
  endfacet
  facet normal -0.858547 0.512735 0
    outer loop
      vertex -16.1749 20.337 8.5
      vertex -21.0592 12.1585 8.47
      vertex -21.0592 12.1585 8.5
    endloop
  endfacet
  facet normal -0.852158 -0.508919 -0.121769
    outer loop
      vertex -16.1749 -20.337 8.47
      vertex -21.0592 -12.1585 8.47
      vertex -16.1419 -20.2798 8
    endloop
  endfacet
  facet normal 0.0147597 0.999891 -0
    outer loop
      vertex 9.52492 24.1764 8.47
      vertex 0 24.317 8.5
      vertex 9.52492 24.1764 8.5
    endloop
  endfacet
  facet normal 0.0147597 0.999891 0
    outer loop
      vertex 0 24.317 8.5
      vertex 9.52492 24.1764 8.47
      vertex 0 24.317 8.47
    endloop
  endfacet
  facet normal -0.500003 0.866024 0
    outer loop
      vertex -9.52492 24.1764 8.47
      vertex -16.1749 20.337 8.5
      vertex -9.52492 24.1764 8.5
    endloop
  endfacet
  facet normal -0.500003 0.866024 0
    outer loop
      vertex -16.1749 20.337 8.5
      vertex -9.52492 24.1764 8.47
      vertex -16.1749 20.337 8.47
    endloop
  endfacet
  facet normal 0 0 -1
    outer loop
      vertex 25.704 -3.83937 8.5
      vertex 25.6998 -3.83937 8.5
      vertex 25.704 3.83937 8.5
    endloop
  endfacet
  facet normal 0 0 -1
    outer loop
      vertex 21.0628 -12.1606 8.5
      vertex 25.6998 -3.83937 8.5
      vertex 25.704 -3.83937 8.5
    endloop
  endfacet
  facet normal 0 0 -1
    outer loop
      vertex 21.0628 -12.1606 8.5
      vertex 21.0592 -12.1585 8.5
      vertex 25.6998 -3.83937 8.5
    endloop
  endfacet
  facet normal 0 0 -1
    outer loop
      vertex 16.1749 -20.337 8.5
      vertex 21.0628 -12.1606 8.5
      vertex 16.177 -20.3407 8.5
    endloop
  endfacet
  facet normal -0 0 -1
    outer loop
      vertex 21.0628 -12.1606 8.5
      vertex 16.1749 -20.337 8.5
      vertex 21.0592 -12.1585 8.5
    endloop
  endfacet
  facet normal 0 0 -1
    outer loop
      vertex 9.52702 -24.1801 8.5
      vertex 16.1749 -20.337 8.5
      vertex 16.177 -20.3407 8.5
    endloop
  endfacet
  facet normal 0 0 -1
    outer loop
      vertex 9.52702 -24.1801 8.5
      vertex 9.52492 -24.1764 8.5
      vertex 16.1749 -20.337 8.5
    endloop
  endfacet
  facet normal 0 0 -1
    outer loop
      vertex 0 -24.3213 8.5
      vertex 9.52492 -24.1764 8.5
      vertex 9.52702 -24.1801 8.5
    endloop
  endfacet
  facet normal 0 0 -1
    outer loop
      vertex 0 -24.3213 8.5
      vertex 0 -24.317 8.5
      vertex 9.52492 -24.1764 8.5
    endloop
  endfacet
  facet normal 0 0 -1
    outer loop
      vertex 0 -24.3213 8.5
      vertex -9.52492 -24.1764 8.5
      vertex 0 -24.317 8.5
    endloop
  endfacet
  facet normal 0 0 -1
    outer loop
      vertex -9.52702 -24.1801 8.5
      vertex -9.52492 -24.1764 8.5
      vertex 0 -24.3213 8.5
    endloop
  endfacet
  facet normal 0 0 -1
    outer loop
      vertex -9.52702 -24.1801 8.5
      vertex -16.1749 -20.337 8.5
      vertex -9.52492 -24.1764 8.5
    endloop
  endfacet
  facet normal 0 0 -1
    outer loop
      vertex -16.177 -20.3407 8.5
      vertex -16.1749 -20.337 8.5
      vertex -9.52702 -24.1801 8.5
    endloop
  endfacet
  facet normal 0 0 -1
    outer loop
      vertex -21.0628 -12.1606 8.5
      vertex -16.1749 -20.337 8.5
      vertex -16.177 -20.3407 8.5
    endloop
  endfacet
  facet normal 0 0 -1
    outer loop
      vertex -16.1749 -20.337 8.5
      vertex -21.0628 -12.1606 8.5
      vertex -21.0592 -12.1585 8.5
    endloop
  endfacet
  facet normal 0 0 -1
    outer loop
      vertex -21.0628 -12.1606 8.5
      vertex -25.6998 -3.83937 8.5
      vertex -21.0592 -12.1585 8.5
    endloop
  endfacet
  facet normal 0 0 -1
    outer loop
      vertex -25.6998 -3.83937 8.5
      vertex -25.704 -3.83937 8.5
      vertex -25.6998 3.83937 8.5
    endloop
  endfacet
  facet normal 0 0 -1
    outer loop
      vertex -25.704 -3.83937 8.5
      vertex -25.6998 -3.83937 8.5
      vertex -21.0628 -12.1606 8.5
    endloop
  endfacet
  facet normal 0 0 -1
    outer loop
      vertex 25.6998 3.83937 8.5
      vertex 25.704 3.83937 8.5
      vertex 25.6998 -3.83937 8.5
    endloop
  endfacet
  facet normal 0 0 -1
    outer loop
      vertex 25.6998 3.83937 8.5
      vertex 21.0628 12.1606 8.5
      vertex 25.704 3.83937 8.5
    endloop
  endfacet
  facet normal 0 0 -1
    outer loop
      vertex 21.0592 12.1585 8.5
      vertex 21.0628 12.1606 8.5
      vertex 25.6998 3.83937 8.5
    endloop
  endfacet
  facet normal 0 0 -1
    outer loop
      vertex 16.1749 20.337 8.5
      vertex 21.0628 12.1606 8.5
      vertex 21.0592 12.1585 8.5
    endloop
  endfacet
  facet normal 0 0 -1
    outer loop
      vertex 21.0628 12.1606 8.5
      vertex 16.1749 20.337 8.5
      vertex 16.177 20.3407 8.5
    endloop
  endfacet
  facet normal 0 0 -1
    outer loop
      vertex 16.1749 20.337 8.5
      vertex 9.52702 24.1801 8.5
      vertex 16.177 20.3407 8.5
    endloop
  endfacet
  facet normal 0 0 -1
    outer loop
      vertex 9.52492 24.1764 8.5
      vertex 9.52702 24.1801 8.5
      vertex 16.1749 20.337 8.5
    endloop
  endfacet
  facet normal 0 0 -1
    outer loop
      vertex 0 24.3213 8.5
      vertex 9.52492 24.1764 8.5
      vertex 0 24.317 8.5
    endloop
  endfacet
  facet normal 0 0 -1
    outer loop
      vertex 9.52492 24.1764 8.5
      vertex 0 24.3213 8.5
      vertex 9.52702 24.1801 8.5
    endloop
  endfacet
  facet normal 0 0 -1
    outer loop
      vertex -9.52492 24.1764 8.5
      vertex 0 24.3213 8.5
      vertex 0 24.317 8.5
    endloop
  endfacet
  facet normal 0 0 -1
    outer loop
      vertex -9.52492 24.1764 8.5
      vertex -9.52702 24.1801 8.5
      vertex 0 24.3213 8.5
    endloop
  endfacet
  facet normal 0 0 -1
    outer loop
      vertex -16.1749 20.337 8.5
      vertex -9.52702 24.1801 8.5
      vertex -9.52492 24.1764 8.5
    endloop
  endfacet
  facet normal 0 0 -1
    outer loop
      vertex -16.1749 20.337 8.5
      vertex -16.177 20.3407 8.5
      vertex -9.52702 24.1801 8.5
    endloop
  endfacet
  facet normal 0 0 -1
    outer loop
      vertex -21.0628 12.1606 8.5
      vertex -16.1749 20.337 8.5
      vertex -21.0592 12.1585 8.5
    endloop
  endfacet
  facet normal -0 0 -1
    outer loop
      vertex -16.1749 20.337 8.5
      vertex -21.0628 12.1606 8.5
      vertex -16.177 20.3407 8.5
    endloop
  endfacet
  facet normal 0 0 -1
    outer loop
      vertex -25.6998 3.83937 8.5
      vertex -21.0628 12.1606 8.5
      vertex -21.0592 12.1585 8.5
    endloop
  endfacet
  facet normal 0 0 -1
    outer loop
      vertex -25.6998 3.83937 8.5
      vertex -25.704 3.83937 8.5
      vertex -21.0628 12.1606 8.5
    endloop
  endfacet
  facet normal 0 0 -1
    outer loop
      vertex -25.704 3.83937 8.5
      vertex -25.6998 3.83937 8.5
      vertex -25.704 -3.83937 8.5
    endloop
  endfacet
  facet normal -0.864396 0.483182 -0.139124
    outer loop
      vertex -21.002 12.1255 8
      vertex -25.6338 3.83937 8
      vertex -21.0592 12.1585 8.47
    endloop
  endfacet
  facet normal 0.0146498 -0.992445 -0.121813
    outer loop
      vertex 9.52492 -24.1764 8.47
      vertex 0 -24.317 8.47
      vertex 9.49188 -24.1192 8
    endloop
  endfacet
  facet normal -0.0147597 -0.999891 0
    outer loop
      vertex -9.52492 -24.1764 8.47
      vertex 0 -24.317 8.5
      vertex -9.52492 -24.1764 8.5
    endloop
  endfacet
  facet normal -0.0147597 -0.999891 -0
    outer loop
      vertex 0 -24.317 8.5
      vertex -9.52492 -24.1764 8.47
      vertex 0 -24.317 8.47
    endloop
  endfacet
  facet normal -0.0137493 -0.99019 -0.139048
    outer loop
      vertex 0 -24.317 8.47
      vertex -9.49188 -24.1192 8
      vertex 0 -24.251 8
    endloop
  endfacet
  facet normal 0.866821 0.483533 -0.121724
    outer loop
      vertex 25.6338 3.83937 8
      vertex 21.0592 12.1585 8.47
      vertex 25.6998 3.83937 8.47
    endloop
  endfacet
  facet normal 0.495135 -0.857596 -0.139178
    outer loop
      vertex 16.1419 -20.2798 8
      vertex 9.52492 -24.1764 8.47
      vertex 9.49188 -24.1192 8
    endloop
  endfacet
  facet normal 0.49514 -0.8576 -0.139137
    outer loop
      vertex 9.52492 -24.1764 8.47
      vertex 16.1419 -20.2798 8
      vertex 16.1749 -20.337 8.47
    endloop
  endfacet
  facet normal -0.873315 0.487155 0
    outer loop
      vertex -25.6998 3.83937 8.47
      vertex -21.0592 12.1585 8.5
      vertex -21.0592 12.1585 8.47
    endloop
  endfacet
  facet normal -0.873315 0.487155 0
    outer loop
      vertex -21.0592 12.1585 8.5
      vertex -25.6998 3.83937 8.47
      vertex -25.6998 3.83937 8.5
    endloop
  endfacet
  facet normal -0.990284 0 -0.139061
    outer loop
      vertex -25.6338 -3.83937 8
      vertex -25.6998 3.83937 8.47
      vertex -25.6338 3.83937 8
    endloop
  endfacet
  facet normal -0.990284 -0 -0.139061
    outer loop
      vertex -25.6998 3.83937 8.47
      vertex -25.6338 -3.83937 8
      vertex -25.6998 -3.83937 8.47
    endloop
  endfacet
  facet normal 0.873315 -0.487155 0
    outer loop
      vertex 21.0592 -12.1585 8.5
      vertex 25.6998 -3.83937 8.47
      vertex 25.6998 -3.83937 8.5
    endloop
  endfacet
  facet normal 0.873315 -0.487155 0
    outer loop
      vertex 25.6998 -3.83937 8.47
      vertex 21.0592 -12.1585 8.5
      vertex 21.0592 -12.1585 8.47
    endloop
  endfacet
  facet normal -0.0146498 -0.992445 -0.121813
    outer loop
      vertex 0 -24.317 8.47
      vertex -9.52492 -24.1764 8.47
      vertex -9.49188 -24.1192 8
    endloop
  endfacet
  facet normal -1 0 0
    outer loop
      vertex -25.6998 -3.83937 8.47
      vertex -25.6998 3.83937 8.5
      vertex -25.6998 3.83937 8.47
    endloop
  endfacet
  facet normal -1 -0 0
    outer loop
      vertex -25.6998 3.83937 8.5
      vertex -25.6998 -3.83937 8.47
      vertex -25.6998 -3.83937 8.5
    endloop
  endfacet
  facet normal -0.858547 -0.512735 0
    outer loop
      vertex -16.1749 -20.337 8.47
      vertex -21.0592 -12.1585 8.5
      vertex -21.0592 -12.1585 8.47
    endloop
  endfacet
  facet normal -0.858547 -0.512735 0
    outer loop
      vertex -21.0592 -12.1585 8.5
      vertex -16.1749 -20.337 8.47
      vertex -16.1749 -20.337 8.5
    endloop
  endfacet
  facet normal 0.850645 -0.506999 -0.139123
    outer loop
      vertex 21.0592 -12.1585 8.47
      vertex 16.1419 -20.2798 8
      vertex 21.002 -12.1255 8
    endloop
  endfacet
  facet normal 0.852158 0.508919 -0.121769
    outer loop
      vertex 21.0592 12.1585 8.47
      vertex 16.1419 20.2798 8
      vertex 16.1749 20.337 8.47
    endloop
  endfacet
  facet normal 0.49514 0.8576 -0.139137
    outer loop
      vertex 16.1419 20.2798 8
      vertex 9.52492 24.1764 8.47
      vertex 16.1749 20.337 8.47
    endloop
  endfacet
  facet normal 0.495135 0.857596 -0.139178
    outer loop
      vertex 9.52492 24.1764 8.47
      vertex 16.1419 20.2798 8
      vertex 9.49188 24.1192 8
    endloop
  endfacet
  facet normal 0.990284 0 -0.139061
    outer loop
      vertex 25.6998 -3.83937 8.47
      vertex 25.6338 3.83937 8
      vertex 25.6998 3.83937 8.47
    endloop
  endfacet
  facet normal 0.990284 0 -0.139061
    outer loop
      vertex 25.6338 3.83937 8
      vertex 25.6998 -3.83937 8.47
      vertex 25.6338 -3.83937 8
    endloop
  endfacet
  facet normal 0.850645 0.506999 -0.139123
    outer loop
      vertex 21.002 12.1255 8
      vertex 16.1419 20.2798 8
      vertex 21.0592 12.1585 8.47
    endloop
  endfacet
  facet normal 0.852158 -0.508919 -0.121769
    outer loop
      vertex 16.1749 -20.337 8.47
      vertex 16.1419 -20.2798 8
      vertex 21.0592 -12.1585 8.47
    endloop
  endfacet
  facet normal -0.852158 0.508919 -0.121769
    outer loop
      vertex -16.1419 20.2798 8
      vertex -21.0592 12.1585 8.47
      vertex -16.1749 20.337 8.47
    endloop
  endfacet
  facet normal -0.495135 0.857596 -0.139178
    outer loop
      vertex -16.1419 20.2798 8
      vertex -9.52492 24.1764 8.47
      vertex -9.49188 24.1192 8
    endloop
  endfacet
  facet normal -0.49514 0.8576 -0.139137
    outer loop
      vertex -9.52492 24.1764 8.47
      vertex -16.1419 20.2798 8
      vertex -16.1749 20.337 8.47
    endloop
  endfacet
  facet normal 0.864396 0.483182 -0.139124
    outer loop
      vertex 25.6338 3.83937 8
      vertex 21.002 12.1255 8
      vertex 21.0592 12.1585 8.47
    endloop
  endfacet
  facet normal -0.866821 0.483533 -0.121724
    outer loop
      vertex -25.6338 3.83937 8
      vertex -25.6998 3.83937 8.47
      vertex -21.0592 12.1585 8.47
    endloop
  endfacet
  facet normal -0.866821 -0.483533 -0.121724
    outer loop
      vertex -21.0592 -12.1585 8.47
      vertex -25.6998 -3.83937 8.47
      vertex -25.6338 -3.83937 8
    endloop
  endfacet
  facet normal -0.873315 -0.487155 0
    outer loop
      vertex -21.0592 -12.1585 8.47
      vertex -25.6998 -3.83937 8.5
      vertex -25.6998 -3.83937 8.47
    endloop
  endfacet
  facet normal -0.873315 -0.487155 0
    outer loop
      vertex -25.6998 -3.83937 8.5
      vertex -21.0592 -12.1585 8.47
      vertex -21.0592 -12.1585 8.5
    endloop
  endfacet
  facet normal 0.500003 0.866024 -0
    outer loop
      vertex 16.1749 20.337 8.47
      vertex 9.52492 24.1764 8.5
      vertex 16.1749 20.337 8.5
    endloop
  endfacet
  facet normal 0.500003 0.866024 0
    outer loop
      vertex 9.52492 24.1764 8.5
      vertex 16.1749 20.337 8.47
      vertex 9.52492 24.1764 8.47
    endloop
  endfacet
  facet normal -0.0146498 0.992445 -0.121813
    outer loop
      vertex -9.49188 24.1192 8
      vertex -9.52492 24.1764 8.47
      vertex 0 24.317 8.47
    endloop
  endfacet
  facet normal 0.864396 -0.483182 -0.139124
    outer loop
      vertex 21.0592 -12.1585 8.47
      vertex 21.002 -12.1255 8
      vertex 25.6338 -3.83937 8
    endloop
  endfacet
  facet normal -0.0137493 0.99019 -0.139048
    outer loop
      vertex 0 24.251 8
      vertex -9.49188 24.1192 8
      vertex 0 24.317 8.47
    endloop
  endfacet
  facet normal 0.866821 -0.483533 -0.121724
    outer loop
      vertex 25.6998 -3.83937 8.47
      vertex 21.0592 -12.1585 8.47
      vertex 25.6338 -3.83937 8
    endloop
  endfacet
  facet normal 0.500003 -0.866024 0
    outer loop
      vertex 9.52492 -24.1764 8.47
      vertex 16.1749 -20.337 8.5
      vertex 9.52492 -24.1764 8.5
    endloop
  endfacet
  facet normal 0.500003 -0.866024 0
    outer loop
      vertex 16.1749 -20.337 8.5
      vertex 9.52492 -24.1764 8.47
      vertex 16.1749 -20.337 8.47
    endloop
  endfacet
  facet normal -0.864396 -0.483182 -0.139124
    outer loop
      vertex -21.0592 -12.1585 8.47
      vertex -25.6338 -3.83937 8
      vertex -21.002 -12.1255 8
    endloop
  endfacet
  facet normal -0.850645 -0.506999 -0.139123
    outer loop
      vertex -16.1419 -20.2798 8
      vertex -21.0592 -12.1585 8.47
      vertex -21.002 -12.1255 8
    endloop
  endfacet
  facet normal 0.858547 0.512735 0
    outer loop
      vertex 21.0592 12.1585 8.5
      vertex 16.1749 20.337 8.47
      vertex 16.1749 20.337 8.5
    endloop
  endfacet
  facet normal 0.858547 0.512735 0
    outer loop
      vertex 16.1749 20.337 8.47
      vertex 21.0592 12.1585 8.5
      vertex 21.0592 12.1585 8.47
    endloop
  endfacet
  facet normal -0.850645 0.506999 -0.139123
    outer loop
      vertex -21.002 12.1255 8
      vertex -21.0592 12.1585 8.47
      vertex -16.1419 20.2798 8
    endloop
  endfacet
  facet normal 0.0146498 0.992445 -0.121813
    outer loop
      vertex 9.49188 24.1192 8
      vertex 0 24.317 8.47
      vertex 9.52492 24.1764 8.47
    endloop
  endfacet
  facet normal -0.0147597 0.999891 0
    outer loop
      vertex 0 24.317 8.47
      vertex -9.52492 24.1764 8.5
      vertex 0 24.317 8.5
    endloop
  endfacet
  facet normal -0.0147597 0.999891 0
    outer loop
      vertex -9.52492 24.1764 8.5
      vertex 0 24.317 8.47
      vertex -9.52492 24.1764 8.47
    endloop
  endfacet
  facet normal 0.0137493 0.99019 -0.139048
    outer loop
      vertex 9.49188 24.1192 8
      vertex 0 24.251 8
      vertex 0 24.317 8.47
    endloop
  endfacet
  facet normal 0.0137493 -0.99019 -0.139048
    outer loop
      vertex 9.49188 -24.1192 8
      vertex 0 -24.317 8.47
      vertex 0 -24.251 8
    endloop
  endfacet
  facet normal 0.0147597 -0.999891 0
    outer loop
      vertex 0 -24.317 8.47
      vertex 9.52492 -24.1764 8.5
      vertex 0 -24.317 8.5
    endloop
  endfacet
  facet normal 0.0147597 -0.999891 0
    outer loop
      vertex 9.52492 -24.1764 8.5
      vertex 0 -24.317 8.47
      vertex 9.52492 -24.1764 8.47
    endloop
  endfacet
  facet normal -0.49514 -0.8576 -0.139137
    outer loop
      vertex -16.1419 -20.2798 8
      vertex -9.52492 -24.1764 8.47
      vertex -16.1749 -20.337 8.47
    endloop
  endfacet
  facet normal -0.495135 -0.857596 -0.139178
    outer loop
      vertex -9.52492 -24.1764 8.47
      vertex -16.1419 -20.2798 8
      vertex -9.49188 -24.1192 8
    endloop
  endfacet
  facet normal -0.500003 -0.866024 0
    outer loop
      vertex -16.1749 -20.337 8.47
      vertex -9.52492 -24.1764 8.5
      vertex -16.1749 -20.337 8.5
    endloop
  endfacet
  facet normal -0.500003 -0.866024 -0
    outer loop
      vertex -9.52492 -24.1764 8.5
      vertex -16.1749 -20.337 8.47
      vertex -9.52492 -24.1764 8.47
    endloop
  endfacet
  facet normal 1 -0 0
    outer loop
      vertex 25.6998 -3.83937 8.5
      vertex 25.6998 3.83937 8.47
      vertex 25.6998 3.83937 8.5
    endloop
  endfacet
  facet normal 1 0 0
    outer loop
      vertex 25.6998 3.83937 8.47
      vertex 25.6998 -3.83937 8.5
      vertex 25.6998 -3.83937 8.47
    endloop
  endfacet
  facet normal 0.858547 -0.512735 0
    outer loop
      vertex 16.1749 -20.337 8.5
      vertex 21.0592 -12.1585 8.47
      vertex 21.0592 -12.1585 8.5
    endloop
  endfacet
  facet normal 0.858547 -0.512735 0
    outer loop
      vertex 21.0592 -12.1585 8.47
      vertex 16.1749 -20.337 8.5
      vertex 16.1749 -20.337 8.47
    endloop
  endfacet
  facet normal 0.0102707 0.692982 -0.720882
    outer loop
      vertex 9.52702 24.1801 8.5
      vertex 0 24.3213 8.5
      vertex 0 25.1223 9.27
    endloop
  endfacet
  facet normal -0.500002 0.866024 0
    outer loop
      vertex -9.58113 24.9666 9.27
      vertex -16.8311 20.7808 9.3
      vertex -9.58113 24.9666 9.3
    endloop
  endfacet
  facet normal -0.500002 0.866024 0
    outer loop
      vertex -16.8311 20.7808 9.3
      vertex -9.58113 24.9666 9.27
      vertex -16.8311 20.7808 9.27
    endloop
  endfacet
  facet normal -0.594981 -0.35537 -0.720909
    outer loop
      vertex -16.177 -20.3407 8.5
      vertex -21.7565 -12.5612 9.27
      vertex -21.0628 -12.1606 8.5
    endloop
  endfacet
  facet normal 0.857786 0.514008 0
    outer loop
      vertex 21.7565 12.5612 9.3
      vertex 16.8311 20.7808 9.27
      vertex 16.8311 20.7808 9.3
    endloop
  endfacet
  facet normal 0.857786 0.514008 0
    outer loop
      vertex 16.8311 20.7808 9.27
      vertex 21.7565 12.5612 9.3
      vertex 21.7565 12.5612 9.27
    endloop
  endfacet
  facet normal -1 0 0
    outer loop
      vertex -26.4123 -4.18579 9.27
      vertex -26.4123 4.18579 9.3
      vertex -26.4123 4.18579 9.27
    endloop
  endfacet
  facet normal -1 -0 0
    outer loop
      vertex -26.4123 4.18579 9.3
      vertex -26.4123 -4.18579 9.27
      vertex -26.4123 -4.18579 9.3
    endloop
  endfacet
  facet normal -0.857786 0.514008 0
    outer loop
      vertex -21.7565 12.5612 9.27
      vertex -16.8311 20.7808 9.3
      vertex -16.8311 20.7808 9.27
    endloop
  endfacet
  facet normal -0.857786 0.514008 0
    outer loop
      vertex -16.8311 20.7808 9.3
      vertex -21.7565 12.5612 9.27
      vertex -21.7565 12.5612 9.3
    endloop
  endfacet
  facet normal -0.0113613 0.699127 -0.714907
    outer loop
      vertex -9.52702 24.1801 8.5
      vertex -9.58113 24.9666 9.27
      vertex 0 25.1223 9.27
    endloop
  endfacet
  facet normal 0.368019 0.637423 -0.676944
    outer loop
      vertex 16.8311 20.7808 9.27
      vertex 9.52702 24.1801 8.5
      vertex 9.58113 24.9666 9.27
    endloop
  endfacet
  facet normal -0.611095 -0.339701 -0.714959
    outer loop
      vertex -21.7565 -12.5612 9.27
      vertex -26.4123 -4.18579 9.27
      vertex -25.704 -3.83937 8.5
    endloop
  endfacet
  facet normal -0.599774 0.3594 -0.714914
    outer loop
      vertex -16.177 20.3407 8.5
      vertex -21.7565 12.5612 9.27
      vertex -16.8311 20.7808 9.27
    endloop
  endfacet
  facet normal -0.0113613 -0.699127 -0.714907
    outer loop
      vertex 0 -25.1223 9.27
      vertex -9.58113 -24.9666 9.27
      vertex -9.52702 -24.1801 8.5
    endloop
  endfacet
  facet normal 0.368018 -0.637421 -0.676947
    outer loop
      vertex 16.8311 -20.7808 9.27
      vertex 9.52702 -24.1801 8.5
      vertex 16.177 -20.3407 8.5
    endloop
  endfacet
  facet normal 0.605252 -0.337582 -0.720908
    outer loop
      vertex 21.7565 -12.5612 9.27
      vertex 21.0628 -12.1606 8.5
      vertex 25.704 -3.83937 8.5
    endloop
  endfacet
  facet normal 0.874033 -0.485866 0
    outer loop
      vertex 21.7565 -12.5612 9.3
      vertex 26.4123 -4.18579 9.27
      vertex 26.4123 -4.18579 9.3
    endloop
  endfacet
  facet normal 0.874033 -0.485866 0
    outer loop
      vertex 26.4123 -4.18579 9.27
      vertex 21.7565 -12.5612 9.3
      vertex 21.7565 -12.5612 9.27
    endloop
  endfacet
  facet normal 0.368018 0.637421 -0.676947
    outer loop
      vertex 16.177 20.3407 8.5
      vertex 9.52702 24.1801 8.5
      vertex 16.8311 20.7808 9.27
    endloop
  endfacet
  facet normal -0.611095 0.339701 -0.714959
    outer loop
      vertex -25.704 3.83937 8.5
      vertex -26.4123 4.18579 9.27
      vertex -21.7565 12.5612 9.27
    endloop
  endfacet
  facet normal -0.874033 0.485866 0
    outer loop
      vertex -26.4123 4.18579 9.27
      vertex -21.7565 12.5612 9.3
      vertex -21.7565 12.5612 9.27
    endloop
  endfacet
  facet normal -0.874033 0.485866 0
    outer loop
      vertex -21.7565 12.5612 9.3
      vertex -26.4123 4.18579 9.27
      vertex -26.4123 4.18579 9.3
    endloop
  endfacet
  facet normal -0.874033 -0.485866 0
    outer loop
      vertex -21.7565 -12.5612 9.27
      vertex -26.4123 -4.18579 9.3
      vertex -26.4123 -4.18579 9.27
    endloop
  endfacet
  facet normal -0.874033 -0.485866 0
    outer loop
      vertex -26.4123 -4.18579 9.3
      vertex -21.7565 -12.5612 9.27
      vertex -21.7565 -12.5612 9.3
    endloop
  endfacet
  facet normal 0.500002 -0.866024 0
    outer loop
      vertex 9.58113 -24.9666 9.27
      vertex 16.8311 -20.7808 9.3
      vertex 9.58113 -24.9666 9.3
    endloop
  endfacet
  facet normal 0.500002 -0.866024 0
    outer loop
      vertex 16.8311 -20.7808 9.3
      vertex 9.58113 -24.9666 9.27
      vertex 16.8311 -20.7808 9.27
    endloop
  endfacet
  facet normal 0.0162485 -0.999868 0
    outer loop
      vertex 0 -25.1223 9.27
      vertex 9.58113 -24.9666 9.3
      vertex 0 -25.1223 9.3
    endloop
  endfacet
  facet normal 0.0162485 -0.999868 0
    outer loop
      vertex 9.58113 -24.9666 9.3
      vertex 0 -25.1223 9.27
      vertex 9.58113 -24.9666 9.27
    endloop
  endfacet
  facet normal -0.735979 0 -0.677005
    outer loop
      vertex -25.704 -3.83937 8.5
      vertex -26.4123 4.18579 9.27
      vertex -25.704 3.83937 8.5
    endloop
  endfacet
  facet normal -0.735979 -0 -0.677005
    outer loop
      vertex -26.4123 4.18579 9.27
      vertex -25.704 -3.83937 8.5
      vertex -26.4123 -4.18579 9.27
    endloop
  endfacet
  facet normal 1 -0 0
    outer loop
      vertex 26.4123 -4.18579 9.3
      vertex 26.4123 4.18579 9.27
      vertex 26.4123 4.18579 9.3
    endloop
  endfacet
  facet normal 1 0 0
    outer loop
      vertex 26.4123 4.18579 9.27
      vertex 26.4123 -4.18579 9.3
      vertex 26.4123 -4.18579 9.27
    endloop
  endfacet
  facet normal -0.500002 -0.866024 0
    outer loop
      vertex -16.8311 -20.7808 9.27
      vertex -9.58113 -24.9666 9.3
      vertex -16.8311 -20.7808 9.3
    endloop
  endfacet
  facet normal -0.500002 -0.866024 -0
    outer loop
      vertex -9.58113 -24.9666 9.3
      vertex -16.8311 -20.7808 9.27
      vertex -9.58113 -24.9666 9.27
    endloop
  endfacet
  facet normal -0.0162485 -0.999868 0
    outer loop
      vertex -9.58113 -24.9666 9.27
      vertex 0 -25.1223 9.3
      vertex -9.58113 -24.9666 9.3
    endloop
  endfacet
  facet normal -0.0162485 -0.999868 -0
    outer loop
      vertex 0 -25.1223 9.3
      vertex -9.58113 -24.9666 9.27
      vertex 0 -25.1223 9.27
    endloop
  endfacet
  facet normal -0.0102707 0.692982 -0.720882
    outer loop
      vertex 0 24.3213 8.5
      vertex -9.52702 24.1801 8.5
      vertex 0 25.1223 9.27
    endloop
  endfacet
  facet normal -0.857786 -0.514008 0
    outer loop
      vertex -16.8311 -20.7808 9.27
      vertex -21.7565 -12.5612 9.3
      vertex -21.7565 -12.5612 9.27
    endloop
  endfacet
  facet normal -0.857786 -0.514008 0
    outer loop
      vertex -21.7565 -12.5612 9.3
      vertex -16.8311 -20.7808 9.27
      vertex -16.8311 -20.7808 9.3
    endloop
  endfacet
  facet normal 0.594981 -0.35537 -0.720909
    outer loop
      vertex 21.7565 -12.5612 9.27
      vertex 16.177 -20.3407 8.5
      vertex 21.0628 -12.1606 8.5
    endloop
  endfacet
  facet normal -0.368018 0.637421 -0.676947
    outer loop
      vertex -16.177 20.3407 8.5
      vertex -16.8311 20.7808 9.27
      vertex -9.52702 24.1801 8.5
    endloop
  endfacet
  facet normal -0.605252 -0.337582 -0.720908
    outer loop
      vertex -21.7565 -12.5612 9.27
      vertex -25.704 -3.83937 8.5
      vertex -21.0628 -12.1606 8.5
    endloop
  endfacet
  facet normal -0.599774 -0.3594 -0.714914
    outer loop
      vertex -16.8311 -20.7808 9.27
      vertex -21.7565 -12.5612 9.27
      vertex -16.177 -20.3407 8.5
    endloop
  endfacet
  facet normal 0.611095 0.339701 -0.714959
    outer loop
      vertex 25.704 3.83937 8.5
      vertex 21.7565 12.5612 9.27
      vertex 26.4123 4.18579 9.27
    endloop
  endfacet
  facet normal 0.874033 0.485866 0
    outer loop
      vertex 26.4123 4.18579 9.3
      vertex 21.7565 12.5612 9.27
      vertex 21.7565 12.5612 9.3
    endloop
  endfacet
  facet normal 0.874033 0.485866 0
    outer loop
      vertex 21.7565 12.5612 9.27
      vertex 26.4123 4.18579 9.3
      vertex 26.4123 4.18579 9.27
    endloop
  endfacet
  facet normal -0.368019 -0.637423 -0.676944
    outer loop
      vertex -9.58113 -24.9666 9.27
      vertex -16.8311 -20.7808 9.27
      vertex -9.52702 -24.1801 8.5
    endloop
  endfacet
  facet normal -0.368018 -0.637421 -0.676947
    outer loop
      vertex -9.52702 -24.1801 8.5
      vertex -16.8311 -20.7808 9.27
      vertex -16.177 -20.3407 8.5
    endloop
  endfacet
  facet normal 0.599774 -0.3594 -0.714914
    outer loop
      vertex 16.8311 -20.7808 9.27
      vertex 16.177 -20.3407 8.5
      vertex 21.7565 -12.5612 9.27
    endloop
  endfacet
  facet normal 0.0113613 -0.699127 -0.714907
    outer loop
      vertex 9.58113 -24.9666 9.27
      vertex 0 -25.1223 9.27
      vertex 9.52702 -24.1801 8.5
    endloop
  endfacet
  facet normal 0.368019 -0.637423 -0.676944
    outer loop
      vertex 9.58113 -24.9666 9.27
      vertex 9.52702 -24.1801 8.5
      vertex 16.8311 -20.7808 9.27
    endloop
  endfacet
  facet normal -0.594981 0.35537 -0.720909
    outer loop
      vertex -21.0628 12.1606 8.5
      vertex -21.7565 12.5612 9.27
      vertex -16.177 20.3407 8.5
    endloop
  endfacet
  facet normal 0.500002 0.866024 -0
    outer loop
      vertex 16.8311 20.7808 9.27
      vertex 9.58113 24.9666 9.3
      vertex 16.8311 20.7808 9.3
    endloop
  endfacet
  facet normal 0.500002 0.866024 0
    outer loop
      vertex 9.58113 24.9666 9.3
      vertex 16.8311 20.7808 9.27
      vertex 9.58113 24.9666 9.27
    endloop
  endfacet
  facet normal 0.0162485 0.999868 -0
    outer loop
      vertex 9.58113 24.9666 9.27
      vertex 0 25.1223 9.3
      vertex 9.58113 24.9666 9.3
    endloop
  endfacet
  facet normal 0.0162485 0.999868 0
    outer loop
      vertex 0 25.1223 9.3
      vertex 9.58113 24.9666 9.27
      vertex 0 25.1223 9.27
    endloop
  endfacet
  facet normal 0.0102707 -0.692982 -0.720882
    outer loop
      vertex 9.52702 -24.1801 8.5
      vertex 0 -25.1223 9.27
      vertex 0 -24.3213 8.5
    endloop
  endfacet
  facet normal -0.605252 0.337582 -0.720908
    outer loop
      vertex -21.0628 12.1606 8.5
      vertex -25.704 3.83937 8.5
      vertex -21.7565 12.5612 9.27
    endloop
  endfacet
  facet normal 0.605252 0.337582 -0.720908
    outer loop
      vertex 25.704 3.83937 8.5
      vertex 21.0628 12.1606 8.5
      vertex 21.7565 12.5612 9.27
    endloop
  endfacet
  facet normal 0.594981 0.35537 -0.720909
    outer loop
      vertex 21.0628 12.1606 8.5
      vertex 16.177 20.3407 8.5
      vertex 21.7565 12.5612 9.27
    endloop
  endfacet
  facet normal 0.0113613 0.699127 -0.714907
    outer loop
      vertex 9.52702 24.1801 8.5
      vertex 0 25.1223 9.27
      vertex 9.58113 24.9666 9.27
    endloop
  endfacet
  facet normal -0.368019 0.637423 -0.676944
    outer loop
      vertex -9.52702 24.1801 8.5
      vertex -16.8311 20.7808 9.27
      vertex -9.58113 24.9666 9.27
    endloop
  endfacet
  facet normal 0 0 -1
    outer loop
      vertex 26.4165 -4.18579 9.3
      vertex 26.4123 -4.18579 9.3
      vertex 26.4165 4.18579 9.3
    endloop
  endfacet
  facet normal 0 0 -1
    outer loop
      vertex 21.7602 -12.5633 9.3
      vertex 26.4123 -4.18579 9.3
      vertex 26.4165 -4.18579 9.3
    endloop
  endfacet
  facet normal 0 0 -1
    outer loop
      vertex 21.7602 -12.5633 9.3
      vertex 21.7565 -12.5612 9.3
      vertex 26.4123 -4.18579 9.3
    endloop
  endfacet
  facet normal 0 0 -1
    outer loop
      vertex 16.8311 -20.7808 9.3
      vertex 21.7602 -12.5633 9.3
      vertex 16.8332 -20.7845 9.3
    endloop
  endfacet
  facet normal -0 0 -1
    outer loop
      vertex 21.7602 -12.5633 9.3
      vertex 16.8311 -20.7808 9.3
      vertex 21.7565 -12.5612 9.3
    endloop
  endfacet
  facet normal 0 0 -1
    outer loop
      vertex 9.58324 -24.9702 9.3
      vertex 16.8311 -20.7808 9.3
      vertex 16.8332 -20.7845 9.3
    endloop
  endfacet
  facet normal 0 0 -1
    outer loop
      vertex 9.58324 -24.9702 9.3
      vertex 9.58113 -24.9666 9.3
      vertex 16.8311 -20.7808 9.3
    endloop
  endfacet
  facet normal 0 0 -1
    outer loop
      vertex 0 -25.1265 9.3
      vertex 9.58113 -24.9666 9.3
      vertex 9.58324 -24.9702 9.3
    endloop
  endfacet
  facet normal 0 0 -1
    outer loop
      vertex 0 -25.1265 9.3
      vertex 0 -25.1223 9.3
      vertex 9.58113 -24.9666 9.3
    endloop
  endfacet
  facet normal 0 0 -1
    outer loop
      vertex 0 -25.1265 9.3
      vertex -9.58113 -24.9666 9.3
      vertex 0 -25.1223 9.3
    endloop
  endfacet
  facet normal 0 0 -1
    outer loop
      vertex -9.58324 -24.9702 9.3
      vertex -9.58113 -24.9666 9.3
      vertex 0 -25.1265 9.3
    endloop
  endfacet
  facet normal 0 0 -1
    outer loop
      vertex -9.58324 -24.9702 9.3
      vertex -16.8311 -20.7808 9.3
      vertex -9.58113 -24.9666 9.3
    endloop
  endfacet
  facet normal 0 0 -1
    outer loop
      vertex -16.8332 -20.7845 9.3
      vertex -16.8311 -20.7808 9.3
      vertex -9.58324 -24.9702 9.3
    endloop
  endfacet
  facet normal 0 0 -1
    outer loop
      vertex -21.7602 -12.5633 9.3
      vertex -16.8311 -20.7808 9.3
      vertex -16.8332 -20.7845 9.3
    endloop
  endfacet
  facet normal 0 0 -1
    outer loop
      vertex -16.8311 -20.7808 9.3
      vertex -21.7602 -12.5633 9.3
      vertex -21.7565 -12.5612 9.3
    endloop
  endfacet
  facet normal 0 0 -1
    outer loop
      vertex -21.7602 -12.5633 9.3
      vertex -26.4123 -4.18579 9.3
      vertex -21.7565 -12.5612 9.3
    endloop
  endfacet
  facet normal 0 0 -1
    outer loop
      vertex -26.4123 -4.18579 9.3
      vertex -26.4165 -4.18579 9.3
      vertex -26.4123 4.18579 9.3
    endloop
  endfacet
  facet normal 0 0 -1
    outer loop
      vertex -26.4165 -4.18579 9.3
      vertex -26.4123 -4.18579 9.3
      vertex -21.7602 -12.5633 9.3
    endloop
  endfacet
  facet normal 0 0 -1
    outer loop
      vertex 26.4123 4.18579 9.3
      vertex 26.4165 4.18579 9.3
      vertex 26.4123 -4.18579 9.3
    endloop
  endfacet
  facet normal 0 0 -1
    outer loop
      vertex 26.4123 4.18579 9.3
      vertex 21.7602 12.5633 9.3
      vertex 26.4165 4.18579 9.3
    endloop
  endfacet
  facet normal 0 0 -1
    outer loop
      vertex 21.7565 12.5612 9.3
      vertex 21.7602 12.5633 9.3
      vertex 26.4123 4.18579 9.3
    endloop
  endfacet
  facet normal 0 0 -1
    outer loop
      vertex 16.8311 20.7808 9.3
      vertex 21.7602 12.5633 9.3
      vertex 21.7565 12.5612 9.3
    endloop
  endfacet
  facet normal 0 0 -1
    outer loop
      vertex 21.7602 12.5633 9.3
      vertex 16.8311 20.7808 9.3
      vertex 16.8332 20.7845 9.3
    endloop
  endfacet
  facet normal 0 0 -1
    outer loop
      vertex 16.8311 20.7808 9.3
      vertex 9.58324 24.9702 9.3
      vertex 16.8332 20.7845 9.3
    endloop
  endfacet
  facet normal 0 0 -1
    outer loop
      vertex 9.58113 24.9666 9.3
      vertex 9.58324 24.9702 9.3
      vertex 16.8311 20.7808 9.3
    endloop
  endfacet
  facet normal 0 0 -1
    outer loop
      vertex 0 25.1265 9.3
      vertex 9.58113 24.9666 9.3
      vertex 0 25.1223 9.3
    endloop
  endfacet
  facet normal 0 0 -1
    outer loop
      vertex 9.58113 24.9666 9.3
      vertex 0 25.1265 9.3
      vertex 9.58324 24.9702 9.3
    endloop
  endfacet
  facet normal 0 0 -1
    outer loop
      vertex -9.58113 24.9666 9.3
      vertex 0 25.1265 9.3
      vertex 0 25.1223 9.3
    endloop
  endfacet
  facet normal 0 0 -1
    outer loop
      vertex -9.58113 24.9666 9.3
      vertex -9.58324 24.9702 9.3
      vertex 0 25.1265 9.3
    endloop
  endfacet
  facet normal 0 0 -1
    outer loop
      vertex -16.8311 20.7808 9.3
      vertex -9.58324 24.9702 9.3
      vertex -9.58113 24.9666 9.3
    endloop
  endfacet
  facet normal 0 0 -1
    outer loop
      vertex -16.8311 20.7808 9.3
      vertex -16.8332 20.7845 9.3
      vertex -9.58324 24.9702 9.3
    endloop
  endfacet
  facet normal 0 0 -1
    outer loop
      vertex -21.7602 12.5633 9.3
      vertex -16.8311 20.7808 9.3
      vertex -21.7565 12.5612 9.3
    endloop
  endfacet
  facet normal -0 0 -1
    outer loop
      vertex -16.8311 20.7808 9.3
      vertex -21.7602 12.5633 9.3
      vertex -16.8332 20.7845 9.3
    endloop
  endfacet
  facet normal 0 0 -1
    outer loop
      vertex -26.4123 4.18579 9.3
      vertex -21.7602 12.5633 9.3
      vertex -21.7565 12.5612 9.3
    endloop
  endfacet
  facet normal 0 0 -1
    outer loop
      vertex -26.4123 4.18579 9.3
      vertex -26.4165 4.18579 9.3
      vertex -21.7602 12.5633 9.3
    endloop
  endfacet
  facet normal 0 0 -1
    outer loop
      vertex -26.4165 4.18579 9.3
      vertex -26.4123 4.18579 9.3
      vertex -26.4165 -4.18579 9.3
    endloop
  endfacet
  facet normal -0.0102707 -0.692982 -0.720882
    outer loop
      vertex 0 -25.1223 9.27
      vertex -9.52702 -24.1801 8.5
      vertex 0 -24.3213 8.5
    endloop
  endfacet
  facet normal 0.857786 -0.514008 0
    outer loop
      vertex 16.8311 -20.7808 9.3
      vertex 21.7565 -12.5612 9.27
      vertex 21.7565 -12.5612 9.3
    endloop
  endfacet
  facet normal 0.857786 -0.514008 0
    outer loop
      vertex 21.7565 -12.5612 9.27
      vertex 16.8311 -20.7808 9.3
      vertex 16.8311 -20.7808 9.27
    endloop
  endfacet
  facet normal 0.599774 0.3594 -0.714914
    outer loop
      vertex 21.7565 12.5612 9.27
      vertex 16.177 20.3407 8.5
      vertex 16.8311 20.7808 9.27
    endloop
  endfacet
  facet normal -0.0162485 0.999868 0
    outer loop
      vertex 0 25.1223 9.27
      vertex -9.58113 24.9666 9.3
      vertex 0 25.1223 9.3
    endloop
  endfacet
  facet normal -0.0162485 0.999868 0
    outer loop
      vertex -9.58113 24.9666 9.3
      vertex 0 25.1223 9.27
      vertex -9.58113 24.9666 9.27
    endloop
  endfacet
  facet normal 0.611095 -0.339701 -0.714959
    outer loop
      vertex 26.4123 -4.18579 9.27
      vertex 21.7565 -12.5612 9.27
      vertex 25.704 -3.83937 8.5
    endloop
  endfacet
  facet normal 0.735979 0 -0.677005
    outer loop
      vertex 26.4123 4.18579 9.27
      vertex 25.704 -3.83937 8.5
      vertex 25.704 3.83937 8.5
    endloop
  endfacet
  facet normal 0.735979 0 -0.677005
    outer loop
      vertex 25.704 -3.83937 8.5
      vertex 26.4123 4.18579 9.27
      vertex 26.4123 -4.18579 9.27
    endloop
  endfacet
  facet normal -0.869154 0.47922 -0.122146
    outer loop
      vertex -26.4165 4.18579 9.3
      vertex -26.6793 4.18579 11.17
      vertex -21.9878 12.6947 11.17
    endloop
  endfacet
  facet normal -0.865559 0.481086 -0.139153
    outer loop
      vertex -21.7602 12.5633 9.3
      vertex -26.4165 4.18579 9.3
      vertex -21.9878 12.6947 11.17
    endloop
  endfacet
  facet normal -0.499995 -0.866029 0
    outer loop
      vertex -16.9646 -21.0121 11.17
      vertex -9.71465 -25.1978 11.2
      vertex -16.9646 -21.0121 11.2
    endloop
  endfacet
  facet normal -0.499995 -0.866029 -0
    outer loop
      vertex -9.71465 -25.1978 11.2
      vertex -16.9646 -21.0121 11.17
      vertex -9.71465 -25.1978 11.17
    endloop
  endfacet
  facet normal 0.856002 -0.516973 0
    outer loop
      vertex 16.9646 -21.0121 11.2
      vertex 21.9878 -12.6947 11.17
      vertex 21.9878 -12.6947 11.2
    endloop
  endfacet
  facet normal 0.856002 -0.516973 0
    outer loop
      vertex 21.9878 -12.6947 11.17
      vertex 16.9646 -21.0121 11.2
      vertex 16.9646 -21.0121 11.17
    endloop
  endfacet
  facet normal -0.849411 0.509056 -0.139153
    outer loop
      vertex -21.7602 12.5633 9.3
      vertex -21.9878 12.6947 11.17
      vertex -16.8332 20.7845 9.3
    endloop
  endfacet
  facet normal -1 0 0
    outer loop
      vertex -26.6793 -4.18579 11.17
      vertex -26.6793 4.18579 11.2
      vertex -26.6793 4.18579 11.17
    endloop
  endfacet
  facet normal -1 -0 0
    outer loop
      vertex -26.6793 4.18579 11.2
      vertex -26.6793 -4.18579 11.17
      vertex -26.6793 -4.18579 11.2
    endloop
  endfacet
  facet normal 0.990269 0 -0.139167
    outer loop
      vertex 26.6793 -4.18579 11.17
      vertex 26.4165 4.18579 9.3
      vertex 26.6793 4.18579 11.17
    endloop
  endfacet
  facet normal 0.990269 0 -0.139167
    outer loop
      vertex 26.4165 4.18579 9.3
      vertex 26.6793 -4.18579 11.17
      vertex 26.4165 -4.18579 9.3
    endloop
  endfacet
  facet normal 0.856002 0.516973 0
    outer loop
      vertex 21.9878 12.6947 11.2
      vertex 16.9646 21.0121 11.17
      vertex 16.9646 21.0121 11.2
    endloop
  endfacet
  facet normal 0.856002 0.516973 0
    outer loop
      vertex 16.9646 21.0121 11.17
      vertex 21.9878 12.6947 11.2
      vertex 21.9878 12.6947 11.17
    endloop
  endfacet
  facet normal -0.0197087 0.999806 0
    outer loop
      vertex 0 25.3893 11.17
      vertex -9.71465 25.1978 11.2
      vertex 0 25.3893 11.2
    endloop
  endfacet
  facet normal -0.0197087 0.999806 0
    outer loop
      vertex -9.71465 25.1978 11.2
      vertex 0 25.3893 11.17
      vertex -9.71465 25.1978 11.17
    endloop
  endfacet
  facet normal 0.875711 0.482835 0
    outer loop
      vertex 26.6793 4.18579 11.2
      vertex 21.9878 12.6947 11.17
      vertex 21.9878 12.6947 11.2
    endloop
  endfacet
  facet normal 0.875711 0.482835 0
    outer loop
      vertex 21.9878 12.6947 11.17
      vertex 26.6793 4.18579 11.2
      vertex 26.6793 4.18579 11.17
    endloop
  endfacet
  facet normal 0.0161489 -0.99014 -0.139149
    outer loop
      vertex 9.58324 -24.9702 9.3
      vertex 0 -25.3893 11.17
      vertex 0 -25.1265 9.3
    endloop
  endfacet
  facet normal -0.875711 0.482835 0
    outer loop
      vertex -26.6793 4.18579 11.17
      vertex -21.9878 12.6947 11.2
      vertex -21.9878 12.6947 11.17
    endloop
  endfacet
  facet normal -0.875711 0.482835 0
    outer loop
      vertex -21.9878 12.6947 11.2
      vertex -26.6793 4.18579 11.17
      vertex -26.6793 4.18579 11.2
    endloop
  endfacet
  facet normal -0.849592 -0.513101 -0.122149
    outer loop
      vertex -16.9646 -21.0121 11.17
      vertex -21.9878 -12.6947 11.17
      vertex -16.8332 -20.7845 9.3
    endloop
  endfacet
  facet normal -0.849592 0.513101 -0.122149
    outer loop
      vertex -16.8332 20.7845 9.3
      vertex -21.9878 12.6947 11.17
      vertex -16.9646 21.0121 11.17
    endloop
  endfacet
  facet normal 0.0161489 0.99014 -0.139149
    outer loop
      vertex 9.58324 24.9702 9.3
      vertex 0 25.1265 9.3
      vertex 0 25.3893 11.17
    endloop
  endfacet
  facet normal 0.849411 0.509056 -0.139153
    outer loop
      vertex 21.7602 12.5633 9.3
      vertex 16.8332 20.7845 9.3
      vertex 21.9878 12.6947 11.17
    endloop
  endfacet
  facet normal -0.875711 -0.482835 0
    outer loop
      vertex -21.9878 -12.6947 11.17
      vertex -26.6793 -4.18579 11.2
      vertex -26.6793 -4.18579 11.17
    endloop
  endfacet
  facet normal -0.875711 -0.482835 0
    outer loop
      vertex -26.6793 -4.18579 11.2
      vertex -21.9878 -12.6947 11.17
      vertex -21.9878 -12.6947 11.2
    endloop
  endfacet
  facet normal -0.495129 -0.857601 -0.139171
    outer loop
      vertex -16.8332 -20.7845 9.3
      vertex -9.71465 -25.1978 11.17
      vertex -16.9646 -21.0121 11.17
    endloop
  endfacet
  facet normal -0.495128 -0.857601 -0.139174
    outer loop
      vertex -9.71465 -25.1978 11.17
      vertex -16.8332 -20.7845 9.3
      vertex -9.58324 -24.9702 9.3
    endloop
  endfacet
  facet normal -0.0161489 -0.99014 -0.139149
    outer loop
      vertex 0 -25.3893 11.17
      vertex -9.58324 -24.9702 9.3
      vertex 0 -25.1265 9.3
    endloop
  endfacet
  facet normal 0.869154 0.47922 -0.122146
    outer loop
      vertex 26.4165 4.18579 9.3
      vertex 21.9878 12.6947 11.17
      vertex 26.6793 4.18579 11.17
    endloop
  endfacet
  facet normal -0.495128 0.857601 -0.139174
    outer loop
      vertex -16.8332 20.7845 9.3
      vertex -9.71465 25.1978 11.17
      vertex -9.58324 24.9702 9.3
    endloop
  endfacet
  facet normal -0.495129 0.857601 -0.139171
    outer loop
      vertex -9.71465 25.1978 11.17
      vertex -16.8332 20.7845 9.3
      vertex -16.9646 21.0121 11.17
    endloop
  endfacet
  facet normal 0.0197087 -0.999806 0
    outer loop
      vertex 0 -25.3893 11.17
      vertex 9.71465 -25.1978 11.2
      vertex 0 -25.3893 11.2
    endloop
  endfacet
  facet normal 0.0197087 -0.999806 0
    outer loop
      vertex 9.71465 -25.1978 11.2
      vertex 0 -25.3893 11.17
      vertex 9.71465 -25.1978 11.17
    endloop
  endfacet
  facet normal 0 0 -1
    outer loop
      vertex 26.6835 -4.18579 11.2
      vertex 26.6793 -4.18579 11.2
      vertex 26.6835 4.18579 11.2
    endloop
  endfacet
  facet normal 0 0 -1
    outer loop
      vertex 21.9915 -12.6968 11.2
      vertex 26.6793 -4.18579 11.2
      vertex 26.6835 -4.18579 11.2
    endloop
  endfacet
  facet normal 0 0 -1
    outer loop
      vertex 21.9915 -12.6968 11.2
      vertex 21.9878 -12.6947 11.2
      vertex 26.6793 -4.18579 11.2
    endloop
  endfacet
  facet normal 0 0 -1
    outer loop
      vertex 16.9646 -21.0121 11.2
      vertex 21.9915 -12.6968 11.2
      vertex 16.9668 -21.0157 11.2
    endloop
  endfacet
  facet normal -0 0 -1
    outer loop
      vertex 21.9915 -12.6968 11.2
      vertex 16.9646 -21.0121 11.2
      vertex 21.9878 -12.6947 11.2
    endloop
  endfacet
  facet normal 0 0 -1
    outer loop
      vertex 9.71675 -25.2015 11.2
      vertex 16.9646 -21.0121 11.2
      vertex 16.9668 -21.0157 11.2
    endloop
  endfacet
  facet normal 0 0 -1
    outer loop
      vertex 9.71675 -25.2015 11.2
      vertex 9.71465 -25.1978 11.2
      vertex 16.9646 -21.0121 11.2
    endloop
  endfacet
  facet normal 0 0 -1
    outer loop
      vertex 0 -25.3935 11.2
      vertex 9.71465 -25.1978 11.2
      vertex 9.71675 -25.2015 11.2
    endloop
  endfacet
  facet normal 0 0 -1
    outer loop
      vertex 0 -25.3935 11.2
      vertex 0 -25.3893 11.2
      vertex 9.71465 -25.1978 11.2
    endloop
  endfacet
  facet normal 0 0 -1
    outer loop
      vertex 0 -25.3935 11.2
      vertex -9.71465 -25.1978 11.2
      vertex 0 -25.3893 11.2
    endloop
  endfacet
  facet normal 0 0 -1
    outer loop
      vertex -9.71675 -25.2015 11.2
      vertex -9.71465 -25.1978 11.2
      vertex 0 -25.3935 11.2
    endloop
  endfacet
  facet normal 0 0 -1
    outer loop
      vertex -9.71675 -25.2015 11.2
      vertex -16.9646 -21.0121 11.2
      vertex -9.71465 -25.1978 11.2
    endloop
  endfacet
  facet normal 0 0 -1
    outer loop
      vertex -16.9668 -21.0157 11.2
      vertex -16.9646 -21.0121 11.2
      vertex -9.71675 -25.2015 11.2
    endloop
  endfacet
  facet normal 0 0 -1
    outer loop
      vertex -21.9915 -12.6968 11.2
      vertex -16.9646 -21.0121 11.2
      vertex -16.9668 -21.0157 11.2
    endloop
  endfacet
  facet normal 0 0 -1
    outer loop
      vertex -16.9646 -21.0121 11.2
      vertex -21.9915 -12.6968 11.2
      vertex -21.9878 -12.6947 11.2
    endloop
  endfacet
  facet normal 0 0 -1
    outer loop
      vertex -21.9915 -12.6968 11.2
      vertex -26.6793 -4.18579 11.2
      vertex -21.9878 -12.6947 11.2
    endloop
  endfacet
  facet normal 0 0 -1
    outer loop
      vertex -26.6793 -4.18579 11.2
      vertex -26.6835 -4.18579 11.2
      vertex -26.6793 4.18579 11.2
    endloop
  endfacet
  facet normal 0 0 -1
    outer loop
      vertex -26.6835 -4.18579 11.2
      vertex -26.6793 -4.18579 11.2
      vertex -21.9915 -12.6968 11.2
    endloop
  endfacet
  facet normal 0 0 -1
    outer loop
      vertex 26.6793 4.18579 11.2
      vertex 26.6835 4.18579 11.2
      vertex 26.6793 -4.18579 11.2
    endloop
  endfacet
  facet normal 0 0 -1
    outer loop
      vertex 26.6793 4.18579 11.2
      vertex 21.9915 12.6968 11.2
      vertex 26.6835 4.18579 11.2
    endloop
  endfacet
  facet normal 0 0 -1
    outer loop
      vertex 21.9878 12.6947 11.2
      vertex 21.9915 12.6968 11.2
      vertex 26.6793 4.18579 11.2
    endloop
  endfacet
  facet normal 0 0 -1
    outer loop
      vertex 16.9646 21.0121 11.2
      vertex 21.9915 12.6968 11.2
      vertex 21.9878 12.6947 11.2
    endloop
  endfacet
  facet normal 0 0 -1
    outer loop
      vertex 21.9915 12.6968 11.2
      vertex 16.9646 21.0121 11.2
      vertex 16.9668 21.0157 11.2
    endloop
  endfacet
  facet normal 0 0 -1
    outer loop
      vertex 16.9646 21.0121 11.2
      vertex 9.71675 25.2015 11.2
      vertex 16.9668 21.0157 11.2
    endloop
  endfacet
  facet normal 0 0 -1
    outer loop
      vertex 9.71465 25.1978 11.2
      vertex 9.71675 25.2015 11.2
      vertex 16.9646 21.0121 11.2
    endloop
  endfacet
  facet normal 0 0 -1
    outer loop
      vertex 0 25.3935 11.2
      vertex 9.71465 25.1978 11.2
      vertex 0 25.3893 11.2
    endloop
  endfacet
  facet normal 0 0 -1
    outer loop
      vertex 9.71465 25.1978 11.2
      vertex 0 25.3935 11.2
      vertex 9.71675 25.2015 11.2
    endloop
  endfacet
  facet normal 0 0 -1
    outer loop
      vertex -9.71465 25.1978 11.2
      vertex 0 25.3935 11.2
      vertex 0 25.3893 11.2
    endloop
  endfacet
  facet normal 0 0 -1
    outer loop
      vertex -9.71465 25.1978 11.2
      vertex -9.71675 25.2015 11.2
      vertex 0 25.3935 11.2
    endloop
  endfacet
  facet normal 0 0 -1
    outer loop
      vertex -16.9646 21.0121 11.2
      vertex -9.71675 25.2015 11.2
      vertex -9.71465 25.1978 11.2
    endloop
  endfacet
  facet normal 0 0 -1
    outer loop
      vertex -16.9646 21.0121 11.2
      vertex -16.9668 21.0157 11.2
      vertex -9.71675 25.2015 11.2
    endloop
  endfacet
  facet normal 0 0 -1
    outer loop
      vertex -21.9915 12.6968 11.2
      vertex -16.9646 21.0121 11.2
      vertex -21.9878 12.6947 11.2
    endloop
  endfacet
  facet normal -0 0 -1
    outer loop
      vertex -16.9646 21.0121 11.2
      vertex -21.9915 12.6968 11.2
      vertex -16.9668 21.0157 11.2
    endloop
  endfacet
  facet normal 0 0 -1
    outer loop
      vertex -26.6793 4.18579 11.2
      vertex -21.9915 12.6968 11.2
      vertex -21.9878 12.6947 11.2
    endloop
  endfacet
  facet normal 0 0 -1
    outer loop
      vertex -26.6793 4.18579 11.2
      vertex -26.6835 4.18579 11.2
      vertex -21.9915 12.6968 11.2
    endloop
  endfacet
  facet normal 0 0 -1
    outer loop
      vertex -26.6835 4.18579 11.2
      vertex -26.6793 4.18579 11.2
      vertex -26.6835 -4.18579 11.2
    endloop
  endfacet
  facet normal 0.0195611 0.992319 -0.122151
    outer loop
      vertex 9.58324 24.9702 9.3
      vertex 0 25.3893 11.17
      vertex 9.71465 25.1978 11.17
    endloop
  endfacet
  facet normal -0.869154 -0.47922 -0.122146
    outer loop
      vertex -21.9878 -12.6947 11.17
      vertex -26.6793 -4.18579 11.17
      vertex -26.4165 -4.18579 9.3
    endloop
  endfacet
  facet normal 0.865559 0.481086 -0.139153
    outer loop
      vertex 26.4165 4.18579 9.3
      vertex 21.7602 12.5633 9.3
      vertex 21.9878 12.6947 11.17
    endloop
  endfacet
  facet normal -0.856002 -0.516973 0
    outer loop
      vertex -16.9646 -21.0121 11.17
      vertex -21.9878 -12.6947 11.2
      vertex -21.9878 -12.6947 11.17
    endloop
  endfacet
  facet normal -0.856002 -0.516973 0
    outer loop
      vertex -21.9878 -12.6947 11.2
      vertex -16.9646 -21.0121 11.17
      vertex -16.9646 -21.0121 11.2
    endloop
  endfacet
  facet normal 0.849411 -0.509056 -0.139153
    outer loop
      vertex 21.9878 -12.6947 11.17
      vertex 16.8332 -20.7845 9.3
      vertex 21.7602 -12.5633 9.3
    endloop
  endfacet
  facet normal -0.0197087 -0.999806 0
    outer loop
      vertex -9.71465 -25.1978 11.17
      vertex 0 -25.3893 11.2
      vertex -9.71465 -25.1978 11.2
    endloop
  endfacet
  facet normal -0.0197087 -0.999806 -0
    outer loop
      vertex 0 -25.3893 11.2
      vertex -9.71465 -25.1978 11.17
      vertex 0 -25.3893 11.17
    endloop
  endfacet
  facet normal -0.499995 0.866029 0
    outer loop
      vertex -9.71465 25.1978 11.17
      vertex -16.9646 21.0121 11.2
      vertex -9.71465 25.1978 11.2
    endloop
  endfacet
  facet normal -0.499995 0.866029 0
    outer loop
      vertex -16.9646 21.0121 11.2
      vertex -9.71465 25.1978 11.17
      vertex -16.9646 21.0121 11.17
    endloop
  endfacet
  facet normal -0.856002 0.516973 0
    outer loop
      vertex -21.9878 12.6947 11.17
      vertex -16.9646 21.0121 11.2
      vertex -16.9646 21.0121 11.17
    endloop
  endfacet
  facet normal -0.856002 0.516973 0
    outer loop
      vertex -16.9646 21.0121 11.2
      vertex -21.9878 12.6947 11.17
      vertex -21.9878 12.6947 11.2
    endloop
  endfacet
  facet normal 1 -0 0
    outer loop
      vertex 26.6793 -4.18579 11.2
      vertex 26.6793 4.18579 11.17
      vertex 26.6793 4.18579 11.2
    endloop
  endfacet
  facet normal 1 0 0
    outer loop
      vertex 26.6793 4.18579 11.17
      vertex 26.6793 -4.18579 11.2
      vertex 26.6793 -4.18579 11.17
    endloop
  endfacet
  facet normal -0.849411 -0.509056 -0.139153
    outer loop
      vertex -16.8332 -20.7845 9.3
      vertex -21.9878 -12.6947 11.17
      vertex -21.7602 -12.5633 9.3
    endloop
  endfacet
  facet normal -0.0195611 -0.992319 -0.122151
    outer loop
      vertex 0 -25.3893 11.17
      vertex -9.71465 -25.1978 11.17
      vertex -9.58324 -24.9702 9.3
    endloop
  endfacet
  facet normal -0.990269 0 -0.139167
    outer loop
      vertex -26.4165 -4.18579 9.3
      vertex -26.6793 4.18579 11.17
      vertex -26.4165 4.18579 9.3
    endloop
  endfacet
  facet normal -0.990269 -0 -0.139167
    outer loop
      vertex -26.6793 4.18579 11.17
      vertex -26.4165 -4.18579 9.3
      vertex -26.6793 -4.18579 11.17
    endloop
  endfacet
  facet normal 0.499995 -0.866029 0
    outer loop
      vertex 9.71465 -25.1978 11.17
      vertex 16.9646 -21.0121 11.2
      vertex 9.71465 -25.1978 11.2
    endloop
  endfacet
  facet normal 0.499995 -0.866029 0
    outer loop
      vertex 16.9646 -21.0121 11.2
      vertex 9.71465 -25.1978 11.17
      vertex 16.9646 -21.0121 11.17
    endloop
  endfacet
  facet normal 0.0197087 0.999806 -0
    outer loop
      vertex 9.71465 25.1978 11.17
      vertex 0 25.3893 11.2
      vertex 9.71465 25.1978 11.2
    endloop
  endfacet
  facet normal 0.0197087 0.999806 0
    outer loop
      vertex 0 25.3893 11.2
      vertex 9.71465 25.1978 11.17
      vertex 0 25.3893 11.17
    endloop
  endfacet
  facet normal 0.495128 -0.857601 -0.139174
    outer loop
      vertex 16.8332 -20.7845 9.3
      vertex 9.71465 -25.1978 11.17
      vertex 9.58324 -24.9702 9.3
    endloop
  endfacet
  facet normal 0.495129 -0.857601 -0.139171
    outer loop
      vertex 9.71465 -25.1978 11.17
      vertex 16.8332 -20.7845 9.3
      vertex 16.9646 -21.0121 11.17
    endloop
  endfacet
  facet normal -0.0195611 0.992319 -0.122151
    outer loop
      vertex -9.58324 24.9702 9.3
      vertex -9.71465 25.1978 11.17
      vertex 0 25.3893 11.17
    endloop
  endfacet
  facet normal 0.849592 0.513101 -0.122149
    outer loop
      vertex 21.9878 12.6947 11.17
      vertex 16.8332 20.7845 9.3
      vertex 16.9646 21.0121 11.17
    endloop
  endfacet
  facet normal 0.0195611 -0.992319 -0.122151
    outer loop
      vertex 9.71465 -25.1978 11.17
      vertex 0 -25.3893 11.17
      vertex 9.58324 -24.9702 9.3
    endloop
  endfacet
  facet normal -0.865559 -0.481086 -0.139153
    outer loop
      vertex -21.9878 -12.6947 11.17
      vertex -26.4165 -4.18579 9.3
      vertex -21.7602 -12.5633 9.3
    endloop
  endfacet
  facet normal -0.0161489 0.99014 -0.139149
    outer loop
      vertex 0 25.1265 9.3
      vertex -9.58324 24.9702 9.3
      vertex 0 25.3893 11.17
    endloop
  endfacet
  facet normal 0.849592 -0.513101 -0.122149
    outer loop
      vertex 16.9646 -21.0121 11.17
      vertex 16.8332 -20.7845 9.3
      vertex 21.9878 -12.6947 11.17
    endloop
  endfacet
  facet normal 0.865559 -0.481086 -0.139153
    outer loop
      vertex 21.9878 -12.6947 11.17
      vertex 21.7602 -12.5633 9.3
      vertex 26.4165 -4.18579 9.3
    endloop
  endfacet
  facet normal 0.499995 0.866029 -0
    outer loop
      vertex 16.9646 21.0121 11.17
      vertex 9.71465 25.1978 11.2
      vertex 16.9646 21.0121 11.2
    endloop
  endfacet
  facet normal 0.499995 0.866029 0
    outer loop
      vertex 9.71465 25.1978 11.2
      vertex 16.9646 21.0121 11.17
      vertex 9.71465 25.1978 11.17
    endloop
  endfacet
  facet normal 0.495129 0.857601 -0.139171
    outer loop
      vertex 16.8332 20.7845 9.3
      vertex 9.71465 25.1978 11.17
      vertex 16.9646 21.0121 11.17
    endloop
  endfacet
  facet normal 0.495128 0.857601 -0.139174
    outer loop
      vertex 9.71465 25.1978 11.17
      vertex 16.8332 20.7845 9.3
      vertex 9.58324 24.9702 9.3
    endloop
  endfacet
  facet normal 0.869154 -0.47922 -0.122146
    outer loop
      vertex 26.6793 -4.18579 11.17
      vertex 21.9878 -12.6947 11.17
      vertex 26.4165 -4.18579 9.3
    endloop
  endfacet
  facet normal 0.875711 -0.482835 0
    outer loop
      vertex 21.9878 -12.6947 11.2
      vertex 26.6793 -4.18579 11.17
      vertex 26.6793 -4.18579 11.2
    endloop
  endfacet
  facet normal 0.875711 -0.482835 0
    outer loop
      vertex 26.6793 -4.18579 11.17
      vertex 21.9878 -12.6947 11.2
      vertex 21.9878 -12.6947 11.17
    endloop
  endfacet
  facet normal -0.0166236 -0.841291 0.540327
    outer loop
      vertex 0 -24.2567 13
      vertex -9.71675 -25.2015 11.23
      vertex 0 -25.3935 11.23
    endloop
  endfacet
  facet normal 0.720239 0.435031 0.540374
    outer loop
      vertex 21.9915 12.6968 11.23
      vertex 16.9668 21.0157 11.23
      vertex 21.0069 12.1283 13
    endloop
  endfacet
  facet normal -0.0166236 0.841291 0.540327
    outer loop
      vertex 0 25.3935 11.23
      vertex -9.71675 25.2015 11.23
      vertex 0 24.2567 13
    endloop
  endfacet
  facet normal 0.499998 -0.866026 0
    outer loop
      vertex 9.71675 -25.2015 11.2
      vertex 16.9668 -21.0157 11.23
      vertex 9.71675 -25.2015 11.23
    endloop
  endfacet
  facet normal 0.499998 -0.866026 0
    outer loop
      vertex 16.9668 -21.0157 11.23
      vertex 9.71675 -25.2015 11.2
      vertex 16.9668 -21.0157 11.2
    endloop
  endfacet
  facet normal -0.732381 -0.400772 0.550454
    outer loop
      vertex -25.7323 -3.49297 13
      vertex -26.6835 -4.18579 11.23
      vertex -21.0069 -12.1283 13
    endloop
  endfacet
  facet normal -1 0 0
    outer loop
      vertex -26.6835 -4.18579 11.2
      vertex -26.6835 4.18579 11.23
      vertex -26.6835 4.18579 11.2
    endloop
  endfacet
  facet normal -1 -0 0
    outer loop
      vertex -26.6835 4.18579 11.23
      vertex -26.6835 -4.18579 11.2
      vertex -26.6835 -4.18579 11.23
    endloop
  endfacet
  facet normal 0.440432 -0.76284 0.473387
    outer loop
      vertex 9.84113 -24.0313 13
      vertex 9.71675 -25.2015 11.23
      vertex 15.8911 -20.5383 13
    endloop
  endfacet
  facet normal -0.0197558 0.999805 0
    outer loop
      vertex 0 25.3935 11.2
      vertex -9.71675 25.2015 11.23
      vertex 0 25.3935 11.23
    endloop
  endfacet
  facet normal -0.0197558 0.999805 0
    outer loop
      vertex -9.71675 25.2015 11.23
      vertex 0 25.3935 11.2
      vertex -9.71675 25.2015 11.2
    endloop
  endfacet
  facet normal 0.87574 0.482783 0
    outer loop
      vertex 26.6835 4.18579 11.23
      vertex 21.9915 12.6968 11.2
      vertex 21.9915 12.6968 11.23
    endloop
  endfacet
  facet normal 0.87574 0.482783 0
    outer loop
      vertex 21.9915 12.6968 11.2
      vertex 26.6835 4.18579 11.23
      vertex 26.6835 4.18579 11.2
    endloop
  endfacet
  facet normal -0.499998 -0.866026 0
    outer loop
      vertex -16.9668 -21.0157 11.2
      vertex -9.71675 -25.2015 11.23
      vertex -16.9668 -21.0157 11.23
    endloop
  endfacet
  facet normal -0.499998 -0.866026 -0
    outer loop
      vertex -9.71675 -25.2015 11.23
      vertex -16.9668 -21.0157 11.2
      vertex -9.71675 -25.2015 11.2
    endloop
  endfacet
  facet normal 0.73687 0.406226 0.540374
    outer loop
      vertex 21.9915 12.6968 11.23
      vertex 21.0069 12.1283 13
      vertex 26.6835 4.18579 11.23
    endloop
  endfacet
  facet normal 0.0166236 0.841291 0.540327
    outer loop
      vertex 0 25.3935 11.23
      vertex 0 24.2567 13
      vertex 9.71675 25.2015 11.23
    endloop
  endfacet
  facet normal -0.0191165 0.834641 0.550463
    outer loop
      vertex -9.71675 25.2015 11.23
      vertex -9.84113 24.0313 13
      vertex 0 24.2567 13
    endloop
  endfacet
  facet normal -0.720239 -0.435031 0.540374
    outer loop
      vertex -21.0069 -12.1283 13
      vertex -21.9915 -12.6968 11.23
      vertex -16.9668 -21.0157 11.23
    endloop
  endfacet
  facet normal 0.713246 0.433867 0.55049
    outer loop
      vertex 16.9668 21.0157 11.23
      vertex 15.8911 20.5383 13
      vertex 21.0069 12.1283 13
    endloop
  endfacet
  facet normal -0.499998 0.866026 0
    outer loop
      vertex -9.71675 25.2015 11.2
      vertex -16.9668 21.0157 11.23
      vertex -9.71675 25.2015 11.23
    endloop
  endfacet
  facet normal -0.499998 0.866026 0
    outer loop
      vertex -16.9668 21.0157 11.23
      vertex -9.71675 25.2015 11.2
      vertex -16.9668 21.0157 11.2
    endloop
  endfacet
  facet normal 0.440432 0.76284 0.473387
    outer loop
      vertex 15.8911 20.5383 13
      vertex 9.71675 25.2015 11.23
      vertex 9.84113 24.0313 13
    endloop
  endfacet
  facet normal 0.0191165 0.834641 0.550463
    outer loop
      vertex 9.71675 25.2015 11.23
      vertex 0 24.2567 13
      vertex 9.84113 24.0313 13
    endloop
  endfacet
  facet normal 1 -0 0
    outer loop
      vertex 26.6835 -4.18579 11.23
      vertex 26.6835 4.18579 11.2
      vertex 26.6835 4.18579 11.23
    endloop
  endfacet
  facet normal 1 0 0
    outer loop
      vertex 26.6835 4.18579 11.2
      vertex 26.6835 -4.18579 11.23
      vertex 26.6835 -4.18579 11.2
    endloop
  endfacet
  facet normal 0.732381 0.400772 0.550454
    outer loop
      vertex 26.6835 4.18579 11.23
      vertex 21.0069 12.1283 13
      vertex 25.7323 3.49297 13
    endloop
  endfacet
  facet normal -0.87574 0.482783 0
    outer loop
      vertex -26.6835 4.18579 11.2
      vertex -21.9915 12.6968 11.23
      vertex -21.9915 12.6968 11.2
    endloop
  endfacet
  facet normal -0.87574 0.482783 0
    outer loop
      vertex -21.9915 12.6968 11.23
      vertex -26.6835 4.18579 11.2
      vertex -26.6835 4.18579 11.23
    endloop
  endfacet
  facet normal -0.0191165 -0.834641 0.550463
    outer loop
      vertex 0 -24.2567 13
      vertex -9.84113 -24.0313 13
      vertex -9.71675 -25.2015 11.23
    endloop
  endfacet
  facet normal 0.732381 -0.400772 0.550454
    outer loop
      vertex 25.7323 -3.49297 13
      vertex 21.0069 -12.1283 13
      vertex 26.6835 -4.18579 11.23
    endloop
  endfacet
  facet normal -0.73687 -0.406226 0.540374
    outer loop
      vertex -21.0069 -12.1283 13
      vertex -26.6835 -4.18579 11.23
      vertex -21.9915 -12.6968 11.23
    endloop
  endfacet
  facet normal 0.0166236 -0.841291 0.540327
    outer loop
      vertex 0 -24.2567 13
      vertex 0 -25.3935 11.23
      vertex 9.71675 -25.2015 11.23
    endloop
  endfacet
  facet normal 0.855975 0.517017 0
    outer loop
      vertex 21.9915 12.6968 11.23
      vertex 16.9668 21.0157 11.2
      vertex 16.9668 21.0157 11.23
    endloop
  endfacet
  facet normal 0.855975 0.517017 0
    outer loop
      vertex 16.9668 21.0157 11.2
      vertex 21.9915 12.6968 11.23
      vertex 21.9915 12.6968 11.2
    endloop
  endfacet
  facet normal -0.440432 0.76284 0.473387
    outer loop
      vertex -9.71675 25.2015 11.23
      vertex -15.8911 20.5383 13
      vertex -9.84113 24.0313 13
    endloop
  endfacet
  facet normal 0.0197558 0.999805 -0
    outer loop
      vertex 9.71675 25.2015 11.2
      vertex 0 25.3935 11.23
      vertex 9.71675 25.2015 11.23
    endloop
  endfacet
  facet normal 0.0197558 0.999805 0
    outer loop
      vertex 0 25.3935 11.23
      vertex 9.71675 25.2015 11.2
      vertex 0 25.3935 11.2
    endloop
  endfacet
  facet normal -0.0197558 -0.999805 0
    outer loop
      vertex -9.71675 -25.2015 11.2
      vertex 0 -25.3935 11.23
      vertex -9.71675 -25.2015 11.23
    endloop
  endfacet
  facet normal -0.0197558 -0.999805 -0
    outer loop
      vertex 0 -25.3935 11.23
      vertex -9.71675 -25.2015 11.2
      vertex 0 -25.3935 11.2
    endloop
  endfacet
  facet normal -0.855975 -0.517017 0
    outer loop
      vertex -16.9668 -21.0157 11.2
      vertex -21.9915 -12.6968 11.23
      vertex -21.9915 -12.6968 11.2
    endloop
  endfacet
  facet normal -0.855975 -0.517017 0
    outer loop
      vertex -21.9915 -12.6968 11.23
      vertex -16.9668 -21.0157 11.2
      vertex -16.9668 -21.0157 11.23
    endloop
  endfacet
  facet normal 0.713246 -0.433867 0.55049
    outer loop
      vertex 21.0069 -12.1283 13
      vertex 15.8911 -20.5383 13
      vertex 16.9668 -21.0157 11.23
    endloop
  endfacet
  facet normal 0.855975 -0.517017 0
    outer loop
      vertex 16.9668 -21.0157 11.23
      vertex 21.9915 -12.6968 11.2
      vertex 21.9915 -12.6968 11.23
    endloop
  endfacet
  facet normal 0.855975 -0.517017 0
    outer loop
      vertex 21.9915 -12.6968 11.2
      vertex 16.9668 -21.0157 11.23
      vertex 16.9668 -21.0157 11.2
    endloop
  endfacet
  facet normal -0.713246 -0.433867 0.55049
    outer loop
      vertex -15.8911 -20.5383 13
      vertex -21.0069 -12.1283 13
      vertex -16.9668 -21.0157 11.23
    endloop
  endfacet
  facet normal -0.44042 -0.762833 0.47341
    outer loop
      vertex -15.8911 -20.5383 13
      vertex -16.9668 -21.0157 11.23
      vertex -9.71675 -25.2015 11.23
    endloop
  endfacet
  facet normal 0.0191165 -0.834641 0.550463
    outer loop
      vertex 9.84113 -24.0313 13
      vertex 0 -24.2567 13
      vertex 9.71675 -25.2015 11.23
    endloop
  endfacet
  facet normal 0.880861 -0 0.473376
    outer loop
      vertex 25.7323 -3.49297 13
      vertex 26.6835 4.18579 11.23
      vertex 25.7323 3.49297 13
    endloop
  endfacet
  facet normal 0.880861 0 0.473376
    outer loop
      vertex 26.6835 4.18579 11.23
      vertex 25.7323 -3.49297 13
      vertex 26.6835 -4.18579 11.23
    endloop
  endfacet
  facet normal 0.73687 -0.406226 0.540374
    outer loop
      vertex 26.6835 -4.18579 11.23
      vertex 21.0069 -12.1283 13
      vertex 21.9915 -12.6968 11.23
    endloop
  endfacet
  facet normal 0.87574 -0.482783 0
    outer loop
      vertex 21.9915 -12.6968 11.23
      vertex 26.6835 -4.18579 11.2
      vertex 26.6835 -4.18579 11.23
    endloop
  endfacet
  facet normal 0.87574 -0.482783 0
    outer loop
      vertex 26.6835 -4.18579 11.2
      vertex 21.9915 -12.6968 11.23
      vertex 21.9915 -12.6968 11.2
    endloop
  endfacet
  facet normal 0.499998 0.866026 -0
    outer loop
      vertex 16.9668 21.0157 11.2
      vertex 9.71675 25.2015 11.23
      vertex 16.9668 21.0157 11.23
    endloop
  endfacet
  facet normal 0.499998 0.866026 0
    outer loop
      vertex 9.71675 25.2015 11.23
      vertex 16.9668 21.0157 11.2
      vertex 9.71675 25.2015 11.2
    endloop
  endfacet
  facet normal -0.855975 0.517017 0
    outer loop
      vertex -21.9915 12.6968 11.2
      vertex -16.9668 21.0157 11.23
      vertex -16.9668 21.0157 11.2
    endloop
  endfacet
  facet normal -0.855975 0.517017 0
    outer loop
      vertex -16.9668 21.0157 11.23
      vertex -21.9915 12.6968 11.2
      vertex -21.9915 12.6968 11.23
    endloop
  endfacet
  facet normal -0.713246 0.433867 0.55049
    outer loop
      vertex -16.9668 21.0157 11.23
      vertex -21.0069 12.1283 13
      vertex -15.8911 20.5383 13
    endloop
  endfacet
  facet normal 0.44042 0.762833 0.47341
    outer loop
      vertex 16.9668 21.0157 11.23
      vertex 9.71675 25.2015 11.23
      vertex 15.8911 20.5383 13
    endloop
  endfacet
  facet normal -0.87574 -0.482783 0
    outer loop
      vertex -21.9915 -12.6968 11.2
      vertex -26.6835 -4.18579 11.23
      vertex -26.6835 -4.18579 11.2
    endloop
  endfacet
  facet normal -0.87574 -0.482783 0
    outer loop
      vertex -26.6835 -4.18579 11.23
      vertex -21.9915 -12.6968 11.2
      vertex -21.9915 -12.6968 11.23
    endloop
  endfacet
  facet normal -0.732381 0.400772 0.550454
    outer loop
      vertex -21.0069 12.1283 13
      vertex -26.6835 4.18579 11.23
      vertex -25.7323 3.49297 13
    endloop
  endfacet
  facet normal -0.440432 -0.76284 0.473387
    outer loop
      vertex -9.84113 -24.0313 13
      vertex -15.8911 -20.5383 13
      vertex -9.71675 -25.2015 11.23
    endloop
  endfacet
  facet normal 0.0197558 -0.999805 0
    outer loop
      vertex 0 -25.3935 11.2
      vertex 9.71675 -25.2015 11.23
      vertex 0 -25.3935 11.23
    endloop
  endfacet
  facet normal 0.0197558 -0.999805 0
    outer loop
      vertex 9.71675 -25.2015 11.23
      vertex 0 -25.3935 11.2
      vertex 9.71675 -25.2015 11.2
    endloop
  endfacet
  facet normal 0.720239 -0.435031 0.540374
    outer loop
      vertex 21.0069 -12.1283 13
      vertex 16.9668 -21.0157 11.23
      vertex 21.9915 -12.6968 11.23
    endloop
  endfacet
  facet normal -0.44042 0.762833 0.47341
    outer loop
      vertex -9.71675 25.2015 11.23
      vertex -16.9668 21.0157 11.23
      vertex -15.8911 20.5383 13
    endloop
  endfacet
  facet normal 0 0 1
    outer loop
      vertex -14.0891 -2.45374 13
      vertex -15.4365 -2.45374 13
      vertex -14.9605 -3.73 13
    endloop
  endfacet
  facet normal 0 0 1
    outer loop
      vertex -19.6865 -4.90748 13
      vertex -14.9605 -3.73 13
      vertex -15.4365 -2.45374 13
    endloop
  endfacet
  facet normal 0 0 1
    outer loop
      vertex -25.7323 -3.49297 13
      vertex -19.2105 -6.18373 13
      vertex -19.6865 -4.90748 13
    endloop
  endfacet
  facet normal 0 0 1
    outer loop
      vertex -14.9605 -3.73 13
      vertex -19.6865 -4.90748 13
      vertex -19.2105 -6.18373 13
    endloop
  endfacet
  facet normal 0 0 1
    outer loop
      vertex -14.0932 14.5953 13
      vertex -10.7105 11.0912 13
      vertex -9.84324 12.1415 13
    endloop
  endfacet
  facet normal 0 0 1
    outer loop
      vertex -10.7105 11.0912 13
      vertex -14.0932 14.5953 13
      vertex -14.9605 13.545 13
    endloop
  endfacet
  facet normal 0 0 1
    outer loop
      vertex -9.16956 -10.9747 13
      vertex -10.7105 -11.0912 13
      vertex -9.84324 -12.1415 13
    endloop
  endfacet
  facet normal 0 0 1
    outer loop
      vertex -10.7105 -11.0912 13
      vertex -14.0932 -14.5953 13
      vertex -9.84324 -12.1415 13
    endloop
  endfacet
  facet normal 0 0 1
    outer loop
      vertex -15.8911 -20.5383 13
      vertex -14.0932 -14.5953 13
      vertex -14.9605 -13.545 13
    endloop
  endfacet
  facet normal -0 0 1
    outer loop
      vertex -14.9605 -13.545 13
      vertex -14.0932 -14.5953 13
      vertex -10.7105 -11.0912 13
    endloop
  endfacet
  facet normal 0 0 1
    outer loop
      vertex -9.16956 -10.9747 13
      vertex -5.59324 -14.5953 13
      vertex -4.91956 -13.4284 13
    endloop
  endfacet
  facet normal 0 0 1
    outer loop
      vertex -9.16956 -10.9747 13
      vertex -9.84324 -12.1415 13
      vertex -5.59324 -14.5953 13
    endloop
  endfacet
  facet normal 0 0 1
    outer loop
      vertex -9.16956 -6.06719 13
      vertex -10.7105 -6.18373 13
      vertex -9.16956 -10.9747 13
    endloop
  endfacet
  facet normal 0 0 1
    outer loop
      vertex -10.7105 -11.0912 13
      vertex -9.16956 -10.9747 13
      vertex -10.7105 -6.18373 13
    endloop
  endfacet
  facet normal 0 0 1
    outer loop
      vertex -14.0891 -2.45374 13
      vertex -10.7105 -6.18373 13
      vertex -9.83912 -4.90748 13
    endloop
  endfacet
  facet normal 0 0 1
    outer loop
      vertex -14.0891 -2.45374 13
      vertex -14.9605 -3.73 13
      vertex -10.7105 -6.18373 13
    endloop
  endfacet
  facet normal 0 0 1
    outer loop
      vertex -14.0891 2.45374 13
      vertex -15.4365 2.45374 13
      vertex -14.0891 -2.45374 13
    endloop
  endfacet
  facet normal 0 0 1
    outer loop
      vertex -15.4365 -2.45374 13
      vertex -14.0891 -2.45374 13
      vertex -15.4365 2.45374 13
    endloop
  endfacet
  facet normal -0 0 1
    outer loop
      vertex -19.6865 4.90748 13
      vertex -14.9605 3.73 13
      vertex -19.2105 6.18373 13
    endloop
  endfacet
  facet normal 0 0 1
    outer loop
      vertex -14.9605 3.73 13
      vertex -19.6865 4.90748 13
      vertex -15.4365 2.45374 13
    endloop
  endfacet
  facet normal 0 0 1
    outer loop
      vertex -4.25 -2.45374 13
      vertex -5.58912 -2.45374 13
      vertex -4.91956 -3.61345 13
    endloop
  endfacet
  facet normal 0 0 1
    outer loop
      vertex -5.58912 -2.45374 13
      vertex -9.16956 -6.06719 13
      vertex -4.91956 -3.61345 13
    endloop
  endfacet
  facet normal 0 0 1
    outer loop
      vertex -10.7105 -6.18373 13
      vertex -9.16956 -6.06719 13
      vertex -9.83912 -4.90748 13
    endloop
  endfacet
  facet normal -0 0 1
    outer loop
      vertex -9.83912 -4.90748 13
      vertex -9.16956 -6.06719 13
      vertex -5.58912 -2.45374 13
    endloop
  endfacet
  facet normal 0 0 1
    outer loop
      vertex -4.25 14.8212 13
      vertex -5.59324 14.5953 13
      vertex -4.91956 13.4284 13
    endloop
  endfacet
  facet normal 0 0 1
    outer loop
      vertex -5.59324 14.5953 13
      vertex -9.16956 10.9747 13
      vertex -4.91956 13.4284 13
    endloop
  endfacet
  facet normal -0 0 1
    outer loop
      vertex -10.7105 6.18373 13
      vertex -9.16956 6.06719 13
      vertex -9.16956 10.9747 13
    endloop
  endfacet
  facet normal -0 0 1
    outer loop
      vertex -9.84324 12.1415 13
      vertex -9.16956 10.9747 13
      vertex -5.59324 14.5953 13
    endloop
  endfacet
  facet normal -0 0 1
    outer loop
      vertex -10.7105 11.0912 13
      vertex -9.16956 10.9747 13
      vertex -9.84324 12.1415 13
    endloop
  endfacet
  facet normal 0 0 1
    outer loop
      vertex -9.16956 10.9747 13
      vertex -10.7105 11.0912 13
      vertex -10.7105 6.18373 13
    endloop
  endfacet
  facet normal 0 0 1
    outer loop
      vertex -9.16956 6.06719 13
      vertex -10.7105 6.18373 13
      vertex -9.83912 4.90748 13
    endloop
  endfacet
  facet normal 0 0 1
    outer loop
      vertex -10.7105 6.18373 13
      vertex -14.0891 2.45374 13
      vertex -9.83912 4.90748 13
    endloop
  endfacet
  facet normal 0 0 1
    outer loop
      vertex -15.4365 2.45374 13
      vertex -14.0891 2.45374 13
      vertex -14.9605 3.73 13
    endloop
  endfacet
  facet normal -0 0 1
    outer loop
      vertex -14.9605 3.73 13
      vertex -14.0891 2.45374 13
      vertex -10.7105 6.18373 13
    endloop
  endfacet
  facet normal 0 0 1
    outer loop
      vertex 0.66956 6.06719 13
      vertex -0.66956 6.06719 13
      vertex 0 4.90748 13
    endloop
  endfacet
  facet normal 0 0 1
    outer loop
      vertex -0.66956 6.06719 13
      vertex -4.25 2.45374 13
      vertex 0 4.90748 13
    endloop
  endfacet
  facet normal 0 0 1
    outer loop
      vertex -5.58912 2.45374 13
      vertex -4.25 2.45374 13
      vertex -4.91956 3.61345 13
    endloop
  endfacet
  facet normal -0 0 1
    outer loop
      vertex -4.91956 3.61345 13
      vertex -4.25 2.45374 13
      vertex -0.66956 6.06719 13
    endloop
  endfacet
  facet normal 0 0 1
    outer loop
      vertex 0.66956 -10.9747 13
      vertex -0.66956 -10.9747 13
      vertex 0 -12.3675 13
    endloop
  endfacet
  facet normal 0 0 1
    outer loop
      vertex -4.91956 -13.4284 13
      vertex 0 -12.3675 13
      vertex -0.66956 -10.9747 13
    endloop
  endfacet
  facet normal -0 0 1
    outer loop
      vertex -5.59324 -14.5953 13
      vertex -4.25 -14.8212 13
      vertex -4.91956 -13.4284 13
    endloop
  endfacet
  facet normal 0 0 1
    outer loop
      vertex 0 -12.3675 13
      vertex -4.91956 -13.4284 13
      vertex -4.25 -14.8212 13
    endloop
  endfacet
  facet normal -0 0 1
    outer loop
      vertex 0 -12.3675 13
      vertex 4.91956 -13.4284 13
      vertex 0.66956 -10.9747 13
    endloop
  endfacet
  facet normal 0 0 1
    outer loop
      vertex 4.91956 -13.4284 13
      vertex 0 -12.3675 13
      vertex 4.25 -14.8212 13
    endloop
  endfacet
  facet normal 0 0 1
    outer loop
      vertex 0.66956 -6.06719 13
      vertex -0.66956 -6.06719 13
      vertex 0.66956 -10.9747 13
    endloop
  endfacet
  facet normal 0 0 1
    outer loop
      vertex -0.66956 -10.9747 13
      vertex 0.66956 -10.9747 13
      vertex -0.66956 -6.06719 13
    endloop
  endfacet
  facet normal 0 0 1
    outer loop
      vertex -4.25 -2.45374 13
      vertex -0.66956 -6.06719 13
      vertex 0 -4.90748 13
    endloop
  endfacet
  facet normal 0 0 1
    outer loop
      vertex -4.25 -2.45374 13
      vertex -4.91956 -3.61345 13
      vertex -0.66956 -6.06719 13
    endloop
  endfacet
  facet normal 0 0 1
    outer loop
      vertex -4.25 2.45374 13
      vertex -5.58912 2.45374 13
      vertex -4.25 -2.45374 13
    endloop
  endfacet
  facet normal 0 0 1
    outer loop
      vertex -5.58912 -2.45374 13
      vertex -4.25 -2.45374 13
      vertex -5.58912 2.45374 13
    endloop
  endfacet
  facet normal 0 0 1
    outer loop
      vertex -9.16956 6.06719 13
      vertex -5.58912 2.45374 13
      vertex -4.91956 3.61345 13
    endloop
  endfacet
  facet normal 0 0 1
    outer loop
      vertex -5.58912 2.45374 13
      vertex -9.16956 6.06719 13
      vertex -9.83912 4.90748 13
    endloop
  endfacet
  facet normal 0 0 1
    outer loop
      vertex 5.59324 14.5953 13
      vertex 4.25 14.8212 13
      vertex 4.91956 13.4284 13
    endloop
  endfacet
  facet normal 0 0 1
    outer loop
      vertex 0 12.3675 13
      vertex 4.91956 13.4284 13
      vertex 4.25 14.8212 13
    endloop
  endfacet
  facet normal 0 0 1
    outer loop
      vertex -0.66956 10.9747 13
      vertex 0.66956 10.9747 13
      vertex 0 12.3675 13
    endloop
  endfacet
  facet normal 0 0 1
    outer loop
      vertex 4.91956 13.4284 13
      vertex 0 12.3675 13
      vertex 0.66956 10.9747 13
    endloop
  endfacet
  facet normal 0 0 1
    outer loop
      vertex 5.58912 -2.45374 13
      vertex 4.25 -2.45374 13
      vertex 4.91956 -3.61345 13
    endloop
  endfacet
  facet normal 0 0 1
    outer loop
      vertex 4.25 -2.45374 13
      vertex 0.66956 -6.06719 13
      vertex 4.91956 -3.61345 13
    endloop
  endfacet
  facet normal 0 0 1
    outer loop
      vertex -0.66956 -6.06719 13
      vertex 0.66956 -6.06719 13
      vertex 0 -4.90748 13
    endloop
  endfacet
  facet normal -0 0 1
    outer loop
      vertex 0 -4.90748 13
      vertex 0.66956 -6.06719 13
      vertex 4.25 -2.45374 13
    endloop
  endfacet
  facet normal 0 0 1
    outer loop
      vertex 5.58912 -2.45374 13
      vertex 9.16956 -6.06719 13
      vertex 9.83912 -4.90748 13
    endloop
  endfacet
  facet normal 0 0 1
    outer loop
      vertex 5.58912 -2.45374 13
      vertex 4.91956 -3.61345 13
      vertex 9.16956 -6.06719 13
    endloop
  endfacet
  facet normal 0 0 1
    outer loop
      vertex 5.58912 2.45374 13
      vertex 4.25 2.45374 13
      vertex 5.58912 -2.45374 13
    endloop
  endfacet
  facet normal 0 0 1
    outer loop
      vertex 4.25 -2.45374 13
      vertex 5.58912 -2.45374 13
      vertex 4.25 2.45374 13
    endloop
  endfacet
  facet normal 0 0 1
    outer loop
      vertex 0.66956 6.06719 13
      vertex 4.25 2.45374 13
      vertex 4.91956 3.61345 13
    endloop
  endfacet
  facet normal 0 0 1
    outer loop
      vertex 0.66956 6.06719 13
      vertex 0 4.90748 13
      vertex 4.25 2.45374 13
    endloop
  endfacet
  facet normal 0 0 1
    outer loop
      vertex 0.66956 10.9747 13
      vertex -0.66956 10.9747 13
      vertex 0.66956 6.06719 13
    endloop
  endfacet
  facet normal 0 0 1
    outer loop
      vertex -0.66956 6.06719 13
      vertex 0.66956 6.06719 13
      vertex -0.66956 10.9747 13
    endloop
  endfacet
  facet normal -0 0 1
    outer loop
      vertex -4.91956 13.4284 13
      vertex 0 12.3675 13
      vertex -4.25 14.8212 13
    endloop
  endfacet
  facet normal 0 0 1
    outer loop
      vertex 0 12.3675 13
      vertex -4.91956 13.4284 13
      vertex -0.66956 10.9747 13
    endloop
  endfacet
  facet normal 0 0 1
    outer loop
      vertex 10.7105 6.18373 13
      vertex 9.16956 6.06719 13
      vertex 9.83912 4.90748 13
    endloop
  endfacet
  facet normal 0 0 1
    outer loop
      vertex 9.16956 6.06719 13
      vertex 5.58912 2.45374 13
      vertex 9.83912 4.90748 13
    endloop
  endfacet
  facet normal 0 0 1
    outer loop
      vertex 4.25 2.45374 13
      vertex 5.58912 2.45374 13
      vertex 4.91956 3.61345 13
    endloop
  endfacet
  facet normal -0 0 1
    outer loop
      vertex 4.91956 3.61345 13
      vertex 5.58912 2.45374 13
      vertex 9.16956 6.06719 13
    endloop
  endfacet
  facet normal 0 0 1
    outer loop
      vertex 10.7105 -11.0912 13
      vertex 14.0932 -14.5953 13
      vertex 14.9605 -13.545 13
    endloop
  endfacet
  facet normal 0 0 1
    outer loop
      vertex 14.0932 -14.5953 13
      vertex 10.7105 -11.0912 13
      vertex 9.84324 -12.1415 13
    endloop
  endfacet
  facet normal 0 0 1
    outer loop
      vertex 15.8911 20.5383 13
      vertex 14.0932 14.5953 13
      vertex 14.9605 13.545 13
    endloop
  endfacet
  facet normal 0 0 1
    outer loop
      vertex 14.0932 14.5953 13
      vertex 10.7105 11.0912 13
      vertex 14.9605 13.545 13
    endloop
  endfacet
  facet normal 0 0 1
    outer loop
      vertex 9.16956 10.9747 13
      vertex 10.7105 11.0912 13
      vertex 9.84324 12.1415 13
    endloop
  endfacet
  facet normal -0 0 1
    outer loop
      vertex 9.84324 12.1415 13
      vertex 10.7105 11.0912 13
      vertex 14.0932 14.5953 13
    endloop
  endfacet
  facet normal 0 0 1
    outer loop
      vertex 15.4365 -2.45374 13
      vertex 14.0891 -2.45374 13
      vertex 14.9605 -3.73 13
    endloop
  endfacet
  facet normal 0 0 1
    outer loop
      vertex 14.0891 -2.45374 13
      vertex 10.7105 -6.18373 13
      vertex 14.9605 -3.73 13
    endloop
  endfacet
  facet normal -0 0 1
    outer loop
      vertex 9.16956 -10.9747 13
      vertex 10.7105 -11.0912 13
      vertex 10.7105 -6.18373 13
    endloop
  endfacet
  facet normal -0 0 1
    outer loop
      vertex 9.83912 -4.90748 13
      vertex 10.7105 -6.18373 13
      vertex 14.0891 -2.45374 13
    endloop
  endfacet
  facet normal -0 0 1
    outer loop
      vertex 9.16956 -6.06719 13
      vertex 10.7105 -6.18373 13
      vertex 9.83912 -4.90748 13
    endloop
  endfacet
  facet normal 0 0 1
    outer loop
      vertex 9.16956 -10.9747 13
      vertex 10.7105 -6.18373 13
      vertex 9.16956 -6.06719 13
    endloop
  endfacet
  facet normal 0 0 1
    outer loop
      vertex 10.7105 -11.0912 13
      vertex 9.16956 -10.9747 13
      vertex 9.84324 -12.1415 13
    endloop
  endfacet
  facet normal 0 0 1
    outer loop
      vertex 9.16956 -10.9747 13
      vertex 5.59324 -14.5953 13
      vertex 9.84324 -12.1415 13
    endloop
  endfacet
  facet normal 0 0 1
    outer loop
      vertex 4.25 -14.8212 13
      vertex 5.59324 -14.5953 13
      vertex 4.91956 -13.4284 13
    endloop
  endfacet
  facet normal -0 0 1
    outer loop
      vertex 4.91956 -13.4284 13
      vertex 5.59324 -14.5953 13
      vertex 9.16956 -10.9747 13
    endloop
  endfacet
  facet normal -0 0 1
    outer loop
      vertex 14.9605 -3.73 13
      vertex 19.6865 -4.90748 13
      vertex 15.4365 -2.45374 13
    endloop
  endfacet
  facet normal 0 0 1
    outer loop
      vertex 19.6865 -4.90748 13
      vertex 14.9605 -3.73 13
      vertex 19.2105 -6.18373 13
    endloop
  endfacet
  facet normal 0 0 1
    outer loop
      vertex 15.4365 2.45374 13
      vertex 14.0891 2.45374 13
      vertex 15.4365 -2.45374 13
    endloop
  endfacet
  facet normal 0 0 1
    outer loop
      vertex 14.0891 -2.45374 13
      vertex 15.4365 -2.45374 13
      vertex 14.0891 2.45374 13
    endloop
  endfacet
  facet normal 0 0 1
    outer loop
      vertex 10.7105 6.18373 13
      vertex 14.0891 2.45374 13
      vertex 14.9605 3.73 13
    endloop
  endfacet
  facet normal 0 0 1
    outer loop
      vertex 10.7105 6.18373 13
      vertex 9.83912 4.90748 13
      vertex 14.0891 2.45374 13
    endloop
  endfacet
  facet normal 0 0 1
    outer loop
      vertex 10.7105 11.0912 13
      vertex 9.16956 10.9747 13
      vertex 10.7105 6.18373 13
    endloop
  endfacet
  facet normal 0 0 1
    outer loop
      vertex 9.16956 6.06719 13
      vertex 10.7105 6.18373 13
      vertex 9.16956 10.9747 13
    endloop
  endfacet
  facet normal 0 0 1
    outer loop
      vertex 5.59324 14.5953 13
      vertex 9.16956 10.9747 13
      vertex 9.84324 12.1415 13
    endloop
  endfacet
  facet normal 0 0 1
    outer loop
      vertex 9.16956 10.9747 13
      vertex 5.59324 14.5953 13
      vertex 4.91956 13.4284 13
    endloop
  endfacet
  facet normal 0 0 1
    outer loop
      vertex 25.7323 3.49297 13
      vertex 23.9365 2.45374 13
      vertex 25.7323 -3.49297 13
    endloop
  endfacet
  facet normal -0 0 1
    outer loop
      vertex 19.2105 6.18373 13
      vertex 25.7323 3.49297 13
      vertex 21.0069 12.1283 13
    endloop
  endfacet
  facet normal -0 -0 1
    outer loop
      vertex 19.6865 4.90748 13
      vertex 25.7323 3.49297 13
      vertex 19.2105 6.18373 13
    endloop
  endfacet
  facet normal 0 0 1
    outer loop
      vertex 19.2105 6.18373 13
      vertex 21.0069 12.1283 13
      vertex 19.2105 11.0912 13
    endloop
  endfacet
  facet normal -0 0 1
    outer loop
      vertex 14.9605 13.545 13
      vertex 21.0069 12.1283 13
      vertex 15.8911 20.5383 13
    endloop
  endfacet
  facet normal 0 0 1
    outer loop
      vertex 21.0069 12.1283 13
      vertex 14.9605 13.545 13
      vertex 19.2105 11.0912 13
    endloop
  endfacet
  facet normal 0 0 1
    outer loop
      vertex 14.0932 14.5953 13
      vertex 15.8911 20.5383 13
      vertex 14.0932 19.5027 13
    endloop
  endfacet
  facet normal 0 0 1
    outer loop
      vertex 15.8911 20.5383 13
      vertex 9.84324 21.9565 13
      vertex 14.0932 19.5027 13
    endloop
  endfacet
  facet normal 0 0 1
    outer loop
      vertex 9.84113 24.0313 13
      vertex 9.84324 21.9565 13
      vertex 15.8911 20.5383 13
    endloop
  endfacet
  facet normal 0 0 1
    outer loop
      vertex 9.84113 24.0313 13
      vertex 5.59324 19.5027 13
      vertex 9.84324 21.9565 13
    endloop
  endfacet
  facet normal 0 0 1
    outer loop
      vertex 4.25 14.8212 13
      vertex 5.59324 19.5027 13
      vertex 4.25 19.7287 13
    endloop
  endfacet
  facet normal 0 0 1
    outer loop
      vertex 5.59324 19.5027 13
      vertex 4.25 14.8212 13
      vertex 5.59324 14.5953 13
    endloop
  endfacet
  facet normal 0 0 1
    outer loop
      vertex 9.84113 24.0313 13
      vertex 4.25 19.7287 13
      vertex 5.59324 19.5027 13
    endloop
  endfacet
  facet normal 0 0 1
    outer loop
      vertex 0 24.2567 13
      vertex 4.25 19.7287 13
      vertex 9.84113 24.0313 13
    endloop
  endfacet
  facet normal 0 0 1
    outer loop
      vertex 0 24.2567 13
      vertex 0 22.1824 13
      vertex 4.25 19.7287 13
    endloop
  endfacet
  facet normal 0 0 1
    outer loop
      vertex 0 24.2567 13
      vertex -4.25 19.7287 13
      vertex 0 22.1824 13
    endloop
  endfacet
  facet normal -0 0 1
    outer loop
      vertex -5.59324 19.5027 13
      vertex -4.25 14.8212 13
      vertex -4.25 19.7287 13
    endloop
  endfacet
  facet normal 0 0 1
    outer loop
      vertex -5.59324 14.5953 13
      vertex -4.25 14.8212 13
      vertex -5.59324 19.5027 13
    endloop
  endfacet
  facet normal -0 0 1
    outer loop
      vertex -9.84113 24.0313 13
      vertex -4.25 19.7287 13
      vertex 0 24.2567 13
    endloop
  endfacet
  facet normal 0 0 1
    outer loop
      vertex -4.25 19.7287 13
      vertex -9.84113 24.0313 13
      vertex -5.59324 19.5027 13
    endloop
  endfacet
  facet normal 0 0 1
    outer loop
      vertex -9.84113 24.0313 13
      vertex -9.84324 21.9565 13
      vertex -5.59324 19.5027 13
    endloop
  endfacet
  facet normal 0 0 1
    outer loop
      vertex -9.84113 24.0313 13
      vertex -14.0932 19.5027 13
      vertex -9.84324 21.9565 13
    endloop
  endfacet
  facet normal 0 0 1
    outer loop
      vertex -15.8911 20.5383 13
      vertex -14.0932 14.5953 13
      vertex -14.0932 19.5027 13
    endloop
  endfacet
  facet normal -0 0 1
    outer loop
      vertex -15.8911 20.5383 13
      vertex -14.0932 19.5027 13
      vertex -9.84113 24.0313 13
    endloop
  endfacet
  facet normal 0 0 1
    outer loop
      vertex -14.0932 14.5953 13
      vertex -15.8911 20.5383 13
      vertex -14.9605 13.545 13
    endloop
  endfacet
  facet normal 0 0 1
    outer loop
      vertex -21.0069 12.1283 13
      vertex -14.9605 13.545 13
      vertex -15.8911 20.5383 13
    endloop
  endfacet
  facet normal 0 0 1
    outer loop
      vertex -21.0069 12.1283 13
      vertex -19.2105 6.18373 13
      vertex -19.2105 11.0912 13
    endloop
  endfacet
  facet normal 0 0 1
    outer loop
      vertex -14.9605 13.545 13
      vertex -21.0069 12.1283 13
      vertex -19.2105 11.0912 13
    endloop
  endfacet
  facet normal 0 0 1
    outer loop
      vertex -25.7323 3.49297 13
      vertex -19.2105 6.18373 13
      vertex -21.0069 12.1283 13
    endloop
  endfacet
  facet normal 0 0 1
    outer loop
      vertex -19.2105 6.18373 13
      vertex -25.7323 3.49297 13
      vertex -19.6865 4.90748 13
    endloop
  endfacet
  facet normal 0 0 1
    outer loop
      vertex -23.9365 2.45374 13
      vertex -25.7323 3.49297 13
      vertex -23.9365 -2.45374 13
    endloop
  endfacet
  facet normal 0 0 1
    outer loop
      vertex -19.6865 4.90748 13
      vertex -25.7323 3.49297 13
      vertex -23.9365 2.45374 13
    endloop
  endfacet
  facet normal -0 0 1
    outer loop
      vertex 23.9365 -2.45374 13
      vertex 25.7323 -3.49297 13
      vertex 23.9365 2.45374 13
    endloop
  endfacet
  facet normal 0 0 1
    outer loop
      vertex 19.6865 -4.90748 13
      vertex 25.7323 -3.49297 13
      vertex 23.9365 -2.45374 13
    endloop
  endfacet
  facet normal 0 0 1
    outer loop
      vertex 25.7323 -3.49297 13
      vertex 19.6865 -4.90748 13
      vertex 19.2105 -6.18373 13
    endloop
  endfacet
  facet normal 0 0 1
    outer loop
      vertex 25.7323 -3.49297 13
      vertex 19.2105 -6.18373 13
      vertex 21.0069 -12.1283 13
    endloop
  endfacet
  facet normal -0 0 1
    outer loop
      vertex 19.2105 -11.0912 13
      vertex 21.0069 -12.1283 13
      vertex 19.2105 -6.18373 13
    endloop
  endfacet
  facet normal 0 0 1
    outer loop
      vertex 14.9605 -13.545 13
      vertex 21.0069 -12.1283 13
      vertex 19.2105 -11.0912 13
    endloop
  endfacet
  facet normal 0 0 1
    outer loop
      vertex 21.0069 -12.1283 13
      vertex 14.9605 -13.545 13
      vertex 15.8911 -20.5383 13
    endloop
  endfacet
  facet normal -0 0 1
    outer loop
      vertex 14.0932 -14.5953 13
      vertex 15.8911 -20.5383 13
      vertex 14.9605 -13.545 13
    endloop
  endfacet
  facet normal -0 0 1
    outer loop
      vertex 14.0932 -19.5027 13
      vertex 15.8911 -20.5383 13
      vertex 14.0932 -14.5953 13
    endloop
  endfacet
  facet normal 0 0 1
    outer loop
      vertex 9.84324 -21.9565 13
      vertex 15.8911 -20.5383 13
      vertex 14.0932 -19.5027 13
    endloop
  endfacet
  facet normal -0 0 1
    outer loop
      vertex 9.84324 -21.9565 13
      vertex 9.84113 -24.0313 13
      vertex 15.8911 -20.5383 13
    endloop
  endfacet
  facet normal 0 0 1
    outer loop
      vertex 5.59324 -19.5027 13
      vertex 9.84113 -24.0313 13
      vertex 9.84324 -21.9565 13
    endloop
  endfacet
  facet normal 0 0 1
    outer loop
      vertex 5.59324 -14.5953 13
      vertex 4.25 -14.8212 13
      vertex 5.59324 -19.5027 13
    endloop
  endfacet
  facet normal 0 0 1
    outer loop
      vertex 4.25 -19.7287 13
      vertex 5.59324 -19.5027 13
      vertex 4.25 -14.8212 13
    endloop
  endfacet
  facet normal -0 0 1
    outer loop
      vertex 4.25 -19.7287 13
      vertex 9.84113 -24.0313 13
      vertex 5.59324 -19.5027 13
    endloop
  endfacet
  facet normal 0 0 1
    outer loop
      vertex 0 -24.2567 13
      vertex 4.25 -19.7287 13
      vertex 0 -22.1824 13
    endloop
  endfacet
  facet normal 0 0 1
    outer loop
      vertex 4.25 -19.7287 13
      vertex 0 -24.2567 13
      vertex 9.84113 -24.0313 13
    endloop
  endfacet
  facet normal 0 0 1
    outer loop
      vertex -4.25 -19.7287 13
      vertex 0 -24.2567 13
      vertex 0 -22.1824 13
    endloop
  endfacet
  facet normal 0 0 1
    outer loop
      vertex -5.59324 -19.5027 13
      vertex -4.25 -14.8212 13
      vertex -5.59324 -14.5953 13
    endloop
  endfacet
  facet normal 0 0 1
    outer loop
      vertex -4.25 -14.8212 13
      vertex -5.59324 -19.5027 13
      vertex -4.25 -19.7287 13
    endloop
  endfacet
  facet normal 0 0 1
    outer loop
      vertex -9.84113 -24.0313 13
      vertex -4.25 -19.7287 13
      vertex -5.59324 -19.5027 13
    endloop
  endfacet
  facet normal 0 0 1
    outer loop
      vertex -4.25 -19.7287 13
      vertex -9.84113 -24.0313 13
      vertex 0 -24.2567 13
    endloop
  endfacet
  facet normal -0 0 1
    outer loop
      vertex -9.84324 -21.9565 13
      vertex -9.84113 -24.0313 13
      vertex -5.59324 -19.5027 13
    endloop
  endfacet
  facet normal 0 0 1
    outer loop
      vertex -14.0932 -19.5027 13
      vertex -9.84113 -24.0313 13
      vertex -9.84324 -21.9565 13
    endloop
  endfacet
  facet normal 0 0 1
    outer loop
      vertex -14.0932 -19.5027 13
      vertex -15.8911 -20.5383 13
      vertex -9.84113 -24.0313 13
    endloop
  endfacet
  facet normal 0 0 1
    outer loop
      vertex -14.0932 -14.5953 13
      vertex -15.8911 -20.5383 13
      vertex -14.0932 -19.5027 13
    endloop
  endfacet
  facet normal -0 0 1
    outer loop
      vertex -21.0069 -12.1283 13
      vertex -14.9605 -13.545 13
      vertex -19.2105 -11.0912 13
    endloop
  endfacet
  facet normal 0 0 1
    outer loop
      vertex -14.9605 -13.545 13
      vertex -21.0069 -12.1283 13
      vertex -15.8911 -20.5383 13
    endloop
  endfacet
  facet normal 0 0 1
    outer loop
      vertex -19.2105 -6.18373 13
      vertex -21.0069 -12.1283 13
      vertex -19.2105 -11.0912 13
    endloop
  endfacet
  facet normal -0 0 1
    outer loop
      vertex -25.7323 -3.49297 13
      vertex -19.6865 -4.90748 13
      vertex -23.9365 -2.45374 13
    endloop
  endfacet
  facet normal 0 0 1
    outer loop
      vertex -19.2105 -6.18373 13
      vertex -25.7323 -3.49297 13
      vertex -21.0069 -12.1283 13
    endloop
  endfacet
  facet normal 0 0 1
    outer loop
      vertex -25.7323 -3.49297 13
      vertex -23.9365 -2.45374 13
      vertex -25.7323 3.49297 13
    endloop
  endfacet
  facet normal 0 0 1
    outer loop
      vertex 25.7323 3.49297 13
      vertex 19.6865 4.90748 13
      vertex 23.9365 2.45374 13
    endloop
  endfacet
  facet normal 0 0 1
    outer loop
      vertex 14.9605 3.73 13
      vertex 19.6865 4.90748 13
      vertex 19.2105 6.18373 13
    endloop
  endfacet
  facet normal 0 0 1
    outer loop
      vertex 14.0891 2.45374 13
      vertex 15.4365 2.45374 13
      vertex 14.9605 3.73 13
    endloop
  endfacet
  facet normal 0 0 1
    outer loop
      vertex 19.6865 4.90748 13
      vertex 14.9605 3.73 13
      vertex 15.4365 2.45374 13
    endloop
  endfacet
  facet normal 0.44042 -0.762833 0.47341
    outer loop
      vertex 15.8911 -20.5383 13
      vertex 9.71675 -25.2015 11.23
      vertex 16.9668 -21.0157 11.23
    endloop
  endfacet
  facet normal -0.880861 0 0.473376
    outer loop
      vertex -26.6835 4.18579 11.23
      vertex -25.7323 -3.49297 13
      vertex -25.7323 3.49297 13
    endloop
  endfacet
  facet normal -0.880861 0 0.473376
    outer loop
      vertex -25.7323 -3.49297 13
      vertex -26.6835 4.18579 11.23
      vertex -26.6835 -4.18579 11.23
    endloop
  endfacet
  facet normal -0.73687 0.406226 0.540374
    outer loop
      vertex -21.9915 12.6968 11.23
      vertex -26.6835 4.18579 11.23
      vertex -21.0069 12.1283 13
    endloop
  endfacet
  facet normal -0.720239 0.435031 0.540374
    outer loop
      vertex -16.9668 21.0157 11.23
      vertex -21.9915 12.6968 11.23
      vertex -21.0069 12.1283 13
    endloop
  endfacet
  facet normal -0.857597 -0.5 -0.12053
    outer loop
      vertex -13.9188 0 1
      vertex -16.0776 1.0993 11.8
      vertex -15.7691 3.17362 1
    endloop
  endfacet
  facet normal -0.857418 -0.500323 -0.120462
    outer loop
      vertex -16.0776 1.0993 11.8
      vertex -13.9188 0 1
      vertex -16.0178 0.996819 11.8
    endloop
  endfacet
  facet normal -0.857606 -0.499985 -0.12053
    outer loop
      vertex -16.0178 0.996819 11.8
      vertex -13.9188 0 1
      vertex -15.5665 0 12.7239
    endloop
  endfacet
  facet normal -0.857587 -0.500019 -0.120525
    outer loop
      vertex -15.9594 3.5 1
      vertex -17.3992 3.21728 12.4177
      vertex -17.6003 3.5 12.6757
    endloop
  endfacet
  facet normal -0.857583 -0.500025 -0.120529
    outer loop
      vertex -16.9177 2.54026 11.8
      vertex -15.9594 3.5 1
      vertex -15.7691 3.17362 1
    endloop
  endfacet
  facet normal -0.857614 -0.499972 -0.120527
    outer loop
      vertex -15.9594 3.5 1
      vertex -16.9177 2.54026 11.8
      vertex -17.3992 3.21728 12.4177
    endloop
  endfacet
  facet normal -0.857601 -0.499993 -0.120529
    outer loop
      vertex -16.9177 2.54026 11.8
      vertex -15.7691 3.17362 1
      vertex -16.0776 1.0993 11.8
    endloop
  endfacet
  facet normal -0.857601 0.499993 -0.120529
    outer loop
      vertex -15.7691 -3.17362 1
      vertex -16.9177 -2.54026 11.8
      vertex -16.0776 -1.0993 11.8
    endloop
  endfacet
  facet normal -0.857583 0.500025 -0.120529
    outer loop
      vertex -15.9594 -3.5 1
      vertex -16.9177 -2.54026 11.8
      vertex -15.7691 -3.17362 1
    endloop
  endfacet
  facet normal -0.857614 0.499972 -0.120527
    outer loop
      vertex -16.9177 -2.54026 11.8
      vertex -15.9594 -3.5 1
      vertex -17.3992 -3.21728 12.4177
    endloop
  endfacet
  facet normal -0.857587 0.500019 -0.120525
    outer loop
      vertex -17.3992 -3.21728 12.4177
      vertex -15.9594 -3.5 1
      vertex -17.6003 -3.5 12.6757
    endloop
  endfacet
  facet normal -0.857606 0.499985 -0.12053
    outer loop
      vertex -13.9188 0 1
      vertex -16.0178 -0.996819 11.8
      vertex -15.5665 0 12.7239
    endloop
  endfacet
  facet normal -0.857418 0.500323 -0.120462
    outer loop
      vertex -13.9188 0 1
      vertex -16.0776 -1.0993 11.8
      vertex -16.0178 -0.996819 11.8
    endloop
  endfacet
  facet normal -0.857597 0.5 -0.12053
    outer loop
      vertex -16.0776 -1.0993 11.8
      vertex -13.9188 0 1
      vertex -15.7691 -3.17362 1
    endloop
  endfacet
  facet normal 0 -1 0
    outer loop
      vertex -20.0406 3.5 1
      vertex -21.0247 3.5 12.2058
      vertex -21.6813 3.5 12.674
    endloop
  endfacet
  facet normal 0 -1 0
    outer loop
      vertex -20.4557 3.5 11.8
      vertex -20.0406 3.5 1
      vertex -18.58 3.5 11.8
    endloop
  endfacet
  facet normal 0 -1 0
    outer loop
      vertex -21.0247 3.5 12.2058
      vertex -20.0406 3.5 1
      vertex -20.4557 3.5 11.8
    endloop
  endfacet
  facet normal 0 -1 0
    outer loop
      vertex -15.9594 3.5 1
      vertex -18.58 3.5 11.8
      vertex -20.0406 3.5 1
    endloop
  endfacet
  facet normal 0 -1 0
    outer loop
      vertex -18.58 3.5 11.8
      vertex -15.9594 3.5 1
      vertex -18.126 3.5 12.2058
    endloop
  endfacet
  facet normal 0 -1 0
    outer loop
      vertex -18.126 3.5 12.2058
      vertex -15.9594 3.5 1
      vertex -17.6003 3.5 12.6757
    endloop
  endfacet
  facet normal 0 1 0
    outer loop
      vertex -20.0406 -3.5 1
      vertex -18.58 -3.5 11.8
      vertex -15.9594 -3.5 1
    endloop
  endfacet
  facet normal 0 1 0
    outer loop
      vertex -18.126 -3.5 12.2058
      vertex -15.9594 -3.5 1
      vertex -18.58 -3.5 11.8
    endloop
  endfacet
  facet normal 0 1 0
    outer loop
      vertex -15.9594 -3.5 1
      vertex -18.126 -3.5 12.2058
      vertex -17.6003 -3.5 12.6757
    endloop
  endfacet
  facet normal 0 1 0
    outer loop
      vertex -20.0406 -3.5 1
      vertex -21.0247 -3.5 12.2058
      vertex -20.4557 -3.5 11.8
    endloop
  endfacet
  facet normal 0 1 0
    outer loop
      vertex -18.58 -3.5 11.8
      vertex -20.0406 -3.5 1
      vertex -20.4557 -3.5 11.8
    endloop
  endfacet
  facet normal 0 1 0
    outer loop
      vertex -21.0247 -3.5 12.2058
      vertex -20.0406 -3.5 1
      vertex -21.6813 -3.5 12.674
    endloop
  endfacet
  facet normal 0.85764 -0.499925 0.120535
    outer loop
      vertex -21.8096 3.21798 12.4172
      vertex -20.0406 3.5 1
      vertex -21.6813 3.5 12.674
    endloop
  endfacet
  facet normal 0.85759 -0.500013 0.120525
    outer loop
      vertex -22.118 2.54026 11.8
      vertex -20.0406 3.5 1
      vertex -21.8096 3.21798 12.4172
    endloop
  endfacet
  facet normal 0.857612 -0.499974 0.120533
    outer loop
      vertex -23.0178 0.99682 11.8
      vertex -20.0406 3.5 1
      vertex -22.118 2.54026 11.8
    endloop
  endfacet
  facet normal 0.857569 -0.500049 0.120524
    outer loop
      vertex -22.0812 0 1
      vertex -23.0178 0.99682 11.8
      vertex -23.7284 0 12.7204
    endloop
  endfacet
  facet normal 0.857596 -0.500003 0.120522
    outer loop
      vertex -23.0178 0.99682 11.8
      vertex -22.0812 0 1
      vertex -20.0406 3.5 1
    endloop
  endfacet
  facet normal 0.857569 0.500049 0.120524
    outer loop
      vertex -23.0178 -0.99682 11.8
      vertex -22.0812 0 1
      vertex -23.7284 0 12.7204
    endloop
  endfacet
  facet normal 0.857613 0.499974 0.120521
    outer loop
      vertex -22.118 -2.54026 11.8
      vertex -22.0812 0 1
      vertex -23.0178 -0.99682 11.8
    endloop
  endfacet
  facet normal 0.85759 0.500013 0.120525
    outer loop
      vertex -20.0406 -3.5 1
      vertex -22.118 -2.54026 11.8
      vertex -21.8096 -3.21798 12.4172
    endloop
  endfacet
  facet normal 0.85764 0.499925 0.120535
    outer loop
      vertex -20.0406 -3.5 1
      vertex -21.8096 -3.21798 12.4172
      vertex -21.6813 -3.5 12.674
    endloop
  endfacet
  facet normal 0.857596 0.500003 0.120527
    outer loop
      vertex -22.118 -2.54026 11.8
      vertex -20.0406 -3.5 1
      vertex -22.0812 0 1
    endloop
  endfacet
  facet normal 0 0 1
    outer loop
      vertex -15.7691 3.17362 1
      vertex -15.7691 -3.17362 1
      vertex -13.9188 0 1
    endloop
  endfacet
  facet normal -0 0 1
    outer loop
      vertex -20.0406 3.5 1
      vertex -15.7691 3.17362 1
      vertex -15.9594 3.5 1
    endloop
  endfacet
  facet normal 0 0 1
    outer loop
      vertex -22.0812 0 1
      vertex -15.7691 3.17362 1
      vertex -20.0406 3.5 1
    endloop
  endfacet
  facet normal 0 0 1
    outer loop
      vertex -15.7691 3.17362 1
      vertex -22.0812 0 1
      vertex -15.7691 -3.17362 1
    endloop
  endfacet
  facet normal 0 0 1
    outer loop
      vertex -15.7691 -3.17362 1
      vertex -20.0406 -3.5 1
      vertex -15.9594 -3.5 1
    endloop
  endfacet
  facet normal 0 0 1
    outer loop
      vertex -15.7691 -3.17362 1
      vertex -22.0812 0 1
      vertex -20.0406 -3.5 1
    endloop
  endfacet
  facet normal 1 -0 0
    outer loop
      vertex -23.9365 -2.45374 13
      vertex -23.9365 2.45374 12.99
      vertex -23.9365 2.45374 13
    endloop
  endfacet
  facet normal 1 0 0
    outer loop
      vertex -23.9365 2.45374 12.99
      vertex -23.9365 -2.45374 13
      vertex -23.9365 -2.45374 12.99
    endloop
  endfacet
  facet normal -0.436369 0.755812 0.488191
    outer loop
      vertex -15.4365 -2.45374 12.99
      vertex -17.6003 -3.5 12.6757
      vertex -19.6865 -4.90748 12.99
    endloop
  endfacet
  facet normal -0.436377 0.755847 0.48813
    outer loop
      vertex -17.6003 -3.5 12.6757
      vertex -15.4365 -2.45374 12.99
      vertex -17.3992 -3.21728 12.4177
    endloop
  endfacet
  facet normal -0.43637 0.755813 0.488188
    outer loop
      vertex -18.126 -3.5 12.2058
      vertex -19.6865 -4.90748 12.99
      vertex -17.6003 -3.5 12.6757
    endloop
  endfacet
  facet normal -0.436371 0.755814 0.488186
    outer loop
      vertex -19.6865 -4.90748 12.99
      vertex -18.126 -3.5 12.2058
      vertex -19.5178 -4.04145 11.8
    endloop
  endfacet
  facet normal 0.5 -0.866025 0
    outer loop
      vertex -23.9365 2.45374 12.99
      vertex -19.6865 4.90748 13
      vertex -23.9365 2.45374 13
    endloop
  endfacet
  facet normal 0.5 -0.866025 0
    outer loop
      vertex -19.6865 4.90748 13
      vertex -23.9365 2.45374 12.99
      vertex -19.6865 4.90748 12.99
    endloop
  endfacet
  facet normal -0.5 0.866025 0
    outer loop
      vertex -15.4365 -2.45374 12.99
      vertex -19.6865 -4.90748 13
      vertex -15.4365 -2.45374 13
    endloop
  endfacet
  facet normal -0.5 0.866025 0
    outer loop
      vertex -19.6865 -4.90748 13
      vertex -15.4365 -2.45374 12.99
      vertex -19.6865 -4.90748 12.99
    endloop
  endfacet
  facet normal 0.791557 0 0.611095
    outer loop
      vertex -23.9365 2.45374 12.99
      vertex -23.0178 0.99682 11.8
      vertex -23.0178 2.02073 11.8
    endloop
  endfacet
  facet normal 0.791549 -1.3318e-05 0.611106
    outer loop
      vertex -23.9365 2.45374 12.99
      vertex -23.7284 0 12.7204
      vertex -23.0178 0.99682 11.8
    endloop
  endfacet
  facet normal 0.791549 1.3318e-05 0.611106
    outer loop
      vertex -23.9365 -2.45374 12.99
      vertex -23.0178 -0.99682 11.8
      vertex -23.7284 0 12.7204
    endloop
  endfacet
  facet normal 0.791557 0 0.611095
    outer loop
      vertex -23.0178 -0.99682 11.8
      vertex -23.9365 -2.45374 12.99
      vertex -23.0178 -2.02073 11.8
    endloop
  endfacet
  facet normal 0.791608 -0 0.61103
    outer loop
      vertex -23.9365 -2.45374 12.99
      vertex -23.7284 0 12.7204
      vertex -23.9365 2.45374 12.99
    endloop
  endfacet
  facet normal 0.409426 0.709146 0.574006
    outer loop
      vertex -19.6865 -4.90748 12.99
      vertex -21.6813 -3.5 12.674
      vertex -23.9365 -2.45374 12.99
    endloop
  endfacet
  facet normal 0.409375 0.709096 0.574104
    outer loop
      vertex -19.6865 -4.90748 12.99
      vertex -21.0247 -3.5 12.2058
      vertex -21.6813 -3.5 12.674
    endloop
  endfacet
  facet normal 0.409389 0.7091 0.574089
    outer loop
      vertex -21.0247 -3.5 12.2058
      vertex -19.6865 -4.90748 12.99
      vertex -19.5178 -4.04145 11.8
    endloop
  endfacet
  facet normal 0.4094 0.709049 0.574143
    outer loop
      vertex -23.9365 -2.45374 12.99
      vertex -21.6813 -3.5 12.674
      vertex -21.8096 -3.21798 12.4172
    endloop
  endfacet
  facet normal 0.409426 0.709105 0.574056
    outer loop
      vertex -23.0178 -2.02073 11.8
      vertex -21.8096 -3.21798 12.4172
      vertex -22.118 -2.54026 11.8
    endloop
  endfacet
  facet normal 0.409401 0.709095 0.574086
    outer loop
      vertex -21.8096 -3.21798 12.4172
      vertex -23.0178 -2.02073 11.8
      vertex -23.9365 -2.45374 12.99
    endloop
  endfacet
  facet normal 0.40939 0.709145 0.574033
    outer loop
      vertex -19.5178 -4.04145 11.8
      vertex -20.4557 -3.5 11.8
      vertex -21.0247 -3.5 12.2058
    endloop
  endfacet
  facet normal 0.5 0.866025 -0
    outer loop
      vertex -19.6865 -4.90748 12.99
      vertex -23.9365 -2.45374 13
      vertex -19.6865 -4.90748 13
    endloop
  endfacet
  facet normal 0.5 0.866025 0
    outer loop
      vertex -23.9365 -2.45374 13
      vertex -19.6865 -4.90748 12.99
      vertex -23.9365 -2.45374 12.99
    endloop
  endfacet
  facet normal -0.436334 -0.755793 0.48825
    outer loop
      vertex -16.0178 2.02073 11.8
      vertex -17.3992 3.21728 12.4177
      vertex -16.9177 2.54026 11.8
    endloop
  endfacet
  facet normal -0.436378 -0.75581 0.488185
    outer loop
      vertex -17.3992 3.21728 12.4177
      vertex -16.0178 2.02073 11.8
      vertex -15.4365 2.45374 12.99
    endloop
  endfacet
  facet normal -0.436372 -0.755803 0.488203
    outer loop
      vertex -18.58 3.5 11.8
      vertex -18.126 3.5 12.2058
      vertex -19.5178 4.04145 11.8
    endloop
  endfacet
  facet normal -0.5 -0.866025 0
    outer loop
      vertex -19.6865 4.90748 12.99
      vertex -15.4365 2.45374 13
      vertex -19.6865 4.90748 13
    endloop
  endfacet
  facet normal -0.5 -0.866025 -0
    outer loop
      vertex -15.4365 2.45374 13
      vertex -19.6865 4.90748 12.99
      vertex -15.4365 2.45374 12.99
    endloop
  endfacet
  facet normal 0.409426 -0.709146 0.574006
    outer loop
      vertex -23.9365 2.45374 12.99
      vertex -21.6813 3.5 12.674
      vertex -19.6865 4.90748 12.99
    endloop
  endfacet
  facet normal 0.4094 -0.709049 0.574143
    outer loop
      vertex -21.6813 3.5 12.674
      vertex -23.9365 2.45374 12.99
      vertex -21.8096 3.21798 12.4172
    endloop
  endfacet
  facet normal 0.409375 -0.709096 0.574104
    outer loop
      vertex -21.0247 3.5 12.2058
      vertex -19.6865 4.90748 12.99
      vertex -21.6813 3.5 12.674
    endloop
  endfacet
  facet normal 0.409389 -0.7091 0.574089
    outer loop
      vertex -19.6865 4.90748 12.99
      vertex -21.0247 3.5 12.2058
      vertex -19.5178 4.04145 11.8
    endloop
  endfacet
  facet normal -0.436369 -0.755812 0.488191
    outer loop
      vertex -19.6865 4.90748 12.99
      vertex -17.6003 3.5 12.6757
      vertex -15.4365 2.45374 12.99
    endloop
  endfacet
  facet normal -0.43637 -0.755813 0.488188
    outer loop
      vertex -19.6865 4.90748 12.99
      vertex -18.126 3.5 12.2058
      vertex -17.6003 3.5 12.6757
    endloop
  endfacet
  facet normal -0.436371 -0.755814 0.488186
    outer loop
      vertex -18.126 3.5 12.2058
      vertex -19.6865 4.90748 12.99
      vertex -19.5178 4.04145 11.8
    endloop
  endfacet
  facet normal -0.436377 -0.755847 0.48813
    outer loop
      vertex -15.4365 2.45374 12.99
      vertex -17.6003 3.5 12.6757
      vertex -17.3992 3.21728 12.4177
    endloop
  endfacet
  facet normal -0.436378 0.75581 0.488185
    outer loop
      vertex -16.0178 -2.02073 11.8
      vertex -17.3992 -3.21728 12.4177
      vertex -15.4365 -2.45374 12.99
    endloop
  endfacet
  facet normal -0.436334 0.755793 0.48825
    outer loop
      vertex -17.3992 -3.21728 12.4177
      vertex -16.0178 -2.02073 11.8
      vertex -16.9177 -2.54026 11.8
    endloop
  endfacet
  facet normal -0.436372 0.755803 0.488203
    outer loop
      vertex -18.126 -3.5 12.2058
      vertex -18.58 -3.5 11.8
      vertex -19.5178 -4.04145 11.8
    endloop
  endfacet
  facet normal -0 0 1
    outer loop
      vertex -16.0776 -1.0993 11.8
      vertex -16.0178 -2.02073 11.8
      vertex -16.0178 -0.996819 11.8
    endloop
  endfacet
  facet normal 0 0 1
    outer loop
      vertex -16.0178 -2.02073 11.8
      vertex -16.0776 -1.0993 11.8
      vertex -16.9177 -2.54026 11.8
    endloop
  endfacet
  facet normal 0 0 1
    outer loop
      vertex -16.0178 2.02073 11.8
      vertex -16.0776 1.0993 11.8
      vertex -16.0178 0.996819 11.8
    endloop
  endfacet
  facet normal 0 -0 1
    outer loop
      vertex -16.0776 1.0993 11.8
      vertex -16.0178 2.02073 11.8
      vertex -16.9177 2.54026 11.8
    endloop
  endfacet
  facet normal 0 0 1
    outer loop
      vertex -18.58 3.5 11.8
      vertex -19.5178 4.04145 11.8
      vertex -20.4557 3.5 11.8
    endloop
  endfacet
  facet normal 0 -0 1
    outer loop
      vertex -19.5178 -4.04145 11.8
      vertex -18.58 -3.5 11.8
      vertex -20.4557 -3.5 11.8
    endloop
  endfacet
  facet normal 0 0 1
    outer loop
      vertex -22.118 -2.54026 11.8
      vertex -23.0178 -0.99682 11.8
      vertex -23.0178 -2.02073 11.8
    endloop
  endfacet
  facet normal 0 0 1
    outer loop
      vertex -22.118 2.54026 11.8
      vertex -23.0178 2.02073 11.8
      vertex -23.0178 0.99682 11.8
    endloop
  endfacet
  facet normal 0.40939 -0.709145 0.574033
    outer loop
      vertex -20.4557 3.5 11.8
      vertex -19.5178 4.04145 11.8
      vertex -21.0247 3.5 12.2058
    endloop
  endfacet
  facet normal 0.409401 -0.709095 0.574086
    outer loop
      vertex -23.0178 2.02073 11.8
      vertex -21.8096 3.21798 12.4172
      vertex -23.9365 2.45374 12.99
    endloop
  endfacet
  facet normal 0.409426 -0.709105 0.574056
    outer loop
      vertex -21.8096 3.21798 12.4172
      vertex -23.0178 2.02073 11.8
      vertex -22.118 2.54026 11.8
    endloop
  endfacet
  facet normal -1 0 0
    outer loop
      vertex -15.4365 -2.45374 12.99
      vertex -15.4365 2.45374 13
      vertex -15.4365 2.45374 12.99
    endloop
  endfacet
  facet normal -1 -0 0
    outer loop
      vertex -15.4365 2.45374 13
      vertex -15.4365 -2.45374 12.99
      vertex -15.4365 -2.45374 13
    endloop
  endfacet
  facet normal -0.898527 0 0.438919
    outer loop
      vertex -16.0178 0.996819 11.8
      vertex -15.4365 2.45374 12.99
      vertex -16.0178 2.02073 11.8
    endloop
  endfacet
  facet normal -0.898529 5.70216e-06 0.438913
    outer loop
      vertex -15.5665 0 12.7239
      vertex -15.4365 2.45374 12.99
      vertex -16.0178 0.996819 11.8
    endloop
  endfacet
  facet normal -0.898527 0 0.438919
    outer loop
      vertex -15.4365 -2.45374 12.99
      vertex -16.0178 -0.996819 11.8
      vertex -16.0178 -2.02073 11.8
    endloop
  endfacet
  facet normal -0.898509 0 0.438956
    outer loop
      vertex -15.5665 0 12.7239
      vertex -15.4365 -2.45374 12.99
      vertex -15.4365 2.45374 12.99
    endloop
  endfacet
  facet normal -0.898529 -5.70216e-06 0.438913
    outer loop
      vertex -16.0178 -0.996819 11.8
      vertex -15.4365 -2.45374 12.99
      vertex -15.5665 0 12.7239
    endloop
  endfacet
  facet normal -0.992701 -0.00422299 -0.120526
    outer loop
      vertex -9.9828 9.80502 1
      vertex -11.2867 6.51641 11.8547
      vertex -11.3006 10.5659 11.8273
    endloop
  endfacet
  facet normal -0.992702 -0.00421448 -0.120523
    outer loop
      vertex -9.9656 5.75364 1
      vertex -11.2867 6.51641 11.8547
      vertex -9.9828 9.80502 1
    endloop
  endfacet
  facet normal 0.492714 -0.861804 0.120526
    outer loop
      vertex -16.5436 10.1154 1
      vertex -14.9175 12.5594 11.8279
      vertex -15.7711 12.0723 11.8345
    endloop
  endfacet
  facet normal 0.4927 -0.861812 0.12053
    outer loop
      vertex -13.5172 11.8456 1
      vertex -14.9175 12.5594 11.8279
      vertex -16.5436 10.1154 1
    endloop
  endfacet
  facet normal 0.49217 -0.862121 0.120482
    outer loop
      vertex -14.9175 12.5594 11.8279
      vertex -13.5172 11.8456 1
      vertex -14.835 12.6064 11.8272
    endloop
  endfacet
  facet normal -0.492688 0.861819 -0.120525
    outer loop
      vertex -9.9656 5.75364 1
      vertex -11.4774 6.40718 11.8532
      vertex -11.2867 6.51641 11.8547
    endloop
  endfacet
  facet normal -0.4927 0.861812 -0.120526
    outer loop
      vertex -11.4774 6.40718 11.8532
      vertex -9.9656 5.75364 1
      vertex -13.4828 3.74285 1
    endloop
  endfacet
  facet normal -0.492697 0.861814 -0.120527
    outer loop
      vertex -11.4774 6.40718 11.8532
      vertex -13.4828 3.74285 1
      vertex -14.8006 4.50369 11.8273
    endloop
  endfacet
  facet normal 0.492697 -0.861813 0.120529
    outer loop
      vertex -17.0344 9.83481 1
      vertex -15.7711 12.0723 11.8345
      vertex -18.3555 10.5976 11.8545
    endloop
  endfacet
  facet normal 0.492698 -0.861813 0.120529
    outer loop
      vertex -15.7711 12.0723 11.8345
      vertex -17.0344 9.83481 1
      vertex -16.5436 10.1154 1
    endloop
  endfacet
  facet normal 0.992701 0.00421402 0.120525
    outer loop
      vertex -18.3555 10.5976 11.8545
      vertex -17.032 9.26944 1
      vertex -17.0344 9.83481 1
    endloop
  endfacet
  facet normal 0.992701 0.00419413 0.120528
    outer loop
      vertex -17.032 9.26944 1
      vertex -18.3555 10.5976 11.8545
      vertex -18.3405 7.62202 11.8345
    endloop
  endfacet
  facet normal -0.499995 -0.866028 1.05138e-06
    outer loop
      vertex -14.8145 12.5946 11.8
      vertex -13.5172 11.8456 1
      vertex -11.3145 10.5739 11.8
    endloop
  endfacet
  facet normal -0.498653 -0.866802 0.000215916
    outer loop
      vertex -13.5172 11.8456 1
      vertex -14.8145 12.5946 11.8
      vertex -14.835 12.6064 11.8272
    endloop
  endfacet
  facet normal -0.499999 -0.866026 2.02116e-06
    outer loop
      vertex -9.9828 9.80502 1
      vertex -11.3145 10.5739 11.8
      vertex -13.5172 11.8456 1
    endloop
  endfacet
  facet normal -0.499054 -0.866571 0.000157221
    outer loop
      vertex -11.3145 10.5739 11.8
      vertex -9.9828 9.80502 1
      vertex -11.3006 10.5659 11.8273
    endloop
  endfacet
  facet normal 0.992701 0.00424962 0.120525
    outer loop
      vertex -17.0172 5.78343 1
      vertex -18.3405 7.62202 11.8345
      vertex -18.335 6.54427 11.8272
    endloop
  endfacet
  facet normal 0.992701 0.00421455 0.120531
    outer loop
      vertex -18.3405 7.62202 11.8345
      vertex -17.0172 5.78343 1
      vertex -17.032 9.26944 1
    endloop
  endfacet
  facet normal 0.499428 0.866355 -9.33743e-05
    outer loop
      vertex -14.8006 4.50369 11.8273
      vertex -13.4828 3.74285 1
      vertex -14.8145 4.5117 11.8
    endloop
  endfacet
  facet normal 0.499999 0.866026 3.44944e-07
    outer loop
      vertex -14.8145 4.5117 11.8
      vertex -17.0172 5.78343 1
      vertex -18.3145 6.53242 11.8
    endloop
  endfacet
  facet normal 0.50054 0.865713 8.70302e-05
    outer loop
      vertex -18.3145 6.53242 11.8
      vertex -17.0172 5.78343 1
      vertex -18.335 6.54427 11.8272
    endloop
  endfacet
  facet normal 0.499999 0.866026 3.84467e-07
    outer loop
      vertex -17.0172 5.78343 1
      vertex -14.8145 4.5117 11.8
      vertex -13.4828 3.74285 1
    endloop
  endfacet
  facet normal 0 0 1
    outer loop
      vertex -16.5436 10.1154 1
      vertex -9.9656 5.75364 1
      vertex -9.9828 9.80502 1
    endloop
  endfacet
  facet normal -0 0 1
    outer loop
      vertex -16.5436 10.1154 1
      vertex -9.9828 9.80502 1
      vertex -13.5172 11.8456 1
    endloop
  endfacet
  facet normal -0 0 1
    outer loop
      vertex -17.032 9.26944 1
      vertex -9.9656 5.75364 1
      vertex -16.5436 10.1154 1
    endloop
  endfacet
  facet normal 0 0 1
    outer loop
      vertex -9.9656 5.75364 1
      vertex -17.032 9.26944 1
      vertex -13.4828 3.74285 1
    endloop
  endfacet
  facet normal 0 0 1
    outer loop
      vertex -13.4828 3.74285 1
      vertex -17.032 9.26944 1
      vertex -17.0172 5.78343 1
    endloop
  endfacet
  facet normal 0 -0 1
    outer loop
      vertex -17.032 9.26944 1
      vertex -16.5436 10.1154 1
      vertex -17.0344 9.83481 1
    endloop
  endfacet
  facet normal 0.423001 0.732661 0.533177
    outer loop
      vertex -18.3145 6.53242 11.8
      vertex -19.2105 6.18373 12.99
      vertex -14.9605 3.73 12.99
    endloop
  endfacet
  facet normal 0.399432 -0.691843 0.601504
    outer loop
      vertex -15.7711 12.0723 11.8345
      vertex -19.2105 11.0912 12.99
      vertex -18.3555 10.5976 11.8545
    endloop
  endfacet
  facet normal 0.399433 -0.691822 0.601528
    outer loop
      vertex -19.2105 11.0912 12.99
      vertex -15.7711 12.0723 11.8345
      vertex -14.9175 12.5594 11.8279
    endloop
  endfacet
  facet normal -0.445885 0.772236 0.452591
    outer loop
      vertex -11.4774 6.40718 11.8532
      vertex -10.7105 6.18373 12.99
      vertex -11.2867 6.51641 11.8547
    endloop
  endfacet
  facet normal -0.445861 0.772257 0.452579
    outer loop
      vertex -10.7105 6.18373 12.99
      vertex -11.4774 6.40718 11.8532
      vertex -14.9605 3.73 12.99
    endloop
  endfacet
  facet normal -0.422995 -0.732658 0.533187
    outer loop
      vertex -11.3145 10.5739 11.8
      vertex -10.7105 11.0912 12.99
      vertex -14.8145 12.5946 11.8
    endloop
  endfacet
  facet normal 0.399433 -0.691822 0.601528
    outer loop
      vertex -14.9175 12.5594 11.8279
      vertex -14.9605 13.545 12.99
      vertex -19.2105 11.0912 12.99
    endloop
  endfacet
  facet normal 0.399266 -0.69188 0.601571
    outer loop
      vertex -14.835 12.6064 11.8272
      vertex -14.9605 13.545 12.99
      vertex -14.9175 12.5594 11.8279
    endloop
  endfacet
  facet normal 0.399896 -0.691632 0.601439
    outer loop
      vertex -14.835 12.6064 11.8272
      vertex -14.8145 12.5946 11.8
      vertex -14.9605 13.545 12.99
    endloop
  endfacet
  facet normal -0.499999 0.866026 0
    outer loop
      vertex -10.7105 6.18373 12.99
      vertex -14.9605 3.73 13
      vertex -10.7105 6.18373 13
    endloop
  endfacet
  facet normal -0.499999 0.866026 0
    outer loop
      vertex -14.9605 3.73 13
      vertex -10.7105 6.18373 12.99
      vertex -14.9605 3.73 12.99
    endloop
  endfacet
  facet normal -0.445869 0.772261 0.452564
    outer loop
      vertex -14.8006 4.50369 11.8273
      vertex -14.9605 3.73 12.99
      vertex -11.4774 6.40718 11.8532
    endloop
  endfacet
  facet normal -0.444534 0.772737 0.453064
    outer loop
      vertex -14.9605 3.73 12.99
      vertex -14.8006 4.50369 11.8273
      vertex -14.8145 4.5117 11.8
    endloop
  endfacet
  facet normal 0.423001 0.732662 0.533176
    outer loop
      vertex -14.9605 3.73 12.99
      vertex -14.8145 4.5117 11.8
      vertex -18.3145 6.53242 11.8
    endloop
  endfacet
  facet normal -1 0 0
    outer loop
      vertex -10.7105 6.18373 12.99
      vertex -10.7105 11.0912 13
      vertex -10.7105 11.0912 12.99
    endloop
  endfacet
  facet normal -1 -0 0
    outer loop
      vertex -10.7105 11.0912 13
      vertex -10.7105 6.18373 12.99
      vertex -10.7105 6.18373 13
    endloop
  endfacet
  facet normal -0.891369 -0.00195298 0.453275
    outer loop
      vertex -11.3006 10.5659 11.8273
      vertex -10.7105 11.0912 12.99
      vertex -11.3145 10.5739 11.8
    endloop
  endfacet
  facet normal -0.891725 1.40125e-06 0.452578
    outer loop
      vertex -10.7105 6.18373 12.99
      vertex -11.3006 10.5659 11.8273
      vertex -11.2867 6.51641 11.8547
    endloop
  endfacet
  facet normal -0.891727 0 0.452574
    outer loop
      vertex -11.3006 10.5659 11.8273
      vertex -10.7105 6.18373 12.99
      vertex -10.7105 11.0912 12.99
    endloop
  endfacet
  facet normal 0.499999 0.866026 -0
    outer loop
      vertex -14.9605 3.73 12.99
      vertex -19.2105 6.18373 13
      vertex -14.9605 3.73 13
    endloop
  endfacet
  facet normal 0.499999 0.866026 0
    outer loop
      vertex -19.2105 6.18373 13
      vertex -14.9605 3.73 12.99
      vertex -19.2105 6.18373 12.99
    endloop
  endfacet
  facet normal -0.500009 -0.86602 0
    outer loop
      vertex -14.9605 13.545 12.99
      vertex -10.7105 11.0912 13
      vertex -14.9605 13.545 13
    endloop
  endfacet
  facet normal -0.500009 -0.86602 -0
    outer loop
      vertex -10.7105 11.0912 13
      vertex -14.9605 13.545 12.99
      vertex -10.7105 11.0912 12.99
    endloop
  endfacet
  facet normal 1 -0 0
    outer loop
      vertex -19.2105 6.18373 13
      vertex -19.2105 11.0912 12.99
      vertex -19.2105 11.0912 13
    endloop
  endfacet
  facet normal 1 0 0
    outer loop
      vertex -19.2105 11.0912 12.99
      vertex -19.2105 6.18373 13
      vertex -19.2105 6.18373 12.99
    endloop
  endfacet
  facet normal 0.798855 -1.6006e-05 0.601523
    outer loop
      vertex -19.2105 11.0912 12.99
      vertex -18.3405 7.62202 11.8345
      vertex -18.3555 10.5976 11.8545
    endloop
  endfacet
  facet normal 0.798879 -0 0.601492
    outer loop
      vertex -19.2105 6.18373 12.99
      vertex -18.3405 7.62202 11.8345
      vertex -19.2105 11.0912 12.99
    endloop
  endfacet
  facet normal 0.798757 0.000806009 0.601653
    outer loop
      vertex -18.335 6.54427 11.8272
      vertex -19.2105 6.18373 12.99
      vertex -18.3145 6.53242 11.8
    endloop
  endfacet
  facet normal 0.798877 2.70355e-06 0.601494
    outer loop
      vertex -18.3405 7.62202 11.8345
      vertex -19.2105 6.18373 12.99
      vertex -18.335 6.54427 11.8272
    endloop
  endfacet
  facet normal -0.422995 -0.732631 0.533223
    outer loop
      vertex -14.8145 12.5946 11.8
      vertex -10.7105 11.0912 12.99
      vertex -14.9605 13.545 12.99
    endloop
  endfacet
  facet normal 0.500009 -0.86602 0
    outer loop
      vertex -19.2105 11.0912 12.99
      vertex -14.9605 13.545 13
      vertex -19.2105 11.0912 13
    endloop
  endfacet
  facet normal 0.500009 -0.86602 0
    outer loop
      vertex -14.9605 13.545 13
      vertex -19.2105 11.0912 12.99
      vertex -14.9605 13.545 12.99
    endloop
  endfacet
  facet normal -0.861831 0.492666 -0.120534
    outer loop
      vertex -5.13613 15.2433 1
      vertex -7.14565 14.3703 11.8
      vertex -7.08677 14.4733 11.8
    endloop
  endfacet
  facet normal -0.861811 0.492701 -0.120528
    outer loop
      vertex -6.95941 12.0541 1
      vertex -7.14565 14.3703 11.8
      vertex -5.13613 15.2433 1
    endloop
  endfacet
  facet normal -0.86181 0.492703 -0.120528
    outer loop
      vertex -7.14565 14.3703 11.8
      vertex -6.95941 12.0541 1
      vertex -7.40922 14.0027 12.1819
    endloop
  endfacet
  facet normal -0.861829 0.492671 -0.120523
    outer loop
      vertex -7.40922 14.0027 12.1819
      vertex -6.95941 12.0541 1
      vertex -7.78325 13.481 12.7239
    endloop
  endfacet
  facet normal -0.861803 0.492715 -0.120525
    outer loop
      vertex -4.94862 15.5713 1
      vertex -6.25892 15.9213 11.8
      vertex -5.76907 16.9923 12.6757
    endloop
  endfacet
  facet normal -0.861822 0.492683 -0.120526
    outer loop
      vertex -5.13613 15.2433 1
      vertex -6.25892 15.9213 11.8
      vertex -4.94862 15.5713 1
    endloop
  endfacet
  facet normal -0.861806 0.492711 -0.120526
    outer loop
      vertex -6.25892 15.9213 11.8
      vertex -5.13613 15.2433 1
      vertex -7.08677 14.4733 11.8
    endloop
  endfacet
  facet normal 0.00416607 0.992702 -0.120521
    outer loop
      vertex -8.99082 13.374 11.8
      vertex -10.633 12.0697 1
      vertex -10.6588 13.381 11.8
    endloop
  endfacet
  facet normal 0.00420414 0.992702 -0.120521
    outer loop
      vertex -11.0108 12.0713 1
      vertex -10.6588 13.381 11.8
      vertex -10.633 12.0697 1
    endloop
  endfacet
  facet normal 0.00420926 0.992702 -0.120521
    outer loop
      vertex -10.6588 13.381 11.8
      vertex -11.0108 12.0713 1
      vertex -11.4859 13.4595 12.4177
    endloop
  endfacet
  facet normal 0.00424634 0.992702 -0.120519
    outer loop
      vertex -11.4859 13.4595 12.4177
      vertex -11.0108 12.0713 1
      vertex -11.8313 13.4923 12.6757
    endloop
  endfacet
  facet normal 0.00410045 0.992701 -0.120532
    outer loop
      vertex -6.95941 12.0541 1
      vertex -8.13718 13.446 12.4236
      vertex -7.78325 13.481 12.7239
    endloop
  endfacet
  facet normal 0.0042004 0.992702 -0.120522
    outer loop
      vertex -6.95941 12.0541 1
      vertex -8.87219 13.3734 11.8
      vertex -8.13718 13.446 12.4236
    endloop
  endfacet
  facet normal 0.00421554 0.992702 -0.120519
    outer loop
      vertex -10.633 12.0697 1
      vertex -8.87219 13.3734 11.8
      vertex -6.95941 12.0541 1
    endloop
  endfacet
  facet normal 0.00502073 0.992683 -0.120648
    outer loop
      vertex -8.87219 13.3734 11.8
      vertex -10.633 12.0697 1
      vertex -8.99082 13.374 11.8
    endloop
  endfacet
  facet normal -0.866042 -0.499972 -7.63012e-06
    outer loop
      vertex -6.9892 19.1057 1
      vertex -7.62428 20.2056 12.4098
      vertex -7.80954 20.5265 12.674
    endloop
  endfacet
  facet normal -0.86602 -0.500009 -2.83847e-06
    outer loop
      vertex -6.9892 19.1057 1
      vertex -7.19674 19.4651 11.8
      vertex -7.62428 20.2056 12.4098
    endloop
  endfacet
  facet normal -0.866018 -0.500012 -2.70107e-06
    outer loop
      vertex -6.9892 19.1057 1
      vertex -6.25892 17.8408 11.8
      vertex -7.19674 19.4651 11.8
    endloop
  endfacet
  facet normal -0.866026 -0.499999 -6.35484e-07
    outer loop
      vertex -4.94862 15.5713 1
      vertex -6.25892 17.8408 11.8
      vertex -6.9892 19.1057 1
    endloop
  endfacet
  facet normal -0.866037 -0.49998 -5.82279e-06
    outer loop
      vertex -6.25892 17.8408 11.8
      vertex -4.94862 15.5713 1
      vertex -5.76907 16.9923 12.6757
    endloop
  endfacet
  facet normal -0.0041674 -0.992702 0.120518
    outer loop
      vertex -10.6456 20.4324 11.8
      vertex -11.0406 19.1229 1
      vertex -8.85905 20.4249 11.8
    endloop
  endfacet
  facet normal -0.00423848 -0.992702 0.12052
    outer loop
      vertex -11.152 20.481 12.1825
      vertex -11.0406 19.1229 1
      vertex -10.6456 20.4324 11.8
    endloop
  endfacet
  facet normal -0.00431543 -0.992702 0.120519
    outer loop
      vertex -11.0406 19.1229 1
      vertex -11.152 20.481 12.1825
      vertex -11.8642 20.5494 12.7204
    endloop
  endfacet
  facet normal -0.00421446 -0.992701 0.120527
    outer loop
      vertex -6.9892 19.1057 1
      vertex -8.85905 20.4249 11.8
      vertex -11.0406 19.1229 1
    endloop
  endfacet
  facet normal -0.00424089 -0.992702 0.120522
    outer loop
      vertex -8.85905 20.4249 11.8
      vertex -6.9892 19.1057 1
      vertex -8.38922 20.4704 12.1913
    endloop
  endfacet
  facet normal -0.00428347 -0.992702 0.120517
    outer loop
      vertex -8.38922 20.4704 12.1913
      vertex -6.9892 19.1057 1
      vertex -7.80954 20.5265 12.674
    endloop
  endfacet
  facet normal 0.861836 -0.49266 0.120524
    outer loop
      vertex -12.0283 20.1896 12.4231
      vertex -11.0406 19.1229 1
      vertex -11.8642 20.5494 12.7204
    endloop
  endfacet
  facet normal 0.861824 -0.492679 0.120525
    outer loop
      vertex -12.3722 19.4356 11.8
      vertex -11.0406 19.1229 1
      vertex -12.0283 20.1896 12.4231
    endloop
  endfacet
  facet normal 0.861815 -0.492696 0.120524
    outer loop
      vertex -13.2589 17.8846 11.8
      vertex -11.0406 19.1229 1
      vertex -12.3722 19.4356 11.8
    endloop
  endfacet
  facet normal 0.861814 -0.492698 0.120522
    outer loop
      vertex -13.0514 15.6057 1
      vertex -13.2589 17.8846 11.8
      vertex -13.8717 17.0265 12.674
    endloop
  endfacet
  facet normal 0.861812 -0.492702 0.120523
    outer loop
      vertex -13.2589 17.8846 11.8
      vertex -13.0514 15.6057 1
      vertex -11.0406 19.1229 1
    endloop
  endfacet
  facet normal 0.866025 0.5 1.39819e-08
    outer loop
      vertex -13.2589 15.9651 11.8
      vertex -13.0514 15.6057 1
      vertex -13.8717 17.0265 12.674
    endloop
  endfacet
  facet normal 0.866023 0.500004 -1.51558e-07
    outer loop
      vertex -12.3211 14.3408 11.8
      vertex -13.0514 15.6057 1
      vertex -13.2589 15.9651 11.8
    endloop
  endfacet
  facet normal 0.866036 0.499981 5.60763e-06
    outer loop
      vertex -11.0108 12.0713 1
      vertex -12.3211 14.3408 11.8
      vertex -12.0941 13.9476 12.2058
    endloop
  endfacet
  facet normal 0.866072 0.499919 1.95181e-05
    outer loop
      vertex -11.0108 12.0713 1
      vertex -12.0941 13.9476 12.2058
      vertex -11.8313 13.4923 12.6757
    endloop
  endfacet
  facet normal 0.866024 0.500002 -3.94312e-07
    outer loop
      vertex -12.3211 14.3408 11.8
      vertex -11.0108 12.0713 1
      vertex -13.0514 15.6057 1
    endloop
  endfacet
  facet normal 0 0 1
    outer loop
      vertex -6.9892 19.1057 1
      vertex -5.13613 15.2433 1
      vertex -4.94862 15.5713 1
    endloop
  endfacet
  facet normal 0 0 1
    outer loop
      vertex -11.0406 19.1229 1
      vertex -5.13613 15.2433 1
      vertex -6.9892 19.1057 1
    endloop
  endfacet
  facet normal 0 0 1
    outer loop
      vertex -5.13613 15.2433 1
      vertex -10.633 12.0697 1
      vertex -6.95941 12.0541 1
    endloop
  endfacet
  facet normal 0 0 1
    outer loop
      vertex -5.13613 15.2433 1
      vertex -11.0406 19.1229 1
      vertex -10.633 12.0697 1
    endloop
  endfacet
  facet normal 0 0 1
    outer loop
      vertex -10.633 12.0697 1
      vertex -11.0406 19.1229 1
      vertex -13.0514 15.6057 1
    endloop
  endfacet
  facet normal 0 0 1
    outer loop
      vertex -10.633 12.0697 1
      vertex -13.0514 15.6057 1
      vertex -11.0108 12.0713 1
    endloop
  endfacet
  facet normal -0.409369 -0.709114 0.574086
    outer loop
      vertex -6.25892 18.9237 11.8
      vertex -7.62428 20.2056 12.4098
      vertex -7.19674 19.4651 11.8
    endloop
  endfacet
  facet normal -0.4094 -0.709128 0.574046
    outer loop
      vertex -7.62428 20.2056 12.4098
      vertex -6.25892 18.9237 11.8
      vertex -5.59324 19.5027 12.99
    endloop
  endfacet
  facet normal -0.409397 -0.709152 0.574019
    outer loop
      vertex -8.85905 20.4249 11.8
      vertex -8.38922 20.4704 12.1913
      vertex -9.75892 20.9444 11.8
    endloop
  endfacet
  facet normal 1 -0 0
    outer loop
      vertex -14.0932 14.5953 13
      vertex -14.0932 19.5027 12.99
      vertex -14.0932 19.5027 13
    endloop
  endfacet
  facet normal 1 0 0
    outer loop
      vertex -14.0932 19.5027 12.99
      vertex -14.0932 14.5953 13
      vertex -14.0932 14.5953 12.99
    endloop
  endfacet
  facet normal 0.500013 -0.866018 0
    outer loop
      vertex -14.0932 19.5027 12.99
      vertex -9.84324 21.9565 13
      vertex -14.0932 19.5027 13
    endloop
  endfacet
  facet normal 0.500013 -0.866018 0
    outer loop
      vertex -9.84324 21.9565 13
      vertex -14.0932 19.5027 12.99
      vertex -9.84324 21.9565 12.99
    endloop
  endfacet
  facet normal 0.43641 0.755859 0.488082
    outer loop
      vertex -9.84324 12.1415 12.99
      vertex -11.8313 13.4923 12.6757
      vertex -14.0932 14.5953 12.99
    endloop
  endfacet
  facet normal 0.43639 0.75584 0.48813
    outer loop
      vertex -11.8313 13.4923 12.6757
      vertex -9.84324 12.1415 12.99
      vertex -11.4859 13.4595 12.4177
    endloop
  endfacet
  facet normal 0.43639 0.755773 0.488232
    outer loop
      vertex -12.0941 13.9476 12.2058
      vertex -14.0932 14.5953 12.99
      vertex -11.8313 13.4923 12.6757
    endloop
  endfacet
  facet normal 0.436379 0.755823 0.488165
    outer loop
      vertex -14.0932 14.5953 12.99
      vertex -12.0941 13.9476 12.2058
      vertex -13.2589 14.8822 11.8
    endloop
  endfacet
  facet normal 0.818811 0 0.574063
    outer loop
      vertex -14.0932 19.5027 12.99
      vertex -13.2589 17.8846 11.8
      vertex -13.2589 18.9237 11.8
    endloop
  endfacet
  facet normal 0.8188 -1.80883e-05 0.574079
    outer loop
      vertex -14.0932 19.5027 12.99
      vertex -13.8717 17.0265 12.674
      vertex -13.2589 17.8846 11.8
    endloop
  endfacet
  facet normal 0.818802 1.79052e-05 0.574076
    outer loop
      vertex -14.0932 14.5953 12.99
      vertex -13.2589 15.9651 11.8
      vertex -13.8717 17.0265 12.674
    endloop
  endfacet
  facet normal 0.818811 0 0.574063
    outer loop
      vertex -13.2589 15.9651 11.8
      vertex -14.0932 14.5953 12.99
      vertex -13.2589 14.8822 11.8
    endloop
  endfacet
  facet normal 0.818867 -0 0.573984
    outer loop
      vertex -14.0932 14.5953 12.99
      vertex -13.8717 17.0265 12.674
      vertex -14.0932 19.5027 12.99
    endloop
  endfacet
  facet normal -0.872731 0 0.488201
    outer loop
      vertex -6.25892 17.8408 11.8
      vertex -5.59324 19.5027 12.99
      vertex -6.25892 18.9237 11.8
    endloop
  endfacet
  facet normal -0.872734 5.12515e-06 0.488196
    outer loop
      vertex -5.76907 16.9923 12.6757
      vertex -5.59324 19.5027 12.99
      vertex -6.25892 17.8408 11.8
    endloop
  endfacet
  facet normal -0.872731 0 0.488201
    outer loop
      vertex -5.59324 14.5953 12.99
      vertex -6.25892 15.9213 11.8
      vertex -6.25892 14.8822 11.8
    endloop
  endfacet
  facet normal -0.872717 0 0.488227
    outer loop
      vertex -5.76907 16.9923 12.6757
      vertex -5.59324 14.5953 12.99
      vertex -5.59324 19.5027 12.99
    endloop
  endfacet
  facet normal -0.872733 -5.18695e-06 0.488197
    outer loop
      vertex -6.25892 15.9213 11.8
      vertex -5.59324 14.5953 12.99
      vertex -5.76907 16.9923 12.6757
    endloop
  endfacet
  facet normal 0 -0 1
    outer loop
      vertex -6.25892 17.8408 11.8
      vertex -6.25892 18.9237 11.8
      vertex -7.19674 19.4651 11.8
    endloop
  endfacet
  facet normal 0 0 1
    outer loop
      vertex -7.08677 14.4733 11.8
      vertex -6.25892 14.8822 11.8
      vertex -6.25892 15.9213 11.8
    endloop
  endfacet
  facet normal 0 0 1
    outer loop
      vertex -6.25892 14.8822 11.8
      vertex -7.08677 14.4733 11.8
      vertex -7.14565 14.3703 11.8
    endloop
  endfacet
  facet normal 0 0 1
    outer loop
      vertex -8.99082 13.374 11.8
      vertex -9.75892 12.8615 11.8
      vertex -8.87219 13.3734 11.8
    endloop
  endfacet
  facet normal 0 -0 1
    outer loop
      vertex -9.75892 12.8615 11.8
      vertex -8.99082 13.374 11.8
      vertex -10.6588 13.381 11.8
    endloop
  endfacet
  facet normal 0 0 1
    outer loop
      vertex -8.85905 20.4249 11.8
      vertex -9.75892 20.9444 11.8
      vertex -10.6456 20.4324 11.8
    endloop
  endfacet
  facet normal 0 0 1
    outer loop
      vertex -12.3211 14.3408 11.8
      vertex -13.2589 15.9651 11.8
      vertex -13.2589 14.8822 11.8
    endloop
  endfacet
  facet normal 0 0 1
    outer loop
      vertex -12.3722 19.4356 11.8
      vertex -13.2589 18.9237 11.8
      vertex -13.2589 17.8846 11.8
    endloop
  endfacet
  facet normal 0.500013 0.866018 -0
    outer loop
      vertex -9.84324 12.1415 12.99
      vertex -14.0932 14.5953 13
      vertex -9.84324 12.1415 13
    endloop
  endfacet
  facet normal 0.500013 0.866018 0
    outer loop
      vertex -14.0932 14.5953 13
      vertex -9.84324 12.1415 12.99
      vertex -14.0932 14.5953 12.99
    endloop
  endfacet
  facet normal -0.500009 0.86602 0
    outer loop
      vertex -5.59324 14.5953 12.99
      vertex -9.84324 12.1415 13
      vertex -5.59324 14.5953 13
    endloop
  endfacet
  facet normal -0.500009 0.86602 0
    outer loop
      vertex -9.84324 12.1415 13
      vertex -5.59324 14.5953 12.99
      vertex -9.84324 12.1415 12.99
    endloop
  endfacet
  facet normal -0.500009 -0.86602 0
    outer loop
      vertex -9.84324 21.9565 12.99
      vertex -5.59324 19.5027 13
      vertex -9.84324 21.9565 13
    endloop
  endfacet
  facet normal -0.500009 -0.86602 -0
    outer loop
      vertex -5.59324 19.5027 13
      vertex -9.84324 21.9565 12.99
      vertex -5.59324 19.5027 12.99
    endloop
  endfacet
  facet normal 0.395837 -0.685586 0.61097
    outer loop
      vertex -14.0932 19.5027 12.99
      vertex -11.8642 20.5494 12.7204
      vertex -9.84324 21.9565 12.99
    endloop
  endfacet
  facet normal 0.395804 -0.685479 0.611113
    outer loop
      vertex -11.8642 20.5494 12.7204
      vertex -14.0932 19.5027 12.99
      vertex -12.0283 20.1896 12.4231
    endloop
  endfacet
  facet normal 0.395743 -0.685484 0.611145
    outer loop
      vertex -11.152 20.481 12.1825
      vertex -9.84324 21.9565 12.99
      vertex -11.8642 20.5494 12.7204
    endloop
  endfacet
  facet normal 0.395814 -0.685508 0.611073
    outer loop
      vertex -9.84324 21.9565 12.99
      vertex -11.152 20.481 12.1825
      vertex -9.75892 20.9444 11.8
    endloop
  endfacet
  facet normal -0.409417 -0.709113 0.574053
    outer loop
      vertex -9.84324 21.9565 12.99
      vertex -7.80954 20.5265 12.674
      vertex -5.59324 19.5027 12.99
    endloop
  endfacet
  facet normal -0.409406 -0.709102 0.574073
    outer loop
      vertex -9.84324 21.9565 12.99
      vertex -8.38922 20.4704 12.1913
      vertex -7.80954 20.5265 12.674
    endloop
  endfacet
  facet normal -0.409398 -0.709099 0.574083
    outer loop
      vertex -8.38922 20.4704 12.1913
      vertex -9.84324 21.9565 12.99
      vertex -9.75892 20.9444 11.8
    endloop
  endfacet
  facet normal -0.4094 -0.70905 0.574143
    outer loop
      vertex -5.59324 19.5027 12.99
      vertex -7.80954 20.5265 12.674
      vertex -7.62428 20.2056 12.4098
    endloop
  endfacet
  facet normal -0.449213 0.778142 0.438979
    outer loop
      vertex -6.25892 14.8822 11.8
      vertex -7.14565 14.3703 11.8
      vertex -7.40922 14.0027 12.1819
    endloop
  endfacet
  facet normal -0.449263 0.778138 0.438935
    outer loop
      vertex -8.87219 13.3734 11.8
      vertex -9.84324 12.1415 12.99
      vertex -8.13718 13.446 12.4236
    endloop
  endfacet
  facet normal -0.449213 0.778142 0.438979
    outer loop
      vertex -9.84324 12.1415 12.99
      vertex -8.87219 13.3734 11.8
      vertex -9.75892 12.8615 11.8
    endloop
  endfacet
  facet normal 0.436332 0.755816 0.488218
    outer loop
      vertex -10.6588 13.381 11.8
      vertex -9.84324 12.1415 12.99
      vertex -9.75892 12.8615 11.8
    endloop
  endfacet
  facet normal 0.436342 0.755815 0.48821
    outer loop
      vertex -9.84324 12.1415 12.99
      vertex -10.6588 13.381 11.8
      vertex -11.4859 13.4595 12.4177
    endloop
  endfacet
  facet normal 0.436328 0.755796 0.488252
    outer loop
      vertex -12.0941 13.9476 12.2058
      vertex -12.3211 14.3408 11.8
      vertex -13.2589 14.8822 11.8
    endloop
  endfacet
  facet normal -0.44925 0.778104 0.439009
    outer loop
      vertex -5.59324 14.5953 12.99
      vertex -7.78325 13.481 12.7239
      vertex -9.84324 12.1415 12.99
    endloop
  endfacet
  facet normal -0.449256 0.778129 0.438957
    outer loop
      vertex -5.59324 14.5953 12.99
      vertex -7.40922 14.0027 12.1819
      vertex -7.78325 13.481 12.7239
    endloop
  endfacet
  facet normal -0.449247 0.778159 0.438915
    outer loop
      vertex -7.40922 14.0027 12.1819
      vertex -5.59324 14.5953 12.99
      vertex -6.25892 14.8822 11.8
    endloop
  endfacet
  facet normal -0.449306 0.77816 0.438852
    outer loop
      vertex -9.84324 12.1415 12.99
      vertex -7.78325 13.481 12.7239
      vertex -8.13718 13.446 12.4236
    endloop
  endfacet
  facet normal 0.395813 -0.685467 0.61112
    outer loop
      vertex -10.6456 20.4324 11.8
      vertex -9.75892 20.9444 11.8
      vertex -11.152 20.481 12.1825
    endloop
  endfacet
  facet normal 0.395805 -0.685537 0.611047
    outer loop
      vertex -13.2589 18.9237 11.8
      vertex -12.0283 20.1896 12.4231
      vertex -14.0932 19.5027 12.99
    endloop
  endfacet
  facet normal 0.395754 -0.685515 0.611104
    outer loop
      vertex -12.0283 20.1896 12.4231
      vertex -13.2589 18.9237 11.8
      vertex -12.3722 19.4356 11.8
    endloop
  endfacet
  facet normal -1 0 0
    outer loop
      vertex -5.59324 14.5953 12.99
      vertex -5.59324 19.5027 13
      vertex -5.59324 19.5027 12.99
    endloop
  endfacet
  facet normal -1 -0 0
    outer loop
      vertex -5.59324 19.5027 13
      vertex -5.59324 14.5953 12.99
      vertex -5.59324 14.5953 13
    endloop
  endfacet
  facet normal 0.499999 -0.866026 3.44944e-07
    outer loop
      vertex -18.3145 -6.53242 11.8
      vertex -17.0172 -5.78343 1
      vertex -14.8145 -4.5117 11.8
    endloop
  endfacet
  facet normal 0.50054 -0.865713 8.70302e-05
    outer loop
      vertex -17.0172 -5.78343 1
      vertex -18.3145 -6.53242 11.8
      vertex -18.335 -6.54427 11.8272
    endloop
  endfacet
  facet normal 0.499999 -0.866026 3.84467e-07
    outer loop
      vertex -13.4828 -3.74285 1
      vertex -14.8145 -4.5117 11.8
      vertex -17.0172 -5.78343 1
    endloop
  endfacet
  facet normal 0.499428 -0.866355 -9.33743e-05
    outer loop
      vertex -14.8145 -4.5117 11.8
      vertex -13.4828 -3.74285 1
      vertex -14.8006 -4.50369 11.8273
    endloop
  endfacet
  facet normal -0.498653 0.866802 0.000215916
    outer loop
      vertex -14.8145 -12.5946 11.8
      vertex -13.5172 -11.8456 1
      vertex -14.835 -12.6064 11.8272
    endloop
  endfacet
  facet normal -0.499999 0.866026 2.02116e-06
    outer loop
      vertex -13.5172 -11.8456 1
      vertex -11.3145 -10.5739 11.8
      vertex -9.9828 -9.80502 1
    endloop
  endfacet
  facet normal -0.499995 0.866028 1.05138e-06
    outer loop
      vertex -11.3145 -10.5739 11.8
      vertex -13.5172 -11.8456 1
      vertex -14.8145 -12.5946 11.8
    endloop
  endfacet
  facet normal -0.499054 0.866571 0.000157221
    outer loop
      vertex -9.9828 -9.80502 1
      vertex -11.3145 -10.5739 11.8
      vertex -11.3006 -10.5659 11.8273
    endloop
  endfacet
  facet normal -0.492697 -0.861814 -0.120527
    outer loop
      vertex -13.4828 -3.74285 1
      vertex -11.4774 -6.40718 11.8532
      vertex -14.8006 -4.50369 11.8273
    endloop
  endfacet
  facet normal -0.4927 -0.861812 -0.120526
    outer loop
      vertex -9.9656 -5.75364 1
      vertex -11.4774 -6.40718 11.8532
      vertex -13.4828 -3.74285 1
    endloop
  endfacet
  facet normal -0.492688 -0.861819 -0.120525
    outer loop
      vertex -11.4774 -6.40718 11.8532
      vertex -9.9656 -5.75364 1
      vertex -11.2867 -6.51641 11.8547
    endloop
  endfacet
  facet normal 0.992701 -0.00424962 0.120525
    outer loop
      vertex -18.3405 -7.62202 11.8345
      vertex -17.0172 -5.78343 1
      vertex -18.335 -6.54427 11.8272
    endloop
  endfacet
  facet normal 0.992701 -0.00421455 0.120531
    outer loop
      vertex -17.0172 -5.78343 1
      vertex -18.3405 -7.62202 11.8345
      vertex -17.032 -9.26944 1
    endloop
  endfacet
  facet normal -0.992702 0.00421448 -0.120523
    outer loop
      vertex -9.9828 -9.80502 1
      vertex -11.2867 -6.51641 11.8547
      vertex -9.9656 -5.75364 1
    endloop
  endfacet
  facet normal -0.992701 0.00422299 -0.120526
    outer loop
      vertex -11.2867 -6.51641 11.8547
      vertex -9.9828 -9.80502 1
      vertex -11.3006 -10.5659 11.8273
    endloop
  endfacet
  facet normal 0.992701 -0.00419413 0.120528
    outer loop
      vertex -18.3555 -10.5976 11.8545
      vertex -17.032 -9.26944 1
      vertex -18.3405 -7.62202 11.8345
    endloop
  endfacet
  facet normal 0.992701 -0.00421402 0.120525
    outer loop
      vertex -17.032 -9.26944 1
      vertex -18.3555 -10.5976 11.8545
      vertex -17.0344 -9.83481 1
    endloop
  endfacet
  facet normal 0.492698 0.861813 0.120529
    outer loop
      vertex -17.0344 -9.83481 1
      vertex -15.7711 -12.0723 11.8345
      vertex -16.5436 -10.1154 1
    endloop
  endfacet
  facet normal 0.492697 0.861813 0.120529
    outer loop
      vertex -15.7711 -12.0723 11.8345
      vertex -17.0344 -9.83481 1
      vertex -18.3555 -10.5976 11.8545
    endloop
  endfacet
  facet normal 0.49217 0.862121 0.120482
    outer loop
      vertex -13.5172 -11.8456 1
      vertex -14.9175 -12.5594 11.8279
      vertex -14.835 -12.6064 11.8272
    endloop
  endfacet
  facet normal 0.4927 0.861812 0.12053
    outer loop
      vertex -16.5436 -10.1154 1
      vertex -14.9175 -12.5594 11.8279
      vertex -13.5172 -11.8456 1
    endloop
  endfacet
  facet normal 0.492714 0.861804 0.120526
    outer loop
      vertex -14.9175 -12.5594 11.8279
      vertex -16.5436 -10.1154 1
      vertex -15.7711 -12.0723 11.8345
    endloop
  endfacet
  facet normal 0 0 1
    outer loop
      vertex -17.032 -9.26944 1
      vertex -9.9656 -5.75364 1
      vertex -13.4828 -3.74285 1
    endloop
  endfacet
  facet normal 0 0 1
    outer loop
      vertex -9.9656 -5.75364 1
      vertex -16.5436 -10.1154 1
      vertex -9.9828 -9.80502 1
    endloop
  endfacet
  facet normal 0 0 1
    outer loop
      vertex -9.9828 -9.80502 1
      vertex -16.5436 -10.1154 1
      vertex -13.5172 -11.8456 1
    endloop
  endfacet
  facet normal 0 0 1
    outer loop
      vertex -17.032 -9.26944 1
      vertex -13.4828 -3.74285 1
      vertex -17.0172 -5.78343 1
    endloop
  endfacet
  facet normal 0 0 1
    outer loop
      vertex -9.9656 -5.75364 1
      vertex -17.032 -9.26944 1
      vertex -16.5436 -10.1154 1
    endloop
  endfacet
  facet normal 0 0 1
    outer loop
      vertex -16.5436 -10.1154 1
      vertex -17.032 -9.26944 1
      vertex -17.0344 -9.83481 1
    endloop
  endfacet
  facet normal 0.798757 -0.000806009 0.601653
    outer loop
      vertex -19.2105 -6.18373 12.99
      vertex -18.335 -6.54427 11.8272
      vertex -18.3145 -6.53242 11.8
    endloop
  endfacet
  facet normal 0.798877 -2.70355e-06 0.601494
    outer loop
      vertex -19.2105 -6.18373 12.99
      vertex -18.3405 -7.62202 11.8345
      vertex -18.335 -6.54427 11.8272
    endloop
  endfacet
  facet normal 0.798879 -0 0.601492
    outer loop
      vertex -19.2105 -11.0912 12.99
      vertex -18.3405 -7.62202 11.8345
      vertex -19.2105 -6.18373 12.99
    endloop
  endfacet
  facet normal 0.798855 1.6006e-05 0.601523
    outer loop
      vertex -18.3405 -7.62202 11.8345
      vertex -19.2105 -11.0912 12.99
      vertex -18.3555 -10.5976 11.8545
    endloop
  endfacet
  facet normal -0.422995 0.732631 0.533223
    outer loop
      vertex -10.7105 -11.0912 12.99
      vertex -14.8145 -12.5946 11.8
      vertex -14.9605 -13.545 12.99
    endloop
  endfacet
  facet normal -0.445861 -0.772257 0.452579
    outer loop
      vertex -11.4774 -6.40718 11.8532
      vertex -10.7105 -6.18373 12.99
      vertex -14.9605 -3.73 12.99
    endloop
  endfacet
  facet normal -0.445885 -0.772236 0.452591
    outer loop
      vertex -10.7105 -6.18373 12.99
      vertex -11.4774 -6.40718 11.8532
      vertex -11.2867 -6.51641 11.8547
    endloop
  endfacet
  facet normal 0.423001 -0.732662 0.533176
    outer loop
      vertex -14.8145 -4.5117 11.8
      vertex -14.9605 -3.73 12.99
      vertex -18.3145 -6.53242 11.8
    endloop
  endfacet
  facet normal 0.399433 0.691822 0.601528
    outer loop
      vertex -14.9605 -13.545 12.99
      vertex -14.9175 -12.5594 11.8279
      vertex -19.2105 -11.0912 12.99
    endloop
  endfacet
  facet normal 0.399266 0.69188 0.601571
    outer loop
      vertex -14.9605 -13.545 12.99
      vertex -14.835 -12.6064 11.8272
      vertex -14.9175 -12.5594 11.8279
    endloop
  endfacet
  facet normal 0.399896 0.691632 0.601439
    outer loop
      vertex -14.8145 -12.5946 11.8
      vertex -14.835 -12.6064 11.8272
      vertex -14.9605 -13.545 12.99
    endloop
  endfacet
  facet normal 0.399432 0.691843 0.601504
    outer loop
      vertex -19.2105 -11.0912 12.99
      vertex -15.7711 -12.0723 11.8345
      vertex -18.3555 -10.5976 11.8545
    endloop
  endfacet
  facet normal 0.399433 0.691822 0.601528
    outer loop
      vertex -15.7711 -12.0723 11.8345
      vertex -19.2105 -11.0912 12.99
      vertex -14.9175 -12.5594 11.8279
    endloop
  endfacet
  facet normal -1 0 0
    outer loop
      vertex -10.7105 -11.0912 12.99
      vertex -10.7105 -6.18373 13
      vertex -10.7105 -6.18373 12.99
    endloop
  endfacet
  facet normal -1 -0 0
    outer loop
      vertex -10.7105 -6.18373 13
      vertex -10.7105 -11.0912 12.99
      vertex -10.7105 -11.0912 13
    endloop
  endfacet
  facet normal -0.445869 -0.772261 0.452564
    outer loop
      vertex -14.9605 -3.73 12.99
      vertex -14.8006 -4.50369 11.8273
      vertex -11.4774 -6.40718 11.8532
    endloop
  endfacet
  facet normal -0.444534 -0.772737 0.453064
    outer loop
      vertex -14.8006 -4.50369 11.8273
      vertex -14.9605 -3.73 12.99
      vertex -14.8145 -4.5117 11.8
    endloop
  endfacet
  facet normal -0.500009 0.86602 0
    outer loop
      vertex -10.7105 -11.0912 12.99
      vertex -14.9605 -13.545 13
      vertex -10.7105 -11.0912 13
    endloop
  endfacet
  facet normal -0.500009 0.86602 0
    outer loop
      vertex -14.9605 -13.545 13
      vertex -10.7105 -11.0912 12.99
      vertex -14.9605 -13.545 12.99
    endloop
  endfacet
  facet normal 0.423001 -0.732661 0.533177
    outer loop
      vertex -19.2105 -6.18373 12.99
      vertex -18.3145 -6.53242 11.8
      vertex -14.9605 -3.73 12.99
    endloop
  endfacet
  facet normal 1 -0 0
    outer loop
      vertex -19.2105 -11.0912 13
      vertex -19.2105 -6.18373 12.99
      vertex -19.2105 -6.18373 13
    endloop
  endfacet
  facet normal 1 0 0
    outer loop
      vertex -19.2105 -6.18373 12.99
      vertex -19.2105 -11.0912 13
      vertex -19.2105 -11.0912 12.99
    endloop
  endfacet
  facet normal 0.499999 -0.866026 0
    outer loop
      vertex -19.2105 -6.18373 12.99
      vertex -14.9605 -3.73 13
      vertex -19.2105 -6.18373 13
    endloop
  endfacet
  facet normal 0.499999 -0.866026 0
    outer loop
      vertex -14.9605 -3.73 13
      vertex -19.2105 -6.18373 12.99
      vertex -14.9605 -3.73 12.99
    endloop
  endfacet
  facet normal 0.500009 0.86602 -0
    outer loop
      vertex -14.9605 -13.545 12.99
      vertex -19.2105 -11.0912 13
      vertex -14.9605 -13.545 13
    endloop
  endfacet
  facet normal 0.500009 0.86602 0
    outer loop
      vertex -19.2105 -11.0912 13
      vertex -14.9605 -13.545 12.99
      vertex -19.2105 -11.0912 12.99
    endloop
  endfacet
  facet normal -0.422995 0.732658 0.533187
    outer loop
      vertex -10.7105 -11.0912 12.99
      vertex -11.3145 -10.5739 11.8
      vertex -14.8145 -12.5946 11.8
    endloop
  endfacet
  facet normal -0.891725 -1.40125e-06 0.452578
    outer loop
      vertex -11.3006 -10.5659 11.8273
      vertex -10.7105 -6.18373 12.99
      vertex -11.2867 -6.51641 11.8547
    endloop
  endfacet
  facet normal -0.891727 0 0.452574
    outer loop
      vertex -11.3006 -10.5659 11.8273
      vertex -10.7105 -11.0912 12.99
      vertex -10.7105 -6.18373 12.99
    endloop
  endfacet
  facet normal -0.891369 0.00195298 0.453275
    outer loop
      vertex -10.7105 -11.0912 12.99
      vertex -11.3006 -10.5659 11.8273
      vertex -11.3145 -10.5739 11.8
    endloop
  endfacet
  facet normal -0.499999 -0.866026 0
    outer loop
      vertex -14.9605 -3.73 12.99
      vertex -10.7105 -6.18373 13
      vertex -14.9605 -3.73 13
    endloop
  endfacet
  facet normal -0.499999 -0.866026 -0
    outer loop
      vertex -10.7105 -6.18373 13
      vertex -14.9605 -3.73 12.99
      vertex -10.7105 -6.18373 12.99
    endloop
  endfacet
  facet normal 0.863927 0.49998 0.0604103
    outer loop
      vertex -13.2552 -0.95259 11.8
      vertex -13.0513 0 1
      vertex -13.8676 0 12.6739
    endloop
  endfacet
  facet normal 0.863972 0.499904 0.0604044
    outer loop
      vertex -13.0513 0 1
      vertex -13.2552 -0.95259 11.8
      vertex -12.7969 -0.439673 1
    endloop
  endfacet
  facet normal 0.863909 0.500012 0.0604069
    outer loop
      vertex -12.7969 -0.439673 1
      vertex -13.2552 -0.95259 11.8
      vertex -12.3451 -2.52504 11.8
    endloop
  endfacet
  facet normal 0 1 0
    outer loop
      vertex -6.97434 -3.5 1
      vertex -8.33447 -3.5 12.2058
      vertex -7.78993 -3.5 12.6634
    endloop
  endfacet
  facet normal 0 1 0
    outer loop
      vertex -11.0257 -3.5 1
      vertex -8.81739 -3.5 11.8
      vertex -6.97434 -3.5 1
    endloop
  endfacet
  facet normal 0 1 0
    outer loop
      vertex -8.33447 -3.5 12.2058
      vertex -6.97434 -3.5 1
      vertex -8.81739 -3.5 11.8
    endloop
  endfacet
  facet normal 0 1 0
    outer loop
      vertex -8.81739 -3.5 11.8
      vertex -11.0257 -3.5 1
      vertex -10.693 -3.5 11.8
    endloop
  endfacet
  facet normal 0 1 0
    outer loop
      vertex -10.693 -3.5 11.8
      vertex -11.0257 -3.5 1
      vertex -11.2332 -3.5 12.2058
    endloop
  endfacet
  facet normal 0 1 0
    outer loop
      vertex -11.2332 -3.5 12.2058
      vertex -11.0257 -3.5 1
      vertex -11.8412 -3.5 12.6626
    endloop
  endfacet
  facet normal 0.863909 -0.500012 0.0604069
    outer loop
      vertex -13.2552 0.95259 11.8
      vertex -12.7969 0.439673 1
      vertex -12.3451 2.52504 11.8
    endloop
  endfacet
  facet normal 0.863927 -0.49998 0.0604103
    outer loop
      vertex -13.0513 0 1
      vertex -13.2552 0.95259 11.8
      vertex -13.8676 0 12.6739
    endloop
  endfacet
  facet normal 0.863972 -0.499904 0.0604044
    outer loop
      vertex -13.2552 0.95259 11.8
      vertex -13.0513 0 1
      vertex -12.7969 0.439673 1
    endloop
  endfacet
  facet normal -0.863918 -0.499996 -0.0604115
    outer loop
      vertex -6.97434 3.5 1
      vertex -7.61326 3.22514 12.4118
      vertex -7.78993 3.5 12.6634
    endloop
  endfacet
  facet normal -0.86391 -0.50001 -0.0604113
    outer loop
      vertex -6.97434 3.5 1
      vertex -7.18363 2.55675 11.8
      vertex -7.61326 3.22514 12.4118
    endloop
  endfacet
  facet normal -0.863917 -0.499998 -0.0604104
    outer loop
      vertex -6.97434 3.5 1
      vertex -6.25521 0.952589 11.8
      vertex -7.18363 2.55675 11.8
    endloop
  endfacet
  facet normal -0.863916 -0.5 -0.0604109
    outer loop
      vertex -4.94868 0 1
      vertex -6.25521 0.952589 11.8
      vertex -6.97434 3.5 1
    endloop
  endfacet
  facet normal -0.863913 -0.500005 -0.0604101
    outer loop
      vertex -6.25521 0.952589 11.8
      vertex -4.94868 0 1
      vertex -5.76511 0 12.6756
    endloop
  endfacet
  facet normal 0.863949 -0.499942 0.0604111
    outer loop
      vertex -11.9825 3.22549 12.4116
      vertex -11.0257 3.5 1
      vertex -11.8412 3.5 12.6626
    endloop
  endfacet
  facet normal 0.863903 -0.500023 0.0604053
    outer loop
      vertex -12.3268 2.55675 11.8
      vertex -11.0257 3.5 1
      vertex -11.9825 3.22549 12.4116
    endloop
  endfacet
  facet normal 0.864527 -0.498923 0.0605766
    outer loop
      vertex -12.3451 2.52504 11.8
      vertex -11.0257 3.5 1
      vertex -12.3268 2.55675 11.8
    endloop
  endfacet
  facet normal 0.863916 -0.500001 0.0604045
    outer loop
      vertex -11.0257 3.5 1
      vertex -12.3451 2.52504 11.8
      vertex -12.7969 0.439673 1
    endloop
  endfacet
  facet normal -0.863913 0.500005 -0.0604101
    outer loop
      vertex -4.94868 0 1
      vertex -6.25521 -0.952589 11.8
      vertex -5.76511 0 12.6756
    endloop
  endfacet
  facet normal -0.863917 0.499998 -0.0604112
    outer loop
      vertex -4.94868 0 1
      vertex -7.18363 -2.55675 11.8
      vertex -6.25521 -0.952589 11.8
    endloop
  endfacet
  facet normal -0.863916 0.5 -0.0604105
    outer loop
      vertex -6.97434 -3.5 1
      vertex -7.18363 -2.55675 11.8
      vertex -4.94868 0 1
    endloop
  endfacet
  facet normal -0.86391 0.50001 -0.0604113
    outer loop
      vertex -7.18363 -2.55675 11.8
      vertex -6.97434 -3.5 1
      vertex -7.61326 -3.22514 12.4118
    endloop
  endfacet
  facet normal -0.863918 0.499996 -0.0604115
    outer loop
      vertex -7.61326 -3.22514 12.4118
      vertex -6.97434 -3.5 1
      vertex -7.78993 -3.5 12.6634
    endloop
  endfacet
  facet normal 0.864527 0.498923 0.0605766
    outer loop
      vertex -11.0257 -3.5 1
      vertex -12.3451 -2.52504 11.8
      vertex -12.3268 -2.55675 11.8
    endloop
  endfacet
  facet normal 0.863903 0.500023 0.0604053
    outer loop
      vertex -11.0257 -3.5 1
      vertex -12.3268 -2.55675 11.8
      vertex -11.9825 -3.22549 12.4116
    endloop
  endfacet
  facet normal 0.863949 0.499942 0.0604111
    outer loop
      vertex -11.0257 -3.5 1
      vertex -11.9825 -3.22549 12.4116
      vertex -11.8412 -3.5 12.6626
    endloop
  endfacet
  facet normal 0.863916 0.500001 0.0604045
    outer loop
      vertex -12.3451 -2.52504 11.8
      vertex -11.0257 -3.5 1
      vertex -12.7969 -0.439673 1
    endloop
  endfacet
  facet normal 0 -1 -0
    outer loop
      vertex -10.693 3.5 11.8
      vertex -11.0257 3.5 1
      vertex -8.81739 3.5 11.8
    endloop
  endfacet
  facet normal 0 -1 0
    outer loop
      vertex -11.2332 3.5 12.2058
      vertex -11.0257 3.5 1
      vertex -10.693 3.5 11.8
    endloop
  endfacet
  facet normal 0 -1 0
    outer loop
      vertex -11.0257 3.5 1
      vertex -11.2332 3.5 12.2058
      vertex -11.8412 3.5 12.6626
    endloop
  endfacet
  facet normal 0 -1 0
    outer loop
      vertex -6.97434 3.5 1
      vertex -8.33447 3.5 12.2058
      vertex -8.81739 3.5 11.8
    endloop
  endfacet
  facet normal 0 -1 0
    outer loop
      vertex -6.97434 3.5 1
      vertex -8.81739 3.5 11.8
      vertex -11.0257 3.5 1
    endloop
  endfacet
  facet normal 0 -1 0
    outer loop
      vertex -8.33447 3.5 12.2058
      vertex -6.97434 3.5 1
      vertex -7.78993 3.5 12.6634
    endloop
  endfacet
  facet normal -0 0 1
    outer loop
      vertex -12.7969 0.439673 1
      vertex -4.94868 0 1
      vertex -6.97434 3.5 1
    endloop
  endfacet
  facet normal 0 0 1
    outer loop
      vertex -12.7969 0.439673 1
      vertex -6.97434 3.5 1
      vertex -11.0257 3.5 1
    endloop
  endfacet
  facet normal 0 0 1
    outer loop
      vertex -12.7969 -0.439673 1
      vertex -4.94868 0 1
      vertex -12.7969 0.439673 1
    endloop
  endfacet
  facet normal 0 0 1
    outer loop
      vertex -4.94868 0 1
      vertex -12.7969 -0.439673 1
      vertex -6.97434 -3.5 1
    endloop
  endfacet
  facet normal 0 0 1
    outer loop
      vertex -6.97434 -3.5 1
      vertex -12.7969 -0.439673 1
      vertex -11.0257 -3.5 1
    endloop
  endfacet
  facet normal 0 -0 1
    outer loop
      vertex -12.7969 -0.439673 1
      vertex -12.7969 0.439673 1
      vertex -13.0513 0 1
    endloop
  endfacet
  facet normal 1 -0 0
    outer loop
      vertex -14.0891 -2.45374 13
      vertex -14.0891 2.45374 12.99
      vertex -14.0891 2.45374 13
    endloop
  endfacet
  facet normal 1 0 0
    outer loop
      vertex -14.0891 2.45374 12.99
      vertex -14.0891 -2.45374 13
      vertex -14.0891 -2.45374 12.99
    endloop
  endfacet
  facet normal -0.429687 -0.744244 0.511342
    outer loop
      vertex -6.25521 2.02073 11.8
      vertex -7.61326 3.22514 12.4118
      vertex -7.18363 2.55675 11.8
    endloop
  endfacet
  facet normal -0.429695 -0.744247 0.51133
    outer loop
      vertex -7.61326 3.22514 12.4118
      vertex -6.25521 2.02073 11.8
      vertex -5.58912 2.45374 12.99
    endloop
  endfacet
  facet normal -0.429687 -0.74424 0.511347
    outer loop
      vertex -8.81739 3.5 11.8
      vertex -8.33447 3.5 12.2058
      vertex -9.75521 4.04145 11.8
    endloop
  endfacet
  facet normal -0.429697 -0.744256 0.511315
    outer loop
      vertex -9.83912 4.90748 12.99
      vertex -7.78993 3.5 12.6634
      vertex -5.58912 2.45374 12.99
    endloop
  endfacet
  facet normal -0.429691 -0.744251 0.511328
    outer loop
      vertex -9.83912 4.90748 12.99
      vertex -8.33447 3.5 12.2058
      vertex -7.78993 3.5 12.6634
    endloop
  endfacet
  facet normal -0.429687 -0.744249 0.511334
    outer loop
      vertex -8.33447 3.5 12.2058
      vertex -9.83912 4.90748 12.99
      vertex -9.75521 4.04145 11.8
    endloop
  endfacet
  facet normal -0.429695 -0.744249 0.511327
    outer loop
      vertex -5.58912 2.45374 12.99
      vertex -7.78993 3.5 12.6634
      vertex -7.61326 3.22514 12.4118
    endloop
  endfacet
  facet normal 0.500002 -0.866024 0
    outer loop
      vertex -14.0891 2.45374 12.99
      vertex -9.83912 4.90748 13
      vertex -14.0891 2.45374 13
    endloop
  endfacet
  facet normal 0.500002 -0.866024 0
    outer loop
      vertex -9.83912 4.90748 13
      vertex -14.0891 2.45374 12.99
      vertex -9.83912 4.90748 12.99
    endloop
  endfacet
  facet normal 0.416243 -0.720969 0.554027
    outer loop
      vertex -13.2552 2.02073 11.8
      vertex -11.9825 3.22549 12.4116
      vertex -14.0891 2.45374 12.99
    endloop
  endfacet
  facet normal 0.416263 -0.720977 0.554001
    outer loop
      vertex -11.9825 3.22549 12.4116
      vertex -13.2552 2.02073 11.8
      vertex -12.3268 2.55675 11.8
    endloop
  endfacet
  facet normal 0.416237 -0.720921 0.554094
    outer loop
      vertex -10.693 3.5 11.8
      vertex -9.75521 4.04145 11.8
      vertex -11.2332 3.5 12.2058
    endloop
  endfacet
  facet normal -0.5 0.866025 0
    outer loop
      vertex -5.58912 -2.45374 12.99
      vertex -9.83912 -4.90748 13
      vertex -5.58912 -2.45374 13
    endloop
  endfacet
  facet normal -0.5 0.866025 0
    outer loop
      vertex -9.83912 -4.90748 13
      vertex -5.58912 -2.45374 12.99
      vertex -9.83912 -4.90748 12.99
    endloop
  endfacet
  facet normal -0.872603 0 0.48843
    outer loop
      vertex -6.25521 0.952589 11.8
      vertex -5.58912 2.45374 12.99
      vertex -6.25521 2.02073 11.8
    endloop
  endfacet
  facet normal -0.872605 3.35213e-06 0.488427
    outer loop
      vertex -5.76511 0 12.6756
      vertex -5.58912 2.45374 12.99
      vertex -6.25521 0.952589 11.8
    endloop
  endfacet
  facet normal -0.872603 0 0.48843
    outer loop
      vertex -5.58912 -2.45374 12.99
      vertex -6.25521 -0.952589 11.8
      vertex -6.25521 -2.02073 11.8
    endloop
  endfacet
  facet normal -0.872594 0 0.488447
    outer loop
      vertex -5.76511 0 12.6756
      vertex -5.58912 -2.45374 12.99
      vertex -5.58912 2.45374 12.99
    endloop
  endfacet
  facet normal -0.872605 -3.35213e-06 0.488427
    outer loop
      vertex -6.25521 -0.952589 11.8
      vertex -5.58912 -2.45374 12.99
      vertex -5.76511 0 12.6756
    endloop
  endfacet
  facet normal 0.818941 0 0.573878
    outer loop
      vertex -14.0891 2.45374 12.99
      vertex -13.2552 0.95259 11.8
      vertex -13.2552 2.02073 11.8
    endloop
  endfacet
  facet normal 0.818939 -3.6134e-06 0.573881
    outer loop
      vertex -14.0891 2.45374 12.99
      vertex -13.8676 0 12.6739
      vertex -13.2552 0.95259 11.8
    endloop
  endfacet
  facet normal 0.818939 3.6134e-06 0.573881
    outer loop
      vertex -14.0891 -2.45374 12.99
      vertex -13.2552 -0.95259 11.8
      vertex -13.8676 0 12.6739
    endloop
  endfacet
  facet normal 0.818941 0 0.573878
    outer loop
      vertex -13.2552 -0.95259 11.8
      vertex -14.0891 -2.45374 12.99
      vertex -13.2552 -2.02073 11.8
    endloop
  endfacet
  facet normal 0.818952 -0 0.573862
    outer loop
      vertex -14.0891 -2.45374 12.99
      vertex -13.8676 0 12.6739
      vertex -14.0891 2.45374 12.99
    endloop
  endfacet
  facet normal 0.416261 0.720981 0.553998
    outer loop
      vertex -9.83912 -4.90748 12.99
      vertex -11.8412 -3.5 12.6626
      vertex -14.0891 -2.45374 12.99
    endloop
  endfacet
  facet normal 0.416247 0.720968 0.554025
    outer loop
      vertex -9.83912 -4.90748 12.99
      vertex -11.2332 -3.5 12.2058
      vertex -11.8412 -3.5 12.6626
    endloop
  endfacet
  facet normal 0.416237 0.720965 0.554037
    outer loop
      vertex -11.2332 -3.5 12.2058
      vertex -9.83912 -4.90748 12.99
      vertex -9.75521 -4.04145 11.8
    endloop
  endfacet
  facet normal 0.416242 0.720907 0.554108
    outer loop
      vertex -14.0891 -2.45374 12.99
      vertex -11.8412 -3.5 12.6626
      vertex -11.9825 -3.22549 12.4116
    endloop
  endfacet
  facet normal 0.416263 0.720977 0.554001
    outer loop
      vertex -13.2552 -2.02073 11.8
      vertex -11.9825 -3.22549 12.4116
      vertex -12.3268 -2.55675 11.8
    endloop
  endfacet
  facet normal 0.416243 0.720969 0.554027
    outer loop
      vertex -11.9825 -3.22549 12.4116
      vertex -13.2552 -2.02073 11.8
      vertex -14.0891 -2.45374 12.99
    endloop
  endfacet
  facet normal 0.416237 0.720921 0.554094
    outer loop
      vertex -9.75521 -4.04145 11.8
      vertex -10.693 -3.5 11.8
      vertex -11.2332 -3.5 12.2058
    endloop
  endfacet
  facet normal 0.500002 0.866024 -0
    outer loop
      vertex -9.83912 -4.90748 12.99
      vertex -14.0891 -2.45374 13
      vertex -9.83912 -4.90748 13
    endloop
  endfacet
  facet normal 0.500002 0.866024 0
    outer loop
      vertex -14.0891 -2.45374 13
      vertex -9.83912 -4.90748 12.99
      vertex -14.0891 -2.45374 12.99
    endloop
  endfacet
  facet normal -0.5 -0.866025 0
    outer loop
      vertex -9.83912 4.90748 12.99
      vertex -5.58912 2.45374 13
      vertex -9.83912 4.90748 13
    endloop
  endfacet
  facet normal -0.5 -0.866025 -0
    outer loop
      vertex -5.58912 2.45374 13
      vertex -9.83912 4.90748 12.99
      vertex -5.58912 2.45374 12.99
    endloop
  endfacet
  facet normal 0 0 1
    outer loop
      vertex -12.3451 -2.52504 11.8
      vertex -13.2552 -2.02073 11.8
      vertex -12.3268 -2.55675 11.8
    endloop
  endfacet
  facet normal -0 0 1
    outer loop
      vertex -13.2552 -2.02073 11.8
      vertex -12.3451 -2.52504 11.8
      vertex -13.2552 -0.95259 11.8
    endloop
  endfacet
  facet normal 0 0 1
    outer loop
      vertex -13.2552 2.02073 11.8
      vertex -12.3451 2.52504 11.8
      vertex -12.3268 2.55675 11.8
    endloop
  endfacet
  facet normal 0 0 1
    outer loop
      vertex -12.3451 2.52504 11.8
      vertex -13.2552 2.02073 11.8
      vertex -13.2552 0.95259 11.8
    endloop
  endfacet
  facet normal 0 -0 1
    outer loop
      vertex -9.75521 -4.04145 11.8
      vertex -8.81739 -3.5 11.8
      vertex -10.693 -3.5 11.8
    endloop
  endfacet
  facet normal 0 0 1
    outer loop
      vertex -8.81739 3.5 11.8
      vertex -9.75521 4.04145 11.8
      vertex -10.693 3.5 11.8
    endloop
  endfacet
  facet normal 0 -0 1
    outer loop
      vertex -6.25521 0.952589 11.8
      vertex -6.25521 2.02073 11.8
      vertex -7.18363 2.55675 11.8
    endloop
  endfacet
  facet normal 0 -0 1
    outer loop
      vertex -6.25521 -2.02073 11.8
      vertex -6.25521 -0.952589 11.8
      vertex -7.18363 -2.55675 11.8
    endloop
  endfacet
  facet normal 0.416261 -0.720981 0.553998
    outer loop
      vertex -14.0891 2.45374 12.99
      vertex -11.8412 3.5 12.6626
      vertex -9.83912 4.90748 12.99
    endloop
  endfacet
  facet normal 0.416242 -0.720907 0.554108
    outer loop
      vertex -11.8412 3.5 12.6626
      vertex -14.0891 2.45374 12.99
      vertex -11.9825 3.22549 12.4116
    endloop
  endfacet
  facet normal 0.416247 -0.720968 0.554025
    outer loop
      vertex -11.2332 3.5 12.2058
      vertex -9.83912 4.90748 12.99
      vertex -11.8412 3.5 12.6626
    endloop
  endfacet
  facet normal 0.416237 -0.720965 0.554037
    outer loop
      vertex -9.83912 4.90748 12.99
      vertex -11.2332 3.5 12.2058
      vertex -9.75521 4.04145 11.8
    endloop
  endfacet
  facet normal -0.429697 0.744256 0.511315
    outer loop
      vertex -5.58912 -2.45374 12.99
      vertex -7.78993 -3.5 12.6634
      vertex -9.83912 -4.90748 12.99
    endloop
  endfacet
  facet normal -0.429695 0.744249 0.511327
    outer loop
      vertex -7.78993 -3.5 12.6634
      vertex -5.58912 -2.45374 12.99
      vertex -7.61326 -3.22514 12.4118
    endloop
  endfacet
  facet normal -0.429691 0.744251 0.511328
    outer loop
      vertex -8.33447 -3.5 12.2058
      vertex -9.83912 -4.90748 12.99
      vertex -7.78993 -3.5 12.6634
    endloop
  endfacet
  facet normal -0.429687 0.744249 0.511334
    outer loop
      vertex -9.83912 -4.90748 12.99
      vertex -8.33447 -3.5 12.2058
      vertex -9.75521 -4.04145 11.8
    endloop
  endfacet
  facet normal -0.429687 0.74424 0.511347
    outer loop
      vertex -8.33447 -3.5 12.2058
      vertex -8.81739 -3.5 11.8
      vertex -9.75521 -4.04145 11.8
    endloop
  endfacet
  facet normal -0.429695 0.744247 0.51133
    outer loop
      vertex -6.25521 -2.02073 11.8
      vertex -7.61326 -3.22514 12.4118
      vertex -5.58912 -2.45374 12.99
    endloop
  endfacet
  facet normal -0.429687 0.744244 0.511342
    outer loop
      vertex -7.61326 -3.22514 12.4118
      vertex -6.25521 -2.02073 11.8
      vertex -7.18363 -2.55675 11.8
    endloop
  endfacet
  facet normal -1 0 0
    outer loop
      vertex -5.58912 -2.45374 12.99
      vertex -5.58912 2.45374 13
      vertex -5.58912 2.45374 12.99
    endloop
  endfacet
  facet normal -1 -0 0
    outer loop
      vertex -5.58912 2.45374 13
      vertex -5.58912 -2.45374 12.99
      vertex -5.58912 -2.45374 13
    endloop
  endfacet
  facet normal -0.864971 0.498172 -0.0604105
    outer loop
      vertex -0.456081 7.78996 1
      vertex -1.3776 7.49959 11.8
      vertex -0.863873 8.49627 12.6634
    endloop
  endfacet
  facet normal -0.86496 0.498191 -0.060409
    outer loop
      vertex -0.456081 7.78996 1
      vertex -1.43666 7.39705 11.8
      vertex -1.3776 7.49959 11.8
    endloop
  endfacet
  facet normal -0.864971 0.498172 -0.0604107
    outer loop
      vertex -1.43666 7.39705 11.8
      vertex -0.456081 7.78996 1
      vertex -2.28057 4.62212 1
    endloop
  endfacet
  facet normal -0.00104449 -0.998173 0.0604104
    outer loop
      vertex -2.48174 11.2985 1
      vertex -3.98582 11.9537 11.8
      vertex -6.01766 11.3022 1
    endloop
  endfacet
  facet normal 0 -0.998165 0.0605553
    outer loop
      vertex -3.98582 11.9537 11.8
      vertex -2.48174 11.2985 1
      vertex -3.94918 11.9537 11.8
    endloop
  endfacet
  facet normal -0.00110241 -0.998173 0.0604061
    outer loop
      vertex -3.94918 11.9537 11.8
      vertex -2.48174 11.2985 1
      vertex -3.45496 11.9775 12.2023
    endloop
  endfacet
  facet normal -0.000989136 -0.998173 0.0604159
    outer loop
      vertex -3.45496 11.9775 12.2023
      vertex -2.48174 11.2985 1
      vertex -2.88951 12.0048 12.6626
    endloop
  endfacet
  facet normal -0.00100937 -0.998173 0.060408
    outer loop
      vertex -6.52566 11.3028 1
      vertex -6.32043 11.9804 12.2
      vertex -6.93382 12.0097 12.6739
    endloop
  endfacet
  facet normal -0.00114051 -0.998173 0.0604104
    outer loop
      vertex -6.52566 11.3028 1
      vertex -5.80264 11.9556 11.8
      vertex -6.32043 11.9804 12.2
    endloop
  endfacet
  facet normal -0.00117894 -0.998173 0.0604129
    outer loop
      vertex -6.01766 11.3022 1
      vertex -5.80264 11.9556 11.8
      vertex -6.52566 11.3028 1
    endloop
  endfacet
  facet normal -0.00104387 -0.998173 0.0604103
    outer loop
      vertex -5.80264 11.9556 11.8
      vertex -6.01766 11.3022 1
      vertex -3.98582 11.9537 11.8
    endloop
  endfacet
  facet normal 0.00105389 0.998173 -0.0604103
    outer loop
      vertex -4.07277 4.941 11.8
      vertex -6.1046 4.28952 1
      vertex -5.80603 4.94283 11.8
    endloop
  endfacet
  facet normal 0.00105416 0.998173 -0.06041
    outer loop
      vertex -6.51826 4.28996 1
      vertex -6.32751 4.96771 12.202
      vertex -5.80603 4.94283 11.8
    endloop
  endfacet
  facet normal 0.00106173 0.998173 -0.0604105
    outer loop
      vertex -6.51826 4.28996 1
      vertex -5.80603 4.94283 11.8
      vertex -6.1046 4.28952 1
    endloop
  endfacet
  facet normal 0.00106024 0.998173 -0.0604101
    outer loop
      vertex -6.32751 4.96771 12.202
      vertex -6.51826 4.28996 1
      vertex -6.92605 4.99627 12.6634
    endloop
  endfacet
  facet normal 0.00105119 0.998173 -0.0604114
    outer loop
      vertex -2.47434 4.28568 1
      vertex -3.46407 4.96455 12.1997
      vertex -2.88256 4.99274 12.6756
    endloop
  endfacet
  facet normal 0.00106296 0.998173 -0.0604103
    outer loop
      vertex -3.46407 4.96455 12.1997
      vertex -2.47434 4.28568 1
      vertex -3.95257 4.94088 11.8
    endloop
  endfacet
  facet normal 0.000996512 0.998173 -0.0604194
    outer loop
      vertex -2.47434 4.28568 1
      vertex -4.07277 4.941 11.8
      vertex -3.95257 4.94088 11.8
    endloop
  endfacet
  facet normal 0.00105584 0.998173 -0.0604107
    outer loop
      vertex -4.07277 4.941 11.8
      vertex -2.47434 4.28568 1
      vertex -6.1046 4.28952 1
    endloop
  endfacet
  facet normal -0.864972 0.49817 -0.0604108
    outer loop
      vertex -2.47434 4.28568 1
      vertex -2.70885 5.26254 12.4133
      vertex -2.30264 5.89347 11.8
    endloop
  endfacet
  facet normal -0.864969 0.498175 -0.0604116
    outer loop
      vertex -2.28057 4.62212 1
      vertex -2.30264 5.89347 11.8
      vertex -1.43666 7.39705 11.8
    endloop
  endfacet
  facet normal -0.864971 0.498173 -0.0604113
    outer loop
      vertex -2.47434 4.28568 1
      vertex -2.30264 5.89347 11.8
      vertex -2.28057 4.62212 1
    endloop
  endfacet
  facet normal -0.864969 0.498176 -0.0604113
    outer loop
      vertex -2.70885 5.26254 12.4133
      vertex -2.47434 4.28568 1
      vertex -2.88256 4.99274 12.6756
    endloop
  endfacet
  facet normal 0.866024 0.500003 -5.89643e-07
    outer loop
      vertex -8.3776 7.51044 11.8
      vertex -8.54392 7.7985 1
      vertex -8.95168 8.50477 12.6626
    endloop
  endfacet
  facet normal 0.866043 0.49997 -1.75458e-06
    outer loop
      vertex -8.34377 7.45184 11.8
      vertex -8.54392 7.7985 1
      vertex -8.3776 7.51044 11.8
    endloop
  endfacet
  facet normal 0.866026 0.499999 -4.91478e-07
    outer loop
      vertex -8.54392 7.7985 1
      vertex -8.34377 7.45184 11.8
      vertex -6.73042 4.65742 1
    endloop
  endfacet
  facet normal 0.864993 -0.498134 0.0604172
    outer loop
      vertex -8.3776 9.39693 11.8
      vertex -6.7792 10.8626 1
      vertex -8.35931 9.42869 11.8
    endloop
  endfacet
  facet normal 0.86497 -0.498175 0.0604107
    outer loop
      vertex -8.54392 7.7985 1
      vertex -8.3776 9.39693 11.8
      vertex -8.95168 8.50477 12.6626
    endloop
  endfacet
  facet normal 0.864974 -0.498168 0.0604096
    outer loop
      vertex -8.3776 9.39693 11.8
      vertex -8.54392 7.7985 1
      vertex -6.7792 10.8626 1
    endloop
  endfacet
  facet normal 0.864957 -0.498197 0.0604096
    outer loop
      vertex -7.08868 11.7092 12.413
      vertex -6.52566 11.3028 1
      vertex -6.93382 12.0097 12.6739
    endloop
  endfacet
  facet normal 0.864955 -0.498201 0.0604097
    outer loop
      vertex -7.45257 11.0031 11.8
      vertex -6.52566 11.3028 1
      vertex -7.08868 11.7092 12.413
    endloop
  endfacet
  facet normal 0.864962 -0.498188 0.0604106
    outer loop
      vertex -7.45257 11.0031 11.8
      vertex -6.7792 10.8626 1
      vertex -6.52566 11.3028 1
    endloop
  endfacet
  facet normal 0.864977 -0.498161 0.0604113
    outer loop
      vertex -6.7792 10.8626 1
      vertex -7.45257 11.0031 11.8
      vertex -8.35931 9.42869 11.8
    endloop
  endfacet
  facet normal -0.866076 -0.499912 -6.16184e-06
    outer loop
      vertex -2.48174 11.2985 1
      vertex -2.72125 11.7133 12.4098
      vertex -2.88951 12.0048 12.6626
    endloop
  endfacet
  facet normal -0.866026 -0.499999 -1.94491e-06
    outer loop
      vertex -2.48174 11.2985 1
      vertex -2.31543 11.0104 11.8
      vertex -2.72125 11.7133 12.4098
    endloop
  endfacet
  facet normal -0.866019 -0.500011 -2.37768e-06
    outer loop
      vertex -2.48174 11.2985 1
      vertex -1.3776 9.38608 11.8
      vertex -2.31543 11.0104 11.8
    endloop
  endfacet
  facet normal -0.866025 -0.5 1.95886e-07
    outer loop
      vertex -0.456081 7.78996 1
      vertex -1.3776 9.38608 11.8
      vertex -2.48174 11.2985 1
    endloop
  endfacet
  facet normal -0.866027 -0.499997 -5.4242e-07
    outer loop
      vertex -1.3776 9.38608 11.8
      vertex -0.456081 7.78996 1
      vertex -0.863873 8.49627 12.6634
    endloop
  endfacet
  facet normal 0.866026 0.499999 -4.52714e-07
    outer loop
      vertex -7.43978 5.88608 11.8
      vertex -6.73042 4.65742 1
      vertex -8.34377 7.45184 11.8
    endloop
  endfacet
  facet normal 0.866022 0.500005 -1.04967e-06
    outer loop
      vertex -6.51826 4.28996 1
      vertex -7.43978 5.88608 11.8
      vertex -7.07695 5.25765 12.4098
    endloop
  endfacet
  facet normal 0.866036 0.499982 1.60215e-06
    outer loop
      vertex -6.51826 4.28996 1
      vertex -7.07695 5.25765 12.4098
      vertex -6.92605 4.99627 12.6634
    endloop
  endfacet
  facet normal 0.866018 0.500012 -2.41787e-06
    outer loop
      vertex -7.43978 5.88608 11.8
      vertex -6.51826 4.28996 1
      vertex -6.73042 4.65742 1
    endloop
  endfacet
  facet normal 0 0 1
    outer loop
      vertex -6.01766 11.3022 1
      vertex -2.28057 4.62212 1
      vertex -0.456081 7.78996 1
    endloop
  endfacet
  facet normal 0 0 1
    outer loop
      vertex -6.01766 11.3022 1
      vertex -0.456081 7.78996 1
      vertex -2.48174 11.2985 1
    endloop
  endfacet
  facet normal 0 0 1
    outer loop
      vertex -2.28057 4.62212 1
      vertex -6.01766 11.3022 1
      vertex -6.1046 4.28952 1
    endloop
  endfacet
  facet normal 0 0 1
    outer loop
      vertex -2.28057 4.62212 1
      vertex -6.1046 4.28952 1
      vertex -2.47434 4.28568 1
    endloop
  endfacet
  facet normal -0 0 1
    outer loop
      vertex -6.73042 4.65742 1
      vertex -6.1046 4.28952 1
      vertex -6.01766 11.3022 1
    endloop
  endfacet
  facet normal 0 0 1
    outer loop
      vertex -6.7792 10.8626 1
      vertex -6.01766 11.3022 1
      vertex -6.52566 11.3028 1
    endloop
  endfacet
  facet normal 0 0 1
    outer loop
      vertex -6.1046 4.28952 1
      vertex -6.73042 4.65742 1
      vertex -6.51826 4.28996 1
    endloop
  endfacet
  facet normal 0 0 1
    outer loop
      vertex -6.01766 11.3022 1
      vertex -6.7792 10.8626 1
      vertex -6.73042 4.65742 1
    endloop
  endfacet
  facet normal 0 0 1
    outer loop
      vertex -6.73042 4.65742 1
      vertex -6.7792 10.8626 1
      vertex -8.54392 7.7985 1
    endloop
  endfacet
  facet normal 0.429694 0.744253 0.511323
    outer loop
      vertex -8.3776 6.42753 11.8
      vertex -7.07695 5.25765 12.4098
      vertex -7.43978 5.88608 11.8
    endloop
  endfacet
  facet normal 0.42969 0.744251 0.511328
    outer loop
      vertex -7.07695 5.25765 12.4098
      vertex -8.3776 6.42753 11.8
      vertex -9.16956 6.06719 12.99
    endloop
  endfacet
  facet normal 0.429686 0.744251 0.511332
    outer loop
      vertex -4.8776 4.40681 11.8
      vertex -5.80603 4.94283 11.8
      vertex -6.32751 4.96771 12.202
    endloop
  endfacet
  facet normal 0.409461 -0.709218 0.573892
    outer loop
      vertex -9.16956 10.9747 12.99
      vertex -6.93382 12.0097 12.6739
      vertex -4.91956 13.4284 12.99
    endloop
  endfacet
  facet normal 0.409468 -0.709246 0.573852
    outer loop
      vertex -6.93382 12.0097 12.6739
      vertex -9.16956 10.9747 12.99
      vertex -7.08868 11.7092 12.413
    endloop
  endfacet
  facet normal 0.409479 -0.709236 0.573857
    outer loop
      vertex -6.32043 11.9804 12.2
      vertex -4.91956 13.4284 12.99
      vertex -6.93382 12.0097 12.6739
    endloop
  endfacet
  facet normal 0.409449 -0.709225 0.573891
    outer loop
      vertex -4.91956 13.4284 12.99
      vertex -6.32043 11.9804 12.2
      vertex -4.8776 12.4897 11.8
    endloop
  endfacet
  facet normal 0.5 0.866025 -0
    outer loop
      vertex -4.91956 3.61345 12.99
      vertex -9.16956 6.06719 13
      vertex -4.91956 3.61345 13
    endloop
  endfacet
  facet normal 0.5 0.866025 0
    outer loop
      vertex -9.16956 6.06719 13
      vertex -4.91956 3.61345 12.99
      vertex -9.16956 6.06719 12.99
    endloop
  endfacet
  facet normal -0.5 0.866025 0
    outer loop
      vertex -0.66956 6.06719 12.99
      vertex -4.91956 3.61345 13
      vertex -0.66956 6.06719 13
    endloop
  endfacet
  facet normal -0.5 0.866025 0
    outer loop
      vertex -4.91956 3.61345 13
      vertex -0.66956 6.06719 12.99
      vertex -4.91956 3.61345 12.99
    endloop
  endfacet
  facet normal -0.436291 0.755678 0.488467
    outer loop
      vertex -0.66956 6.06719 12.99
      vertex -2.88256 4.99274 12.6756
      vertex -4.91956 3.61345 12.99
    endloop
  endfacet
  facet normal -0.436302 0.755723 0.488388
    outer loop
      vertex -2.88256 4.99274 12.6756
      vertex -0.66956 6.06719 12.99
      vertex -2.70885 5.26254 12.4133
    endloop
  endfacet
  facet normal -0.436325 0.75571 0.488388
    outer loop
      vertex -3.46407 4.96455 12.1997
      vertex -4.91956 3.61345 12.99
      vertex -2.88256 4.99274 12.6756
    endloop
  endfacet
  facet normal -0.436291 0.7557 0.488433
    outer loop
      vertex -4.91956 3.61345 12.99
      vertex -3.46407 4.96455 12.1997
      vertex -4.8776 4.40681 11.8
    endloop
  endfacet
  facet normal -0.416255 -0.720987 0.553994
    outer loop
      vertex -4.91956 13.4284 12.99
      vertex -2.88951 12.0048 12.6626
      vertex -0.66956 10.9747 12.99
    endloop
  endfacet
  facet normal -0.416222 -0.720954 0.554062
    outer loop
      vertex -4.91956 13.4284 12.99
      vertex -3.45496 11.9775 12.2023
      vertex -2.88951 12.0048 12.6626
    endloop
  endfacet
  facet normal -0.416244 -0.720962 0.554035
    outer loop
      vertex -3.45496 11.9775 12.2023
      vertex -4.91956 13.4284 12.99
      vertex -4.8776 12.4897 11.8
    endloop
  endfacet
  facet normal -0.416225 -0.720861 0.554181
    outer loop
      vertex -0.66956 10.9747 12.99
      vertex -2.88951 12.0048 12.6626
      vertex -2.72125 11.7133 12.4098
    endloop
  endfacet
  facet normal -0.499994 -0.866029 0
    outer loop
      vertex -4.91956 13.4284 12.99
      vertex -0.66956 10.9747 13
      vertex -4.91956 13.4284 13
    endloop
  endfacet
  facet normal -0.499994 -0.866029 -0
    outer loop
      vertex -0.66956 10.9747 13
      vertex -4.91956 13.4284 12.99
      vertex -0.66956 10.9747 12.99
    endloop
  endfacet
  facet normal 0.4297 0.744263 0.511303
    outer loop
      vertex -4.91956 3.61345 12.99
      vertex -6.92605 4.99627 12.6634
      vertex -9.16956 6.06719 12.99
    endloop
  endfacet
  facet normal 0.429687 0.74425 0.511333
    outer loop
      vertex -4.91956 3.61345 12.99
      vertex -6.32751 4.96771 12.202
      vertex -6.92605 4.99627 12.6634
    endloop
  endfacet
  facet normal 0.429686 0.74425 0.511334
    outer loop
      vertex -6.32751 4.96771 12.202
      vertex -4.91956 3.61345 12.99
      vertex -4.8776 4.40681 11.8
    endloop
  endfacet
  facet normal 0.42969 0.744221 0.511373
    outer loop
      vertex -9.16956 6.06719 12.99
      vertex -6.92605 4.99627 12.6634
      vertex -7.07695 5.25765 12.4098
    endloop
  endfacet
  facet normal -0.416207 -0.720968 0.554055
    outer loop
      vertex -1.3776 10.469 11.8
      vertex -2.72125 11.7133 12.4098
      vertex -2.31543 11.0104 11.8
    endloop
  endfacet
  facet normal -0.416224 -0.720975 0.554034
    outer loop
      vertex -2.72125 11.7133 12.4098
      vertex -1.3776 10.469 11.8
      vertex -0.66956 10.9747 12.99
    endloop
  endfacet
  facet normal -0.416244 -0.720987 0.554003
    outer loop
      vertex -3.94918 11.9537 11.8
      vertex -3.45496 11.9775 12.2023
      vertex -4.8776 12.4897 11.8
    endloop
  endfacet
  facet normal 0.832493 0 0.554035
    outer loop
      vertex -9.16956 10.9747 12.99
      vertex -8.3776 9.39693 11.8
      vertex -8.3776 10.469 11.8
    endloop
  endfacet
  facet normal 0.832491 -3.60947e-06 0.554038
    outer loop
      vertex -9.16956 10.9747 12.99
      vertex -8.95168 8.50477 12.6626
      vertex -8.3776 9.39693 11.8
    endloop
  endfacet
  facet normal 0.832491 3.60122e-06 0.554038
    outer loop
      vertex -9.16956 6.06719 12.99
      vertex -8.3776 7.51044 11.8
      vertex -8.95168 8.50477 12.6626
    endloop
  endfacet
  facet normal 0.832493 0 0.554035
    outer loop
      vertex -8.3776 7.51044 11.8
      vertex -9.16956 6.06719 12.99
      vertex -8.3776 6.42753 11.8
    endloop
  endfacet
  facet normal 0.832504 -0 0.554019
    outer loop
      vertex -9.16956 6.06719 12.99
      vertex -8.95168 8.50477 12.6626
      vertex -9.16956 10.9747 12.99
    endloop
  endfacet
  facet normal -1 0 0
    outer loop
      vertex -0.66956 6.06719 12.99
      vertex -0.66956 10.9747 13
      vertex -0.66956 10.9747 12.99
    endloop
  endfacet
  facet normal -1 -0 0
    outer loop
      vertex -0.66956 10.9747 13
      vertex -0.66956 6.06719 12.99
      vertex -0.66956 6.06719 13
    endloop
  endfacet
  facet normal 0.499994 -0.866029 0
    outer loop
      vertex -9.16956 10.9747 12.99
      vertex -4.91956 13.4284 13
      vertex -9.16956 10.9747 13
    endloop
  endfacet
  facet normal 0.499994 -0.866029 0
    outer loop
      vertex -4.91956 13.4284 13
      vertex -9.16956 10.9747 12.99
      vertex -4.91956 13.4284 12.99
    endloop
  endfacet
  facet normal 0.409448 -0.709148 0.573987
    outer loop
      vertex -5.80264 11.9556 11.8
      vertex -4.8776 12.4897 11.8
      vertex -6.32043 11.9804 12.2
    endloop
  endfacet
  facet normal 0.409468 -0.709214 0.573892
    outer loop
      vertex -8.3776 10.469 11.8
      vertex -7.08868 11.7092 12.413
      vertex -9.16956 10.9747 12.99
    endloop
  endfacet
  facet normal 0.409498 -0.709227 0.573854
    outer loop
      vertex -7.08868 11.7092 12.413
      vertex -8.3776 10.469 11.8
      vertex -7.45257 11.0031 11.8
    endloop
  endfacet
  facet normal -0.859386 0 0.511327
    outer loop
      vertex -1.3776 9.38608 11.8
      vertex -0.66956 10.9747 12.99
      vertex -1.3776 10.469 11.8
    endloop
  endfacet
  facet normal -0.859383 -4.73591e-06 0.511332
    outer loop
      vertex -0.863873 8.49627 12.6634
      vertex -0.66956 10.9747 12.99
      vertex -1.3776 9.38608 11.8
    endloop
  endfacet
  facet normal -0.859386 0 0.511327
    outer loop
      vertex -0.66956 6.06719 12.99
      vertex -1.3776 7.49959 11.8
      vertex -1.3776 6.42753 11.8
    endloop
  endfacet
  facet normal -0.859399 0 0.511306
    outer loop
      vertex -0.863873 8.49627 12.6634
      vertex -0.66956 6.06719 12.99
      vertex -0.66956 10.9747 12.99
    endloop
  endfacet
  facet normal -0.859383 4.75097e-06 0.511332
    outer loop
      vertex -1.3776 7.49959 11.8
      vertex -0.66956 6.06719 12.99
      vertex -0.863873 8.49627 12.6634
    endloop
  endfacet
  facet normal 0 -0 1
    outer loop
      vertex -1.3776 9.38608 11.8
      vertex -1.3776 10.469 11.8
      vertex -2.31543 11.0104 11.8
    endloop
  endfacet
  facet normal 0 0 1
    outer loop
      vertex -4.8776 12.4897 11.8
      vertex -3.98582 11.9537 11.8
      vertex -3.94918 11.9537 11.8
    endloop
  endfacet
  facet normal 0 0 1
    outer loop
      vertex -3.98582 11.9537 11.8
      vertex -4.8776 12.4897 11.8
      vertex -5.80264 11.9556 11.8
    endloop
  endfacet
  facet normal 0 0 1
    outer loop
      vertex -8.34377 7.45184 11.8
      vertex -8.3776 6.42753 11.8
      vertex -7.43978 5.88608 11.8
    endloop
  endfacet
  facet normal 0 0 1
    outer loop
      vertex -8.3776 6.42753 11.8
      vertex -8.34377 7.45184 11.8
      vertex -8.3776 7.51044 11.8
    endloop
  endfacet
  facet normal -0 0 1
    outer loop
      vertex -8.3776 10.469 11.8
      vertex -8.35931 9.42869 11.8
      vertex -7.45257 11.0031 11.8
    endloop
  endfacet
  facet normal 0 0 1
    outer loop
      vertex -8.35931 9.42869 11.8
      vertex -8.3776 10.469 11.8
      vertex -8.3776 9.39693 11.8
    endloop
  endfacet
  facet normal -0 0 1
    outer loop
      vertex -1.43666 7.39705 11.8
      vertex -1.3776 6.42753 11.8
      vertex -1.3776 7.49959 11.8
    endloop
  endfacet
  facet normal 0 0 1
    outer loop
      vertex -1.3776 6.42753 11.8
      vertex -1.43666 7.39705 11.8
      vertex -2.30264 5.89347 11.8
    endloop
  endfacet
  facet normal 0 0 1
    outer loop
      vertex -4.07277 4.941 11.8
      vertex -4.8776 4.40681 11.8
      vertex -3.95257 4.94088 11.8
    endloop
  endfacet
  facet normal 0 -0 1
    outer loop
      vertex -4.8776 4.40681 11.8
      vertex -4.07277 4.941 11.8
      vertex -5.80603 4.94283 11.8
    endloop
  endfacet
  facet normal 1 -0 0
    outer loop
      vertex -9.16956 6.06719 13
      vertex -9.16956 10.9747 12.99
      vertex -9.16956 10.9747 13
    endloop
  endfacet
  facet normal 1 0 0
    outer loop
      vertex -9.16956 10.9747 12.99
      vertex -9.16956 6.06719 13
      vertex -9.16956 6.06719 12.99
    endloop
  endfacet
  facet normal -0.436303 0.755698 0.488427
    outer loop
      vertex -1.3776 6.42753 11.8
      vertex -2.70885 5.26254 12.4133
      vertex -0.66956 6.06719 12.99
    endloop
  endfacet
  facet normal -0.43629 0.755693 0.488446
    outer loop
      vertex -2.70885 5.26254 12.4133
      vertex -1.3776 6.42753 11.8
      vertex -2.30264 5.89347 11.8
    endloop
  endfacet
  facet normal -0.436292 0.755675 0.488471
    outer loop
      vertex -3.46407 4.96455 12.1997
      vertex -3.95257 4.94088 11.8
      vertex -4.8776 4.40681 11.8
    endloop
  endfacet
  facet normal -0.500018 0.857587 -0.120528
    outer loop
      vertex 3.5 13.5479 1
      vertex 0.189934 13.1433 11.8532
      vertex 3.5 15.0696 11.8273
    endloop
  endfacet
  facet normal -0.500003 0.857596 -0.120523
    outer loop
      vertex 0 11.5073 1
      vertex 0.189934 13.1433 11.8532
      vertex 3.5 13.5479 1
    endloop
  endfacet
  facet normal -0.499914 0.857647 -0.120532
    outer loop
      vertex 0.189934 13.1433 11.8532
      vertex 0 11.5073 1
      vertex 0 13.0328 11.8547
    endloop
  endfacet
  facet normal -0.499998 -0.857598 0.120528
    outer loop
      vertex 0 19.6696 1
      vertex 3.41799 19.1986 11.8279
      vertex 0 21.1951 11.8545
    endloop
  endfacet
  facet normal -0.500003 -0.857596 0.120529
    outer loop
      vertex 3.5 17.629 1
      vertex 3.41799 19.1986 11.8279
      vertex 0 19.6696 1
    endloop
  endfacet
  facet normal -0.499904 -0.857652 0.120538
    outer loop
      vertex 3.41799 19.1986 11.8279
      vertex 3.5 17.629 1
      vertex 3.5 19.1507 11.8272
    endloop
  endfacet
  facet normal 0.499914 0.857647 -0.120532
    outer loop
      vertex 0 11.5073 1
      vertex -0.189934 13.1433 11.8532
      vertex 0 13.0328 11.8547
    endloop
  endfacet
  facet normal 0.500018 0.857588 -0.120521
    outer loop
      vertex -0.189934 13.1433 11.8532
      vertex 0 11.5073 1
      vertex -3.5 15.0696 11.8273
    endloop
  endfacet
  facet normal 0.500003 0.857596 -0.120529
    outer loop
      vertex -3.5 15.0696 11.8273
      vertex 0 11.5073 1
      vertex -3.5 13.5479 1
    endloop
  endfacet
  facet normal 1 -0 0
    outer loop
      vertex -3.5 19.127 11.8
      vertex -3.5 17.629 1
      vertex -3.5 19.1507 11.8272
    endloop
  endfacet
  facet normal 1 -0 0
    outer loop
      vertex -3.5 15.0856 11.8
      vertex -3.5 17.629 1
      vertex -3.5 19.127 11.8
    endloop
  endfacet
  facet normal 1 0 0
    outer loop
      vertex -3.5 13.5479 1
      vertex -3.5 15.0856 11.8
      vertex -3.5 15.0696 11.8273
    endloop
  endfacet
  facet normal 1 0 0
    outer loop
      vertex -3.5 15.0856 11.8
      vertex -3.5 13.5479 1
      vertex -3.5 17.629 1
    endloop
  endfacet
  facet normal -1 0 0
    outer loop
      vertex 3.5 17.629 1
      vertex 3.5 19.127 11.8
      vertex 3.5 19.1507 11.8272
    endloop
  endfacet
  facet normal -1 0 0
    outer loop
      vertex 3.5 17.629 1
      vertex 3.5 15.0856 11.8
      vertex 3.5 19.127 11.8
    endloop
  endfacet
  facet normal -1 0 0
    outer loop
      vertex 3.5 13.5479 1
      vertex 3.5 15.0856 11.8
      vertex 3.5 17.629 1
    endloop
  endfacet
  facet normal -1 -0 0
    outer loop
      vertex 3.5 15.0856 11.8
      vertex 3.5 13.5479 1
      vertex 3.5 15.0696 11.8273
    endloop
  endfacet
  facet normal 0.499904 -0.857652 0.120538
    outer loop
      vertex -3.5 17.629 1
      vertex -3.41799 19.1986 11.8279
      vertex -3.5 19.1507 11.8272
    endloop
  endfacet
  facet normal 0.500003 -0.857596 0.120529
    outer loop
      vertex 0 19.6696 1
      vertex -3.41799 19.1986 11.8279
      vertex -3.5 17.629 1
    endloop
  endfacet
  facet normal 0.499998 -0.857598 0.120528
    outer loop
      vertex -3.41799 19.1986 11.8279
      vertex 0 19.6696 1
      vertex 0 21.1951 11.8545
    endloop
  endfacet
  facet normal 0 0 1
    outer loop
      vertex -3.5 17.629 1
      vertex 3.5 17.629 1
      vertex 0 19.6696 1
    endloop
  endfacet
  facet normal 0 0 1
    outer loop
      vertex 3.5 17.629 1
      vertex -3.5 17.629 1
      vertex 3.5 13.5479 1
    endloop
  endfacet
  facet normal 0 0 1
    outer loop
      vertex -3.5 13.5479 1
      vertex 3.5 13.5479 1
      vertex -3.5 17.629 1
    endloop
  endfacet
  facet normal 0 0 1
    outer loop
      vertex 3.5 13.5479 1
      vertex -3.5 13.5479 1
      vertex 0 11.5073 1
    endloop
  endfacet
  facet normal 0.399424 -0.691824 0.601531
    outer loop
      vertex 0 21.1951 11.8545
      vertex 0 22.1824 12.99
      vertex -3.41799 19.1986 11.8279
    endloop
  endfacet
  facet normal 1 -0 0
    outer loop
      vertex -4.25 14.8212 13
      vertex -4.25 19.7287 12.99
      vertex -4.25 19.7287 13
    endloop
  endfacet
  facet normal 1 0 0
    outer loop
      vertex -4.25 19.7287 12.99
      vertex -4.25 14.8212 13
      vertex -4.25 14.8212 12.99
    endloop
  endfacet
  facet normal -0.445867 0.772276 0.452539
    outer loop
      vertex 0.189934 13.1433 11.8532
      vertex 0 12.3675 12.99
      vertex 4.25 14.8212 12.99
    endloop
  endfacet
  facet normal -0.445746 0.772318 0.452588
    outer loop
      vertex 0 12.3675 12.99
      vertex 0.189934 13.1433 11.8532
      vertex 0 13.0328 11.8547
    endloop
  endfacet
  facet normal 0.499994 -0.866029 0
    outer loop
      vertex -4.25 19.7287 12.99
      vertex 0 22.1824 13
      vertex -4.25 19.7287 13
    endloop
  endfacet
  facet normal 0.499994 -0.866029 0
    outer loop
      vertex 0 22.1824 13
      vertex -4.25 19.7287 12.99
      vertex 0 22.1824 12.99
    endloop
  endfacet
  facet normal -0.399424 -0.691824 0.601531
    outer loop
      vertex 3.41799 19.1986 11.8279
      vertex 0 22.1824 12.99
      vertex 0 21.1951 11.8545
    endloop
  endfacet
  facet normal -0.499994 0.866029 0
    outer loop
      vertex 4.25 14.8212 12.99
      vertex 0 12.3675 13
      vertex 4.25 14.8212 13
    endloop
  endfacet
  facet normal -0.499994 0.866029 0
    outer loop
      vertex 0 12.3675 13
      vertex 4.25 14.8212 12.99
      vertex 0 12.3675 12.99
    endloop
  endfacet
  facet normal 0.845995 -0 0.53319
    outer loop
      vertex -4.25 14.8212 12.99
      vertex -3.5 19.127 11.8
      vertex -4.25 19.7287 12.99
    endloop
  endfacet
  facet normal 0.845995 0 0.53319
    outer loop
      vertex -3.5 19.127 11.8
      vertex -4.25 14.8212 12.99
      vertex -3.5 15.0856 11.8
    endloop
  endfacet
  facet normal 0.445746 0.772318 0.452588
    outer loop
      vertex -0.189934 13.1433 11.8532
      vertex 0 12.3675 12.99
      vertex 0 13.0328 11.8547
    endloop
  endfacet
  facet normal 0.445867 0.772276 0.452539
    outer loop
      vertex 0 12.3675 12.99
      vertex -0.189934 13.1433 11.8532
      vertex -4.25 14.8212 12.99
    endloop
  endfacet
  facet normal 0.445869 0.772245 0.452591
    outer loop
      vertex -3.5 15.0696 11.8273
      vertex -4.25 14.8212 12.99
      vertex -0.189934 13.1433 11.8532
    endloop
  endfacet
  facet normal 0.445876 0.772239 0.452594
    outer loop
      vertex -4.25 14.8212 12.99
      vertex -3.5 15.0696 11.8273
      vertex -3.5 15.0856 11.8
    endloop
  endfacet
  facet normal 0.499994 0.866029 -0
    outer loop
      vertex 0 12.3675 12.99
      vertex -4.25 14.8212 13
      vertex 0 12.3675 13
    endloop
  endfacet
  facet normal 0.499994 0.866029 0
    outer loop
      vertex -4.25 14.8212 13
      vertex 0 12.3675 12.99
      vertex -4.25 14.8212 12.99
    endloop
  endfacet
  facet normal -0.399416 -0.69182 0.601542
    outer loop
      vertex 3.41799 19.1986 11.8279
      vertex 4.25 19.7287 12.99
      vertex 0 22.1824 12.99
    endloop
  endfacet
  facet normal -0.3991 -0.692091 0.601439
    outer loop
      vertex 3.5 19.1507 11.8272
      vertex 4.25 19.7287 12.99
      vertex 3.41799 19.1986 11.8279
    endloop
  endfacet
  facet normal -0.400793 -0.690744 0.601862
    outer loop
      vertex 4.25 19.7287 12.99
      vertex 3.5 19.1507 11.8272
      vertex 3.5 19.127 11.8
    endloop
  endfacet
  facet normal -0.499994 -0.866029 0
    outer loop
      vertex 0 22.1824 12.99
      vertex 4.25 19.7287 13
      vertex 0 22.1824 13
    endloop
  endfacet
  facet normal -0.499994 -0.866029 -0
    outer loop
      vertex 4.25 19.7287 13
      vertex 0 22.1824 12.99
      vertex 4.25 19.7287 12.99
    endloop
  endfacet
  facet normal 0.399416 -0.69182 0.601542
    outer loop
      vertex -4.25 19.7287 12.99
      vertex -3.41799 19.1986 11.8279
      vertex 0 22.1824 12.99
    endloop
  endfacet
  facet normal 0.3991 -0.692091 0.601439
    outer loop
      vertex -4.25 19.7287 12.99
      vertex -3.5 19.1507 11.8272
      vertex -3.41799 19.1986 11.8279
    endloop
  endfacet
  facet normal 0.400793 -0.690744 0.601862
    outer loop
      vertex -3.5 19.1507 11.8272
      vertex -4.25 19.7287 12.99
      vertex -3.5 19.127 11.8
    endloop
  endfacet
  facet normal -0.445869 0.772245 0.452591
    outer loop
      vertex 4.25 14.8212 12.99
      vertex 3.5 15.0696 11.8273
      vertex 0.189934 13.1433 11.8532
    endloop
  endfacet
  facet normal -0.445876 0.772239 0.452594
    outer loop
      vertex 3.5 15.0696 11.8273
      vertex 4.25 14.8212 12.99
      vertex 3.5 15.0856 11.8
    endloop
  endfacet
  facet normal -1 0 0
    outer loop
      vertex 4.25 14.8212 12.99
      vertex 4.25 19.7287 13
      vertex 4.25 19.7287 12.99
    endloop
  endfacet
  facet normal -1 -0 0
    outer loop
      vertex 4.25 19.7287 13
      vertex 4.25 14.8212 12.99
      vertex 4.25 14.8212 13
    endloop
  endfacet
  facet normal -0.845995 0 0.53319
    outer loop
      vertex 4.25 14.8212 12.99
      vertex 3.5 19.127 11.8
      vertex 3.5 15.0856 11.8
    endloop
  endfacet
  facet normal -0.845995 0 0.53319
    outer loop
      vertex 3.5 19.127 11.8
      vertex 4.25 14.8212 12.99
      vertex 4.25 19.7287 12.99
    endloop
  endfacet
  facet normal 0.00502073 -0.992683 -0.120648
    outer loop
      vertex -8.99082 -13.374 11.8
      vertex -10.633 -12.0697 1
      vertex -8.87219 -13.3734 11.8
    endloop
  endfacet
  facet normal 0.00421554 -0.992702 -0.120519
    outer loop
      vertex -6.95941 -12.0541 1
      vertex -8.87219 -13.3734 11.8
      vertex -10.633 -12.0697 1
    endloop
  endfacet
  facet normal 0.0042004 -0.992702 -0.120522
    outer loop
      vertex -8.87219 -13.3734 11.8
      vertex -6.95941 -12.0541 1
      vertex -8.13718 -13.446 12.4236
    endloop
  endfacet
  facet normal 0.00410045 -0.992701 -0.120532
    outer loop
      vertex -8.13718 -13.446 12.4236
      vertex -6.95941 -12.0541 1
      vertex -7.78325 -13.481 12.7239
    endloop
  endfacet
  facet normal 0.00424634 -0.992702 -0.120519
    outer loop
      vertex -11.0108 -12.0713 1
      vertex -11.4859 -13.4595 12.4177
      vertex -11.8313 -13.4923 12.6757
    endloop
  endfacet
  facet normal 0.00420926 -0.992702 -0.120521
    outer loop
      vertex -11.0108 -12.0713 1
      vertex -10.6588 -13.381 11.8
      vertex -11.4859 -13.4595 12.4177
    endloop
  endfacet
  facet normal 0.00420414 -0.992702 -0.120521
    outer loop
      vertex -10.633 -12.0697 1
      vertex -10.6588 -13.381 11.8
      vertex -11.0108 -12.0713 1
    endloop
  endfacet
  facet normal 0.00416607 -0.992702 -0.120521
    outer loop
      vertex -10.6588 -13.381 11.8
      vertex -10.633 -12.0697 1
      vertex -8.99082 -13.374 11.8
    endloop
  endfacet
  facet normal -0.861822 -0.492683 -0.120526
    outer loop
      vertex -6.25892 -15.9213 11.8
      vertex -5.13613 -15.2433 1
      vertex -4.94862 -15.5713 1
    endloop
  endfacet
  facet normal -0.861806 -0.492711 -0.120526
    outer loop
      vertex -5.13613 -15.2433 1
      vertex -6.25892 -15.9213 11.8
      vertex -7.08677 -14.4733 11.8
    endloop
  endfacet
  facet normal -0.861803 -0.492715 -0.120525
    outer loop
      vertex -6.25892 -15.9213 11.8
      vertex -4.94862 -15.5713 1
      vertex -5.76907 -16.9923 12.6757
    endloop
  endfacet
  facet normal -0.861829 -0.492671 -0.120523
    outer loop
      vertex -6.95941 -12.0541 1
      vertex -7.40922 -14.0027 12.1819
      vertex -7.78325 -13.481 12.7239
    endloop
  endfacet
  facet normal -0.86181 -0.492703 -0.120528
    outer loop
      vertex -6.95941 -12.0541 1
      vertex -7.14565 -14.3703 11.8
      vertex -7.40922 -14.0027 12.1819
    endloop
  endfacet
  facet normal -0.861811 -0.492701 -0.120528
    outer loop
      vertex -5.13613 -15.2433 1
      vertex -7.14565 -14.3703 11.8
      vertex -6.95941 -12.0541 1
    endloop
  endfacet
  facet normal -0.861831 -0.492666 -0.120534
    outer loop
      vertex -7.14565 -14.3703 11.8
      vertex -5.13613 -15.2433 1
      vertex -7.08677 -14.4733 11.8
    endloop
  endfacet
  facet normal 0.866072 -0.499919 1.95181e-05
    outer loop
      vertex -12.0941 -13.9476 12.2058
      vertex -11.0108 -12.0713 1
      vertex -11.8313 -13.4923 12.6757
    endloop
  endfacet
  facet normal 0.866036 -0.499981 5.60763e-06
    outer loop
      vertex -12.3211 -14.3408 11.8
      vertex -11.0108 -12.0713 1
      vertex -12.0941 -13.9476 12.2058
    endloop
  endfacet
  facet normal 0.866024 -0.500002 -3.94312e-07
    outer loop
      vertex -12.3211 -14.3408 11.8
      vertex -13.0514 -15.6057 1
      vertex -11.0108 -12.0713 1
    endloop
  endfacet
  facet normal 0.866023 -0.500004 -1.51558e-07
    outer loop
      vertex -13.2589 -15.9651 11.8
      vertex -13.0514 -15.6057 1
      vertex -12.3211 -14.3408 11.8
    endloop
  endfacet
  facet normal 0.866025 -0.5 1.39819e-08
    outer loop
      vertex -13.0514 -15.6057 1
      vertex -13.2589 -15.9651 11.8
      vertex -13.8717 -17.0265 12.674
    endloop
  endfacet
  facet normal -0.866037 0.49998 -5.82279e-06
    outer loop
      vertex -4.94862 -15.5713 1
      vertex -6.25892 -17.8408 11.8
      vertex -5.76907 -16.9923 12.6757
    endloop
  endfacet
  facet normal -0.866026 0.499999 -6.35484e-07
    outer loop
      vertex -6.9892 -19.1057 1
      vertex -6.25892 -17.8408 11.8
      vertex -4.94862 -15.5713 1
    endloop
  endfacet
  facet normal -0.866018 0.500012 -2.70107e-06
    outer loop
      vertex -6.9892 -19.1057 1
      vertex -7.19674 -19.4651 11.8
      vertex -6.25892 -17.8408 11.8
    endloop
  endfacet
  facet normal -0.86602 0.500009 -2.83847e-06
    outer loop
      vertex -6.9892 -19.1057 1
      vertex -7.62428 -20.2056 12.4098
      vertex -7.19674 -19.4651 11.8
    endloop
  endfacet
  facet normal -0.866042 0.499972 -7.63012e-06
    outer loop
      vertex -7.62428 -20.2056 12.4098
      vertex -6.9892 -19.1057 1
      vertex -7.80954 -20.5265 12.674
    endloop
  endfacet
  facet normal 0.861814 0.492698 0.120522
    outer loop
      vertex -13.2589 -17.8846 11.8
      vertex -13.0514 -15.6057 1
      vertex -13.8717 -17.0265 12.674
    endloop
  endfacet
  facet normal 0.861812 0.492702 0.120523
    outer loop
      vertex -13.2589 -17.8846 11.8
      vertex -11.0406 -19.1229 1
      vertex -13.0514 -15.6057 1
    endloop
  endfacet
  facet normal 0.861815 0.492696 0.120524
    outer loop
      vertex -12.3722 -19.4356 11.8
      vertex -11.0406 -19.1229 1
      vertex -13.2589 -17.8846 11.8
    endloop
  endfacet
  facet normal 0.861824 0.492679 0.120525
    outer loop
      vertex -12.0283 -20.1896 12.4231
      vertex -11.0406 -19.1229 1
      vertex -12.3722 -19.4356 11.8
    endloop
  endfacet
  facet normal 0.861836 0.49266 0.120524
    outer loop
      vertex -11.0406 -19.1229 1
      vertex -12.0283 -20.1896 12.4231
      vertex -11.8642 -20.5494 12.7204
    endloop
  endfacet
  facet normal -0.00421446 0.992701 0.120527
    outer loop
      vertex -11.0406 -19.1229 1
      vertex -8.85905 -20.4249 11.8
      vertex -6.9892 -19.1057 1
    endloop
  endfacet
  facet normal -0.00424089 0.992702 0.120522
    outer loop
      vertex -8.38922 -20.4704 12.1913
      vertex -6.9892 -19.1057 1
      vertex -8.85905 -20.4249 11.8
    endloop
  endfacet
  facet normal -0.00428347 0.992702 0.120517
    outer loop
      vertex -6.9892 -19.1057 1
      vertex -8.38922 -20.4704 12.1913
      vertex -7.80954 -20.5265 12.674
    endloop
  endfacet
  facet normal -0.0041674 0.992702 0.120518
    outer loop
      vertex -8.85905 -20.4249 11.8
      vertex -11.0406 -19.1229 1
      vertex -10.6456 -20.4324 11.8
    endloop
  endfacet
  facet normal -0.00423848 0.992702 0.12052
    outer loop
      vertex -10.6456 -20.4324 11.8
      vertex -11.0406 -19.1229 1
      vertex -11.152 -20.481 12.1825
    endloop
  endfacet
  facet normal -0.00431543 0.992702 0.120519
    outer loop
      vertex -11.152 -20.481 12.1825
      vertex -11.0406 -19.1229 1
      vertex -11.8642 -20.5494 12.7204
    endloop
  endfacet
  facet normal 0 0 1
    outer loop
      vertex -5.13613 -15.2433 1
      vertex -6.9892 -19.1057 1
      vertex -4.94862 -15.5713 1
    endloop
  endfacet
  facet normal -0 0 1
    outer loop
      vertex -10.633 -12.0697 1
      vertex -5.13613 -15.2433 1
      vertex -6.95941 -12.0541 1
    endloop
  endfacet
  facet normal 0 0 1
    outer loop
      vertex -11.0406 -19.1229 1
      vertex -5.13613 -15.2433 1
      vertex -10.633 -12.0697 1
    endloop
  endfacet
  facet normal 0 0 1
    outer loop
      vertex -13.0514 -15.6057 1
      vertex -10.633 -12.0697 1
      vertex -11.0108 -12.0713 1
    endloop
  endfacet
  facet normal 0 -0 1
    outer loop
      vertex -11.0406 -19.1229 1
      vertex -10.633 -12.0697 1
      vertex -13.0514 -15.6057 1
    endloop
  endfacet
  facet normal 0 0 1
    outer loop
      vertex -5.13613 -15.2433 1
      vertex -11.0406 -19.1229 1
      vertex -6.9892 -19.1057 1
    endloop
  endfacet
  facet normal 0 0 1
    outer loop
      vertex -12.3722 -19.4356 11.8
      vertex -13.2589 -17.8846 11.8
      vertex -13.2589 -18.9237 11.8
    endloop
  endfacet
  facet normal 0 0 1
    outer loop
      vertex -9.75892 -12.8615 11.8
      vertex -8.99082 -13.374 11.8
      vertex -8.87219 -13.3734 11.8
    endloop
  endfacet
  facet normal 0 0 1
    outer loop
      vertex -8.99082 -13.374 11.8
      vertex -9.75892 -12.8615 11.8
      vertex -10.6588 -13.381 11.8
    endloop
  endfacet
  facet normal 0 -0 1
    outer loop
      vertex -9.75892 -20.9444 11.8
      vertex -8.85905 -20.4249 11.8
      vertex -10.6456 -20.4324 11.8
    endloop
  endfacet
  facet normal 0 0 1
    outer loop
      vertex -12.3211 -14.3408 11.8
      vertex -13.2589 -14.8822 11.8
      vertex -13.2589 -15.9651 11.8
    endloop
  endfacet
  facet normal 0 0 1
    outer loop
      vertex -6.25892 -14.8822 11.8
      vertex -7.08677 -14.4733 11.8
      vertex -6.25892 -15.9213 11.8
    endloop
  endfacet
  facet normal -0 -0 1
    outer loop
      vertex -7.08677 -14.4733 11.8
      vertex -6.25892 -14.8822 11.8
      vertex -7.14565 -14.3703 11.8
    endloop
  endfacet
  facet normal 0 -0 1
    outer loop
      vertex -6.25892 -18.9237 11.8
      vertex -6.25892 -17.8408 11.8
      vertex -7.19674 -19.4651 11.8
    endloop
  endfacet
  facet normal 1 -0 0
    outer loop
      vertex -14.0932 -19.5027 13
      vertex -14.0932 -14.5953 12.99
      vertex -14.0932 -14.5953 13
    endloop
  endfacet
  facet normal 1 0 0
    outer loop
      vertex -14.0932 -14.5953 12.99
      vertex -14.0932 -19.5027 13
      vertex -14.0932 -19.5027 12.99
    endloop
  endfacet
  facet normal -0.44925 -0.778104 0.439009
    outer loop
      vertex -9.84324 -12.1415 12.99
      vertex -7.78325 -13.481 12.7239
      vertex -5.59324 -14.5953 12.99
    endloop
  endfacet
  facet normal -0.449306 -0.77816 0.438852
    outer loop
      vertex -7.78325 -13.481 12.7239
      vertex -9.84324 -12.1415 12.99
      vertex -8.13718 -13.446 12.4236
    endloop
  endfacet
  facet normal -0.449256 -0.778129 0.438957
    outer loop
      vertex -7.40922 -14.0027 12.1819
      vertex -5.59324 -14.5953 12.99
      vertex -7.78325 -13.481 12.7239
    endloop
  endfacet
  facet normal -0.449247 -0.778159 0.438915
    outer loop
      vertex -5.59324 -14.5953 12.99
      vertex -7.40922 -14.0027 12.1819
      vertex -6.25892 -14.8822 11.8
    endloop
  endfacet
  facet normal -0.500009 -0.86602 0
    outer loop
      vertex -9.84324 -12.1415 12.99
      vertex -5.59324 -14.5953 13
      vertex -9.84324 -12.1415 13
    endloop
  endfacet
  facet normal -0.500009 -0.86602 -0
    outer loop
      vertex -5.59324 -14.5953 13
      vertex -9.84324 -12.1415 12.99
      vertex -5.59324 -14.5953 12.99
    endloop
  endfacet
  facet normal 0.500013 -0.866018 0
    outer loop
      vertex -14.0932 -14.5953 12.99
      vertex -9.84324 -12.1415 13
      vertex -14.0932 -14.5953 13
    endloop
  endfacet
  facet normal 0.500013 -0.866018 0
    outer loop
      vertex -9.84324 -12.1415 13
      vertex -14.0932 -14.5953 12.99
      vertex -9.84324 -12.1415 12.99
    endloop
  endfacet
  facet normal -0.500009 0.86602 0
    outer loop
      vertex -5.59324 -19.5027 12.99
      vertex -9.84324 -21.9565 13
      vertex -5.59324 -19.5027 13
    endloop
  endfacet
  facet normal -0.500009 0.86602 0
    outer loop
      vertex -9.84324 -21.9565 13
      vertex -5.59324 -19.5027 12.99
      vertex -9.84324 -21.9565 12.99
    endloop
  endfacet
  facet normal -0.872731 0 0.488201
    outer loop
      vertex -6.25892 -15.9213 11.8
      vertex -5.59324 -14.5953 12.99
      vertex -6.25892 -14.8822 11.8
    endloop
  endfacet
  facet normal -0.872733 5.18695e-06 0.488197
    outer loop
      vertex -5.76907 -16.9923 12.6757
      vertex -5.59324 -14.5953 12.99
      vertex -6.25892 -15.9213 11.8
    endloop
  endfacet
  facet normal -0.872731 0 0.488201
    outer loop
      vertex -5.59324 -19.5027 12.99
      vertex -6.25892 -17.8408 11.8
      vertex -6.25892 -18.9237 11.8
    endloop
  endfacet
  facet normal -0.872717 0 0.488227
    outer loop
      vertex -5.76907 -16.9923 12.6757
      vertex -5.59324 -19.5027 12.99
      vertex -5.59324 -14.5953 12.99
    endloop
  endfacet
  facet normal -0.872734 -5.12515e-06 0.488196
    outer loop
      vertex -6.25892 -17.8408 11.8
      vertex -5.59324 -19.5027 12.99
      vertex -5.76907 -16.9923 12.6757
    endloop
  endfacet
  facet normal 0.818811 0 0.574063
    outer loop
      vertex -14.0932 -14.5953 12.99
      vertex -13.2589 -15.9651 11.8
      vertex -13.2589 -14.8822 11.8
    endloop
  endfacet
  facet normal 0.818802 -1.79052e-05 0.574076
    outer loop
      vertex -14.0932 -14.5953 12.99
      vertex -13.8717 -17.0265 12.674
      vertex -13.2589 -15.9651 11.8
    endloop
  endfacet
  facet normal 0.8188 1.80883e-05 0.574079
    outer loop
      vertex -14.0932 -19.5027 12.99
      vertex -13.2589 -17.8846 11.8
      vertex -13.8717 -17.0265 12.674
    endloop
  endfacet
  facet normal 0.818811 0 0.574063
    outer loop
      vertex -13.2589 -17.8846 11.8
      vertex -14.0932 -19.5027 12.99
      vertex -13.2589 -18.9237 11.8
    endloop
  endfacet
  facet normal 0.818867 -0 0.573984
    outer loop
      vertex -14.0932 -19.5027 12.99
      vertex -13.8717 -17.0265 12.674
      vertex -14.0932 -14.5953 12.99
    endloop
  endfacet
  facet normal 0.395837 0.685586 0.61097
    outer loop
      vertex -9.84324 -21.9565 12.99
      vertex -11.8642 -20.5494 12.7204
      vertex -14.0932 -19.5027 12.99
    endloop
  endfacet
  facet normal 0.395743 0.685484 0.611145
    outer loop
      vertex -9.84324 -21.9565 12.99
      vertex -11.152 -20.481 12.1825
      vertex -11.8642 -20.5494 12.7204
    endloop
  endfacet
  facet normal 0.395814 0.685508 0.611073
    outer loop
      vertex -11.152 -20.481 12.1825
      vertex -9.84324 -21.9565 12.99
      vertex -9.75892 -20.9444 11.8
    endloop
  endfacet
  facet normal 0.395804 0.685479 0.611113
    outer loop
      vertex -14.0932 -19.5027 12.99
      vertex -11.8642 -20.5494 12.7204
      vertex -12.0283 -20.1896 12.4231
    endloop
  endfacet
  facet normal 0.395754 0.685515 0.611104
    outer loop
      vertex -13.2589 -18.9237 11.8
      vertex -12.0283 -20.1896 12.4231
      vertex -12.3722 -19.4356 11.8
    endloop
  endfacet
  facet normal 0.395805 0.685537 0.611047
    outer loop
      vertex -12.0283 -20.1896 12.4231
      vertex -13.2589 -18.9237 11.8
      vertex -14.0932 -19.5027 12.99
    endloop
  endfacet
  facet normal 0.395813 0.685467 0.61112
    outer loop
      vertex -9.75892 -20.9444 11.8
      vertex -10.6456 -20.4324 11.8
      vertex -11.152 -20.481 12.1825
    endloop
  endfacet
  facet normal 0.500013 0.866018 -0
    outer loop
      vertex -9.84324 -21.9565 12.99
      vertex -14.0932 -19.5027 13
      vertex -9.84324 -21.9565 13
    endloop
  endfacet
  facet normal 0.500013 0.866018 0
    outer loop
      vertex -14.0932 -19.5027 13
      vertex -9.84324 -21.9565 12.99
      vertex -14.0932 -19.5027 12.99
    endloop
  endfacet
  facet normal 0.43641 -0.755859 0.488082
    outer loop
      vertex -14.0932 -14.5953 12.99
      vertex -11.8313 -13.4923 12.6757
      vertex -9.84324 -12.1415 12.99
    endloop
  endfacet
  facet normal 0.43639 -0.755773 0.488232
    outer loop
      vertex -14.0932 -14.5953 12.99
      vertex -12.0941 -13.9476 12.2058
      vertex -11.8313 -13.4923 12.6757
    endloop
  endfacet
  facet normal 0.436379 -0.755823 0.488165
    outer loop
      vertex -12.0941 -13.9476 12.2058
      vertex -14.0932 -14.5953 12.99
      vertex -13.2589 -14.8822 11.8
    endloop
  endfacet
  facet normal 0.43639 -0.75584 0.48813
    outer loop
      vertex -9.84324 -12.1415 12.99
      vertex -11.8313 -13.4923 12.6757
      vertex -11.4859 -13.4595 12.4177
    endloop
  endfacet
  facet normal 0.436342 -0.755815 0.48821
    outer loop
      vertex -10.6588 -13.381 11.8
      vertex -9.84324 -12.1415 12.99
      vertex -11.4859 -13.4595 12.4177
    endloop
  endfacet
  facet normal 0.436332 -0.755816 0.488218
    outer loop
      vertex -9.84324 -12.1415 12.99
      vertex -10.6588 -13.381 11.8
      vertex -9.75892 -12.8615 11.8
    endloop
  endfacet
  facet normal 0.436328 -0.755796 0.488252
    outer loop
      vertex -12.3211 -14.3408 11.8
      vertex -12.0941 -13.9476 12.2058
      vertex -13.2589 -14.8822 11.8
    endloop
  endfacet
  facet normal -0.449213 -0.778142 0.438979
    outer loop
      vertex -8.87219 -13.3734 11.8
      vertex -9.84324 -12.1415 12.99
      vertex -9.75892 -12.8615 11.8
    endloop
  endfacet
  facet normal -0.449263 -0.778138 0.438935
    outer loop
      vertex -9.84324 -12.1415 12.99
      vertex -8.87219 -13.3734 11.8
      vertex -8.13718 -13.446 12.4236
    endloop
  endfacet
  facet normal -0.449213 -0.778142 0.438979
    outer loop
      vertex -7.14565 -14.3703 11.8
      vertex -6.25892 -14.8822 11.8
      vertex -7.40922 -14.0027 12.1819
    endloop
  endfacet
  facet normal -0.409417 0.709113 0.574053
    outer loop
      vertex -5.59324 -19.5027 12.99
      vertex -7.80954 -20.5265 12.674
      vertex -9.84324 -21.9565 12.99
    endloop
  endfacet
  facet normal -0.4094 0.70905 0.574143
    outer loop
      vertex -7.80954 -20.5265 12.674
      vertex -5.59324 -19.5027 12.99
      vertex -7.62428 -20.2056 12.4098
    endloop
  endfacet
  facet normal -0.409406 0.709102 0.574073
    outer loop
      vertex -8.38922 -20.4704 12.1913
      vertex -9.84324 -21.9565 12.99
      vertex -7.80954 -20.5265 12.674
    endloop
  endfacet
  facet normal -0.409398 0.709099 0.574083
    outer loop
      vertex -9.84324 -21.9565 12.99
      vertex -8.38922 -20.4704 12.1913
      vertex -9.75892 -20.9444 11.8
    endloop
  endfacet
  facet normal -0.409397 0.709152 0.574019
    outer loop
      vertex -8.38922 -20.4704 12.1913
      vertex -8.85905 -20.4249 11.8
      vertex -9.75892 -20.9444 11.8
    endloop
  endfacet
  facet normal -0.4094 0.709128 0.574046
    outer loop
      vertex -6.25892 -18.9237 11.8
      vertex -7.62428 -20.2056 12.4098
      vertex -5.59324 -19.5027 12.99
    endloop
  endfacet
  facet normal -0.409369 0.709114 0.574086
    outer loop
      vertex -7.62428 -20.2056 12.4098
      vertex -6.25892 -18.9237 11.8
      vertex -7.19674 -19.4651 11.8
    endloop
  endfacet
  facet normal -1 0 0
    outer loop
      vertex -5.59324 -19.5027 12.99
      vertex -5.59324 -14.5953 13
      vertex -5.59324 -14.5953 12.99
    endloop
  endfacet
  facet normal -1 -0 0
    outer loop
      vertex -5.59324 -14.5953 13
      vertex -5.59324 -19.5027 12.99
      vertex -5.59324 -19.5027 13
    endloop
  endfacet
  facet normal 0.00105584 -0.998173 -0.0604107
    outer loop
      vertex -2.47434 -4.28568 1
      vertex -4.07277 -4.941 11.8
      vertex -6.1046 -4.28952 1
    endloop
  endfacet
  facet normal 0.00106296 -0.998173 -0.0604103
    outer loop
      vertex -2.47434 -4.28568 1
      vertex -3.46407 -4.96455 12.1997
      vertex -3.95257 -4.94088 11.8
    endloop
  endfacet
  facet normal 0.000996512 -0.998173 -0.0604194
    outer loop
      vertex -4.07277 -4.941 11.8
      vertex -2.47434 -4.28568 1
      vertex -3.95257 -4.94088 11.8
    endloop
  endfacet
  facet normal 0.00105119 -0.998173 -0.0604114
    outer loop
      vertex -3.46407 -4.96455 12.1997
      vertex -2.47434 -4.28568 1
      vertex -2.88256 -4.99274 12.6756
    endloop
  endfacet
  facet normal -0.866027 0.499997 -5.4242e-07
    outer loop
      vertex -0.456081 -7.78996 1
      vertex -1.3776 -9.38608 11.8
      vertex -0.863873 -8.49627 12.6634
    endloop
  endfacet
  facet normal -0.866025 0.5 1.95886e-07
    outer loop
      vertex -2.48174 -11.2985 1
      vertex -1.3776 -9.38608 11.8
      vertex -0.456081 -7.78996 1
    endloop
  endfacet
  facet normal -0.866019 0.500011 -2.37768e-06
    outer loop
      vertex -1.3776 -9.38608 11.8
      vertex -2.48174 -11.2985 1
      vertex -2.31543 -11.0104 11.8
    endloop
  endfacet
  facet normal -0.866026 0.499999 -1.94491e-06
    outer loop
      vertex -2.48174 -11.2985 1
      vertex -2.72125 -11.7133 12.4098
      vertex -2.31543 -11.0104 11.8
    endloop
  endfacet
  facet normal -0.866076 0.499912 -6.16184e-06
    outer loop
      vertex -2.72125 -11.7133 12.4098
      vertex -2.48174 -11.2985 1
      vertex -2.88951 -12.0048 12.6626
    endloop
  endfacet
  facet normal 0.866043 -0.49997 -1.75458e-06
    outer loop
      vertex -8.54392 -7.7985 1
      vertex -8.34377 -7.45184 11.8
      vertex -8.3776 -7.51044 11.8
    endloop
  endfacet
  facet normal 0.866026 -0.499999 -4.91478e-07
    outer loop
      vertex -8.34377 -7.45184 11.8
      vertex -8.54392 -7.7985 1
      vertex -6.73042 -4.65742 1
    endloop
  endfacet
  facet normal 0.866024 -0.500003 -5.89643e-07
    outer loop
      vertex -8.54392 -7.7985 1
      vertex -8.3776 -7.51044 11.8
      vertex -8.95168 -8.50477 12.6626
    endloop
  endfacet
  facet normal -0.00104387 0.998173 0.0604103
    outer loop
      vertex -3.98582 -11.9537 11.8
      vertex -6.01766 -11.3022 1
      vertex -5.80264 -11.9556 11.8
    endloop
  endfacet
  facet normal -0.00117894 0.998173 0.0604129
    outer loop
      vertex -6.52566 -11.3028 1
      vertex -5.80264 -11.9556 11.8
      vertex -6.01766 -11.3022 1
    endloop
  endfacet
  facet normal -0.00114051 0.998173 0.0604104
    outer loop
      vertex -5.80264 -11.9556 11.8
      vertex -6.52566 -11.3028 1
      vertex -6.32043 -11.9804 12.2
    endloop
  endfacet
  facet normal -0.00100937 0.998173 0.060408
    outer loop
      vertex -6.32043 -11.9804 12.2
      vertex -6.52566 -11.3028 1
      vertex -6.93382 -12.0097 12.6739
    endloop
  endfacet
  facet normal -0.864971 -0.498172 -0.0604107
    outer loop
      vertex -0.456081 -7.78996 1
      vertex -1.43666 -7.39705 11.8
      vertex -2.28057 -4.62212 1
    endloop
  endfacet
  facet normal -0.86496 -0.498191 -0.060409
    outer loop
      vertex -1.43666 -7.39705 11.8
      vertex -0.456081 -7.78996 1
      vertex -1.3776 -7.49959 11.8
    endloop
  endfacet
  facet normal -0.864971 -0.498172 -0.0604105
    outer loop
      vertex -1.3776 -7.49959 11.8
      vertex -0.456081 -7.78996 1
      vertex -0.863873 -8.49627 12.6634
    endloop
  endfacet
  facet normal 0.864977 0.498161 0.0604113
    outer loop
      vertex -7.45257 -11.0031 11.8
      vertex -6.7792 -10.8626 1
      vertex -8.35931 -9.42869 11.8
    endloop
  endfacet
  facet normal 0.864962 0.498188 0.0604106
    outer loop
      vertex -7.45257 -11.0031 11.8
      vertex -6.52566 -11.3028 1
      vertex -6.7792 -10.8626 1
    endloop
  endfacet
  facet normal 0.864955 0.498201 0.0604097
    outer loop
      vertex -7.08868 -11.7092 12.413
      vertex -6.52566 -11.3028 1
      vertex -7.45257 -11.0031 11.8
    endloop
  endfacet
  facet normal 0.864957 0.498197 0.0604096
    outer loop
      vertex -6.52566 -11.3028 1
      vertex -7.08868 -11.7092 12.413
      vertex -6.93382 -12.0097 12.6739
    endloop
  endfacet
  facet normal -0.864971 -0.498173 -0.0604113
    outer loop
      vertex -2.30264 -5.89347 11.8
      vertex -2.47434 -4.28568 1
      vertex -2.28057 -4.62212 1
    endloop
  endfacet
  facet normal -0.864969 -0.498176 -0.0604113
    outer loop
      vertex -2.47434 -4.28568 1
      vertex -2.70885 -5.26254 12.4133
      vertex -2.88256 -4.99274 12.6756
    endloop
  endfacet
  facet normal -0.864972 -0.49817 -0.0604108
    outer loop
      vertex -2.47434 -4.28568 1
      vertex -2.30264 -5.89347 11.8
      vertex -2.70885 -5.26254 12.4133
    endloop
  endfacet
  facet normal -0.864969 -0.498175 -0.0604116
    outer loop
      vertex -2.30264 -5.89347 11.8
      vertex -2.28057 -4.62212 1
      vertex -1.43666 -7.39705 11.8
    endloop
  endfacet
  facet normal -0.000989136 0.998173 0.0604159
    outer loop
      vertex -2.48174 -11.2985 1
      vertex -3.45496 -11.9775 12.2023
      vertex -2.88951 -12.0048 12.6626
    endloop
  endfacet
  facet normal -0.00110241 0.998173 0.0604061
    outer loop
      vertex -2.48174 -11.2985 1
      vertex -3.94918 -11.9537 11.8
      vertex -3.45496 -11.9775 12.2023
    endloop
  endfacet
  facet normal 0 0.998165 0.0605553
    outer loop
      vertex -2.48174 -11.2985 1
      vertex -3.98582 -11.9537 11.8
      vertex -3.94918 -11.9537 11.8
    endloop
  endfacet
  facet normal -0.00104449 0.998173 0.0604104
    outer loop
      vertex -3.98582 -11.9537 11.8
      vertex -2.48174 -11.2985 1
      vertex -6.01766 -11.3022 1
    endloop
  endfacet
  facet normal 0.86497 0.498175 0.0604107
    outer loop
      vertex -8.3776 -9.39693 11.8
      vertex -8.54392 -7.7985 1
      vertex -8.95168 -8.50477 12.6626
    endloop
  endfacet
  facet normal 0.864993 0.498134 0.0604172
    outer loop
      vertex -6.7792 -10.8626 1
      vertex -8.3776 -9.39693 11.8
      vertex -8.35931 -9.42869 11.8
    endloop
  endfacet
  facet normal 0.864974 0.498168 0.0604096
    outer loop
      vertex -8.3776 -9.39693 11.8
      vertex -6.7792 -10.8626 1
      vertex -8.54392 -7.7985 1
    endloop
  endfacet
  facet normal 0.866036 -0.499982 1.60215e-06
    outer loop
      vertex -7.07695 -5.25765 12.4098
      vertex -6.51826 -4.28996 1
      vertex -6.92605 -4.99627 12.6634
    endloop
  endfacet
  facet normal 0.866022 -0.500005 -1.04967e-06
    outer loop
      vertex -7.43978 -5.88608 11.8
      vertex -6.51826 -4.28996 1
      vertex -7.07695 -5.25765 12.4098
    endloop
  endfacet
  facet normal 0.866018 -0.500012 -2.41787e-06
    outer loop
      vertex -6.51826 -4.28996 1
      vertex -7.43978 -5.88608 11.8
      vertex -6.73042 -4.65742 1
    endloop
  endfacet
  facet normal 0.866026 -0.499999 -4.52714e-07
    outer loop
      vertex -6.73042 -4.65742 1
      vertex -7.43978 -5.88608 11.8
      vertex -8.34377 -7.45184 11.8
    endloop
  endfacet
  facet normal 0.00106024 -0.998173 -0.0604101
    outer loop
      vertex -6.51826 -4.28996 1
      vertex -6.32751 -4.96771 12.202
      vertex -6.92605 -4.99627 12.6634
    endloop
  endfacet
  facet normal 0.00105416 -0.998173 -0.06041
    outer loop
      vertex -6.32751 -4.96771 12.202
      vertex -6.51826 -4.28996 1
      vertex -5.80603 -4.94283 11.8
    endloop
  endfacet
  facet normal 0.00106173 -0.998173 -0.0604105
    outer loop
      vertex -6.1046 -4.28952 1
      vertex -5.80603 -4.94283 11.8
      vertex -6.51826 -4.28996 1
    endloop
  endfacet
  facet normal 0.00105389 -0.998173 -0.0604103
    outer loop
      vertex -5.80603 -4.94283 11.8
      vertex -6.1046 -4.28952 1
      vertex -4.07277 -4.941 11.8
    endloop
  endfacet
  facet normal -0 0 1
    outer loop
      vertex -6.1046 -4.28952 1
      vertex -2.28057 -4.62212 1
      vertex -2.47434 -4.28568 1
    endloop
  endfacet
  facet normal 0 -0 1
    outer loop
      vertex -6.01766 -11.3022 1
      vertex -2.28057 -4.62212 1
      vertex -6.1046 -4.28952 1
    endloop
  endfacet
  facet normal 0 0 1
    outer loop
      vertex -0.456081 -7.78996 1
      vertex -6.01766 -11.3022 1
      vertex -2.48174 -11.2985 1
    endloop
  endfacet
  facet normal 0 0 1
    outer loop
      vertex -2.28057 -4.62212 1
      vertex -6.01766 -11.3022 1
      vertex -0.456081 -7.78996 1
    endloop
  endfacet
  facet normal 0 0 1
    outer loop
      vertex -6.73042 -4.65742 1
      vertex -6.1046 -4.28952 1
      vertex -6.51826 -4.28996 1
    endloop
  endfacet
  facet normal 0 0 1
    outer loop
      vertex -6.1046 -4.28952 1
      vertex -6.73042 -4.65742 1
      vertex -6.01766 -11.3022 1
    endloop
  endfacet
  facet normal -0 0 1
    outer loop
      vertex -6.7792 -10.8626 1
      vertex -6.01766 -11.3022 1
      vertex -6.73042 -4.65742 1
    endloop
  endfacet
  facet normal 0 0 1
    outer loop
      vertex -6.01766 -11.3022 1
      vertex -6.7792 -10.8626 1
      vertex -6.52566 -11.3028 1
    endloop
  endfacet
  facet normal 0 -0 1
    outer loop
      vertex -6.7792 -10.8626 1
      vertex -6.73042 -4.65742 1
      vertex -8.54392 -7.7985 1
    endloop
  endfacet
  facet normal 1 -0 0
    outer loop
      vertex -9.16956 -10.9747 13
      vertex -9.16956 -6.06719 12.99
      vertex -9.16956 -6.06719 13
    endloop
  endfacet
  facet normal 1 0 0
    outer loop
      vertex -9.16956 -6.06719 12.99
      vertex -9.16956 -10.9747 13
      vertex -9.16956 -10.9747 12.99
    endloop
  endfacet
  facet normal -0.43629 -0.755693 0.488446
    outer loop
      vertex -1.3776 -6.42753 11.8
      vertex -2.70885 -5.26254 12.4133
      vertex -2.30264 -5.89347 11.8
    endloop
  endfacet
  facet normal -0.436303 -0.755698 0.488427
    outer loop
      vertex -2.70885 -5.26254 12.4133
      vertex -1.3776 -6.42753 11.8
      vertex -0.66956 -6.06719 12.99
    endloop
  endfacet
  facet normal -0.436292 -0.755675 0.488471
    outer loop
      vertex -3.95257 -4.94088 11.8
      vertex -3.46407 -4.96455 12.1997
      vertex -4.8776 -4.40681 11.8
    endloop
  endfacet
  facet normal -0.436291 -0.755678 0.488467
    outer loop
      vertex -4.91956 -3.61345 12.99
      vertex -2.88256 -4.99274 12.6756
      vertex -0.66956 -6.06719 12.99
    endloop
  endfacet
  facet normal -0.436325 -0.75571 0.488388
    outer loop
      vertex -4.91956 -3.61345 12.99
      vertex -3.46407 -4.96455 12.1997
      vertex -2.88256 -4.99274 12.6756
    endloop
  endfacet
  facet normal -0.436291 -0.7557 0.488433
    outer loop
      vertex -3.46407 -4.96455 12.1997
      vertex -4.91956 -3.61345 12.99
      vertex -4.8776 -4.40681 11.8
    endloop
  endfacet
  facet normal -0.436302 -0.755723 0.488388
    outer loop
      vertex -0.66956 -6.06719 12.99
      vertex -2.88256 -4.99274 12.6756
      vertex -2.70885 -5.26254 12.4133
    endloop
  endfacet
  facet normal 0.5 -0.866025 0
    outer loop
      vertex -9.16956 -6.06719 12.99
      vertex -4.91956 -3.61345 13
      vertex -9.16956 -6.06719 13
    endloop
  endfacet
  facet normal 0.5 -0.866025 0
    outer loop
      vertex -4.91956 -3.61345 13
      vertex -9.16956 -6.06719 12.99
      vertex -4.91956 -3.61345 12.99
    endloop
  endfacet
  facet normal 0.42969 -0.744251 0.511328
    outer loop
      vertex -8.3776 -6.42753 11.8
      vertex -7.07695 -5.25765 12.4098
      vertex -9.16956 -6.06719 12.99
    endloop
  endfacet
  facet normal 0.429694 -0.744253 0.511323
    outer loop
      vertex -7.07695 -5.25765 12.4098
      vertex -8.3776 -6.42753 11.8
      vertex -7.43978 -5.88608 11.8
    endloop
  endfacet
  facet normal 0.429686 -0.744251 0.511332
    outer loop
      vertex -5.80603 -4.94283 11.8
      vertex -4.8776 -4.40681 11.8
      vertex -6.32751 -4.96771 12.202
    endloop
  endfacet
  facet normal -0.499994 0.866029 0
    outer loop
      vertex -0.66956 -10.9747 12.99
      vertex -4.91956 -13.4284 13
      vertex -0.66956 -10.9747 13
    endloop
  endfacet
  facet normal -0.499994 0.866029 0
    outer loop
      vertex -4.91956 -13.4284 13
      vertex -0.66956 -10.9747 12.99
      vertex -4.91956 -13.4284 12.99
    endloop
  endfacet
  facet normal -0.859386 0 0.511327
    outer loop
      vertex -1.3776 -7.49959 11.8
      vertex -0.66956 -6.06719 12.99
      vertex -1.3776 -6.42753 11.8
    endloop
  endfacet
  facet normal -0.859383 -4.75097e-06 0.511332
    outer loop
      vertex -0.863873 -8.49627 12.6634
      vertex -0.66956 -6.06719 12.99
      vertex -1.3776 -7.49959 11.8
    endloop
  endfacet
  facet normal -0.859386 0 0.511327
    outer loop
      vertex -0.66956 -10.9747 12.99
      vertex -1.3776 -9.38608 11.8
      vertex -1.3776 -10.469 11.8
    endloop
  endfacet
  facet normal -0.859399 0 0.511306
    outer loop
      vertex -0.863873 -8.49627 12.6634
      vertex -0.66956 -10.9747 12.99
      vertex -0.66956 -6.06719 12.99
    endloop
  endfacet
  facet normal -0.859383 4.73591e-06 0.511332
    outer loop
      vertex -1.3776 -9.38608 11.8
      vertex -0.66956 -10.9747 12.99
      vertex -0.863873 -8.49627 12.6634
    endloop
  endfacet
  facet normal 0.832493 0 0.554035
    outer loop
      vertex -9.16956 -6.06719 12.99
      vertex -8.3776 -7.51044 11.8
      vertex -8.3776 -6.42753 11.8
    endloop
  endfacet
  facet normal 0.832491 -3.60122e-06 0.554038
    outer loop
      vertex -9.16956 -6.06719 12.99
      vertex -8.95168 -8.50477 12.6626
      vertex -8.3776 -7.51044 11.8
    endloop
  endfacet
  facet normal 0.832491 3.60947e-06 0.554038
    outer loop
      vertex -9.16956 -10.9747 12.99
      vertex -8.3776 -9.39693 11.8
      vertex -8.95168 -8.50477 12.6626
    endloop
  endfacet
  facet normal 0.832493 0 0.554035
    outer loop
      vertex -8.3776 -9.39693 11.8
      vertex -9.16956 -10.9747 12.99
      vertex -8.3776 -10.469 11.8
    endloop
  endfacet
  facet normal 0.832504 -0 0.554019
    outer loop
      vertex -9.16956 -10.9747 12.99
      vertex -8.95168 -8.50477 12.6626
      vertex -9.16956 -6.06719 12.99
    endloop
  endfacet
  facet normal 0.409461 0.709218 0.573892
    outer loop
      vertex -4.91956 -13.4284 12.99
      vertex -6.93382 -12.0097 12.6739
      vertex -9.16956 -10.9747 12.99
    endloop
  endfacet
  facet normal 0.409479 0.709236 0.573857
    outer loop
      vertex -4.91956 -13.4284 12.99
      vertex -6.32043 -11.9804 12.2
      vertex -6.93382 -12.0097 12.6739
    endloop
  endfacet
  facet normal 0.409449 0.709225 0.573891
    outer loop
      vertex -6.32043 -11.9804 12.2
      vertex -4.91956 -13.4284 12.99
      vertex -4.8776 -12.4897 11.8
    endloop
  endfacet
  facet normal 0.409468 0.709246 0.573852
    outer loop
      vertex -9.16956 -10.9747 12.99
      vertex -6.93382 -12.0097 12.6739
      vertex -7.08868 -11.7092 12.413
    endloop
  endfacet
  facet normal 0.409498 0.709227 0.573854
    outer loop
      vertex -8.3776 -10.469 11.8
      vertex -7.08868 -11.7092 12.413
      vertex -7.45257 -11.0031 11.8
    endloop
  endfacet
  facet normal 0.409468 0.709214 0.573892
    outer loop
      vertex -7.08868 -11.7092 12.413
      vertex -8.3776 -10.469 11.8
      vertex -9.16956 -10.9747 12.99
    endloop
  endfacet
  facet normal 0.409448 0.709148 0.573987
    outer loop
      vertex -4.8776 -12.4897 11.8
      vertex -5.80264 -11.9556 11.8
      vertex -6.32043 -11.9804 12.2
    endloop
  endfacet
  facet normal 0.499994 0.866029 -0
    outer loop
      vertex -4.91956 -13.4284 12.99
      vertex -9.16956 -10.9747 13
      vertex -4.91956 -13.4284 13
    endloop
  endfacet
  facet normal 0.499994 0.866029 0
    outer loop
      vertex -9.16956 -10.9747 13
      vertex -4.91956 -13.4284 12.99
      vertex -9.16956 -10.9747 12.99
    endloop
  endfacet
  facet normal -0.5 -0.866025 0
    outer loop
      vertex -4.91956 -3.61345 12.99
      vertex -0.66956 -6.06719 13
      vertex -4.91956 -3.61345 13
    endloop
  endfacet
  facet normal -0.5 -0.866025 -0
    outer loop
      vertex -0.66956 -6.06719 13
      vertex -4.91956 -3.61345 12.99
      vertex -0.66956 -6.06719 12.99
    endloop
  endfacet
  facet normal 0 0 1
    outer loop
      vertex -8.35931 -9.42869 11.8
      vertex -8.3776 -10.469 11.8
      vertex -7.45257 -11.0031 11.8
    endloop
  endfacet
  facet normal 0 0 1
    outer loop
      vertex -8.3776 -10.469 11.8
      vertex -8.35931 -9.42869 11.8
      vertex -8.3776 -9.39693 11.8
    endloop
  endfacet
  facet normal -0 0 1
    outer loop
      vertex -8.3776 -6.42753 11.8
      vertex -8.34377 -7.45184 11.8
      vertex -7.43978 -5.88608 11.8
    endloop
  endfacet
  facet normal 0 0 1
    outer loop
      vertex -8.34377 -7.45184 11.8
      vertex -8.3776 -6.42753 11.8
      vertex -8.3776 -7.51044 11.8
    endloop
  endfacet
  facet normal -0 0 1
    outer loop
      vertex -3.98582 -11.9537 11.8
      vertex -4.8776 -12.4897 11.8
      vertex -3.94918 -11.9537 11.8
    endloop
  endfacet
  facet normal 0 -0 1
    outer loop
      vertex -4.8776 -12.4897 11.8
      vertex -3.98582 -11.9537 11.8
      vertex -5.80264 -11.9556 11.8
    endloop
  endfacet
  facet normal 0 0 1
    outer loop
      vertex -4.8776 -4.40681 11.8
      vertex -4.07277 -4.941 11.8
      vertex -3.95257 -4.94088 11.8
    endloop
  endfacet
  facet normal 0 0 1
    outer loop
      vertex -4.07277 -4.941 11.8
      vertex -4.8776 -4.40681 11.8
      vertex -5.80603 -4.94283 11.8
    endloop
  endfacet
  facet normal 0 0 1
    outer loop
      vertex -1.3776 -6.42753 11.8
      vertex -1.43666 -7.39705 11.8
      vertex -1.3776 -7.49959 11.8
    endloop
  endfacet
  facet normal 0 -0 1
    outer loop
      vertex -1.43666 -7.39705 11.8
      vertex -1.3776 -6.42753 11.8
      vertex -2.30264 -5.89347 11.8
    endloop
  endfacet
  facet normal 0 -0 1
    outer loop
      vertex -1.3776 -10.469 11.8
      vertex -1.3776 -9.38608 11.8
      vertex -2.31543 -11.0104 11.8
    endloop
  endfacet
  facet normal 0.4297 -0.744263 0.511303
    outer loop
      vertex -9.16956 -6.06719 12.99
      vertex -6.92605 -4.99627 12.6634
      vertex -4.91956 -3.61345 12.99
    endloop
  endfacet
  facet normal 0.42969 -0.744221 0.511373
    outer loop
      vertex -6.92605 -4.99627 12.6634
      vertex -9.16956 -6.06719 12.99
      vertex -7.07695 -5.25765 12.4098
    endloop
  endfacet
  facet normal 0.429687 -0.74425 0.511333
    outer loop
      vertex -6.32751 -4.96771 12.202
      vertex -4.91956 -3.61345 12.99
      vertex -6.92605 -4.99627 12.6634
    endloop
  endfacet
  facet normal 0.429686 -0.74425 0.511334
    outer loop
      vertex -4.91956 -3.61345 12.99
      vertex -6.32751 -4.96771 12.202
      vertex -4.8776 -4.40681 11.8
    endloop
  endfacet
  facet normal -0.416255 0.720987 0.553994
    outer loop
      vertex -0.66956 -10.9747 12.99
      vertex -2.88951 -12.0048 12.6626
      vertex -4.91956 -13.4284 12.99
    endloop
  endfacet
  facet normal -0.416225 0.720861 0.554181
    outer loop
      vertex -2.88951 -12.0048 12.6626
      vertex -0.66956 -10.9747 12.99
      vertex -2.72125 -11.7133 12.4098
    endloop
  endfacet
  facet normal -0.416222 0.720954 0.554062
    outer loop
      vertex -3.45496 -11.9775 12.2023
      vertex -4.91956 -13.4284 12.99
      vertex -2.88951 -12.0048 12.6626
    endloop
  endfacet
  facet normal -0.416244 0.720962 0.554035
    outer loop
      vertex -4.91956 -13.4284 12.99
      vertex -3.45496 -11.9775 12.2023
      vertex -4.8776 -12.4897 11.8
    endloop
  endfacet
  facet normal -0.416244 0.720987 0.554003
    outer loop
      vertex -3.45496 -11.9775 12.2023
      vertex -3.94918 -11.9537 11.8
      vertex -4.8776 -12.4897 11.8
    endloop
  endfacet
  facet normal -0.416224 0.720975 0.554034
    outer loop
      vertex -1.3776 -10.469 11.8
      vertex -2.72125 -11.7133 12.4098
      vertex -0.66956 -10.9747 12.99
    endloop
  endfacet
  facet normal -0.416207 0.720968 0.554055
    outer loop
      vertex -2.72125 -11.7133 12.4098
      vertex -1.3776 -10.469 11.8
      vertex -2.31543 -11.0104 11.8
    endloop
  endfacet
  facet normal -1 0 0
    outer loop
      vertex -0.66956 -10.9747 12.99
      vertex -0.66956 -6.06719 13
      vertex -0.66956 -6.06719 12.99
    endloop
  endfacet
  facet normal -1 -0 0
    outer loop
      vertex -0.66956 -6.06719 13
      vertex -0.66956 -10.9747 12.99
      vertex -0.66956 -10.9747 13
    endloop
  endfacet
  facet normal 0.499999 -0.866026 0
    outer loop
      vertex -3.5 2.02073 1
      vertex 0 4.04145 11.8
      vertex -3.5 2.02073 11.8
    endloop
  endfacet
  facet normal 0.499999 -0.866026 0
    outer loop
      vertex 0 4.04145 11.8
      vertex -3.5 2.02073 1
      vertex 0 4.04145 1
    endloop
  endfacet
  facet normal -1 0 0
    outer loop
      vertex 3.5 -2.02073 1
      vertex 3.5 2.02073 11.8
      vertex 3.5 2.02073 1
    endloop
  endfacet
  facet normal -1 -0 0
    outer loop
      vertex 3.5 2.02073 11.8
      vertex 3.5 -2.02073 1
      vertex 3.5 -2.02073 11.8
    endloop
  endfacet
  facet normal 0.499999 0.866026 -0
    outer loop
      vertex 0 -4.04145 1
      vertex -3.5 -2.02073 11.8
      vertex 0 -4.04145 11.8
    endloop
  endfacet
  facet normal 0.499999 0.866026 0
    outer loop
      vertex -3.5 -2.02073 11.8
      vertex 0 -4.04145 1
      vertex -3.5 -2.02073 1
    endloop
  endfacet
  facet normal -0.499999 -0.866026 0
    outer loop
      vertex 0 4.04145 1
      vertex 3.5 2.02073 11.8
      vertex 0 4.04145 11.8
    endloop
  endfacet
  facet normal -0.499999 -0.866026 -0
    outer loop
      vertex 3.5 2.02073 11.8
      vertex 0 4.04145 1
      vertex 3.5 2.02073 1
    endloop
  endfacet
  facet normal -0.499999 0.866026 0
    outer loop
      vertex 3.5 -2.02073 1
      vertex 0 -4.04145 11.8
      vertex 3.5 -2.02073 11.8
    endloop
  endfacet
  facet normal -0.499999 0.866026 0
    outer loop
      vertex 0 -4.04145 11.8
      vertex 3.5 -2.02073 1
      vertex 0 -4.04145 1
    endloop
  endfacet
  facet normal 1 -0 0
    outer loop
      vertex -3.5 -2.02073 11.8
      vertex -3.5 2.02073 1
      vertex -3.5 2.02073 11.8
    endloop
  endfacet
  facet normal 1 0 0
    outer loop
      vertex -3.5 2.02073 1
      vertex -3.5 -2.02073 11.8
      vertex -3.5 -2.02073 1
    endloop
  endfacet
  facet normal 0 0 1
    outer loop
      vertex 0 4.04145 1
      vertex 3.5 -2.02073 1
      vertex 3.5 2.02073 1
    endloop
  endfacet
  facet normal 0 0 1
    outer loop
      vertex 0 4.04145 1
      vertex 0 -4.04145 1
      vertex 3.5 -2.02073 1
    endloop
  endfacet
  facet normal -0 0 1
    outer loop
      vertex -3.5 2.02073 1
      vertex 0 -4.04145 1
      vertex 0 4.04145 1
    endloop
  endfacet
  facet normal 0 0 1
    outer loop
      vertex 0 -4.04145 1
      vertex -3.5 2.02073 1
      vertex -3.5 -2.02073 1
    endloop
  endfacet
  facet normal 1 -0 0
    outer loop
      vertex -4.25 -2.45374 13
      vertex -4.25 2.45374 12.99
      vertex -4.25 2.45374 13
    endloop
  endfacet
  facet normal 1 0 0
    outer loop
      vertex -4.25 2.45374 12.99
      vertex -4.25 -2.45374 13
      vertex -4.25 -2.45374 12.99
    endloop
  endfacet
  facet normal -0.422997 0.732652 0.533192
    outer loop
      vertex 4.25 -2.45374 12.99
      vertex 0 -4.04145 11.8
      vertex 0 -4.90748 12.99
    endloop
  endfacet
  facet normal 0.5 -0.866025 0
    outer loop
      vertex -4.25 2.45374 12.99
      vertex 0 4.90748 13
      vertex -4.25 2.45374 13
    endloop
  endfacet
  facet normal 0.5 -0.866025 0
    outer loop
      vertex 0 4.90748 13
      vertex -4.25 2.45374 12.99
      vertex 0 4.90748 12.99
    endloop
  endfacet
  facet normal -0.5 0.866025 0
    outer loop
      vertex 4.25 -2.45374 12.99
      vertex 0 -4.90748 13
      vertex 4.25 -2.45374 13
    endloop
  endfacet
  facet normal -0.5 0.866025 0
    outer loop
      vertex 0 -4.90748 13
      vertex 4.25 -2.45374 12.99
      vertex 0 -4.90748 12.99
    endloop
  endfacet
  facet normal 0.845995 0 0.53319
    outer loop
      vertex -4.25 2.45374 12.99
      vertex -3.5 -2.02073 11.8
      vertex -3.5 2.02073 11.8
    endloop
  endfacet
  facet normal 0.845995 0 0.53319
    outer loop
      vertex -3.5 -2.02073 11.8
      vertex -4.25 2.45374 12.99
      vertex -4.25 -2.45374 12.99
    endloop
  endfacet
  facet normal 0.422997 0.732652 0.533192
    outer loop
      vertex 0 -4.90748 12.99
      vertex 0 -4.04145 11.8
      vertex -4.25 -2.45374 12.99
    endloop
  endfacet
  facet normal 0.422997 0.732655 0.533189
    outer loop
      vertex 0 -4.04145 11.8
      vertex -3.5 -2.02073 11.8
      vertex -4.25 -2.45374 12.99
    endloop
  endfacet
  facet normal 0.5 0.866025 -0
    outer loop
      vertex 0 -4.90748 12.99
      vertex -4.25 -2.45374 13
      vertex 0 -4.90748 13
    endloop
  endfacet
  facet normal 0.5 0.866025 0
    outer loop
      vertex -4.25 -2.45374 13
      vertex 0 -4.90748 12.99
      vertex -4.25 -2.45374 12.99
    endloop
  endfacet
  facet normal -0.422997 -0.732655 0.533189
    outer loop
      vertex 3.5 2.02073 11.8
      vertex 4.25 2.45374 12.99
      vertex 0 4.04145 11.8
    endloop
  endfacet
  facet normal -0.5 -0.866025 0
    outer loop
      vertex 0 4.90748 12.99
      vertex 4.25 2.45374 13
      vertex 0 4.90748 13
    endloop
  endfacet
  facet normal -0.5 -0.866025 -0
    outer loop
      vertex 4.25 2.45374 13
      vertex 0 4.90748 12.99
      vertex 4.25 2.45374 12.99
    endloop
  endfacet
  facet normal 0.422997 -0.732652 0.533192
    outer loop
      vertex 0 4.04145 11.8
      vertex 0 4.90748 12.99
      vertex -4.25 2.45374 12.99
    endloop
  endfacet
  facet normal -0.422997 -0.732652 0.533192
    outer loop
      vertex 4.25 2.45374 12.99
      vertex 0 4.90748 12.99
      vertex 0 4.04145 11.8
    endloop
  endfacet
  facet normal -0.422997 0.732655 0.533189
    outer loop
      vertex 4.25 -2.45374 12.99
      vertex 3.5 -2.02073 11.8
      vertex 0 -4.04145 11.8
    endloop
  endfacet
  facet normal 0.422997 -0.732655 0.533189
    outer loop
      vertex -3.5 2.02073 11.8
      vertex 0 4.04145 11.8
      vertex -4.25 2.45374 12.99
    endloop
  endfacet
  facet normal -1 0 0
    outer loop
      vertex 4.25 -2.45374 12.99
      vertex 4.25 2.45374 13
      vertex 4.25 2.45374 12.99
    endloop
  endfacet
  facet normal -1 -0 0
    outer loop
      vertex 4.25 2.45374 13
      vertex 4.25 -2.45374 12.99
      vertex 4.25 -2.45374 13
    endloop
  endfacet
  facet normal -0.845995 0 0.53319
    outer loop
      vertex 3.5 -2.02073 11.8
      vertex 4.25 2.45374 12.99
      vertex 3.5 2.02073 11.8
    endloop
  endfacet
  facet normal -0.845995 0 0.53319
    outer loop
      vertex 4.25 2.45374 12.99
      vertex 3.5 -2.02073 11.8
      vertex 4.25 -2.45374 12.99
    endloop
  endfacet
  facet normal -0.00105584 0.998173 -0.0604107
    outer loop
      vertex 2.47434 4.28568 1
      vertex 4.07277 4.941 11.8
      vertex 6.1046 4.28952 1
    endloop
  endfacet
  facet normal -0.00106296 0.998173 -0.0604103
    outer loop
      vertex 2.47434 4.28568 1
      vertex 3.46407 4.96455 12.1997
      vertex 3.95257 4.94088 11.8
    endloop
  endfacet
  facet normal -0.000996512 0.998173 -0.0604194
    outer loop
      vertex 4.07277 4.941 11.8
      vertex 2.47434 4.28568 1
      vertex 3.95257 4.94088 11.8
    endloop
  endfacet
  facet normal -0.00105119 0.998173 -0.0604114
    outer loop
      vertex 3.46407 4.96455 12.1997
      vertex 2.47434 4.28568 1
      vertex 2.88256 4.99274 12.6756
    endloop
  endfacet
  facet normal 0.866076 -0.499912 -6.16184e-06
    outer loop
      vertex 2.72125 11.7133 12.4098
      vertex 2.48174 11.2985 1
      vertex 2.88951 12.0048 12.6626
    endloop
  endfacet
  facet normal 0.866026 -0.499999 -1.94491e-06
    outer loop
      vertex 2.31543 11.0104 11.8
      vertex 2.48174 11.2985 1
      vertex 2.72125 11.7133 12.4098
    endloop
  endfacet
  facet normal 0.866019 -0.500011 -2.37768e-06
    outer loop
      vertex 1.3776 9.38608 11.8
      vertex 2.48174 11.2985 1
      vertex 2.31543 11.0104 11.8
    endloop
  endfacet
  facet normal 0.866027 -0.499997 -5.4242e-07
    outer loop
      vertex 0.456081 7.78996 1
      vertex 1.3776 9.38608 11.8
      vertex 0.863873 8.49627 12.6634
    endloop
  endfacet
  facet normal 0.866025 -0.5 1.95886e-07
    outer loop
      vertex 1.3776 9.38608 11.8
      vertex 0.456081 7.78996 1
      vertex 2.48174 11.2985 1
    endloop
  endfacet
  facet normal -0.866024 0.500003 -5.89643e-07
    outer loop
      vertex 8.54392 7.7985 1
      vertex 8.3776 7.51044 11.8
      vertex 8.95168 8.50477 12.6626
    endloop
  endfacet
  facet normal -0.866043 0.49997 -1.75458e-06
    outer loop
      vertex 8.54392 7.7985 1
      vertex 8.34377 7.45184 11.8
      vertex 8.3776 7.51044 11.8
    endloop
  endfacet
  facet normal -0.866026 0.499999 -4.91478e-07
    outer loop
      vertex 8.34377 7.45184 11.8
      vertex 8.54392 7.7985 1
      vertex 6.73042 4.65742 1
    endloop
  endfacet
  facet normal 0.00104387 -0.998173 0.0604103
    outer loop
      vertex 3.98582 11.9537 11.8
      vertex 6.01766 11.3022 1
      vertex 5.80264 11.9556 11.8
    endloop
  endfacet
  facet normal 0.00117894 -0.998173 0.0604129
    outer loop
      vertex 6.52566 11.3028 1
      vertex 5.80264 11.9556 11.8
      vertex 6.01766 11.3022 1
    endloop
  endfacet
  facet normal 0.00114051 -0.998173 0.0604104
    outer loop
      vertex 5.80264 11.9556 11.8
      vertex 6.52566 11.3028 1
      vertex 6.32043 11.9804 12.2
    endloop
  endfacet
  facet normal 0.00100937 -0.998173 0.060408
    outer loop
      vertex 6.32043 11.9804 12.2
      vertex 6.52566 11.3028 1
      vertex 6.93382 12.0097 12.6739
    endloop
  endfacet
  facet normal 0.864971 0.498172 -0.0604105
    outer loop
      vertex 1.3776 7.49959 11.8
      vertex 0.456081 7.78996 1
      vertex 0.863873 8.49627 12.6634
    endloop
  endfacet
  facet normal 0.86496 0.498191 -0.060409
    outer loop
      vertex 1.43666 7.39705 11.8
      vertex 0.456081 7.78996 1
      vertex 1.3776 7.49959 11.8
    endloop
  endfacet
  facet normal 0.864971 0.498172 -0.0604107
    outer loop
      vertex 0.456081 7.78996 1
      vertex 1.43666 7.39705 11.8
      vertex 2.28057 4.62212 1
    endloop
  endfacet
  facet normal -0.864957 -0.498197 0.0604096
    outer loop
      vertex 6.52566 11.3028 1
      vertex 7.08868 11.7092 12.413
      vertex 6.93382 12.0097 12.6739
    endloop
  endfacet
  facet normal -0.864955 -0.498201 0.0604097
    outer loop
      vertex 6.52566 11.3028 1
      vertex 7.45257 11.0031 11.8
      vertex 7.08868 11.7092 12.413
    endloop
  endfacet
  facet normal -0.864962 -0.498188 0.0604106
    outer loop
      vertex 6.7792 10.8626 1
      vertex 7.45257 11.0031 11.8
      vertex 6.52566 11.3028 1
    endloop
  endfacet
  facet normal -0.864977 -0.498161 0.0604113
    outer loop
      vertex 7.45257 11.0031 11.8
      vertex 6.7792 10.8626 1
      vertex 8.35931 9.42869 11.8
    endloop
  endfacet
  facet normal 0.864969 0.498176 -0.0604113
    outer loop
      vertex 2.47434 4.28568 1
      vertex 2.70885 5.26254 12.4133
      vertex 2.88256 4.99274 12.6756
    endloop
  endfacet
  facet normal 0.864969 0.498175 -0.0604116
    outer loop
      vertex 2.30264 5.89347 11.8
      vertex 2.28057 4.62212 1
      vertex 1.43666 7.39705 11.8
    endloop
  endfacet
  facet normal 0.864972 0.49817 -0.0604108
    outer loop
      vertex 2.70885 5.26254 12.4133
      vertex 2.47434 4.28568 1
      vertex 2.30264 5.89347 11.8
    endloop
  endfacet
  facet normal 0.864971 0.498173 -0.0604113
    outer loop
      vertex 2.30264 5.89347 11.8
      vertex 2.47434 4.28568 1
      vertex 2.28057 4.62212 1
    endloop
  endfacet
  facet normal 0.000989136 -0.998173 0.0604159
    outer loop
      vertex 2.48174 11.2985 1
      vertex 3.45496 11.9775 12.2023
      vertex 2.88951 12.0048 12.6626
    endloop
  endfacet
  facet normal 0.00110241 -0.998173 0.0604061
    outer loop
      vertex 2.48174 11.2985 1
      vertex 3.94918 11.9537 11.8
      vertex 3.45496 11.9775 12.2023
    endloop
  endfacet
  facet normal 0 -0.998165 0.0605553
    outer loop
      vertex 2.48174 11.2985 1
      vertex 3.98582 11.9537 11.8
      vertex 3.94918 11.9537 11.8
    endloop
  endfacet
  facet normal 0.00104449 -0.998173 0.0604104
    outer loop
      vertex 3.98582 11.9537 11.8
      vertex 2.48174 11.2985 1
      vertex 6.01766 11.3022 1
    endloop
  endfacet
  facet normal -0.864993 -0.498134 0.0604172
    outer loop
      vertex 6.7792 10.8626 1
      vertex 8.3776 9.39693 11.8
      vertex 8.35931 9.42869 11.8
    endloop
  endfacet
  facet normal -0.864974 -0.498168 0.0604096
    outer loop
      vertex 8.54392 7.7985 1
      vertex 8.3776 9.39693 11.8
      vertex 6.7792 10.8626 1
    endloop
  endfacet
  facet normal -0.86497 -0.498175 0.0604107
    outer loop
      vertex 8.3776 9.39693 11.8
      vertex 8.54392 7.7985 1
      vertex 8.95168 8.50477 12.6626
    endloop
  endfacet
  facet normal -0.866026 0.499999 -4.52714e-07
    outer loop
      vertex 6.73042 4.65742 1
      vertex 7.43978 5.88608 11.8
      vertex 8.34377 7.45184 11.8
    endloop
  endfacet
  facet normal -0.866018 0.500012 -2.41787e-06
    outer loop
      vertex 6.51826 4.28996 1
      vertex 7.43978 5.88608 11.8
      vertex 6.73042 4.65742 1
    endloop
  endfacet
  facet normal -0.866022 0.500005 -1.04967e-06
    outer loop
      vertex 7.43978 5.88608 11.8
      vertex 6.51826 4.28996 1
      vertex 7.07695 5.25765 12.4098
    endloop
  endfacet
  facet normal -0.866036 0.499982 1.60215e-06
    outer loop
      vertex 7.07695 5.25765 12.4098
      vertex 6.51826 4.28996 1
      vertex 6.92605 4.99627 12.6634
    endloop
  endfacet
  facet normal -0.00106024 0.998173 -0.0604101
    outer loop
      vertex 6.51826 4.28996 1
      vertex 6.32751 4.96771 12.202
      vertex 6.92605 4.99627 12.6634
    endloop
  endfacet
  facet normal -0.00105416 0.998173 -0.06041
    outer loop
      vertex 6.32751 4.96771 12.202
      vertex 6.51826 4.28996 1
      vertex 5.80603 4.94283 11.8
    endloop
  endfacet
  facet normal -0.00106173 0.998173 -0.0604105
    outer loop
      vertex 6.1046 4.28952 1
      vertex 5.80603 4.94283 11.8
      vertex 6.51826 4.28996 1
    endloop
  endfacet
  facet normal -0.00105389 0.998173 -0.0604103
    outer loop
      vertex 5.80603 4.94283 11.8
      vertex 6.1046 4.28952 1
      vertex 4.07277 4.941 11.8
    endloop
  endfacet
  facet normal 0 0 1
    outer loop
      vertex 6.7792 10.8626 1
      vertex 6.73042 4.65742 1
      vertex 8.54392 7.7985 1
    endloop
  endfacet
  facet normal -0 0 1
    outer loop
      vertex 6.01766 11.3022 1
      vertex 6.7792 10.8626 1
      vertex 6.52566 11.3028 1
    endloop
  endfacet
  facet normal 0 0 1
    outer loop
      vertex 6.7792 10.8626 1
      vertex 6.01766 11.3022 1
      vertex 6.73042 4.65742 1
    endloop
  endfacet
  facet normal 0 0 1
    outer loop
      vertex 6.73042 4.65742 1
      vertex 6.1046 4.28952 1
      vertex 6.51826 4.28996 1
    endloop
  endfacet
  facet normal 0 0 1
    outer loop
      vertex 6.73042 4.65742 1
      vertex 6.01766 11.3022 1
      vertex 6.1046 4.28952 1
    endloop
  endfacet
  facet normal 0 0 1
    outer loop
      vertex 0.456081 7.78996 1
      vertex 6.01766 11.3022 1
      vertex 2.48174 11.2985 1
    endloop
  endfacet
  facet normal 0 0 1
    outer loop
      vertex 6.01766 11.3022 1
      vertex 2.28057 4.62212 1
      vertex 6.1046 4.28952 1
    endloop
  endfacet
  facet normal 0 0 1
    outer loop
      vertex 6.1046 4.28952 1
      vertex 2.28057 4.62212 1
      vertex 2.47434 4.28568 1
    endloop
  endfacet
  facet normal 0 0 1
    outer loop
      vertex 6.01766 11.3022 1
      vertex 0.456081 7.78996 1
      vertex 2.28057 4.62212 1
    endloop
  endfacet
  facet normal 0.436292 0.755675 0.488471
    outer loop
      vertex 4.8776 4.40681 11.8
      vertex 3.95257 4.94088 11.8
      vertex 3.46407 4.96455 12.1997
    endloop
  endfacet
  facet normal 0.43629 0.755693 0.488446
    outer loop
      vertex 1.3776 6.42753 11.8
      vertex 2.70885 5.26254 12.4133
      vertex 2.30264 5.89347 11.8
    endloop
  endfacet
  facet normal 0.436303 0.755698 0.488427
    outer loop
      vertex 2.70885 5.26254 12.4133
      vertex 1.3776 6.42753 11.8
      vertex 0.66956 6.06719 12.99
    endloop
  endfacet
  facet normal 0.416255 -0.720987 0.553994
    outer loop
      vertex 0.66956 10.9747 12.99
      vertex 2.88951 12.0048 12.6626
      vertex 4.91956 13.4284 12.99
    endloop
  endfacet
  facet normal 0.416225 -0.720861 0.554181
    outer loop
      vertex 2.88951 12.0048 12.6626
      vertex 0.66956 10.9747 12.99
      vertex 2.72125 11.7133 12.4098
    endloop
  endfacet
  facet normal 0.416222 -0.720954 0.554062
    outer loop
      vertex 3.45496 11.9775 12.2023
      vertex 4.91956 13.4284 12.99
      vertex 2.88951 12.0048 12.6626
    endloop
  endfacet
  facet normal 0.416244 -0.720962 0.554035
    outer loop
      vertex 4.91956 13.4284 12.99
      vertex 3.45496 11.9775 12.2023
      vertex 4.8776 12.4897 11.8
    endloop
  endfacet
  facet normal 0.5 0.866025 -0
    outer loop
      vertex 4.91956 3.61345 12.99
      vertex 0.66956 6.06719 13
      vertex 4.91956 3.61345 13
    endloop
  endfacet
  facet normal 0.5 0.866025 0
    outer loop
      vertex 0.66956 6.06719 13
      vertex 4.91956 3.61345 12.99
      vertex 0.66956 6.06719 12.99
    endloop
  endfacet
  facet normal -0.5 0.866025 0
    outer loop
      vertex 9.16956 6.06719 12.99
      vertex 4.91956 3.61345 13
      vertex 9.16956 6.06719 13
    endloop
  endfacet
  facet normal -0.5 0.866025 0
    outer loop
      vertex 4.91956 3.61345 13
      vertex 9.16956 6.06719 12.99
      vertex 4.91956 3.61345 12.99
    endloop
  endfacet
  facet normal -0.4297 0.744263 0.511303
    outer loop
      vertex 9.16956 6.06719 12.99
      vertex 6.92605 4.99627 12.6634
      vertex 4.91956 3.61345 12.99
    endloop
  endfacet
  facet normal -0.42969 0.744221 0.511373
    outer loop
      vertex 6.92605 4.99627 12.6634
      vertex 9.16956 6.06719 12.99
      vertex 7.07695 5.25765 12.4098
    endloop
  endfacet
  facet normal -0.429687 0.74425 0.511333
    outer loop
      vertex 6.32751 4.96771 12.202
      vertex 4.91956 3.61345 12.99
      vertex 6.92605 4.99627 12.6634
    endloop
  endfacet
  facet normal -0.429686 0.74425 0.511334
    outer loop
      vertex 4.91956 3.61345 12.99
      vertex 6.32751 4.96771 12.202
      vertex 4.8776 4.40681 11.8
    endloop
  endfacet
  facet normal -0.409461 -0.709218 0.573892
    outer loop
      vertex 4.91956 13.4284 12.99
      vertex 6.93382 12.0097 12.6739
      vertex 9.16956 10.9747 12.99
    endloop
  endfacet
  facet normal -0.409479 -0.709236 0.573857
    outer loop
      vertex 4.91956 13.4284 12.99
      vertex 6.32043 11.9804 12.2
      vertex 6.93382 12.0097 12.6739
    endloop
  endfacet
  facet normal -0.409449 -0.709225 0.573891
    outer loop
      vertex 6.32043 11.9804 12.2
      vertex 4.91956 13.4284 12.99
      vertex 4.8776 12.4897 11.8
    endloop
  endfacet
  facet normal -0.409468 -0.709246 0.573852
    outer loop
      vertex 9.16956 10.9747 12.99
      vertex 6.93382 12.0097 12.6739
      vertex 7.08868 11.7092 12.413
    endloop
  endfacet
  facet normal -0.499994 -0.866029 0
    outer loop
      vertex 4.91956 13.4284 12.99
      vertex 9.16956 10.9747 13
      vertex 4.91956 13.4284 13
    endloop
  endfacet
  facet normal -0.499994 -0.866029 -0
    outer loop
      vertex 9.16956 10.9747 13
      vertex 4.91956 13.4284 12.99
      vertex 9.16956 10.9747 12.99
    endloop
  endfacet
  facet normal 0.436291 0.755678 0.488467
    outer loop
      vertex 4.91956 3.61345 12.99
      vertex 2.88256 4.99274 12.6756
      vertex 0.66956 6.06719 12.99
    endloop
  endfacet
  facet normal 0.436325 0.75571 0.488388
    outer loop
      vertex 4.91956 3.61345 12.99
      vertex 3.46407 4.96455 12.1997
      vertex 2.88256 4.99274 12.6756
    endloop
  endfacet
  facet normal 0.436291 0.7557 0.488433
    outer loop
      vertex 3.46407 4.96455 12.1997
      vertex 4.91956 3.61345 12.99
      vertex 4.8776 4.40681 11.8
    endloop
  endfacet
  facet normal 0.436302 0.755723 0.488388
    outer loop
      vertex 0.66956 6.06719 12.99
      vertex 2.88256 4.99274 12.6756
      vertex 2.70885 5.26254 12.4133
    endloop
  endfacet
  facet normal -0.409498 -0.709227 0.573854
    outer loop
      vertex 8.3776 10.469 11.8
      vertex 7.08868 11.7092 12.413
      vertex 7.45257 11.0031 11.8
    endloop
  endfacet
  facet normal -0.409468 -0.709214 0.573892
    outer loop
      vertex 7.08868 11.7092 12.413
      vertex 8.3776 10.469 11.8
      vertex 9.16956 10.9747 12.99
    endloop
  endfacet
  facet normal -0.409448 -0.709148 0.573987
    outer loop
      vertex 5.80264 11.9556 11.8
      vertex 6.32043 11.9804 12.2
      vertex 4.8776 12.4897 11.8
    endloop
  endfacet
  facet normal 0.859386 0 0.511327
    outer loop
      vertex 0.66956 10.9747 12.99
      vertex 1.3776 9.38608 11.8
      vertex 1.3776 10.469 11.8
    endloop
  endfacet
  facet normal 0.859383 -4.73591e-06 0.511332
    outer loop
      vertex 0.66956 10.9747 12.99
      vertex 0.863873 8.49627 12.6634
      vertex 1.3776 9.38608 11.8
    endloop
  endfacet
  facet normal 0.859383 4.75097e-06 0.511332
    outer loop
      vertex 0.66956 6.06719 12.99
      vertex 1.3776 7.49959 11.8
      vertex 0.863873 8.49627 12.6634
    endloop
  endfacet
  facet normal 0.859386 0 0.511327
    outer loop
      vertex 1.3776 7.49959 11.8
      vertex 0.66956 6.06719 12.99
      vertex 1.3776 6.42753 11.8
    endloop
  endfacet
  facet normal 0.859399 -0 0.511306
    outer loop
      vertex 0.66956 6.06719 12.99
      vertex 0.863873 8.49627 12.6634
      vertex 0.66956 10.9747 12.99
    endloop
  endfacet
  facet normal -1 0 0
    outer loop
      vertex 9.16956 6.06719 12.99
      vertex 9.16956 10.9747 13
      vertex 9.16956 10.9747 12.99
    endloop
  endfacet
  facet normal -1 -0 0
    outer loop
      vertex 9.16956 10.9747 13
      vertex 9.16956 6.06719 12.99
      vertex 9.16956 6.06719 13
    endloop
  endfacet
  facet normal 0.499994 -0.866029 0
    outer loop
      vertex 0.66956 10.9747 12.99
      vertex 4.91956 13.4284 13
      vertex 0.66956 10.9747 13
    endloop
  endfacet
  facet normal 0.499994 -0.866029 0
    outer loop
      vertex 4.91956 13.4284 13
      vertex 0.66956 10.9747 12.99
      vertex 4.91956 13.4284 12.99
    endloop
  endfacet
  facet normal 0.416224 -0.720975 0.554034
    outer loop
      vertex 1.3776 10.469 11.8
      vertex 2.72125 11.7133 12.4098
      vertex 0.66956 10.9747 12.99
    endloop
  endfacet
  facet normal 0.416207 -0.720968 0.554055
    outer loop
      vertex 2.72125 11.7133 12.4098
      vertex 1.3776 10.469 11.8
      vertex 2.31543 11.0104 11.8
    endloop
  endfacet
  facet normal 0.416244 -0.720987 0.554003
    outer loop
      vertex 3.94918 11.9537 11.8
      vertex 4.8776 12.4897 11.8
      vertex 3.45496 11.9775 12.2023
    endloop
  endfacet
  facet normal -0.832493 0 0.554035
    outer loop
      vertex 8.3776 9.39693 11.8
      vertex 9.16956 10.9747 12.99
      vertex 8.3776 10.469 11.8
    endloop
  endfacet
  facet normal -0.832491 -3.60947e-06 0.554038
    outer loop
      vertex 8.95168 8.50477 12.6626
      vertex 9.16956 10.9747 12.99
      vertex 8.3776 9.39693 11.8
    endloop
  endfacet
  facet normal -0.832493 0 0.554035
    outer loop
      vertex 9.16956 6.06719 12.99
      vertex 8.3776 7.51044 11.8
      vertex 8.3776 6.42753 11.8
    endloop
  endfacet
  facet normal -0.832504 0 0.554019
    outer loop
      vertex 8.95168 8.50477 12.6626
      vertex 9.16956 6.06719 12.99
      vertex 9.16956 10.9747 12.99
    endloop
  endfacet
  facet normal -0.832491 3.60122e-06 0.554038
    outer loop
      vertex 8.3776 7.51044 11.8
      vertex 9.16956 6.06719 12.99
      vertex 8.95168 8.50477 12.6626
    endloop
  endfacet
  facet normal -0 0 1
    outer loop
      vertex 4.07277 4.941 11.8
      vertex 4.8776 4.40681 11.8
      vertex 5.80603 4.94283 11.8
    endloop
  endfacet
  facet normal 0 0 1
    outer loop
      vertex 4.8776 4.40681 11.8
      vertex 4.07277 4.941 11.8
      vertex 3.95257 4.94088 11.8
    endloop
  endfacet
  facet normal -0 0 1
    outer loop
      vertex 8.34377 7.45184 11.8
      vertex 8.3776 6.42753 11.8
      vertex 8.3776 7.51044 11.8
    endloop
  endfacet
  facet normal 0 0 1
    outer loop
      vertex 8.3776 6.42753 11.8
      vertex 8.34377 7.45184 11.8
      vertex 7.43978 5.88608 11.8
    endloop
  endfacet
  facet normal 0 0 1
    outer loop
      vertex 1.43666 7.39705 11.8
      vertex 1.3776 6.42753 11.8
      vertex 2.30264 5.89347 11.8
    endloop
  endfacet
  facet normal 0 0 1
    outer loop
      vertex 1.3776 6.42753 11.8
      vertex 1.43666 7.39705 11.8
      vertex 1.3776 7.49959 11.8
    endloop
  endfacet
  facet normal 0 0 1
    outer loop
      vertex 8.3776 10.469 11.8
      vertex 8.35931 9.42869 11.8
      vertex 8.3776 9.39693 11.8
    endloop
  endfacet
  facet normal 0 -0 1
    outer loop
      vertex 8.35931 9.42869 11.8
      vertex 8.3776 10.469 11.8
      vertex 7.45257 11.0031 11.8
    endloop
  endfacet
  facet normal 0 0 1
    outer loop
      vertex 4.8776 12.4897 11.8
      vertex 3.98582 11.9537 11.8
      vertex 5.80264 11.9556 11.8
    endloop
  endfacet
  facet normal 0 -0 1
    outer loop
      vertex 3.98582 11.9537 11.8
      vertex 4.8776 12.4897 11.8
      vertex 3.94918 11.9537 11.8
    endloop
  endfacet
  facet normal 0 0 1
    outer loop
      vertex 2.31543 11.0104 11.8
      vertex 1.3776 10.469 11.8
      vertex 1.3776 9.38608 11.8
    endloop
  endfacet
  facet normal 1 -0 0
    outer loop
      vertex 0.66956 6.06719 13
      vertex 0.66956 10.9747 12.99
      vertex 0.66956 10.9747 13
    endloop
  endfacet
  facet normal 1 0 0
    outer loop
      vertex 0.66956 10.9747 12.99
      vertex 0.66956 6.06719 13
      vertex 0.66956 6.06719 12.99
    endloop
  endfacet
  facet normal -0.429686 0.744251 0.511332
    outer loop
      vertex 6.32751 4.96771 12.202
      vertex 5.80603 4.94283 11.8
      vertex 4.8776 4.40681 11.8
    endloop
  endfacet
  facet normal -0.42969 0.744251 0.511328
    outer loop
      vertex 8.3776 6.42753 11.8
      vertex 7.07695 5.25765 12.4098
      vertex 9.16956 6.06719 12.99
    endloop
  endfacet
  facet normal -0.429694 0.744253 0.511323
    outer loop
      vertex 7.07695 5.25765 12.4098
      vertex 8.3776 6.42753 11.8
      vertex 7.43978 5.88608 11.8
    endloop
  endfacet
  facet normal -0.00502073 0.992683 -0.120648
    outer loop
      vertex 8.99082 13.374 11.8
      vertex 10.633 12.0697 1
      vertex 8.87219 13.3734 11.8
    endloop
  endfacet
  facet normal -0.00421554 0.992702 -0.120519
    outer loop
      vertex 6.95941 12.0541 1
      vertex 8.87219 13.3734 11.8
      vertex 10.633 12.0697 1
    endloop
  endfacet
  facet normal -0.0042004 0.992702 -0.120522
    outer loop
      vertex 8.87219 13.3734 11.8
      vertex 6.95941 12.0541 1
      vertex 8.13718 13.446 12.4236
    endloop
  endfacet
  facet normal -0.00410045 0.992701 -0.120532
    outer loop
      vertex 8.13718 13.446 12.4236
      vertex 6.95941 12.0541 1
      vertex 7.78325 13.481 12.7239
    endloop
  endfacet
  facet normal -0.00424634 0.992702 -0.120519
    outer loop
      vertex 11.0108 12.0713 1
      vertex 11.4859 13.4595 12.4177
      vertex 11.8313 13.4923 12.6757
    endloop
  endfacet
  facet normal -0.00420926 0.992702 -0.120521
    outer loop
      vertex 11.0108 12.0713 1
      vertex 10.6588 13.381 11.8
      vertex 11.4859 13.4595 12.4177
    endloop
  endfacet
  facet normal -0.00420414 0.992702 -0.120521
    outer loop
      vertex 10.633 12.0697 1
      vertex 10.6588 13.381 11.8
      vertex 11.0108 12.0713 1
    endloop
  endfacet
  facet normal -0.00416607 0.992702 -0.120521
    outer loop
      vertex 10.6588 13.381 11.8
      vertex 10.633 12.0697 1
      vertex 8.99082 13.374 11.8
    endloop
  endfacet
  facet normal 0.861803 0.492715 -0.120525
    outer loop
      vertex 6.25892 15.9213 11.8
      vertex 4.94862 15.5713 1
      vertex 5.76907 16.9923 12.6757
    endloop
  endfacet
  facet normal 0.861822 0.492683 -0.120526
    outer loop
      vertex 6.25892 15.9213 11.8
      vertex 5.13613 15.2433 1
      vertex 4.94862 15.5713 1
    endloop
  endfacet
  facet normal 0.861806 0.492711 -0.120526
    outer loop
      vertex 5.13613 15.2433 1
      vertex 6.25892 15.9213 11.8
      vertex 7.08677 14.4733 11.8
    endloop
  endfacet
  facet normal 0.861831 0.492666 -0.120534
    outer loop
      vertex 7.14565 14.3703 11.8
      vertex 5.13613 15.2433 1
      vertex 7.08677 14.4733 11.8
    endloop
  endfacet
  facet normal 0.86181 0.492703 -0.120528
    outer loop
      vertex 6.95941 12.0541 1
      vertex 7.14565 14.3703 11.8
      vertex 7.40922 14.0027 12.1819
    endloop
  endfacet
  facet normal 0.861829 0.492671 -0.120523
    outer loop
      vertex 6.95941 12.0541 1
      vertex 7.40922 14.0027 12.1819
      vertex 7.78325 13.481 12.7239
    endloop
  endfacet
  facet normal 0.861811 0.492701 -0.120528
    outer loop
      vertex 7.14565 14.3703 11.8
      vertex 6.95941 12.0541 1
      vertex 5.13613 15.2433 1
    endloop
  endfacet
  facet normal -0.861836 -0.49266 0.120524
    outer loop
      vertex 11.0406 19.1229 1
      vertex 12.0283 20.1896 12.4231
      vertex 11.8642 20.5494 12.7204
    endloop
  endfacet
  facet normal -0.861824 -0.492679 0.120525
    outer loop
      vertex 11.0406 19.1229 1
      vertex 12.3722 19.4356 11.8
      vertex 12.0283 20.1896 12.4231
    endloop
  endfacet
  facet normal -0.861815 -0.492696 0.120524
    outer loop
      vertex 11.0406 19.1229 1
      vertex 13.2589 17.8846 11.8
      vertex 12.3722 19.4356 11.8
    endloop
  endfacet
  facet normal -0.861812 -0.492702 0.120523
    outer loop
      vertex 13.0514 15.6057 1
      vertex 13.2589 17.8846 11.8
      vertex 11.0406 19.1229 1
    endloop
  endfacet
  facet normal -0.861814 -0.492698 0.120522
    outer loop
      vertex 13.2589 17.8846 11.8
      vertex 13.0514 15.6057 1
      vertex 13.8717 17.0265 12.674
    endloop
  endfacet
  facet normal 0.866042 -0.499972 -7.63012e-06
    outer loop
      vertex 7.62428 20.2056 12.4098
      vertex 6.9892 19.1057 1
      vertex 7.80954 20.5265 12.674
    endloop
  endfacet
  facet normal 0.86602 -0.500009 -2.83847e-06
    outer loop
      vertex 7.19674 19.4651 11.8
      vertex 6.9892 19.1057 1
      vertex 7.62428 20.2056 12.4098
    endloop
  endfacet
  facet normal 0.866018 -0.500012 -2.70107e-06
    outer loop
      vertex 6.25892 17.8408 11.8
      vertex 6.9892 19.1057 1
      vertex 7.19674 19.4651 11.8
    endloop
  endfacet
  facet normal 0.866037 -0.49998 -5.82279e-06
    outer loop
      vertex 4.94862 15.5713 1
      vertex 6.25892 17.8408 11.8
      vertex 5.76907 16.9923 12.6757
    endloop
  endfacet
  facet normal 0.866026 -0.499999 -6.35484e-07
    outer loop
      vertex 6.25892 17.8408 11.8
      vertex 4.94862 15.5713 1
      vertex 6.9892 19.1057 1
    endloop
  endfacet
  facet normal -0.866025 0.5 1.39819e-08
    outer loop
      vertex 13.0514 15.6057 1
      vertex 13.2589 15.9651 11.8
      vertex 13.8717 17.0265 12.674
    endloop
  endfacet
  facet normal -0.866023 0.500004 -1.51558e-07
    outer loop
      vertex 13.0514 15.6057 1
      vertex 12.3211 14.3408 11.8
      vertex 13.2589 15.9651 11.8
    endloop
  endfacet
  facet normal -0.866024 0.500002 -3.94312e-07
    outer loop
      vertex 11.0108 12.0713 1
      vertex 12.3211 14.3408 11.8
      vertex 13.0514 15.6057 1
    endloop
  endfacet
  facet normal -0.866036 0.499981 5.60763e-06
    outer loop
      vertex 12.3211 14.3408 11.8
      vertex 11.0108 12.0713 1
      vertex 12.0941 13.9476 12.2058
    endloop
  endfacet
  facet normal -0.866072 0.499919 1.95181e-05
    outer loop
      vertex 12.0941 13.9476 12.2058
      vertex 11.0108 12.0713 1
      vertex 11.8313 13.4923 12.6757
    endloop
  endfacet
  facet normal 0.00421446 -0.992701 0.120527
    outer loop
      vertex 11.0406 19.1229 1
      vertex 8.85905 20.4249 11.8
      vertex 6.9892 19.1057 1
    endloop
  endfacet
  facet normal 0.00424089 -0.992702 0.120522
    outer loop
      vertex 8.38922 20.4704 12.1913
      vertex 6.9892 19.1057 1
      vertex 8.85905 20.4249 11.8
    endloop
  endfacet
  facet normal 0.00428347 -0.992702 0.120517
    outer loop
      vertex 6.9892 19.1057 1
      vertex 8.38922 20.4704 12.1913
      vertex 7.80954 20.5265 12.674
    endloop
  endfacet
  facet normal 0.0041674 -0.992702 0.120518
    outer loop
      vertex 8.85905 20.4249 11.8
      vertex 11.0406 19.1229 1
      vertex 10.6456 20.4324 11.8
    endloop
  endfacet
  facet normal 0.00423848 -0.992702 0.12052
    outer loop
      vertex 10.6456 20.4324 11.8
      vertex 11.0406 19.1229 1
      vertex 11.152 20.481 12.1825
    endloop
  endfacet
  facet normal 0.00431543 -0.992702 0.120519
    outer loop
      vertex 11.152 20.481 12.1825
      vertex 11.0406 19.1229 1
      vertex 11.8642 20.5494 12.7204
    endloop
  endfacet
  facet normal 0 0 1
    outer loop
      vertex 10.633 12.0697 1
      vertex 13.0514 15.6057 1
      vertex 11.0406 19.1229 1
    endloop
  endfacet
  facet normal 0 0 1
    outer loop
      vertex 13.0514 15.6057 1
      vertex 10.633 12.0697 1
      vertex 11.0108 12.0713 1
    endloop
  endfacet
  facet normal 0 0 1
    outer loop
      vertex 5.13613 15.2433 1
      vertex 11.0406 19.1229 1
      vertex 6.9892 19.1057 1
    endloop
  endfacet
  facet normal 0 0 1
    outer loop
      vertex 11.0406 19.1229 1
      vertex 5.13613 15.2433 1
      vertex 10.633 12.0697 1
    endloop
  endfacet
  facet normal 0 0 1
    outer loop
      vertex 10.633 12.0697 1
      vertex 5.13613 15.2433 1
      vertex 6.95941 12.0541 1
    endloop
  endfacet
  facet normal 0 -0 1
    outer loop
      vertex 5.13613 15.2433 1
      vertex 6.9892 19.1057 1
      vertex 4.94862 15.5713 1
    endloop
  endfacet
  facet normal -0.395754 -0.685515 0.611104
    outer loop
      vertex 13.2589 18.9237 11.8
      vertex 12.0283 20.1896 12.4231
      vertex 12.3722 19.4356 11.8
    endloop
  endfacet
  facet normal -0.395805 -0.685537 0.611047
    outer loop
      vertex 12.0283 20.1896 12.4231
      vertex 13.2589 18.9237 11.8
      vertex 14.0932 19.5027 12.99
    endloop
  endfacet
  facet normal -0.395813 -0.685467 0.61112
    outer loop
      vertex 10.6456 20.4324 11.8
      vertex 11.152 20.481 12.1825
      vertex 9.75892 20.9444 11.8
    endloop
  endfacet
  facet normal 1 -0 0
    outer loop
      vertex 5.59324 14.5953 13
      vertex 5.59324 19.5027 12.99
      vertex 5.59324 19.5027 13
    endloop
  endfacet
  facet normal 1 0 0
    outer loop
      vertex 5.59324 19.5027 12.99
      vertex 5.59324 14.5953 13
      vertex 5.59324 14.5953 12.99
    endloop
  endfacet
  facet normal 0.500009 -0.86602 0
    outer loop
      vertex 5.59324 19.5027 12.99
      vertex 9.84324 21.9565 13
      vertex 5.59324 19.5027 13
    endloop
  endfacet
  facet normal 0.500009 -0.86602 0
    outer loop
      vertex 9.84324 21.9565 13
      vertex 5.59324 19.5027 12.99
      vertex 9.84324 21.9565 12.99
    endloop
  endfacet
  facet normal 0.44925 0.778104 0.439009
    outer loop
      vertex 9.84324 12.1415 12.99
      vertex 7.78325 13.481 12.7239
      vertex 5.59324 14.5953 12.99
    endloop
  endfacet
  facet normal 0.449306 0.77816 0.438852
    outer loop
      vertex 7.78325 13.481 12.7239
      vertex 9.84324 12.1415 12.99
      vertex 8.13718 13.446 12.4236
    endloop
  endfacet
  facet normal 0.449256 0.778129 0.438957
    outer loop
      vertex 7.40922 14.0027 12.1819
      vertex 5.59324 14.5953 12.99
      vertex 7.78325 13.481 12.7239
    endloop
  endfacet
  facet normal 0.449247 0.778159 0.438915
    outer loop
      vertex 5.59324 14.5953 12.99
      vertex 7.40922 14.0027 12.1819
      vertex 6.25892 14.8822 11.8
    endloop
  endfacet
  facet normal 0.872731 0 0.488201
    outer loop
      vertex 5.59324 19.5027 12.99
      vertex 6.25892 17.8408 11.8
      vertex 6.25892 18.9237 11.8
    endloop
  endfacet
  facet normal 0.872734 5.12515e-06 0.488196
    outer loop
      vertex 5.59324 19.5027 12.99
      vertex 5.76907 16.9923 12.6757
      vertex 6.25892 17.8408 11.8
    endloop
  endfacet
  facet normal 0.872733 -5.18695e-06 0.488197
    outer loop
      vertex 5.59324 14.5953 12.99
      vertex 6.25892 15.9213 11.8
      vertex 5.76907 16.9923 12.6757
    endloop
  endfacet
  facet normal 0.872731 0 0.488201
    outer loop
      vertex 6.25892 15.9213 11.8
      vertex 5.59324 14.5953 12.99
      vertex 6.25892 14.8822 11.8
    endloop
  endfacet
  facet normal 0.872717 -0 0.488227
    outer loop
      vertex 5.59324 14.5953 12.99
      vertex 5.76907 16.9923 12.6757
      vertex 5.59324 19.5027 12.99
    endloop
  endfacet
  facet normal -0.818811 0 0.574063
    outer loop
      vertex 13.2589 17.8846 11.8
      vertex 14.0932 19.5027 12.99
      vertex 13.2589 18.9237 11.8
    endloop
  endfacet
  facet normal -0.8188 -1.80883e-05 0.574079
    outer loop
      vertex 13.8717 17.0265 12.674
      vertex 14.0932 19.5027 12.99
      vertex 13.2589 17.8846 11.8
    endloop
  endfacet
  facet normal -0.818811 0 0.574063
    outer loop
      vertex 14.0932 14.5953 12.99
      vertex 13.2589 15.9651 11.8
      vertex 13.2589 14.8822 11.8
    endloop
  endfacet
  facet normal -0.818867 0 0.573984
    outer loop
      vertex 13.8717 17.0265 12.674
      vertex 14.0932 14.5953 12.99
      vertex 14.0932 19.5027 12.99
    endloop
  endfacet
  facet normal -0.818802 1.79052e-05 0.574076
    outer loop
      vertex 13.2589 15.9651 11.8
      vertex 14.0932 14.5953 12.99
      vertex 13.8717 17.0265 12.674
    endloop
  endfacet
  facet normal 0.500009 0.86602 -0
    outer loop
      vertex 9.84324 12.1415 12.99
      vertex 5.59324 14.5953 13
      vertex 9.84324 12.1415 13
    endloop
  endfacet
  facet normal 0.500009 0.86602 0
    outer loop
      vertex 5.59324 14.5953 13
      vertex 9.84324 12.1415 12.99
      vertex 5.59324 14.5953 12.99
    endloop
  endfacet
  facet normal -0.500013 0.866018 0
    outer loop
      vertex 14.0932 14.5953 12.99
      vertex 9.84324 12.1415 13
      vertex 14.0932 14.5953 13
    endloop
  endfacet
  facet normal -0.500013 0.866018 0
    outer loop
      vertex 9.84324 12.1415 13
      vertex 14.0932 14.5953 12.99
      vertex 9.84324 12.1415 12.99
    endloop
  endfacet
  facet normal -0.500013 -0.866018 0
    outer loop
      vertex 9.84324 21.9565 12.99
      vertex 14.0932 19.5027 13
      vertex 9.84324 21.9565 13
    endloop
  endfacet
  facet normal -0.500013 -0.866018 -0
    outer loop
      vertex 14.0932 19.5027 13
      vertex 9.84324 21.9565 12.99
      vertex 14.0932 19.5027 12.99
    endloop
  endfacet
  facet normal 0.409417 -0.709113 0.574053
    outer loop
      vertex 5.59324 19.5027 12.99
      vertex 7.80954 20.5265 12.674
      vertex 9.84324 21.9565 12.99
    endloop
  endfacet
  facet normal 0.4094 -0.70905 0.574143
    outer loop
      vertex 7.80954 20.5265 12.674
      vertex 5.59324 19.5027 12.99
      vertex 7.62428 20.2056 12.4098
    endloop
  endfacet
  facet normal 0.409406 -0.709102 0.574073
    outer loop
      vertex 8.38922 20.4704 12.1913
      vertex 9.84324 21.9565 12.99
      vertex 7.80954 20.5265 12.674
    endloop
  endfacet
  facet normal 0.409398 -0.709099 0.574083
    outer loop
      vertex 9.84324 21.9565 12.99
      vertex 8.38922 20.4704 12.1913
      vertex 9.75892 20.9444 11.8
    endloop
  endfacet
  facet normal -0.395837 -0.685586 0.61097
    outer loop
      vertex 9.84324 21.9565 12.99
      vertex 11.8642 20.5494 12.7204
      vertex 14.0932 19.5027 12.99
    endloop
  endfacet
  facet normal -0.395743 -0.685484 0.611145
    outer loop
      vertex 9.84324 21.9565 12.99
      vertex 11.152 20.481 12.1825
      vertex 11.8642 20.5494 12.7204
    endloop
  endfacet
  facet normal -0.395814 -0.685508 0.611073
    outer loop
      vertex 11.152 20.481 12.1825
      vertex 9.84324 21.9565 12.99
      vertex 9.75892 20.9444 11.8
    endloop
  endfacet
  facet normal -0.395804 -0.685479 0.611113
    outer loop
      vertex 14.0932 19.5027 12.99
      vertex 11.8642 20.5494 12.7204
      vertex 12.0283 20.1896 12.4231
    endloop
  endfacet
  facet normal -0.436328 0.755796 0.488252
    outer loop
      vertex 13.2589 14.8822 11.8
      vertex 12.3211 14.3408 11.8
      vertex 12.0941 13.9476 12.2058
    endloop
  endfacet
  facet normal -0.436342 0.755815 0.48821
    outer loop
      vertex 10.6588 13.381 11.8
      vertex 9.84324 12.1415 12.99
      vertex 11.4859 13.4595 12.4177
    endloop
  endfacet
  facet normal -0.436332 0.755816 0.488218
    outer loop
      vertex 9.84324 12.1415 12.99
      vertex 10.6588 13.381 11.8
      vertex 9.75892 12.8615 11.8
    endloop
  endfacet
  facet normal 0.449213 0.778142 0.438979
    outer loop
      vertex 8.87219 13.3734 11.8
      vertex 9.84324 12.1415 12.99
      vertex 9.75892 12.8615 11.8
    endloop
  endfacet
  facet normal 0.449263 0.778138 0.438935
    outer loop
      vertex 9.84324 12.1415 12.99
      vertex 8.87219 13.3734 11.8
      vertex 8.13718 13.446 12.4236
    endloop
  endfacet
  facet normal 0.449213 0.778142 0.438979
    outer loop
      vertex 7.40922 14.0027 12.1819
      vertex 7.14565 14.3703 11.8
      vertex 6.25892 14.8822 11.8
    endloop
  endfacet
  facet normal -0.43641 0.755859 0.488082
    outer loop
      vertex 14.0932 14.5953 12.99
      vertex 11.8313 13.4923 12.6757
      vertex 9.84324 12.1415 12.99
    endloop
  endfacet
  facet normal -0.43639 0.755773 0.488232
    outer loop
      vertex 14.0932 14.5953 12.99
      vertex 12.0941 13.9476 12.2058
      vertex 11.8313 13.4923 12.6757
    endloop
  endfacet
  facet normal -0.436379 0.755823 0.488165
    outer loop
      vertex 12.0941 13.9476 12.2058
      vertex 14.0932 14.5953 12.99
      vertex 13.2589 14.8822 11.8
    endloop
  endfacet
  facet normal -0.43639 0.75584 0.48813
    outer loop
      vertex 9.84324 12.1415 12.99
      vertex 11.8313 13.4923 12.6757
      vertex 11.4859 13.4595 12.4177
    endloop
  endfacet
  facet normal 0 -0 1
    outer loop
      vertex 13.2589 17.8846 11.8
      vertex 13.2589 18.9237 11.8
      vertex 12.3722 19.4356 11.8
    endloop
  endfacet
  facet normal 0 -0 1
    outer loop
      vertex 13.2589 14.8822 11.8
      vertex 13.2589 15.9651 11.8
      vertex 12.3211 14.3408 11.8
    endloop
  endfacet
  facet normal -0 0 1
    outer loop
      vertex 8.99082 13.374 11.8
      vertex 9.75892 12.8615 11.8
      vertex 10.6588 13.381 11.8
    endloop
  endfacet
  facet normal 0 0 1
    outer loop
      vertex 9.75892 12.8615 11.8
      vertex 8.99082 13.374 11.8
      vertex 8.87219 13.3734 11.8
    endloop
  endfacet
  facet normal 0 0 1
    outer loop
      vertex 10.6456 20.4324 11.8
      vertex 9.75892 20.9444 11.8
      vertex 8.85905 20.4249 11.8
    endloop
  endfacet
  facet normal 0 0 1
    outer loop
      vertex 7.08677 14.4733 11.8
      vertex 6.25892 14.8822 11.8
      vertex 7.14565 14.3703 11.8
    endloop
  endfacet
  facet normal -0 0 1
    outer loop
      vertex 6.25892 14.8822 11.8
      vertex 7.08677 14.4733 11.8
      vertex 6.25892 15.9213 11.8
    endloop
  endfacet
  facet normal 0 0 1
    outer loop
      vertex 7.19674 19.4651 11.8
      vertex 6.25892 18.9237 11.8
      vertex 6.25892 17.8408 11.8
    endloop
  endfacet
  facet normal 0.409397 -0.709152 0.574019
    outer loop
      vertex 8.85905 20.4249 11.8
      vertex 9.75892 20.9444 11.8
      vertex 8.38922 20.4704 12.1913
    endloop
  endfacet
  facet normal 0.4094 -0.709128 0.574046
    outer loop
      vertex 6.25892 18.9237 11.8
      vertex 7.62428 20.2056 12.4098
      vertex 5.59324 19.5027 12.99
    endloop
  endfacet
  facet normal 0.409369 -0.709114 0.574086
    outer loop
      vertex 7.62428 20.2056 12.4098
      vertex 6.25892 18.9237 11.8
      vertex 7.19674 19.4651 11.8
    endloop
  endfacet
  facet normal -1 0 0
    outer loop
      vertex 14.0932 14.5953 12.99
      vertex 14.0932 19.5027 13
      vertex 14.0932 19.5027 12.99
    endloop
  endfacet
  facet normal -1 -0 0
    outer loop
      vertex 14.0932 19.5027 13
      vertex 14.0932 14.5953 12.99
      vertex 14.0932 14.5953 13
    endloop
  endfacet
  facet normal 0.500018 -0.857587 -0.120528
    outer loop
      vertex -3.5 -13.5479 1
      vertex -0.189934 -13.1433 11.8532
      vertex -3.5 -15.0696 11.8273
    endloop
  endfacet
  facet normal 0.500003 -0.857596 -0.120523
    outer loop
      vertex 0 -11.5073 1
      vertex -0.189934 -13.1433 11.8532
      vertex -3.5 -13.5479 1
    endloop
  endfacet
  facet normal 0.499914 -0.857647 -0.120532
    outer loop
      vertex -0.189934 -13.1433 11.8532
      vertex 0 -11.5073 1
      vertex 0 -13.0328 11.8547
    endloop
  endfacet
  facet normal -0.499914 -0.857647 -0.120532
    outer loop
      vertex 0 -11.5073 1
      vertex 0.189934 -13.1433 11.8532
      vertex 0 -13.0328 11.8547
    endloop
  endfacet
  facet normal -0.500018 -0.857588 -0.120521
    outer loop
      vertex 0.189934 -13.1433 11.8532
      vertex 0 -11.5073 1
      vertex 3.5 -15.0696 11.8273
    endloop
  endfacet
  facet normal -0.500003 -0.857596 -0.120529
    outer loop
      vertex 3.5 -15.0696 11.8273
      vertex 0 -11.5073 1
      vertex 3.5 -13.5479 1
    endloop
  endfacet
  facet normal 0.499998 0.857598 0.120528
    outer loop
      vertex 0 -19.6696 1
      vertex -3.41799 -19.1986 11.8279
      vertex 0 -21.1951 11.8545
    endloop
  endfacet
  facet normal 0.500003 0.857596 0.120529
    outer loop
      vertex -3.5 -17.629 1
      vertex -3.41799 -19.1986 11.8279
      vertex 0 -19.6696 1
    endloop
  endfacet
  facet normal 0.499904 0.857652 0.120538
    outer loop
      vertex -3.41799 -19.1986 11.8279
      vertex -3.5 -17.629 1
      vertex -3.5 -19.1507 11.8272
    endloop
  endfacet
  facet normal -0.499904 0.857652 0.120538
    outer loop
      vertex 3.5 -17.629 1
      vertex 3.41799 -19.1986 11.8279
      vertex 3.5 -19.1507 11.8272
    endloop
  endfacet
  facet normal -0.500003 0.857596 0.120529
    outer loop
      vertex 0 -19.6696 1
      vertex 3.41799 -19.1986 11.8279
      vertex 3.5 -17.629 1
    endloop
  endfacet
  facet normal -0.499998 0.857598 0.120528
    outer loop
      vertex 3.41799 -19.1986 11.8279
      vertex 0 -19.6696 1
      vertex 0 -21.1951 11.8545
    endloop
  endfacet
  facet normal 1 -0 0
    outer loop
      vertex -3.5 -15.0856 11.8
      vertex -3.5 -13.5479 1
      vertex -3.5 -15.0696 11.8273
    endloop
  endfacet
  facet normal 1 0 0
    outer loop
      vertex -3.5 -15.0856 11.8
      vertex -3.5 -17.629 1
      vertex -3.5 -13.5479 1
    endloop
  endfacet
  facet normal 1 -0 0
    outer loop
      vertex -3.5 -19.127 11.8
      vertex -3.5 -17.629 1
      vertex -3.5 -15.0856 11.8
    endloop
  endfacet
  facet normal 1 0 0
    outer loop
      vertex -3.5 -17.629 1
      vertex -3.5 -19.127 11.8
      vertex -3.5 -19.1507 11.8272
    endloop
  endfacet
  facet normal -1 0 0
    outer loop
      vertex 3.5 -13.5479 1
      vertex 3.5 -15.0856 11.8
      vertex 3.5 -15.0696 11.8273
    endloop
  endfacet
  facet normal -1 0 0
    outer loop
      vertex 3.5 -17.629 1
      vertex 3.5 -15.0856 11.8
      vertex 3.5 -13.5479 1
    endloop
  endfacet
  facet normal -1 0 0
    outer loop
      vertex 3.5 -17.629 1
      vertex 3.5 -19.127 11.8
      vertex 3.5 -15.0856 11.8
    endloop
  endfacet
  facet normal -1 -0 -0
    outer loop
      vertex 3.5 -19.127 11.8
      vertex 3.5 -17.629 1
      vertex 3.5 -19.1507 11.8272
    endloop
  endfacet
  facet normal 0 0 1
    outer loop
      vertex -3.5 -13.5479 1
      vertex 3.5 -13.5479 1
      vertex 0 -11.5073 1
    endloop
  endfacet
  facet normal 0 0 1
    outer loop
      vertex 3.5 -13.5479 1
      vertex -3.5 -13.5479 1
      vertex 3.5 -17.629 1
    endloop
  endfacet
  facet normal 0 0 1
    outer loop
      vertex -3.5 -17.629 1
      vertex 3.5 -17.629 1
      vertex -3.5 -13.5479 1
    endloop
  endfacet
  facet normal 0 0 1
    outer loop
      vertex 3.5 -17.629 1
      vertex -3.5 -17.629 1
      vertex 0 -19.6696 1
    endloop
  endfacet
  facet normal 1 -0 0
    outer loop
      vertex -4.25 -19.7287 13
      vertex -4.25 -14.8212 12.99
      vertex -4.25 -14.8212 13
    endloop
  endfacet
  facet normal 1 0 0
    outer loop
      vertex -4.25 -14.8212 12.99
      vertex -4.25 -19.7287 13
      vertex -4.25 -19.7287 12.99
    endloop
  endfacet
  facet normal -0.399416 0.69182 0.601542
    outer loop
      vertex 4.25 -19.7287 12.99
      vertex 3.41799 -19.1986 11.8279
      vertex 0 -22.1824 12.99
    endloop
  endfacet
  facet normal -0.3991 0.692091 0.601439
    outer loop
      vertex 4.25 -19.7287 12.99
      vertex 3.5 -19.1507 11.8272
      vertex 3.41799 -19.1986 11.8279
    endloop
  endfacet
  facet normal -0.400793 0.690744 0.601862
    outer loop
      vertex 3.5 -19.1507 11.8272
      vertex 4.25 -19.7287 12.99
      vertex 3.5 -19.127 11.8
    endloop
  endfacet
  facet normal 0.499994 -0.866029 0
    outer loop
      vertex -4.25 -14.8212 12.99
      vertex 0 -12.3675 13
      vertex -4.25 -14.8212 13
    endloop
  endfacet
  facet normal 0.499994 -0.866029 0
    outer loop
      vertex 0 -12.3675 13
      vertex -4.25 -14.8212 12.99
      vertex 0 -12.3675 12.99
    endloop
  endfacet
  facet normal 0.399416 0.69182 0.601542
    outer loop
      vertex -3.41799 -19.1986 11.8279
      vertex -4.25 -19.7287 12.99
      vertex 0 -22.1824 12.99
    endloop
  endfacet
  facet normal 0.3991 0.692091 0.601439
    outer loop
      vertex -3.5 -19.1507 11.8272
      vertex -4.25 -19.7287 12.99
      vertex -3.41799 -19.1986 11.8279
    endloop
  endfacet
  facet normal 0.400793 0.690744 0.601862
    outer loop
      vertex -4.25 -19.7287 12.99
      vertex -3.5 -19.1507 11.8272
      vertex -3.5 -19.127 11.8
    endloop
  endfacet
  facet normal -0.499994 0.866029 0
    outer loop
      vertex 4.25 -19.7287 12.99
      vertex 0 -22.1824 13
      vertex 4.25 -19.7287 13
    endloop
  endfacet
  facet normal -0.499994 0.866029 0
    outer loop
      vertex 0 -22.1824 13
      vertex 4.25 -19.7287 12.99
      vertex 0 -22.1824 12.99
    endloop
  endfacet
  facet normal 0.845995 0 0.53319
    outer loop
      vertex -4.25 -14.8212 12.99
      vertex -3.5 -19.127 11.8
      vertex -3.5 -15.0856 11.8
    endloop
  endfacet
  facet normal 0.845995 0 0.53319
    outer loop
      vertex -3.5 -19.127 11.8
      vertex -4.25 -14.8212 12.99
      vertex -4.25 -19.7287 12.99
    endloop
  endfacet
  facet normal 0.399424 0.691824 0.601531
    outer loop
      vertex 0 -22.1824 12.99
      vertex 0 -21.1951 11.8545
      vertex -3.41799 -19.1986 11.8279
    endloop
  endfacet
  facet normal 0.499994 0.866029 -0
    outer loop
      vertex 0 -22.1824 12.99
      vertex -4.25 -19.7287 13
      vertex 0 -22.1824 13
    endloop
  endfacet
  facet normal 0.499994 0.866029 0
    outer loop
      vertex -4.25 -19.7287 13
      vertex 0 -22.1824 12.99
      vertex -4.25 -19.7287 12.99
    endloop
  endfacet
  facet normal -0.445869 -0.772245 0.452591
    outer loop
      vertex 3.5 -15.0696 11.8273
      vertex 4.25 -14.8212 12.99
      vertex 0.189934 -13.1433 11.8532
    endloop
  endfacet
  facet normal -0.445876 -0.772239 0.452594
    outer loop
      vertex 4.25 -14.8212 12.99
      vertex 3.5 -15.0696 11.8273
      vertex 3.5 -15.0856 11.8
    endloop
  endfacet
  facet normal -0.499994 -0.866029 0
    outer loop
      vertex 0 -12.3675 12.99
      vertex 4.25 -14.8212 13
      vertex 0 -12.3675 13
    endloop
  endfacet
  facet normal -0.499994 -0.866029 -0
    outer loop
      vertex 4.25 -14.8212 13
      vertex 0 -12.3675 12.99
      vertex 4.25 -14.8212 12.99
    endloop
  endfacet
  facet normal 0.445867 -0.772276 0.452539
    outer loop
      vertex -0.189934 -13.1433 11.8532
      vertex 0 -12.3675 12.99
      vertex -4.25 -14.8212 12.99
    endloop
  endfacet
  facet normal 0.445746 -0.772318 0.452588
    outer loop
      vertex 0 -12.3675 12.99
      vertex -0.189934 -13.1433 11.8532
      vertex 0 -13.0328 11.8547
    endloop
  endfacet
  facet normal -0.445746 -0.772318 0.452588
    outer loop
      vertex 0.189934 -13.1433 11.8532
      vertex 0 -12.3675 12.99
      vertex 0 -13.0328 11.8547
    endloop
  endfacet
  facet normal -0.445867 -0.772276 0.452539
    outer loop
      vertex 0 -12.3675 12.99
      vertex 0.189934 -13.1433 11.8532
      vertex 4.25 -14.8212 12.99
    endloop
  endfacet
  facet normal -0.399424 0.691824 0.601531
    outer loop
      vertex 3.41799 -19.1986 11.8279
      vertex 0 -21.1951 11.8545
      vertex 0 -22.1824 12.99
    endloop
  endfacet
  facet normal 0.445869 -0.772245 0.452591
    outer loop
      vertex -4.25 -14.8212 12.99
      vertex -3.5 -15.0696 11.8273
      vertex -0.189934 -13.1433 11.8532
    endloop
  endfacet
  facet normal 0.445876 -0.772239 0.452594
    outer loop
      vertex -3.5 -15.0696 11.8273
      vertex -4.25 -14.8212 12.99
      vertex -3.5 -15.0856 11.8
    endloop
  endfacet
  facet normal -1 0 0
    outer loop
      vertex 4.25 -19.7287 12.99
      vertex 4.25 -14.8212 13
      vertex 4.25 -14.8212 12.99
    endloop
  endfacet
  facet normal -1 -0 0
    outer loop
      vertex 4.25 -14.8212 13
      vertex 4.25 -19.7287 12.99
      vertex 4.25 -19.7287 13
    endloop
  endfacet
  facet normal -0.845995 0 0.53319
    outer loop
      vertex 3.5 -19.127 11.8
      vertex 4.25 -14.8212 12.99
      vertex 3.5 -15.0856 11.8
    endloop
  endfacet
  facet normal -0.845995 0 0.53319
    outer loop
      vertex 4.25 -14.8212 12.99
      vertex 3.5 -19.127 11.8
      vertex 4.25 -19.7287 12.99
    endloop
  endfacet
  facet normal 0.86496 -0.498191 -0.060409
    outer loop
      vertex 0.456081 -7.78996 1
      vertex 1.43666 -7.39705 11.8
      vertex 1.3776 -7.49959 11.8
    endloop
  endfacet
  facet normal 0.864971 -0.498172 -0.0604107
    outer loop
      vertex 1.43666 -7.39705 11.8
      vertex 0.456081 -7.78996 1
      vertex 2.28057 -4.62212 1
    endloop
  endfacet
  facet normal 0.864971 -0.498172 -0.0604105
    outer loop
      vertex 0.456081 -7.78996 1
      vertex 1.3776 -7.49959 11.8
      vertex 0.863873 -8.49627 12.6634
    endloop
  endfacet
  facet normal 0.00104449 0.998173 0.0604104
    outer loop
      vertex 2.48174 -11.2985 1
      vertex 3.98582 -11.9537 11.8
      vertex 6.01766 -11.3022 1
    endloop
  endfacet
  facet normal 0 0.998165 0.0605553
    outer loop
      vertex 3.98582 -11.9537 11.8
      vertex 2.48174 -11.2985 1
      vertex 3.94918 -11.9537 11.8
    endloop
  endfacet
  facet normal 0.00110241 0.998173 0.0604061
    outer loop
      vertex 3.94918 -11.9537 11.8
      vertex 2.48174 -11.2985 1
      vertex 3.45496 -11.9775 12.2023
    endloop
  endfacet
  facet normal 0.000989136 0.998173 0.0604159
    outer loop
      vertex 3.45496 -11.9775 12.2023
      vertex 2.48174 -11.2985 1
      vertex 2.88951 -12.0048 12.6626
    endloop
  endfacet
  facet normal 0.00100937 0.998173 0.060408
    outer loop
      vertex 6.52566 -11.3028 1
      vertex 6.32043 -11.9804 12.2
      vertex 6.93382 -12.0097 12.6739
    endloop
  endfacet
  facet normal 0.00114051 0.998173 0.0604104
    outer loop
      vertex 6.52566 -11.3028 1
      vertex 5.80264 -11.9556 11.8
      vertex 6.32043 -11.9804 12.2
    endloop
  endfacet
  facet normal 0.00117894 0.998173 0.0604129
    outer loop
      vertex 6.01766 -11.3022 1
      vertex 5.80264 -11.9556 11.8
      vertex 6.52566 -11.3028 1
    endloop
  endfacet
  facet normal 0.00104387 0.998173 0.0604103
    outer loop
      vertex 5.80264 -11.9556 11.8
      vertex 6.01766 -11.3022 1
      vertex 3.98582 -11.9537 11.8
    endloop
  endfacet
  facet normal -0.00105389 -0.998173 -0.0604103
    outer loop
      vertex 4.07277 -4.941 11.8
      vertex 6.1046 -4.28952 1
      vertex 5.80603 -4.94283 11.8
    endloop
  endfacet
  facet normal -0.00105416 -0.998173 -0.06041
    outer loop
      vertex 6.51826 -4.28996 1
      vertex 6.32751 -4.96771 12.202
      vertex 5.80603 -4.94283 11.8
    endloop
  endfacet
  facet normal -0.00106173 -0.998173 -0.0604105
    outer loop
      vertex 6.51826 -4.28996 1
      vertex 5.80603 -4.94283 11.8
      vertex 6.1046 -4.28952 1
    endloop
  endfacet
  facet normal -0.00106024 -0.998173 -0.0604101
    outer loop
      vertex 6.32751 -4.96771 12.202
      vertex 6.51826 -4.28996 1
      vertex 6.92605 -4.99627 12.6634
    endloop
  endfacet
  facet normal -0.00105119 -0.998173 -0.0604114
    outer loop
      vertex 2.47434 -4.28568 1
      vertex 3.46407 -4.96455 12.1997
      vertex 2.88256 -4.99274 12.6756
    endloop
  endfacet
  facet normal -0.00106296 -0.998173 -0.0604103
    outer loop
      vertex 3.46407 -4.96455 12.1997
      vertex 2.47434 -4.28568 1
      vertex 3.95257 -4.94088 11.8
    endloop
  endfacet
  facet normal -0.000996512 -0.998173 -0.0604194
    outer loop
      vertex 2.47434 -4.28568 1
      vertex 4.07277 -4.941 11.8
      vertex 3.95257 -4.94088 11.8
    endloop
  endfacet
  facet normal -0.00105584 -0.998173 -0.0604107
    outer loop
      vertex 4.07277 -4.941 11.8
      vertex 2.47434 -4.28568 1
      vertex 6.1046 -4.28952 1
    endloop
  endfacet
  facet normal 0.866027 0.499997 -5.4242e-07
    outer loop
      vertex 1.3776 -9.38608 11.8
      vertex 0.456081 -7.78996 1
      vertex 0.863873 -8.49627 12.6634
    endloop
  endfacet
  facet normal 0.866019 0.500011 -2.37768e-06
    outer loop
      vertex 2.48174 -11.2985 1
      vertex 1.3776 -9.38608 11.8
      vertex 2.31543 -11.0104 11.8
    endloop
  endfacet
  facet normal 0.866025 0.5 1.95886e-07
    outer loop
      vertex 1.3776 -9.38608 11.8
      vertex 2.48174 -11.2985 1
      vertex 0.456081 -7.78996 1
    endloop
  endfacet
  facet normal 0.866026 0.499999 -1.94491e-06
    outer loop
      vertex 2.72125 -11.7133 12.4098
      vertex 2.48174 -11.2985 1
      vertex 2.31543 -11.0104 11.8
    endloop
  endfacet
  facet normal 0.866076 0.499912 -6.16184e-06
    outer loop
      vertex 2.48174 -11.2985 1
      vertex 2.72125 -11.7133 12.4098
      vertex 2.88951 -12.0048 12.6626
    endloop
  endfacet
  facet normal 0.864969 -0.498176 -0.0604113
    outer loop
      vertex 2.70885 -5.26254 12.4133
      vertex 2.47434 -4.28568 1
      vertex 2.88256 -4.99274 12.6756
    endloop
  endfacet
  facet normal 0.864972 -0.49817 -0.0604108
    outer loop
      vertex 2.30264 -5.89347 11.8
      vertex 2.47434 -4.28568 1
      vertex 2.70885 -5.26254 12.4133
    endloop
  endfacet
  facet normal 0.864971 -0.498173 -0.0604113
    outer loop
      vertex 2.47434 -4.28568 1
      vertex 2.30264 -5.89347 11.8
      vertex 2.28057 -4.62212 1
    endloop
  endfacet
  facet normal 0.864969 -0.498175 -0.0604116
    outer loop
      vertex 2.28057 -4.62212 1
      vertex 2.30264 -5.89347 11.8
      vertex 1.43666 -7.39705 11.8
    endloop
  endfacet
  facet normal -0.866026 -0.499999 -4.91478e-07
    outer loop
      vertex 8.54392 -7.7985 1
      vertex 8.34377 -7.45184 11.8
      vertex 6.73042 -4.65742 1
    endloop
  endfacet
  facet normal -0.866043 -0.49997 -1.75458e-06
    outer loop
      vertex 8.34377 -7.45184 11.8
      vertex 8.54392 -7.7985 1
      vertex 8.3776 -7.51044 11.8
    endloop
  endfacet
  facet normal -0.866024 -0.500003 -5.89643e-07
    outer loop
      vertex 8.3776 -7.51044 11.8
      vertex 8.54392 -7.7985 1
      vertex 8.95168 -8.50477 12.6626
    endloop
  endfacet
  facet normal -0.86497 0.498175 0.0604107
    outer loop
      vertex 8.54392 -7.7985 1
      vertex 8.3776 -9.39693 11.8
      vertex 8.95168 -8.50477 12.6626
    endloop
  endfacet
  facet normal -0.864974 0.498168 0.0604096
    outer loop
      vertex 6.7792 -10.8626 1
      vertex 8.3776 -9.39693 11.8
      vertex 8.54392 -7.7985 1
    endloop
  endfacet
  facet normal -0.864993 0.498134 0.0604172
    outer loop
      vertex 8.3776 -9.39693 11.8
      vertex 6.7792 -10.8626 1
      vertex 8.35931 -9.42869 11.8
    endloop
  endfacet
  facet normal -0.864977 0.498161 0.0604113
    outer loop
      vertex 6.7792 -10.8626 1
      vertex 7.45257 -11.0031 11.8
      vertex 8.35931 -9.42869 11.8
    endloop
  endfacet
  facet normal -0.864962 0.498188 0.0604106
    outer loop
      vertex 6.52566 -11.3028 1
      vertex 7.45257 -11.0031 11.8
      vertex 6.7792 -10.8626 1
    endloop
  endfacet
  facet normal -0.864955 0.498201 0.0604097
    outer loop
      vertex 6.52566 -11.3028 1
      vertex 7.08868 -11.7092 12.413
      vertex 7.45257 -11.0031 11.8
    endloop
  endfacet
  facet normal -0.864957 0.498197 0.0604096
    outer loop
      vertex 7.08868 -11.7092 12.413
      vertex 6.52566 -11.3028 1
      vertex 6.93382 -12.0097 12.6739
    endloop
  endfacet
  facet normal -0.866018 -0.500012 -2.41787e-06
    outer loop
      vertex 7.43978 -5.88608 11.8
      vertex 6.51826 -4.28996 1
      vertex 6.73042 -4.65742 1
    endloop
  endfacet
  facet normal -0.866036 -0.499982 1.60215e-06
    outer loop
      vertex 6.51826 -4.28996 1
      vertex 7.07695 -5.25765 12.4098
      vertex 6.92605 -4.99627 12.6634
    endloop
  endfacet
  facet normal -0.866022 -0.500005 -1.04967e-06
    outer loop
      vertex 6.51826 -4.28996 1
      vertex 7.43978 -5.88608 11.8
      vertex 7.07695 -5.25765 12.4098
    endloop
  endfacet
  facet normal -0.866026 -0.499999 -4.52714e-07
    outer loop
      vertex 7.43978 -5.88608 11.8
      vertex 6.73042 -4.65742 1
      vertex 8.34377 -7.45184 11.8
    endloop
  endfacet
  facet normal 0 0 1
    outer loop
      vertex 6.73042 -4.65742 1
      vertex 6.7792 -10.8626 1
      vertex 8.54392 -7.7985 1
    endloop
  endfacet
  facet normal 0 0 1
    outer loop
      vertex 6.01766 -11.3022 1
      vertex 6.7792 -10.8626 1
      vertex 6.73042 -4.65742 1
    endloop
  endfacet
  facet normal 0 0 1
    outer loop
      vertex 6.1046 -4.28952 1
      vertex 6.73042 -4.65742 1
      vertex 6.51826 -4.28996 1
    endloop
  endfacet
  facet normal 0 0 1
    outer loop
      vertex 6.01766 -11.3022 1
      vertex 6.73042 -4.65742 1
      vertex 6.1046 -4.28952 1
    endloop
  endfacet
  facet normal 0 0 1
    outer loop
      vertex 6.7792 -10.8626 1
      vertex 6.01766 -11.3022 1
      vertex 6.52566 -11.3028 1
    endloop
  endfacet
  facet normal -0 0 1
    outer loop
      vertex 2.28057 -4.62212 1
      vertex 6.01766 -11.3022 1
      vertex 6.1046 -4.28952 1
    endloop
  endfacet
  facet normal 0 0 1
    outer loop
      vertex 2.28057 -4.62212 1
      vertex 6.1046 -4.28952 1
      vertex 2.47434 -4.28568 1
    endloop
  endfacet
  facet normal -0 0 1
    outer loop
      vertex 0.456081 -7.78996 1
      vertex 6.01766 -11.3022 1
      vertex 2.28057 -4.62212 1
    endloop
  endfacet
  facet normal 0 0 1
    outer loop
      vertex 6.01766 -11.3022 1
      vertex 0.456081 -7.78996 1
      vertex 2.48174 -11.2985 1
    endloop
  endfacet
  facet normal 1 -0 0
    outer loop
      vertex 0.66956 -10.9747 13
      vertex 0.66956 -6.06719 12.99
      vertex 0.66956 -6.06719 13
    endloop
  endfacet
  facet normal 1 0 0
    outer loop
      vertex 0.66956 -6.06719 12.99
      vertex 0.66956 -10.9747 13
      vertex 0.66956 -10.9747 12.99
    endloop
  endfacet
  facet normal -0.409461 0.709218 0.573892
    outer loop
      vertex 9.16956 -10.9747 12.99
      vertex 6.93382 -12.0097 12.6739
      vertex 4.91956 -13.4284 12.99
    endloop
  endfacet
  facet normal -0.409468 0.709246 0.573852
    outer loop
      vertex 6.93382 -12.0097 12.6739
      vertex 9.16956 -10.9747 12.99
      vertex 7.08868 -11.7092 12.413
    endloop
  endfacet
  facet normal -0.409479 0.709236 0.573857
    outer loop
      vertex 6.32043 -11.9804 12.2
      vertex 4.91956 -13.4284 12.99
      vertex 6.93382 -12.0097 12.6739
    endloop
  endfacet
  facet normal -0.409449 0.709225 0.573891
    outer loop
      vertex 4.91956 -13.4284 12.99
      vertex 6.32043 -11.9804 12.2
      vertex 4.8776 -12.4897 11.8
    endloop
  endfacet
  facet normal 0.5 -0.866025 0
    outer loop
      vertex 0.66956 -6.06719 12.99
      vertex 4.91956 -3.61345 13
      vertex 0.66956 -6.06719 13
    endloop
  endfacet
  facet normal 0.5 -0.866025 0
    outer loop
      vertex 4.91956 -3.61345 13
      vertex 0.66956 -6.06719 12.99
      vertex 4.91956 -3.61345 12.99
    endloop
  endfacet
  facet normal -0.499994 0.866029 0
    outer loop
      vertex 9.16956 -10.9747 12.99
      vertex 4.91956 -13.4284 13
      vertex 9.16956 -10.9747 13
    endloop
  endfacet
  facet normal -0.499994 0.866029 0
    outer loop
      vertex 4.91956 -13.4284 13
      vertex 9.16956 -10.9747 12.99
      vertex 4.91956 -13.4284 12.99
    endloop
  endfacet
  facet normal 0.859386 0 0.511327
    outer loop
      vertex 0.66956 -6.06719 12.99
      vertex 1.3776 -7.49959 11.8
      vertex 1.3776 -6.42753 11.8
    endloop
  endfacet
  facet normal 0.859383 -4.75097e-06 0.511332
    outer loop
      vertex 0.66956 -6.06719 12.99
      vertex 0.863873 -8.49627 12.6634
      vertex 1.3776 -7.49959 11.8
    endloop
  endfacet
  facet normal 0.859383 4.73591e-06 0.511332
    outer loop
      vertex 0.66956 -10.9747 12.99
      vertex 1.3776 -9.38608 11.8
      vertex 0.863873 -8.49627 12.6634
    endloop
  endfacet
  facet normal 0.859386 0 0.511327
    outer loop
      vertex 1.3776 -9.38608 11.8
      vertex 0.66956 -10.9747 12.99
      vertex 1.3776 -10.469 11.8
    endloop
  endfacet
  facet normal 0.859399 -0 0.511306
    outer loop
      vertex 0.66956 -10.9747 12.99
      vertex 0.863873 -8.49627 12.6634
      vertex 0.66956 -6.06719 12.99
    endloop
  endfacet
  facet normal 0.416255 0.720987 0.553994
    outer loop
      vertex 4.91956 -13.4284 12.99
      vertex 2.88951 -12.0048 12.6626
      vertex 0.66956 -10.9747 12.99
    endloop
  endfacet
  facet normal 0.416222 0.720954 0.554062
    outer loop
      vertex 4.91956 -13.4284 12.99
      vertex 3.45496 -11.9775 12.2023
      vertex 2.88951 -12.0048 12.6626
    endloop
  endfacet
  facet normal 0.416244 0.720962 0.554035
    outer loop
      vertex 3.45496 -11.9775 12.2023
      vertex 4.91956 -13.4284 12.99
      vertex 4.8776 -12.4897 11.8
    endloop
  endfacet
  facet normal 0.416225 0.720861 0.554181
    outer loop
      vertex 0.66956 -10.9747 12.99
      vertex 2.88951 -12.0048 12.6626
      vertex 2.72125 -11.7133 12.4098
    endloop
  endfacet
  facet normal 0.416207 0.720968 0.554055
    outer loop
      vertex 1.3776 -10.469 11.8
      vertex 2.72125 -11.7133 12.4098
      vertex 2.31543 -11.0104 11.8
    endloop
  endfacet
  facet normal 0.416224 0.720975 0.554034
    outer loop
      vertex 2.72125 -11.7133 12.4098
      vertex 1.3776 -10.469 11.8
      vertex 0.66956 -10.9747 12.99
    endloop
  endfacet
  facet normal 0.416244 0.720987 0.554003
    outer loop
      vertex 4.8776 -12.4897 11.8
      vertex 3.94918 -11.9537 11.8
      vertex 3.45496 -11.9775 12.2023
    endloop
  endfacet
  facet normal 0.499994 0.866029 -0
    outer loop
      vertex 4.91956 -13.4284 12.99
      vertex 0.66956 -10.9747 13
      vertex 4.91956 -13.4284 13
    endloop
  endfacet
  facet normal 0.499994 0.866029 0
    outer loop
      vertex 0.66956 -10.9747 13
      vertex 4.91956 -13.4284 12.99
      vertex 0.66956 -10.9747 12.99
    endloop
  endfacet
  facet normal -0.429694 -0.744253 0.511323
    outer loop
      vertex 8.3776 -6.42753 11.8
      vertex 7.07695 -5.25765 12.4098
      vertex 7.43978 -5.88608 11.8
    endloop
  endfacet
  facet normal -0.42969 -0.744251 0.511328
    outer loop
      vertex 7.07695 -5.25765 12.4098
      vertex 8.3776 -6.42753 11.8
      vertex 9.16956 -6.06719 12.99
    endloop
  endfacet
  facet normal -0.429686 -0.744251 0.511332
    outer loop
      vertex 5.80603 -4.94283 11.8
      vertex 6.32751 -4.96771 12.202
      vertex 4.8776 -4.40681 11.8
    endloop
  endfacet
  facet normal -0.5 -0.866025 0
    outer loop
      vertex 4.91956 -3.61345 12.99
      vertex 9.16956 -6.06719 13
      vertex 4.91956 -3.61345 13
    endloop
  endfacet
  facet normal -0.5 -0.866025 -0
    outer loop
      vertex 9.16956 -6.06719 13
      vertex 4.91956 -3.61345 12.99
      vertex 9.16956 -6.06719 12.99
    endloop
  endfacet
  facet normal 0.436291 -0.755678 0.488467
    outer loop
      vertex 0.66956 -6.06719 12.99
      vertex 2.88256 -4.99274 12.6756
      vertex 4.91956 -3.61345 12.99
    endloop
  endfacet
  facet normal 0.436302 -0.755723 0.488388
    outer loop
      vertex 2.88256 -4.99274 12.6756
      vertex 0.66956 -6.06719 12.99
      vertex 2.70885 -5.26254 12.4133
    endloop
  endfacet
  facet normal 0.436325 -0.75571 0.488388
    outer loop
      vertex 3.46407 -4.96455 12.1997
      vertex 4.91956 -3.61345 12.99
      vertex 2.88256 -4.99274 12.6756
    endloop
  endfacet
  facet normal 0.436291 -0.7557 0.488433
    outer loop
      vertex 4.91956 -3.61345 12.99
      vertex 3.46407 -4.96455 12.1997
      vertex 4.8776 -4.40681 11.8
    endloop
  endfacet
  facet normal -0.4297 -0.744263 0.511303
    outer loop
      vertex 4.91956 -3.61345 12.99
      vertex 6.92605 -4.99627 12.6634
      vertex 9.16956 -6.06719 12.99
    endloop
  endfacet
  facet normal -0.429687 -0.74425 0.511333
    outer loop
      vertex 4.91956 -3.61345 12.99
      vertex 6.32751 -4.96771 12.202
      vertex 6.92605 -4.99627 12.6634
    endloop
  endfacet
  facet normal -0.429686 -0.74425 0.511334
    outer loop
      vertex 6.32751 -4.96771 12.202
      vertex 4.91956 -3.61345 12.99
      vertex 4.8776 -4.40681 11.8
    endloop
  endfacet
  facet normal -0.42969 -0.744221 0.511373
    outer loop
      vertex 9.16956 -6.06719 12.99
      vertex 6.92605 -4.99627 12.6634
      vertex 7.07695 -5.25765 12.4098
    endloop
  endfacet
  facet normal -0.409468 0.709214 0.573892
    outer loop
      vertex 8.3776 -10.469 11.8
      vertex 7.08868 -11.7092 12.413
      vertex 9.16956 -10.9747 12.99
    endloop
  endfacet
  facet normal -0.409498 0.709227 0.573854
    outer loop
      vertex 7.08868 -11.7092 12.413
      vertex 8.3776 -10.469 11.8
      vertex 7.45257 -11.0031 11.8
    endloop
  endfacet
  facet normal -0.409448 0.709148 0.573987
    outer loop
      vertex 6.32043 -11.9804 12.2
      vertex 5.80264 -11.9556 11.8
      vertex 4.8776 -12.4897 11.8
    endloop
  endfacet
  facet normal -0 0 1
    outer loop
      vertex 8.35931 -9.42869 11.8
      vertex 8.3776 -10.469 11.8
      vertex 8.3776 -9.39693 11.8
    endloop
  endfacet
  facet normal 0 0 1
    outer loop
      vertex 8.3776 -10.469 11.8
      vertex 8.35931 -9.42869 11.8
      vertex 7.45257 -11.0031 11.8
    endloop
  endfacet
  facet normal 0 0 1
    outer loop
      vertex 8.3776 -6.42753 11.8
      vertex 8.34377 -7.45184 11.8
      vertex 8.3776 -7.51044 11.8
    endloop
  endfacet
  facet normal 0 -0 1
    outer loop
      vertex 8.34377 -7.45184 11.8
      vertex 8.3776 -6.42753 11.8
      vertex 7.43978 -5.88608 11.8
    endloop
  endfacet
  facet normal 0 0 1
    outer loop
      vertex 4.8776 -4.40681 11.8
      vertex 4.07277 -4.941 11.8
      vertex 5.80603 -4.94283 11.8
    endloop
  endfacet
  facet normal 0 -0 1
    outer loop
      vertex 4.07277 -4.941 11.8
      vertex 4.8776 -4.40681 11.8
      vertex 3.95257 -4.94088 11.8
    endloop
  endfacet
  facet normal 0 0 1
    outer loop
      vertex 3.98582 -11.9537 11.8
      vertex 4.8776 -12.4897 11.8
      vertex 5.80264 -11.9556 11.8
    endloop
  endfacet
  facet normal 0 0 1
    outer loop
      vertex 4.8776 -12.4897 11.8
      vertex 3.98582 -11.9537 11.8
      vertex 3.94918 -11.9537 11.8
    endloop
  endfacet
  facet normal 0 0 1
    outer loop
      vertex 2.31543 -11.0104 11.8
      vertex 1.3776 -9.38608 11.8
      vertex 1.3776 -10.469 11.8
    endloop
  endfacet
  facet normal -0 0 1
    outer loop
      vertex 1.3776 -6.42753 11.8
      vertex 1.43666 -7.39705 11.8
      vertex 2.30264 -5.89347 11.8
    endloop
  endfacet
  facet normal 0 0 1
    outer loop
      vertex 1.43666 -7.39705 11.8
      vertex 1.3776 -6.42753 11.8
      vertex 1.3776 -7.49959 11.8
    endloop
  endfacet
  facet normal 0.436292 -0.755675 0.488471
    outer loop
      vertex 3.95257 -4.94088 11.8
      vertex 4.8776 -4.40681 11.8
      vertex 3.46407 -4.96455 12.1997
    endloop
  endfacet
  facet normal 0.436303 -0.755698 0.488427
    outer loop
      vertex 1.3776 -6.42753 11.8
      vertex 2.70885 -5.26254 12.4133
      vertex 0.66956 -6.06719 12.99
    endloop
  endfacet
  facet normal 0.43629 -0.755693 0.488446
    outer loop
      vertex 2.70885 -5.26254 12.4133
      vertex 1.3776 -6.42753 11.8
      vertex 2.30264 -5.89347 11.8
    endloop
  endfacet
  facet normal -1 0 0
    outer loop
      vertex 9.16956 -10.9747 12.99
      vertex 9.16956 -6.06719 13
      vertex 9.16956 -6.06719 12.99
    endloop
  endfacet
  facet normal -1 -0 0
    outer loop
      vertex 9.16956 -6.06719 13
      vertex 9.16956 -10.9747 12.99
      vertex 9.16956 -10.9747 13
    endloop
  endfacet
  facet normal -0.832493 0 0.554035
    outer loop
      vertex 8.3776 -7.51044 11.8
      vertex 9.16956 -6.06719 12.99
      vertex 8.3776 -6.42753 11.8
    endloop
  endfacet
  facet normal -0.832491 -3.60122e-06 0.554038
    outer loop
      vertex 8.95168 -8.50477 12.6626
      vertex 9.16956 -6.06719 12.99
      vertex 8.3776 -7.51044 11.8
    endloop
  endfacet
  facet normal -0.832493 0 0.554035
    outer loop
      vertex 9.16956 -10.9747 12.99
      vertex 8.3776 -9.39693 11.8
      vertex 8.3776 -10.469 11.8
    endloop
  endfacet
  facet normal -0.832504 0 0.554019
    outer loop
      vertex 8.95168 -8.50477 12.6626
      vertex 9.16956 -10.9747 12.99
      vertex 9.16956 -6.06719 12.99
    endloop
  endfacet
  facet normal -0.832491 3.60947e-06 0.554038
    outer loop
      vertex 8.3776 -9.39693 11.8
      vertex 9.16956 -10.9747 12.99
      vertex 8.95168 -8.50477 12.6626
    endloop
  endfacet
  facet normal -0.863909 -0.500012 0.0604069
    outer loop
      vertex 12.7969 0.439673 1
      vertex 13.2552 0.95259 11.8
      vertex 12.3451 2.52504 11.8
    endloop
  endfacet
  facet normal -0.863972 -0.499904 0.0604044
    outer loop
      vertex 13.0513 0 1
      vertex 13.2552 0.95259 11.8
      vertex 12.7969 0.439673 1
    endloop
  endfacet
  facet normal -0.863927 -0.49998 0.0604103
    outer loop
      vertex 13.2552 0.95259 11.8
      vertex 13.0513 0 1
      vertex 13.8676 0 12.6739
    endloop
  endfacet
  facet normal -0.863972 0.499904 0.0604044
    outer loop
      vertex 13.2552 -0.95259 11.8
      vertex 13.0513 0 1
      vertex 12.7969 -0.439673 1
    endloop
  endfacet
  facet normal -0.863927 0.49998 0.0604103
    outer loop
      vertex 13.0513 0 1
      vertex 13.2552 -0.95259 11.8
      vertex 13.8676 0 12.6739
    endloop
  endfacet
  facet normal -0.863909 0.500012 0.0604069
    outer loop
      vertex 13.2552 -0.95259 11.8
      vertex 12.7969 -0.439673 1
      vertex 12.3451 -2.52504 11.8
    endloop
  endfacet
  facet normal 0.863913 0.500005 -0.0604101
    outer loop
      vertex 6.25521 -0.952589 11.8
      vertex 4.94868 0 1
      vertex 5.76511 0 12.6756
    endloop
  endfacet
  facet normal 0.863917 0.499998 -0.0604112
    outer loop
      vertex 7.18363 -2.55675 11.8
      vertex 4.94868 0 1
      vertex 6.25521 -0.952589 11.8
    endloop
  endfacet
  facet normal 0.86391 0.50001 -0.0604113
    outer loop
      vertex 6.97434 -3.5 1
      vertex 7.18363 -2.55675 11.8
      vertex 7.61326 -3.22514 12.4118
    endloop
  endfacet
  facet normal 0.863918 0.499996 -0.0604115
    outer loop
      vertex 6.97434 -3.5 1
      vertex 7.61326 -3.22514 12.4118
      vertex 7.78993 -3.5 12.6634
    endloop
  endfacet
  facet normal 0.863916 0.5 -0.0604105
    outer loop
      vertex 7.18363 -2.55675 11.8
      vertex 6.97434 -3.5 1
      vertex 4.94868 0 1
    endloop
  endfacet
  facet normal -0.863916 0.500001 0.0604045
    outer loop
      vertex 11.0257 -3.5 1
      vertex 12.3451 -2.52504 11.8
      vertex 12.7969 -0.439673 1
    endloop
  endfacet
  facet normal -0.864527 0.498923 0.0605766
    outer loop
      vertex 12.3451 -2.52504 11.8
      vertex 11.0257 -3.5 1
      vertex 12.3268 -2.55675 11.8
    endloop
  endfacet
  facet normal -0.863903 0.500023 0.0604053
    outer loop
      vertex 12.3268 -2.55675 11.8
      vertex 11.0257 -3.5 1
      vertex 11.9825 -3.22549 12.4116
    endloop
  endfacet
  facet normal -0.863949 0.499942 0.0604111
    outer loop
      vertex 11.9825 -3.22549 12.4116
      vertex 11.0257 -3.5 1
      vertex 11.8412 -3.5 12.6626
    endloop
  endfacet
  facet normal 0.863918 -0.499996 -0.0604115
    outer loop
      vertex 7.61326 3.22514 12.4118
      vertex 6.97434 3.5 1
      vertex 7.78993 3.5 12.6634
    endloop
  endfacet
  facet normal 0.86391 -0.50001 -0.0604113
    outer loop
      vertex 7.18363 2.55675 11.8
      vertex 6.97434 3.5 1
      vertex 7.61326 3.22514 12.4118
    endloop
  endfacet
  facet normal 0.863917 -0.499998 -0.0604104
    outer loop
      vertex 6.25521 0.952589 11.8
      vertex 6.97434 3.5 1
      vertex 7.18363 2.55675 11.8
    endloop
  endfacet
  facet normal 0.863913 -0.500005 -0.0604101
    outer loop
      vertex 4.94868 0 1
      vertex 6.25521 0.952589 11.8
      vertex 5.76511 0 12.6756
    endloop
  endfacet
  facet normal 0.863916 -0.5 -0.0604109
    outer loop
      vertex 6.25521 0.952589 11.8
      vertex 4.94868 0 1
      vertex 6.97434 3.5 1
    endloop
  endfacet
  facet normal -0.863949 -0.499942 0.0604111
    outer loop
      vertex 11.0257 3.5 1
      vertex 11.9825 3.22549 12.4116
      vertex 11.8412 3.5 12.6626
    endloop
  endfacet
  facet normal -0.863903 -0.500023 0.0604053
    outer loop
      vertex 11.0257 3.5 1
      vertex 12.3268 2.55675 11.8
      vertex 11.9825 3.22549 12.4116
    endloop
  endfacet
  facet normal -0.864527 -0.498923 0.0605766
    outer loop
      vertex 11.0257 3.5 1
      vertex 12.3451 2.52504 11.8
      vertex 12.3268 2.55675 11.8
    endloop
  endfacet
  facet normal -0.863916 -0.500001 0.0604045
    outer loop
      vertex 12.3451 2.52504 11.8
      vertex 11.0257 3.5 1
      vertex 12.7969 0.439673 1
    endloop
  endfacet
  facet normal 0 -1 0
    outer loop
      vertex 6.97434 3.5 1
      vertex 8.33447 3.5 12.2058
      vertex 7.78993 3.5 12.6634
    endloop
  endfacet
  facet normal 0 -1 0
    outer loop
      vertex 11.0257 3.5 1
      vertex 8.81739 3.5 11.8
      vertex 6.97434 3.5 1
    endloop
  endfacet
  facet normal 0 -1 -0
    outer loop
      vertex 8.33447 3.5 12.2058
      vertex 6.97434 3.5 1
      vertex 8.81739 3.5 11.8
    endloop
  endfacet
  facet normal 0 -1 0
    outer loop
      vertex 8.81739 3.5 11.8
      vertex 11.0257 3.5 1
      vertex 10.693 3.5 11.8
    endloop
  endfacet
  facet normal 0 -1 0
    outer loop
      vertex 10.693 3.5 11.8
      vertex 11.0257 3.5 1
      vertex 11.2332 3.5 12.2058
    endloop
  endfacet
  facet normal 0 -1 -0
    outer loop
      vertex 11.2332 3.5 12.2058
      vertex 11.0257 3.5 1
      vertex 11.8412 3.5 12.6626
    endloop
  endfacet
  facet normal 0 1 0
    outer loop
      vertex 10.693 -3.5 11.8
      vertex 11.0257 -3.5 1
      vertex 8.81739 -3.5 11.8
    endloop
  endfacet
  facet normal 0 1 0
    outer loop
      vertex 11.2332 -3.5 12.2058
      vertex 11.0257 -3.5 1
      vertex 10.693 -3.5 11.8
    endloop
  endfacet
  facet normal 0 1 0
    outer loop
      vertex 11.0257 -3.5 1
      vertex 11.2332 -3.5 12.2058
      vertex 11.8412 -3.5 12.6626
    endloop
  endfacet
  facet normal 0 1 0
    outer loop
      vertex 6.97434 -3.5 1
      vertex 8.33447 -3.5 12.2058
      vertex 8.81739 -3.5 11.8
    endloop
  endfacet
  facet normal 0 1 0
    outer loop
      vertex 6.97434 -3.5 1
      vertex 8.81739 -3.5 11.8
      vertex 11.0257 -3.5 1
    endloop
  endfacet
  facet normal 0 1 0
    outer loop
      vertex 8.33447 -3.5 12.2058
      vertex 6.97434 -3.5 1
      vertex 7.78993 -3.5 12.6634
    endloop
  endfacet
  facet normal 0 0 1
    outer loop
      vertex 12.7969 0.439673 1
      vertex 12.7969 -0.439673 1
      vertex 13.0513 0 1
    endloop
  endfacet
  facet normal -0 0 1
    outer loop
      vertex 6.97434 3.5 1
      vertex 12.7969 0.439673 1
      vertex 11.0257 3.5 1
    endloop
  endfacet
  facet normal 0 0 1
    outer loop
      vertex 4.94868 0 1
      vertex 12.7969 0.439673 1
      vertex 6.97434 3.5 1
    endloop
  endfacet
  facet normal 0 0 1
    outer loop
      vertex 12.7969 0.439673 1
      vertex 4.94868 0 1
      vertex 12.7969 -0.439673 1
    endloop
  endfacet
  facet normal 0 0 1
    outer loop
      vertex 12.7969 -0.439673 1
      vertex 6.97434 -3.5 1
      vertex 11.0257 -3.5 1
    endloop
  endfacet
  facet normal 0 0 1
    outer loop
      vertex 12.7969 -0.439673 1
      vertex 4.94868 0 1
      vertex 6.97434 -3.5 1
    endloop
  endfacet
  facet normal 1 -0 0
    outer loop
      vertex 5.58912 -2.45374 13
      vertex 5.58912 2.45374 12.99
      vertex 5.58912 2.45374 13
    endloop
  endfacet
  facet normal 1 0 0
    outer loop
      vertex 5.58912 2.45374 12.99
      vertex 5.58912 -2.45374 13
      vertex 5.58912 -2.45374 12.99
    endloop
  endfacet
  facet normal -0.416261 0.720981 0.553998
    outer loop
      vertex 14.0891 -2.45374 12.99
      vertex 11.8412 -3.5 12.6626
      vertex 9.83912 -4.90748 12.99
    endloop
  endfacet
  facet normal -0.416242 0.720907 0.554108
    outer loop
      vertex 11.8412 -3.5 12.6626
      vertex 14.0891 -2.45374 12.99
      vertex 11.9825 -3.22549 12.4116
    endloop
  endfacet
  facet normal -0.416247 0.720968 0.554025
    outer loop
      vertex 11.2332 -3.5 12.2058
      vertex 9.83912 -4.90748 12.99
      vertex 11.8412 -3.5 12.6626
    endloop
  endfacet
  facet normal -0.416237 0.720965 0.554037
    outer loop
      vertex 9.83912 -4.90748 12.99
      vertex 11.2332 -3.5 12.2058
      vertex 9.75521 -4.04145 11.8
    endloop
  endfacet
  facet normal 0.5 -0.866025 0
    outer loop
      vertex 5.58912 2.45374 12.99
      vertex 9.83912 4.90748 13
      vertex 5.58912 2.45374 13
    endloop
  endfacet
  facet normal 0.5 -0.866025 0
    outer loop
      vertex 9.83912 4.90748 13
      vertex 5.58912 2.45374 12.99
      vertex 9.83912 4.90748 12.99
    endloop
  endfacet
  facet normal -0.500002 0.866024 0
    outer loop
      vertex 14.0891 -2.45374 12.99
      vertex 9.83912 -4.90748 13
      vertex 14.0891 -2.45374 13
    endloop
  endfacet
  facet normal -0.500002 0.866024 0
    outer loop
      vertex 9.83912 -4.90748 13
      vertex 14.0891 -2.45374 12.99
      vertex 9.83912 -4.90748 12.99
    endloop
  endfacet
  facet normal 0.872603 0 0.48843
    outer loop
      vertex 5.58912 2.45374 12.99
      vertex 6.25521 0.952589 11.8
      vertex 6.25521 2.02073 11.8
    endloop
  endfacet
  facet normal 0.872605 3.35213e-06 0.488427
    outer loop
      vertex 5.58912 2.45374 12.99
      vertex 5.76511 0 12.6756
      vertex 6.25521 0.952589 11.8
    endloop
  endfacet
  facet normal 0.872605 -3.35213e-06 0.488427
    outer loop
      vertex 5.58912 -2.45374 12.99
      vertex 6.25521 -0.952589 11.8
      vertex 5.76511 0 12.6756
    endloop
  endfacet
  facet normal 0.872603 0 0.48843
    outer loop
      vertex 6.25521 -0.952589 11.8
      vertex 5.58912 -2.45374 12.99
      vertex 6.25521 -2.02073 11.8
    endloop
  endfacet
  facet normal 0.872594 -0 0.488447
    outer loop
      vertex 5.58912 -2.45374 12.99
      vertex 5.76511 0 12.6756
      vertex 5.58912 2.45374 12.99
    endloop
  endfacet
  facet normal 0.429697 0.744256 0.511315
    outer loop
      vertex 9.83912 -4.90748 12.99
      vertex 7.78993 -3.5 12.6634
      vertex 5.58912 -2.45374 12.99
    endloop
  endfacet
  facet normal 0.429691 0.744251 0.511328
    outer loop
      vertex 9.83912 -4.90748 12.99
      vertex 8.33447 -3.5 12.2058
      vertex 7.78993 -3.5 12.6634
    endloop
  endfacet
  facet normal 0.429687 0.744249 0.511334
    outer loop
      vertex 8.33447 -3.5 12.2058
      vertex 9.83912 -4.90748 12.99
      vertex 9.75521 -4.04145 11.8
    endloop
  endfacet
  facet normal 0.429695 0.744249 0.511327
    outer loop
      vertex 5.58912 -2.45374 12.99
      vertex 7.78993 -3.5 12.6634
      vertex 7.61326 -3.22514 12.4118
    endloop
  endfacet
  facet normal 0.429687 0.744244 0.511342
    outer loop
      vertex 6.25521 -2.02073 11.8
      vertex 7.61326 -3.22514 12.4118
      vertex 7.18363 -2.55675 11.8
    endloop
  endfacet
  facet normal 0.429695 0.744247 0.51133
    outer loop
      vertex 7.61326 -3.22514 12.4118
      vertex 6.25521 -2.02073 11.8
      vertex 5.58912 -2.45374 12.99
    endloop
  endfacet
  facet normal 0.429687 0.74424 0.511347
    outer loop
      vertex 9.75521 -4.04145 11.8
      vertex 8.81739 -3.5 11.8
      vertex 8.33447 -3.5 12.2058
    endloop
  endfacet
  facet normal 0.5 0.866025 -0
    outer loop
      vertex 9.83912 -4.90748 12.99
      vertex 5.58912 -2.45374 13
      vertex 9.83912 -4.90748 13
    endloop
  endfacet
  facet normal 0.5 0.866025 0
    outer loop
      vertex 5.58912 -2.45374 13
      vertex 9.83912 -4.90748 12.99
      vertex 5.58912 -2.45374 12.99
    endloop
  endfacet
  facet normal -0.416263 -0.720977 0.554001
    outer loop
      vertex 13.2552 2.02073 11.8
      vertex 11.9825 3.22549 12.4116
      vertex 12.3268 2.55675 11.8
    endloop
  endfacet
  facet normal -0.416243 -0.720969 0.554027
    outer loop
      vertex 11.9825 3.22549 12.4116
      vertex 13.2552 2.02073 11.8
      vertex 14.0891 2.45374 12.99
    endloop
  endfacet
  facet normal -0.416237 -0.720921 0.554094
    outer loop
      vertex 10.693 3.5 11.8
      vertex 11.2332 3.5 12.2058
      vertex 9.75521 4.04145 11.8
    endloop
  endfacet
  facet normal -0.500002 -0.866024 0
    outer loop
      vertex 9.83912 4.90748 12.99
      vertex 14.0891 2.45374 13
      vertex 9.83912 4.90748 13
    endloop
  endfacet
  facet normal -0.500002 -0.866024 -0
    outer loop
      vertex 14.0891 2.45374 13
      vertex 9.83912 4.90748 12.99
      vertex 14.0891 2.45374 12.99
    endloop
  endfacet
  facet normal 0.429697 -0.744256 0.511315
    outer loop
      vertex 5.58912 2.45374 12.99
      vertex 7.78993 3.5 12.6634
      vertex 9.83912 4.90748 12.99
    endloop
  endfacet
  facet normal 0.429695 -0.744249 0.511327
    outer loop
      vertex 7.78993 3.5 12.6634
      vertex 5.58912 2.45374 12.99
      vertex 7.61326 3.22514 12.4118
    endloop
  endfacet
  facet normal 0.429691 -0.744251 0.511328
    outer loop
      vertex 8.33447 3.5 12.2058
      vertex 9.83912 4.90748 12.99
      vertex 7.78993 3.5 12.6634
    endloop
  endfacet
  facet normal 0.429687 -0.744249 0.511334
    outer loop
      vertex 9.83912 4.90748 12.99
      vertex 8.33447 3.5 12.2058
      vertex 9.75521 4.04145 11.8
    endloop
  endfacet
  facet normal -0.416261 -0.720981 0.553998
    outer loop
      vertex 9.83912 4.90748 12.99
      vertex 11.8412 3.5 12.6626
      vertex 14.0891 2.45374 12.99
    endloop
  endfacet
  facet normal -0.416247 -0.720968 0.554025
    outer loop
      vertex 9.83912 4.90748 12.99
      vertex 11.2332 3.5 12.2058
      vertex 11.8412 3.5 12.6626
    endloop
  endfacet
  facet normal -0.416237 -0.720965 0.554037
    outer loop
      vertex 11.2332 3.5 12.2058
      vertex 9.83912 4.90748 12.99
      vertex 9.75521 4.04145 11.8
    endloop
  endfacet
  facet normal -0.416242 -0.720907 0.554108
    outer loop
      vertex 14.0891 2.45374 12.99
      vertex 11.8412 3.5 12.6626
      vertex 11.9825 3.22549 12.4116
    endloop
  endfacet
  facet normal -0.416243 0.720969 0.554027
    outer loop
      vertex 13.2552 -2.02073 11.8
      vertex 11.9825 -3.22549 12.4116
      vertex 14.0891 -2.45374 12.99
    endloop
  endfacet
  facet normal -0.416263 0.720977 0.554001
    outer loop
      vertex 11.9825 -3.22549 12.4116
      vertex 13.2552 -2.02073 11.8
      vertex 12.3268 -2.55675 11.8
    endloop
  endfacet
  facet normal -0.416237 0.720921 0.554094
    outer loop
      vertex 11.2332 -3.5 12.2058
      vertex 10.693 -3.5 11.8
      vertex 9.75521 -4.04145 11.8
    endloop
  endfacet
  facet normal 0 0 1
    outer loop
      vertex 12.3451 -2.52504 11.8
      vertex 13.2552 -2.02073 11.8
      vertex 13.2552 -0.95259 11.8
    endloop
  endfacet
  facet normal 0 0 1
    outer loop
      vertex 13.2552 -2.02073 11.8
      vertex 12.3451 -2.52504 11.8
      vertex 12.3268 -2.55675 11.8
    endloop
  endfacet
  facet normal 0 0 1
    outer loop
      vertex 13.2552 2.02073 11.8
      vertex 12.3451 2.52504 11.8
      vertex 13.2552 0.95259 11.8
    endloop
  endfacet
  facet normal -0 -0 1
    outer loop
      vertex 12.3451 2.52504 11.8
      vertex 13.2552 2.02073 11.8
      vertex 12.3268 2.55675 11.8
    endloop
  endfacet
  facet normal 0 0 1
    outer loop
      vertex 10.693 3.5 11.8
      vertex 9.75521 4.04145 11.8
      vertex 8.81739 3.5 11.8
    endloop
  endfacet
  facet normal 0 -0 1
    outer loop
      vertex 9.75521 -4.04145 11.8
      vertex 10.693 -3.5 11.8
      vertex 8.81739 -3.5 11.8
    endloop
  endfacet
  facet normal 0 0 1
    outer loop
      vertex 7.18363 -2.55675 11.8
      vertex 6.25521 -0.952589 11.8
      vertex 6.25521 -2.02073 11.8
    endloop
  endfacet
  facet normal 0 0 1
    outer loop
      vertex 7.18363 2.55675 11.8
      vertex 6.25521 2.02073 11.8
      vertex 6.25521 0.952589 11.8
    endloop
  endfacet
  facet normal 0.429687 -0.74424 0.511347
    outer loop
      vertex 8.81739 3.5 11.8
      vertex 9.75521 4.04145 11.8
      vertex 8.33447 3.5 12.2058
    endloop
  endfacet
  facet normal 0.429695 -0.744247 0.51133
    outer loop
      vertex 6.25521 2.02073 11.8
      vertex 7.61326 3.22514 12.4118
      vertex 5.58912 2.45374 12.99
    endloop
  endfacet
  facet normal 0.429687 -0.744244 0.511342
    outer loop
      vertex 7.61326 3.22514 12.4118
      vertex 6.25521 2.02073 11.8
      vertex 7.18363 2.55675 11.8
    endloop
  endfacet
  facet normal -1 0 0
    outer loop
      vertex 14.0891 -2.45374 12.99
      vertex 14.0891 2.45374 13
      vertex 14.0891 2.45374 12.99
    endloop
  endfacet
  facet normal -1 -0 0
    outer loop
      vertex 14.0891 2.45374 13
      vertex 14.0891 -2.45374 12.99
      vertex 14.0891 -2.45374 13
    endloop
  endfacet
  facet normal -0.818941 0 0.573878
    outer loop
      vertex 13.2552 0.95259 11.8
      vertex 14.0891 2.45374 12.99
      vertex 13.2552 2.02073 11.8
    endloop
  endfacet
  facet normal -0.818939 -3.6134e-06 0.573881
    outer loop
      vertex 13.8676 0 12.6739
      vertex 14.0891 2.45374 12.99
      vertex 13.2552 0.95259 11.8
    endloop
  endfacet
  facet normal -0.818941 0 0.573878
    outer loop
      vertex 14.0891 -2.45374 12.99
      vertex 13.2552 -0.95259 11.8
      vertex 13.2552 -2.02073 11.8
    endloop
  endfacet
  facet normal -0.818952 0 0.573862
    outer loop
      vertex 13.8676 0 12.6739
      vertex 14.0891 -2.45374 12.99
      vertex 14.0891 2.45374 12.99
    endloop
  endfacet
  facet normal -0.818939 3.6134e-06 0.573881
    outer loop
      vertex 13.2552 -0.95259 11.8
      vertex 14.0891 -2.45374 12.99
      vertex 13.8676 0 12.6739
    endloop
  endfacet
  facet normal 0.492697 0.861814 -0.120527
    outer loop
      vertex 13.4828 3.74285 1
      vertex 11.4774 6.40718 11.8532
      vertex 14.8006 4.50369 11.8273
    endloop
  endfacet
  facet normal 0.4927 0.861812 -0.120526
    outer loop
      vertex 9.9656 5.75364 1
      vertex 11.4774 6.40718 11.8532
      vertex 13.4828 3.74285 1
    endloop
  endfacet
  facet normal 0.492688 0.861819 -0.120525
    outer loop
      vertex 11.4774 6.40718 11.8532
      vertex 9.9656 5.75364 1
      vertex 11.2867 6.51641 11.8547
    endloop
  endfacet
  facet normal 0.499995 -0.866028 1.05138e-06
    outer loop
      vertex 13.5172 11.8456 1
      vertex 14.8145 12.5946 11.8
      vertex 11.3145 10.5739 11.8
    endloop
  endfacet
  facet normal 0.499999 -0.866026 2.02116e-06
    outer loop
      vertex 13.5172 11.8456 1
      vertex 11.3145 10.5739 11.8
      vertex 9.9828 9.80502 1
    endloop
  endfacet
  facet normal 0.499054 -0.866571 0.000157221
    outer loop
      vertex 9.9828 9.80502 1
      vertex 11.3145 10.5739 11.8
      vertex 11.3006 10.5659 11.8273
    endloop
  endfacet
  facet normal 0.498653 -0.866802 0.000215916
    outer loop
      vertex 14.8145 12.5946 11.8
      vertex 13.5172 11.8456 1
      vertex 14.835 12.6064 11.8272
    endloop
  endfacet
  facet normal -0.992701 0.00421455 0.120531
    outer loop
      vertex 17.0172 5.78343 1
      vertex 18.3405 7.62202 11.8345
      vertex 17.032 9.26944 1
    endloop
  endfacet
  facet normal -0.992701 0.00424962 0.120525
    outer loop
      vertex 18.3405 7.62202 11.8345
      vertex 17.0172 5.78343 1
      vertex 18.335 6.54427 11.8272
    endloop
  endfacet
  facet normal 0.992701 -0.00422299 -0.120526
    outer loop
      vertex 11.2867 6.51641 11.8547
      vertex 9.9828 9.80502 1
      vertex 11.3006 10.5659 11.8273
    endloop
  endfacet
  facet normal 0.992702 -0.00421448 -0.120523
    outer loop
      vertex 11.2867 6.51641 11.8547
      vertex 9.9656 5.75364 1
      vertex 9.9828 9.80502 1
    endloop
  endfacet
  facet normal -0.992701 0.00421402 0.120525
    outer loop
      vertex 17.032 9.26944 1
      vertex 18.3555 10.5976 11.8545
      vertex 17.0344 9.83481 1
    endloop
  endfacet
  facet normal -0.992701 0.00419413 0.120528
    outer loop
      vertex 18.3555 10.5976 11.8545
      vertex 17.032 9.26944 1
      vertex 18.3405 7.62202 11.8345
    endloop
  endfacet
  facet normal -0.492698 -0.861813 0.120529
    outer loop
      vertex 17.0344 9.83481 1
      vertex 15.7711 12.0723 11.8345
      vertex 16.5436 10.1154 1
    endloop
  endfacet
  facet normal -0.492697 -0.861813 0.120529
    outer loop
      vertex 15.7711 12.0723 11.8345
      vertex 17.0344 9.83481 1
      vertex 18.3555 10.5976 11.8545
    endloop
  endfacet
  facet normal -0.499999 0.866026 3.44944e-07
    outer loop
      vertex 18.3145 6.53242 11.8
      vertex 17.0172 5.78343 1
      vertex 14.8145 4.5117 11.8
    endloop
  endfacet
  facet normal -0.50054 0.865713 8.70302e-05
    outer loop
      vertex 17.0172 5.78343 1
      vertex 18.3145 6.53242 11.8
      vertex 18.335 6.54427 11.8272
    endloop
  endfacet
  facet normal -0.499999 0.866026 3.84467e-07
    outer loop
      vertex 13.4828 3.74285 1
      vertex 14.8145 4.5117 11.8
      vertex 17.0172 5.78343 1
    endloop
  endfacet
  facet normal -0.499428 0.866355 -9.33743e-05
    outer loop
      vertex 14.8145 4.5117 11.8
      vertex 13.4828 3.74285 1
      vertex 14.8006 4.50369 11.8273
    endloop
  endfacet
  facet normal -0.49217 -0.862121 0.120482
    outer loop
      vertex 13.5172 11.8456 1
      vertex 14.9175 12.5594 11.8279
      vertex 14.835 12.6064 11.8272
    endloop
  endfacet
  facet normal -0.4927 -0.861812 0.12053
    outer loop
      vertex 16.5436 10.1154 1
      vertex 14.9175 12.5594 11.8279
      vertex 13.5172 11.8456 1
    endloop
  endfacet
  facet normal -0.492714 -0.861804 0.120526
    outer loop
      vertex 14.9175 12.5594 11.8279
      vertex 16.5436 10.1154 1
      vertex 15.7711 12.0723 11.8345
    endloop
  endfacet
  facet normal 0 0 1
    outer loop
      vertex 16.5436 10.1154 1
      vertex 17.032 9.26944 1
      vertex 17.0344 9.83481 1
    endloop
  endfacet
  facet normal 0 0 1
    outer loop
      vertex 9.9656 5.75364 1
      vertex 17.032 9.26944 1
      vertex 16.5436 10.1154 1
    endloop
  endfacet
  facet normal 0 0 1
    outer loop
      vertex 9.9828 9.80502 1
      vertex 16.5436 10.1154 1
      vertex 13.5172 11.8456 1
    endloop
  endfacet
  facet normal 0 0 1
    outer loop
      vertex 17.032 9.26944 1
      vertex 13.4828 3.74285 1
      vertex 17.0172 5.78343 1
    endloop
  endfacet
  facet normal 0 0 1
    outer loop
      vertex 9.9656 5.75364 1
      vertex 16.5436 10.1154 1
      vertex 9.9828 9.80502 1
    endloop
  endfacet
  facet normal 0 0 1
    outer loop
      vertex 17.032 9.26944 1
      vertex 9.9656 5.75364 1
      vertex 13.4828 3.74285 1
    endloop
  endfacet
  facet normal 0.422995 -0.732658 0.533187
    outer loop
      vertex 11.3145 10.5739 11.8
      vertex 14.8145 12.5946 11.8
      vertex 10.7105 11.0912 12.99
    endloop
  endfacet
  facet normal 0.499999 0.866026 -0
    outer loop
      vertex 14.9605 3.73 12.99
      vertex 10.7105 6.18373 13
      vertex 14.9605 3.73 13
    endloop
  endfacet
  facet normal 0.499999 0.866026 0
    outer loop
      vertex 10.7105 6.18373 13
      vertex 14.9605 3.73 12.99
      vertex 10.7105 6.18373 12.99
    endloop
  endfacet
  facet normal -0.399432 -0.691843 0.601504
    outer loop
      vertex 19.2105 11.0912 12.99
      vertex 15.7711 12.0723 11.8345
      vertex 18.3555 10.5976 11.8545
    endloop
  endfacet
  facet normal -0.399433 -0.691822 0.601528
    outer loop
      vertex 15.7711 12.0723 11.8345
      vertex 19.2105 11.0912 12.99
      vertex 14.9175 12.5594 11.8279
    endloop
  endfacet
  facet normal 0.891369 -0.00195298 0.453275
    outer loop
      vertex 10.7105 11.0912 12.99
      vertex 11.3006 10.5659 11.8273
      vertex 11.3145 10.5739 11.8
    endloop
  endfacet
  facet normal 0.891727 -0 0.452574
    outer loop
      vertex 10.7105 6.18373 12.99
      vertex 11.3006 10.5659 11.8273
      vertex 10.7105 11.0912 12.99
    endloop
  endfacet
  facet normal 0.891725 1.40125e-06 0.452578
    outer loop
      vertex 11.3006 10.5659 11.8273
      vertex 10.7105 6.18373 12.99
      vertex 11.2867 6.51641 11.8547
    endloop
  endfacet
  facet normal -0.499999 0.866026 0
    outer loop
      vertex 19.2105 6.18373 12.99
      vertex 14.9605 3.73 13
      vertex 19.2105 6.18373 13
    endloop
  endfacet
  facet normal -0.499999 0.866026 0
    outer loop
      vertex 14.9605 3.73 13
      vertex 19.2105 6.18373 12.99
      vertex 14.9605 3.73 12.99
    endloop
  endfacet
  facet normal 0.445861 0.772257 0.452579
    outer loop
      vertex 11.4774 6.40718 11.8532
      vertex 10.7105 6.18373 12.99
      vertex 14.9605 3.73 12.99
    endloop
  endfacet
  facet normal 0.445885 0.772236 0.452591
    outer loop
      vertex 10.7105 6.18373 12.99
      vertex 11.4774 6.40718 11.8532
      vertex 11.2867 6.51641 11.8547
    endloop
  endfacet
  facet normal 1 -0 0
    outer loop
      vertex 10.7105 6.18373 13
      vertex 10.7105 11.0912 12.99
      vertex 10.7105 11.0912 13
    endloop
  endfacet
  facet normal 1 0 0
    outer loop
      vertex 10.7105 11.0912 12.99
      vertex 10.7105 6.18373 13
      vertex 10.7105 6.18373 12.99
    endloop
  endfacet
  facet normal -0.798855 -1.6006e-05 0.601523
    outer loop
      vertex 18.3405 7.62202 11.8345
      vertex 19.2105 11.0912 12.99
      vertex 18.3555 10.5976 11.8545
    endloop
  endfacet
  facet normal -0.798877 2.70355e-06 0.601494
    outer loop
      vertex 19.2105 6.18373 12.99
      vertex 18.3405 7.62202 11.8345
      vertex 18.335 6.54427 11.8272
    endloop
  endfacet
  facet normal -0.798879 0 0.601492
    outer loop
      vertex 18.3405 7.62202 11.8345
      vertex 19.2105 6.18373 12.99
      vertex 19.2105 11.0912 12.99
    endloop
  endfacet
  facet normal -0.798757 0.000806009 0.601653
    outer loop
      vertex 19.2105 6.18373 12.99
      vertex 18.335 6.54427 11.8272
      vertex 18.3145 6.53242 11.8
    endloop
  endfacet
  facet normal 0.422995 -0.732631 0.533223
    outer loop
      vertex 14.8145 12.5946 11.8
      vertex 14.9605 13.545 12.99
      vertex 10.7105 11.0912 12.99
    endloop
  endfacet
  facet normal 0.500009 -0.86602 0
    outer loop
      vertex 10.7105 11.0912 12.99
      vertex 14.9605 13.545 13
      vertex 10.7105 11.0912 13
    endloop
  endfacet
  facet normal 0.500009 -0.86602 0
    outer loop
      vertex 14.9605 13.545 13
      vertex 10.7105 11.0912 12.99
      vertex 14.9605 13.545 12.99
    endloop
  endfacet
  facet normal -0.399433 -0.691822 0.601528
    outer loop
      vertex 14.9605 13.545 12.99
      vertex 14.9175 12.5594 11.8279
      vertex 19.2105 11.0912 12.99
    endloop
  endfacet
  facet normal -0.399266 -0.69188 0.601571
    outer loop
      vertex 14.9605 13.545 12.99
      vertex 14.835 12.6064 11.8272
      vertex 14.9175 12.5594 11.8279
    endloop
  endfacet
  facet normal -0.399896 -0.691632 0.601439
    outer loop
      vertex 14.8145 12.5946 11.8
      vertex 14.835 12.6064 11.8272
      vertex 14.9605 13.545 12.99
    endloop
  endfacet
  facet normal -0.423001 0.732661 0.533177
    outer loop
      vertex 19.2105 6.18373 12.99
      vertex 18.3145 6.53242 11.8
      vertex 14.9605 3.73 12.99
    endloop
  endfacet
  facet normal -0.423001 0.732662 0.533176
    outer loop
      vertex 14.9605 3.73 12.99
      vertex 18.3145 6.53242 11.8
      vertex 14.8145 4.5117 11.8
    endloop
  endfacet
  facet normal 0.445869 0.772261 0.452564
    outer loop
      vertex 14.9605 3.73 12.99
      vertex 14.8006 4.50369 11.8273
      vertex 11.4774 6.40718 11.8532
    endloop
  endfacet
  facet normal 0.444534 0.772737 0.453064
    outer loop
      vertex 14.8006 4.50369 11.8273
      vertex 14.9605 3.73 12.99
      vertex 14.8145 4.5117 11.8
    endloop
  endfacet
  facet normal -0.500009 -0.86602 0
    outer loop
      vertex 14.9605 13.545 12.99
      vertex 19.2105 11.0912 13
      vertex 14.9605 13.545 13
    endloop
  endfacet
  facet normal -0.500009 -0.86602 -0
    outer loop
      vertex 19.2105 11.0912 13
      vertex 14.9605 13.545 12.99
      vertex 19.2105 11.0912 12.99
    endloop
  endfacet
  facet normal -1 0 0
    outer loop
      vertex 19.2105 6.18373 12.99
      vertex 19.2105 11.0912 13
      vertex 19.2105 11.0912 12.99
    endloop
  endfacet
  facet normal -1 -0 0
    outer loop
      vertex 19.2105 11.0912 13
      vertex 19.2105 6.18373 12.99
      vertex 19.2105 6.18373 13
    endloop
  endfacet
  facet normal 0.861829 -0.492671 -0.120523
    outer loop
      vertex 7.40922 -14.0027 12.1819
      vertex 6.95941 -12.0541 1
      vertex 7.78325 -13.481 12.7239
    endloop
  endfacet
  facet normal 0.86181 -0.492703 -0.120528
    outer loop
      vertex 7.14565 -14.3703 11.8
      vertex 6.95941 -12.0541 1
      vertex 7.40922 -14.0027 12.1819
    endloop
  endfacet
  facet normal 0.861831 -0.492666 -0.120534
    outer loop
      vertex 5.13613 -15.2433 1
      vertex 7.14565 -14.3703 11.8
      vertex 7.08677 -14.4733 11.8
    endloop
  endfacet
  facet normal 0.861811 -0.492701 -0.120528
    outer loop
      vertex 7.14565 -14.3703 11.8
      vertex 5.13613 -15.2433 1
      vertex 6.95941 -12.0541 1
    endloop
  endfacet
  facet normal 0.861806 -0.492711 -0.120526
    outer loop
      vertex 6.25892 -15.9213 11.8
      vertex 5.13613 -15.2433 1
      vertex 7.08677 -14.4733 11.8
    endloop
  endfacet
  facet normal 0.861822 -0.492683 -0.120526
    outer loop
      vertex 5.13613 -15.2433 1
      vertex 6.25892 -15.9213 11.8
      vertex 4.94862 -15.5713 1
    endloop
  endfacet
  facet normal 0.861803 -0.492715 -0.120525
    outer loop
      vertex 4.94862 -15.5713 1
      vertex 6.25892 -15.9213 11.8
      vertex 5.76907 -16.9923 12.6757
    endloop
  endfacet
  facet normal -0.00416607 -0.992702 -0.120521
    outer loop
      vertex 8.99082 -13.374 11.8
      vertex 10.633 -12.0697 1
      vertex 10.6588 -13.381 11.8
    endloop
  endfacet
  facet normal -0.00420414 -0.992702 -0.120521
    outer loop
      vertex 11.0108 -12.0713 1
      vertex 10.6588 -13.381 11.8
      vertex 10.633 -12.0697 1
    endloop
  endfacet
  facet normal -0.00420926 -0.992702 -0.120521
    outer loop
      vertex 10.6588 -13.381 11.8
      vertex 11.0108 -12.0713 1
      vertex 11.4859 -13.4595 12.4177
    endloop
  endfacet
  facet normal -0.00424634 -0.992702 -0.120519
    outer loop
      vertex 11.4859 -13.4595 12.4177
      vertex 11.0108 -12.0713 1
      vertex 11.8313 -13.4923 12.6757
    endloop
  endfacet
  facet normal -0.00410045 -0.992701 -0.120532
    outer loop
      vertex 6.95941 -12.0541 1
      vertex 8.13718 -13.446 12.4236
      vertex 7.78325 -13.481 12.7239
    endloop
  endfacet
  facet normal -0.0042004 -0.992702 -0.120522
    outer loop
      vertex 6.95941 -12.0541 1
      vertex 8.87219 -13.3734 11.8
      vertex 8.13718 -13.446 12.4236
    endloop
  endfacet
  facet normal -0.00421554 -0.992702 -0.120519
    outer loop
      vertex 10.633 -12.0697 1
      vertex 8.87219 -13.3734 11.8
      vertex 6.95941 -12.0541 1
    endloop
  endfacet
  facet normal -0.00502073 -0.992683 -0.120648
    outer loop
      vertex 8.87219 -13.3734 11.8
      vertex 10.633 -12.0697 1
      vertex 8.99082 -13.374 11.8
    endloop
  endfacet
  facet normal 0.0041674 0.992702 0.120518
    outer loop
      vertex 10.6456 -20.4324 11.8
      vertex 11.0406 -19.1229 1
      vertex 8.85905 -20.4249 11.8
    endloop
  endfacet
  facet normal 0.00423848 0.992702 0.12052
    outer loop
      vertex 11.152 -20.481 12.1825
      vertex 11.0406 -19.1229 1
      vertex 10.6456 -20.4324 11.8
    endloop
  endfacet
  facet normal 0.00431543 0.992702 0.120519
    outer loop
      vertex 11.0406 -19.1229 1
      vertex 11.152 -20.481 12.1825
      vertex 11.8642 -20.5494 12.7204
    endloop
  endfacet
  facet normal 0.00421446 0.992701 0.120527
    outer loop
      vertex 6.9892 -19.1057 1
      vertex 8.85905 -20.4249 11.8
      vertex 11.0406 -19.1229 1
    endloop
  endfacet
  facet normal 0.00424089 0.992702 0.120522
    outer loop
      vertex 8.85905 -20.4249 11.8
      vertex 6.9892 -19.1057 1
      vertex 8.38922 -20.4704 12.1913
    endloop
  endfacet
  facet normal 0.00428347 0.992702 0.120517
    outer loop
      vertex 8.38922 -20.4704 12.1913
      vertex 6.9892 -19.1057 1
      vertex 7.80954 -20.5265 12.674
    endloop
  endfacet
  facet normal 0.866037 0.49998 -5.82279e-06
    outer loop
      vertex 6.25892 -17.8408 11.8
      vertex 4.94862 -15.5713 1
      vertex 5.76907 -16.9923 12.6757
    endloop
  endfacet
  facet normal 0.866026 0.499999 -6.35484e-07
    outer loop
      vertex 6.25892 -17.8408 11.8
      vertex 6.9892 -19.1057 1
      vertex 4.94862 -15.5713 1
    endloop
  endfacet
  facet normal 0.866018 0.500012 -2.70107e-06
    outer loop
      vertex 7.19674 -19.4651 11.8
      vertex 6.9892 -19.1057 1
      vertex 6.25892 -17.8408 11.8
    endloop
  endfacet
  facet normal 0.86602 0.500009 -2.83847e-06
    outer loop
      vertex 7.62428 -20.2056 12.4098
      vertex 6.9892 -19.1057 1
      vertex 7.19674 -19.4651 11.8
    endloop
  endfacet
  facet normal 0.866042 0.499972 -7.63012e-06
    outer loop
      vertex 6.9892 -19.1057 1
      vertex 7.62428 -20.2056 12.4098
      vertex 7.80954 -20.5265 12.674
    endloop
  endfacet
  facet normal -0.861814 0.492698 0.120522
    outer loop
      vertex 13.0514 -15.6057 1
      vertex 13.2589 -17.8846 11.8
      vertex 13.8717 -17.0265 12.674
    endloop
  endfacet
  facet normal -0.861812 0.492702 0.120523
    outer loop
      vertex 11.0406 -19.1229 1
      vertex 13.2589 -17.8846 11.8
      vertex 13.0514 -15.6057 1
    endloop
  endfacet
  facet normal -0.861815 0.492696 0.120524
    outer loop
      vertex 11.0406 -19.1229 1
      vertex 12.3722 -19.4356 11.8
      vertex 13.2589 -17.8846 11.8
    endloop
  endfacet
  facet normal -0.861824 0.492679 0.120525
    outer loop
      vertex 11.0406 -19.1229 1
      vertex 12.0283 -20.1896 12.4231
      vertex 12.3722 -19.4356 11.8
    endloop
  endfacet
  facet normal -0.861836 0.49266 0.120524
    outer loop
      vertex 12.0283 -20.1896 12.4231
      vertex 11.0406 -19.1229 1
      vertex 11.8642 -20.5494 12.7204
    endloop
  endfacet
  facet normal -0.866072 -0.499919 1.95181e-05
    outer loop
      vertex 11.0108 -12.0713 1
      vertex 12.0941 -13.9476 12.2058
      vertex 11.8313 -13.4923 12.6757
    endloop
  endfacet
  facet normal -0.866036 -0.499981 5.60763e-06
    outer loop
      vertex 11.0108 -12.0713 1
      vertex 12.3211 -14.3408 11.8
      vertex 12.0941 -13.9476 12.2058
    endloop
  endfacet
  facet normal -0.866024 -0.500002 -3.94312e-07
    outer loop
      vertex 13.0514 -15.6057 1
      vertex 12.3211 -14.3408 11.8
      vertex 11.0108 -12.0713 1
    endloop
  endfacet
  facet normal -0.866023 -0.500004 -1.51558e-07
    outer loop
      vertex 13.0514 -15.6057 1
      vertex 13.2589 -15.9651 11.8
      vertex 12.3211 -14.3408 11.8
    endloop
  endfacet
  facet normal -0.866025 -0.5 1.39819e-08
    outer loop
      vertex 13.2589 -15.9651 11.8
      vertex 13.0514 -15.6057 1
      vertex 13.8717 -17.0265 12.674
    endloop
  endfacet
  facet normal 0 0 1
    outer loop
      vertex 10.633 -12.0697 1
      vertex 13.0514 -15.6057 1
      vertex 11.0108 -12.0713 1
    endloop
  endfacet
  facet normal 0 0 1
    outer loop
      vertex 13.0514 -15.6057 1
      vertex 10.633 -12.0697 1
      vertex 11.0406 -19.1229 1
    endloop
  endfacet
  facet normal -0 0 1
    outer loop
      vertex 5.13613 -15.2433 1
      vertex 11.0406 -19.1229 1
      vertex 10.633 -12.0697 1
    endloop
  endfacet
  facet normal 0 0 1
    outer loop
      vertex 5.13613 -15.2433 1
      vertex 10.633 -12.0697 1
      vertex 6.95941 -12.0541 1
    endloop
  endfacet
  facet normal 0 0 1
    outer loop
      vertex 11.0406 -19.1229 1
      vertex 5.13613 -15.2433 1
      vertex 6.9892 -19.1057 1
    endloop
  endfacet
  facet normal 0 0 1
    outer loop
      vertex 6.9892 -19.1057 1
      vertex 5.13613 -15.2433 1
      vertex 4.94862 -15.5713 1
    endloop
  endfacet
  facet normal 0.449263 -0.778138 0.438935
    outer loop
      vertex 8.87219 -13.3734 11.8
      vertex 9.84324 -12.1415 12.99
      vertex 8.13718 -13.446 12.4236
    endloop
  endfacet
  facet normal 0.449213 -0.778142 0.438979
    outer loop
      vertex 9.84324 -12.1415 12.99
      vertex 8.87219 -13.3734 11.8
      vertex 9.75892 -12.8615 11.8
    endloop
  endfacet
  facet normal 0.449213 -0.778142 0.438979
    outer loop
      vertex 7.14565 -14.3703 11.8
      vertex 7.40922 -14.0027 12.1819
      vertex 6.25892 -14.8822 11.8
    endloop
  endfacet
  facet normal 1 -0 0
    outer loop
      vertex 5.59324 -19.5027 13
      vertex 5.59324 -14.5953 12.99
      vertex 5.59324 -14.5953 13
    endloop
  endfacet
  facet normal 1 0 0
    outer loop
      vertex 5.59324 -14.5953 12.99
      vertex 5.59324 -19.5027 13
      vertex 5.59324 -19.5027 12.99
    endloop
  endfacet
  facet normal -0.395837 0.685586 0.61097
    outer loop
      vertex 14.0932 -19.5027 12.99
      vertex 11.8642 -20.5494 12.7204
      vertex 9.84324 -21.9565 12.99
    endloop
  endfacet
  facet normal -0.395804 0.685479 0.611113
    outer loop
      vertex 11.8642 -20.5494 12.7204
      vertex 14.0932 -19.5027 12.99
      vertex 12.0283 -20.1896 12.4231
    endloop
  endfacet
  facet normal -0.395743 0.685484 0.611145
    outer loop
      vertex 11.152 -20.481 12.1825
      vertex 9.84324 -21.9565 12.99
      vertex 11.8642 -20.5494 12.7204
    endloop
  endfacet
  facet normal -0.395814 0.685508 0.611073
    outer loop
      vertex 9.84324 -21.9565 12.99
      vertex 11.152 -20.481 12.1825
      vertex 9.75892 -20.9444 11.8
    endloop
  endfacet
  facet normal 0.500009 -0.86602 0
    outer loop
      vertex 5.59324 -14.5953 12.99
      vertex 9.84324 -12.1415 13
      vertex 5.59324 -14.5953 13
    endloop
  endfacet
  facet normal 0.500009 -0.86602 0
    outer loop
      vertex 9.84324 -12.1415 13
      vertex 5.59324 -14.5953 12.99
      vertex 9.84324 -12.1415 12.99
    endloop
  endfacet
  facet normal -0.436332 -0.755816 0.488218
    outer loop
      vertex 10.6588 -13.381 11.8
      vertex 9.84324 -12.1415 12.99
      vertex 9.75892 -12.8615 11.8
    endloop
  endfacet
  facet normal -0.436342 -0.755815 0.48821
    outer loop
      vertex 9.84324 -12.1415 12.99
      vertex 10.6588 -13.381 11.8
      vertex 11.4859 -13.4595 12.4177
    endloop
  endfacet
  facet normal -0.436328 -0.755796 0.488252
    outer loop
      vertex 12.3211 -14.3408 11.8
      vertex 13.2589 -14.8822 11.8
      vertex 12.0941 -13.9476 12.2058
    endloop
  endfacet
  facet normal -0.500013 0.866018 0
    outer loop
      vertex 14.0932 -19.5027 12.99
      vertex 9.84324 -21.9565 13
      vertex 14.0932 -19.5027 13
    endloop
  endfacet
  facet normal -0.500013 0.866018 0
    outer loop
      vertex 9.84324 -21.9565 13
      vertex 14.0932 -19.5027 12.99
      vertex 9.84324 -21.9565 12.99
    endloop
  endfacet
  facet normal 0.872731 0 0.488201
    outer loop
      vertex 5.59324 -14.5953 12.99
      vertex 6.25892 -15.9213 11.8
      vertex 6.25892 -14.8822 11.8
    endloop
  endfacet
  facet normal 0.872733 5.18695e-06 0.488197
    outer loop
      vertex 5.59324 -14.5953 12.99
      vertex 5.76907 -16.9923 12.6757
      vertex 6.25892 -15.9213 11.8
    endloop
  endfacet
  facet normal 0.872734 -5.12515e-06 0.488196
    outer loop
      vertex 5.59324 -19.5027 12.99
      vertex 6.25892 -17.8408 11.8
      vertex 5.76907 -16.9923 12.6757
    endloop
  endfacet
  facet normal 0.872731 0 0.488201
    outer loop
      vertex 6.25892 -17.8408 11.8
      vertex 5.59324 -19.5027 12.99
      vertex 6.25892 -18.9237 11.8
    endloop
  endfacet
  facet normal 0.872717 -0 0.488227
    outer loop
      vertex 5.59324 -19.5027 12.99
      vertex 5.76907 -16.9923 12.6757
      vertex 5.59324 -14.5953 12.99
    endloop
  endfacet
  facet normal 0.409417 0.709113 0.574053
    outer loop
      vertex 9.84324 -21.9565 12.99
      vertex 7.80954 -20.5265 12.674
      vertex 5.59324 -19.5027 12.99
    endloop
  endfacet
  facet normal 0.409406 0.709102 0.574073
    outer loop
      vertex 9.84324 -21.9565 12.99
      vertex 8.38922 -20.4704 12.1913
      vertex 7.80954 -20.5265 12.674
    endloop
  endfacet
  facet normal 0.409398 0.709099 0.574083
    outer loop
      vertex 8.38922 -20.4704 12.1913
      vertex 9.84324 -21.9565 12.99
      vertex 9.75892 -20.9444 11.8
    endloop
  endfacet
  facet normal 0.4094 0.70905 0.574143
    outer loop
      vertex 5.59324 -19.5027 12.99
      vertex 7.80954 -20.5265 12.674
      vertex 7.62428 -20.2056 12.4098
    endloop
  endfacet
  facet normal 0.409369 0.709114 0.574086
    outer loop
      vertex 6.25892 -18.9237 11.8
      vertex 7.62428 -20.2056 12.4098
      vertex 7.19674 -19.4651 11.8
    endloop
  endfacet
  facet normal 0.4094 0.709128 0.574046
    outer loop
      vertex 7.62428 -20.2056 12.4098
      vertex 6.25892 -18.9237 11.8
      vertex 5.59324 -19.5027 12.99
    endloop
  endfacet
  facet normal 0.409397 0.709152 0.574019
    outer loop
      vertex 9.75892 -20.9444 11.8
      vertex 8.85905 -20.4249 11.8
      vertex 8.38922 -20.4704 12.1913
    endloop
  endfacet
  facet normal 0.500009 0.86602 -0
    outer loop
      vertex 9.84324 -21.9565 12.99
      vertex 5.59324 -19.5027 13
      vertex 9.84324 -21.9565 13
    endloop
  endfacet
  facet normal 0.500009 0.86602 0
    outer loop
      vertex 5.59324 -19.5027 13
      vertex 9.84324 -21.9565 12.99
      vertex 5.59324 -19.5027 12.99
    endloop
  endfacet
  facet normal -0.43641 -0.755859 0.488082
    outer loop
      vertex 9.84324 -12.1415 12.99
      vertex 11.8313 -13.4923 12.6757
      vertex 14.0932 -14.5953 12.99
    endloop
  endfacet
  facet normal -0.43639 -0.75584 0.48813
    outer loop
      vertex 11.8313 -13.4923 12.6757
      vertex 9.84324 -12.1415 12.99
      vertex 11.4859 -13.4595 12.4177
    endloop
  endfacet
  facet normal -0.43639 -0.755773 0.488232
    outer loop
      vertex 12.0941 -13.9476 12.2058
      vertex 14.0932 -14.5953 12.99
      vertex 11.8313 -13.4923 12.6757
    endloop
  endfacet
  facet normal -0.436379 -0.755823 0.488165
    outer loop
      vertex 14.0932 -14.5953 12.99
      vertex 12.0941 -13.9476 12.2058
      vertex 13.2589 -14.8822 11.8
    endloop
  endfacet
  facet normal -0.500013 -0.866018 0
    outer loop
      vertex 9.84324 -12.1415 12.99
      vertex 14.0932 -14.5953 13
      vertex 9.84324 -12.1415 13
    endloop
  endfacet
  facet normal -0.500013 -0.866018 -0
    outer loop
      vertex 14.0932 -14.5953 13
      vertex 9.84324 -12.1415 12.99
      vertex 14.0932 -14.5953 12.99
    endloop
  endfacet
  facet normal 0.44925 -0.778104 0.439009
    outer loop
      vertex 5.59324 -14.5953 12.99
      vertex 7.78325 -13.481 12.7239
      vertex 9.84324 -12.1415 12.99
    endloop
  endfacet
  facet normal 0.449256 -0.778129 0.438957
    outer loop
      vertex 5.59324 -14.5953 12.99
      vertex 7.40922 -14.0027 12.1819
      vertex 7.78325 -13.481 12.7239
    endloop
  endfacet
  facet normal 0.449247 -0.778159 0.438915
    outer loop
      vertex 7.40922 -14.0027 12.1819
      vertex 5.59324 -14.5953 12.99
      vertex 6.25892 -14.8822 11.8
    endloop
  endfacet
  facet normal 0.449306 -0.77816 0.438852
    outer loop
      vertex 9.84324 -12.1415 12.99
      vertex 7.78325 -13.481 12.7239
      vertex 8.13718 -13.446 12.4236
    endloop
  endfacet
  facet normal -0.395805 0.685537 0.611047
    outer loop
      vertex 13.2589 -18.9237 11.8
      vertex 12.0283 -20.1896 12.4231
      vertex 14.0932 -19.5027 12.99
    endloop
  endfacet
  facet normal -0.395754 0.685515 0.611104
    outer loop
      vertex 12.0283 -20.1896 12.4231
      vertex 13.2589 -18.9237 11.8
      vertex 12.3722 -19.4356 11.8
    endloop
  endfacet
  facet normal -0.395813 0.685467 0.61112
    outer loop
      vertex 11.152 -20.481 12.1825
      vertex 10.6456 -20.4324 11.8
      vertex 9.75892 -20.9444 11.8
    endloop
  endfacet
  facet normal 0 0 1
    outer loop
      vertex 9.75892 -12.8615 11.8
      vertex 8.99082 -13.374 11.8
      vertex 10.6588 -13.381 11.8
    endloop
  endfacet
  facet normal 0 -0 1
    outer loop
      vertex 8.99082 -13.374 11.8
      vertex 9.75892 -12.8615 11.8
      vertex 8.87219 -13.3734 11.8
    endloop
  endfacet
  facet normal 0 0 1
    outer loop
      vertex 6.25892 -14.8822 11.8
      vertex 7.08677 -14.4733 11.8
      vertex 7.14565 -14.3703 11.8
    endloop
  endfacet
  facet normal 0 0 1
    outer loop
      vertex 7.08677 -14.4733 11.8
      vertex 6.25892 -14.8822 11.8
      vertex 6.25892 -15.9213 11.8
    endloop
  endfacet
  facet normal 0 -0 1
    outer loop
      vertex 13.2589 -15.9651 11.8
      vertex 13.2589 -14.8822 11.8
      vertex 12.3211 -14.3408 11.8
    endloop
  endfacet
  facet normal 0 -0 1
    outer loop
      vertex 13.2589 -18.9237 11.8
      vertex 13.2589 -17.8846 11.8
      vertex 12.3722 -19.4356 11.8
    endloop
  endfacet
  facet normal 0 0 1
    outer loop
      vertex 7.19674 -19.4651 11.8
      vertex 6.25892 -17.8408 11.8
      vertex 6.25892 -18.9237 11.8
    endloop
  endfacet
  facet normal 0 -0 1
    outer loop
      vertex 9.75892 -20.9444 11.8
      vertex 10.6456 -20.4324 11.8
      vertex 8.85905 -20.4249 11.8
    endloop
  endfacet
  facet normal -1 0 0
    outer loop
      vertex 14.0932 -19.5027 12.99
      vertex 14.0932 -14.5953 13
      vertex 14.0932 -14.5953 12.99
    endloop
  endfacet
  facet normal -1 -0 0
    outer loop
      vertex 14.0932 -14.5953 13
      vertex 14.0932 -19.5027 12.99
      vertex 14.0932 -19.5027 13
    endloop
  endfacet
  facet normal -0.818811 0 0.574063
    outer loop
      vertex 13.2589 -15.9651 11.8
      vertex 14.0932 -14.5953 12.99
      vertex 13.2589 -14.8822 11.8
    endloop
  endfacet
  facet normal -0.818802 -1.79052e-05 0.574076
    outer loop
      vertex 13.8717 -17.0265 12.674
      vertex 14.0932 -14.5953 12.99
      vertex 13.2589 -15.9651 11.8
    endloop
  endfacet
  facet normal -0.818811 0 0.574063
    outer loop
      vertex 14.0932 -19.5027 12.99
      vertex 13.2589 -17.8846 11.8
      vertex 13.2589 -18.9237 11.8
    endloop
  endfacet
  facet normal -0.818867 0 0.573984
    outer loop
      vertex 13.8717 -17.0265 12.674
      vertex 14.0932 -19.5027 12.99
      vertex 14.0932 -14.5953 12.99
    endloop
  endfacet
  facet normal -0.8188 1.80883e-05 0.574079
    outer loop
      vertex 13.2589 -17.8846 11.8
      vertex 14.0932 -19.5027 12.99
      vertex 13.8717 -17.0265 12.674
    endloop
  endfacet
  facet normal 0.992702 0.00421448 -0.120523
    outer loop
      vertex 11.2867 -6.51641 11.8547
      vertex 9.9828 -9.80502 1
      vertex 9.9656 -5.75364 1
    endloop
  endfacet
  facet normal 0.992701 0.00422299 -0.120526
    outer loop
      vertex 9.9828 -9.80502 1
      vertex 11.2867 -6.51641 11.8547
      vertex 11.3006 -10.5659 11.8273
    endloop
  endfacet
  facet normal -0.492714 0.861804 0.120526
    outer loop
      vertex 16.5436 -10.1154 1
      vertex 14.9175 -12.5594 11.8279
      vertex 15.7711 -12.0723 11.8345
    endloop
  endfacet
  facet normal -0.4927 0.861812 0.12053
    outer loop
      vertex 13.5172 -11.8456 1
      vertex 14.9175 -12.5594 11.8279
      vertex 16.5436 -10.1154 1
    endloop
  endfacet
  facet normal -0.49217 0.862121 0.120482
    outer loop
      vertex 14.9175 -12.5594 11.8279
      vertex 13.5172 -11.8456 1
      vertex 14.835 -12.6064 11.8272
    endloop
  endfacet
  facet normal 0.492688 -0.861819 -0.120525
    outer loop
      vertex 9.9656 -5.75364 1
      vertex 11.4774 -6.40718 11.8532
      vertex 11.2867 -6.51641 11.8547
    endloop
  endfacet
  facet normal 0.4927 -0.861812 -0.120526
    outer loop
      vertex 11.4774 -6.40718 11.8532
      vertex 9.9656 -5.75364 1
      vertex 13.4828 -3.74285 1
    endloop
  endfacet
  facet normal 0.492697 -0.861814 -0.120527
    outer loop
      vertex 11.4774 -6.40718 11.8532
      vertex 13.4828 -3.74285 1
      vertex 14.8006 -4.50369 11.8273
    endloop
  endfacet
  facet normal -0.492697 0.861813 0.120529
    outer loop
      vertex 17.0344 -9.83481 1
      vertex 15.7711 -12.0723 11.8345
      vertex 18.3555 -10.5976 11.8545
    endloop
  endfacet
  facet normal -0.492698 0.861813 0.120529
    outer loop
      vertex 15.7711 -12.0723 11.8345
      vertex 17.0344 -9.83481 1
      vertex 16.5436 -10.1154 1
    endloop
  endfacet
  facet normal -0.992701 -0.00421402 0.120525
    outer loop
      vertex 18.3555 -10.5976 11.8545
      vertex 17.032 -9.26944 1
      vertex 17.0344 -9.83481 1
    endloop
  endfacet
  facet normal -0.992701 -0.00419413 0.120528
    outer loop
      vertex 17.032 -9.26944 1
      vertex 18.3555 -10.5976 11.8545
      vertex 18.3405 -7.62202 11.8345
    endloop
  endfacet
  facet normal 0.499995 0.866028 1.05138e-06
    outer loop
      vertex 14.8145 -12.5946 11.8
      vertex 13.5172 -11.8456 1
      vertex 11.3145 -10.5739 11.8
    endloop
  endfacet
  facet normal 0.498653 0.866802 0.000215916
    outer loop
      vertex 13.5172 -11.8456 1
      vertex 14.8145 -12.5946 11.8
      vertex 14.835 -12.6064 11.8272
    endloop
  endfacet
  facet normal 0.499999 0.866026 2.02116e-06
    outer loop
      vertex 9.9828 -9.80502 1
      vertex 11.3145 -10.5739 11.8
      vertex 13.5172 -11.8456 1
    endloop
  endfacet
  facet normal 0.499054 0.866571 0.000157221
    outer loop
      vertex 11.3145 -10.5739 11.8
      vertex 9.9828 -9.80502 1
      vertex 11.3006 -10.5659 11.8273
    endloop
  endfacet
  facet normal -0.992701 -0.00424962 0.120525
    outer loop
      vertex 17.0172 -5.78343 1
      vertex 18.3405 -7.62202 11.8345
      vertex 18.335 -6.54427 11.8272
    endloop
  endfacet
  facet normal -0.992701 -0.00421455 0.120531
    outer loop
      vertex 18.3405 -7.62202 11.8345
      vertex 17.0172 -5.78343 1
      vertex 17.032 -9.26944 1
    endloop
  endfacet
  facet normal -0.499428 -0.866355 -9.33743e-05
    outer loop
      vertex 14.8006 -4.50369 11.8273
      vertex 13.4828 -3.74285 1
      vertex 14.8145 -4.5117 11.8
    endloop
  endfacet
  facet normal -0.499999 -0.866026 3.44944e-07
    outer loop
      vertex 17.0172 -5.78343 1
      vertex 18.3145 -6.53242 11.8
      vertex 14.8145 -4.5117 11.8
    endloop
  endfacet
  facet normal -0.499999 -0.866026 3.84467e-07
    outer loop
      vertex 17.0172 -5.78343 1
      vertex 14.8145 -4.5117 11.8
      vertex 13.4828 -3.74285 1
    endloop
  endfacet
  facet normal -0.50054 -0.865713 8.70302e-05
    outer loop
      vertex 18.3145 -6.53242 11.8
      vertex 17.0172 -5.78343 1
      vertex 18.335 -6.54427 11.8272
    endloop
  endfacet
  facet normal 0 0 1
    outer loop
      vertex 13.4828 -3.74285 1
      vertex 17.032 -9.26944 1
      vertex 17.0172 -5.78343 1
    endloop
  endfacet
  facet normal 0 0 1
    outer loop
      vertex 17.032 -9.26944 1
      vertex 16.5436 -10.1154 1
      vertex 17.0344 -9.83481 1
    endloop
  endfacet
  facet normal -0 0 1
    outer loop
      vertex 9.9656 -5.75364 1
      vertex 17.032 -9.26944 1
      vertex 13.4828 -3.74285 1
    endloop
  endfacet
  facet normal 0 0 1
    outer loop
      vertex 17.032 -9.26944 1
      vertex 9.9656 -5.75364 1
      vertex 16.5436 -10.1154 1
    endloop
  endfacet
  facet normal 0 0 1
    outer loop
      vertex 16.5436 -10.1154 1
      vertex 9.9828 -9.80502 1
      vertex 13.5172 -11.8456 1
    endloop
  endfacet
  facet normal 0 0 1
    outer loop
      vertex 16.5436 -10.1154 1
      vertex 9.9656 -5.75364 1
      vertex 9.9828 -9.80502 1
    endloop
  endfacet
  facet normal 0.422995 0.732631 0.533223
    outer loop
      vertex 14.9605 -13.545 12.99
      vertex 14.8145 -12.5946 11.8
      vertex 10.7105 -11.0912 12.99
    endloop
  endfacet
  facet normal -0.798757 -0.000806009 0.601653
    outer loop
      vertex 18.335 -6.54427 11.8272
      vertex 19.2105 -6.18373 12.99
      vertex 18.3145 -6.53242 11.8
    endloop
  endfacet
  facet normal -0.798877 -2.70355e-06 0.601494
    outer loop
      vertex 18.3405 -7.62202 11.8345
      vertex 19.2105 -6.18373 12.99
      vertex 18.335 -6.54427 11.8272
    endloop
  endfacet
  facet normal -0.798855 1.6006e-05 0.601523
    outer loop
      vertex 19.2105 -11.0912 12.99
      vertex 18.3405 -7.62202 11.8345
      vertex 18.3555 -10.5976 11.8545
    endloop
  endfacet
  facet normal -0.798879 0 0.601492
    outer loop
      vertex 18.3405 -7.62202 11.8345
      vertex 19.2105 -11.0912 12.99
      vertex 19.2105 -6.18373 12.99
    endloop
  endfacet
  facet normal 0.499999 -0.866026 0
    outer loop
      vertex 10.7105 -6.18373 12.99
      vertex 14.9605 -3.73 13
      vertex 10.7105 -6.18373 13
    endloop
  endfacet
  facet normal 0.499999 -0.866026 0
    outer loop
      vertex 14.9605 -3.73 13
      vertex 10.7105 -6.18373 12.99
      vertex 14.9605 -3.73 12.99
    endloop
  endfacet
  facet normal -0.423001 -0.732662 0.533176
    outer loop
      vertex 18.3145 -6.53242 11.8
      vertex 14.9605 -3.73 12.99
      vertex 14.8145 -4.5117 11.8
    endloop
  endfacet
  facet normal -0.399432 0.691843 0.601504
    outer loop
      vertex 15.7711 -12.0723 11.8345
      vertex 19.2105 -11.0912 12.99
      vertex 18.3555 -10.5976 11.8545
    endloop
  endfacet
  facet normal -0.399433 0.691822 0.601528
    outer loop
      vertex 19.2105 -11.0912 12.99
      vertex 15.7711 -12.0723 11.8345
      vertex 14.9175 -12.5594 11.8279
    endloop
  endfacet
  facet normal -0.500009 0.86602 0
    outer loop
      vertex 19.2105 -11.0912 12.99
      vertex 14.9605 -13.545 13
      vertex 19.2105 -11.0912 13
    endloop
  endfacet
  facet normal -0.500009 0.86602 0
    outer loop
      vertex 14.9605 -13.545 13
      vertex 19.2105 -11.0912 12.99
      vertex 14.9605 -13.545 12.99
    endloop
  endfacet
  facet normal 0.891725 -1.40125e-06 0.452578
    outer loop
      vertex 10.7105 -6.18373 12.99
      vertex 11.3006 -10.5659 11.8273
      vertex 11.2867 -6.51641 11.8547
    endloop
  endfacet
  facet normal 0.891369 0.00195298 0.453275
    outer loop
      vertex 11.3006 -10.5659 11.8273
      vertex 10.7105 -11.0912 12.99
      vertex 11.3145 -10.5739 11.8
    endloop
  endfacet
  facet normal 0.891727 -0 0.452574
    outer loop
      vertex 10.7105 -11.0912 12.99
      vertex 11.3006 -10.5659 11.8273
      vertex 10.7105 -6.18373 12.99
    endloop
  endfacet
  facet normal 1 -0 0
    outer loop
      vertex 10.7105 -11.0912 13
      vertex 10.7105 -6.18373 12.99
      vertex 10.7105 -6.18373 13
    endloop
  endfacet
  facet normal 1 0 0
    outer loop
      vertex 10.7105 -6.18373 12.99
      vertex 10.7105 -11.0912 13
      vertex 10.7105 -11.0912 12.99
    endloop
  endfacet
  facet normal -1 0 0
    outer loop
      vertex 19.2105 -11.0912 12.99
      vertex 19.2105 -6.18373 13
      vertex 19.2105 -6.18373 12.99
    endloop
  endfacet
  facet normal -1 -0 0
    outer loop
      vertex 19.2105 -6.18373 13
      vertex 19.2105 -11.0912 12.99
      vertex 19.2105 -11.0912 13
    endloop
  endfacet
  facet normal -0.399433 0.691822 0.601528
    outer loop
      vertex 14.9175 -12.5594 11.8279
      vertex 14.9605 -13.545 12.99
      vertex 19.2105 -11.0912 12.99
    endloop
  endfacet
  facet normal -0.399266 0.69188 0.601571
    outer loop
      vertex 14.835 -12.6064 11.8272
      vertex 14.9605 -13.545 12.99
      vertex 14.9175 -12.5594 11.8279
    endloop
  endfacet
  facet normal -0.399896 0.691632 0.601439
    outer loop
      vertex 14.835 -12.6064 11.8272
      vertex 14.8145 -12.5946 11.8
      vertex 14.9605 -13.545 12.99
    endloop
  endfacet
  facet normal 0.422995 0.732658 0.533187
    outer loop
      vertex 14.8145 -12.5946 11.8
      vertex 11.3145 -10.5739 11.8
      vertex 10.7105 -11.0912 12.99
    endloop
  endfacet
  facet normal -0.423001 -0.732661 0.533177
    outer loop
      vertex 18.3145 -6.53242 11.8
      vertex 19.2105 -6.18373 12.99
      vertex 14.9605 -3.73 12.99
    endloop
  endfacet
  facet normal 0.445869 -0.772261 0.452564
    outer loop
      vertex 14.8006 -4.50369 11.8273
      vertex 14.9605 -3.73 12.99
      vertex 11.4774 -6.40718 11.8532
    endloop
  endfacet
  facet normal 0.444534 -0.772737 0.453064
    outer loop
      vertex 14.9605 -3.73 12.99
      vertex 14.8006 -4.50369 11.8273
      vertex 14.8145 -4.5117 11.8
    endloop
  endfacet
  facet normal 0.445885 -0.772236 0.452591
    outer loop
      vertex 11.4774 -6.40718 11.8532
      vertex 10.7105 -6.18373 12.99
      vertex 11.2867 -6.51641 11.8547
    endloop
  endfacet
  facet normal 0.445861 -0.772257 0.452579
    outer loop
      vertex 10.7105 -6.18373 12.99
      vertex 11.4774 -6.40718 11.8532
      vertex 14.9605 -3.73 12.99
    endloop
  endfacet
  facet normal 0.500009 0.86602 -0
    outer loop
      vertex 14.9605 -13.545 12.99
      vertex 10.7105 -11.0912 13
      vertex 14.9605 -13.545 13
    endloop
  endfacet
  facet normal 0.500009 0.86602 0
    outer loop
      vertex 10.7105 -11.0912 13
      vertex 14.9605 -13.545 12.99
      vertex 10.7105 -11.0912 12.99
    endloop
  endfacet
  facet normal -0.499999 -0.866026 0
    outer loop
      vertex 14.9605 -3.73 12.99
      vertex 19.2105 -6.18373 13
      vertex 14.9605 -3.73 13
    endloop
  endfacet
  facet normal -0.499999 -0.866026 -0
    outer loop
      vertex 19.2105 -6.18373 13
      vertex 14.9605 -3.73 12.99
      vertex 19.2105 -6.18373 12.99
    endloop
  endfacet
  facet normal 0.857606 0.499985 -0.12053
    outer loop
      vertex 16.0178 -0.996819 11.8
      vertex 13.9188 0 1
      vertex 15.5665 0 12.7239
    endloop
  endfacet
  facet normal 0.857418 0.500323 -0.120462
    outer loop
      vertex 16.0776 -1.0993 11.8
      vertex 13.9188 0 1
      vertex 16.0178 -0.996819 11.8
    endloop
  endfacet
  facet normal 0.857597 0.5 -0.12053
    outer loop
      vertex 13.9188 0 1
      vertex 16.0776 -1.0993 11.8
      vertex 15.7691 -3.17362 1
    endloop
  endfacet
  facet normal 0.857601 0.499993 -0.120529
    outer loop
      vertex 16.9177 -2.54026 11.8
      vertex 15.7691 -3.17362 1
      vertex 16.0776 -1.0993 11.8
    endloop
  endfacet
  facet normal 0.857614 0.499972 -0.120527
    outer loop
      vertex 15.9594 -3.5 1
      vertex 16.9177 -2.54026 11.8
      vertex 17.3992 -3.21728 12.4177
    endloop
  endfacet
  facet normal 0.857587 0.500019 -0.120525
    outer loop
      vertex 15.9594 -3.5 1
      vertex 17.3992 -3.21728 12.4177
      vertex 17.6003 -3.5 12.6757
    endloop
  endfacet
  facet normal 0.857583 0.500025 -0.120529
    outer loop
      vertex 16.9177 -2.54026 11.8
      vertex 15.9594 -3.5 1
      vertex 15.7691 -3.17362 1
    endloop
  endfacet
  facet normal 0.857587 -0.500019 -0.120525
    outer loop
      vertex 17.3992 3.21728 12.4177
      vertex 15.9594 3.5 1
      vertex 17.6003 3.5 12.6757
    endloop
  endfacet
  facet normal 0.857614 -0.499972 -0.120527
    outer loop
      vertex 16.9177 2.54026 11.8
      vertex 15.9594 3.5 1
      vertex 17.3992 3.21728 12.4177
    endloop
  endfacet
  facet normal 0.857583 -0.500025 -0.120529
    outer loop
      vertex 15.9594 3.5 1
      vertex 16.9177 2.54026 11.8
      vertex 15.7691 3.17362 1
    endloop
  endfacet
  facet normal 0.857601 -0.499993 -0.120529
    outer loop
      vertex 15.7691 3.17362 1
      vertex 16.9177 2.54026 11.8
      vertex 16.0776 1.0993 11.8
    endloop
  endfacet
  facet normal 0.857418 -0.500323 -0.120462
    outer loop
      vertex 13.9188 0 1
      vertex 16.0776 1.0993 11.8
      vertex 16.0178 0.996819 11.8
    endloop
  endfacet
  facet normal 0.857606 -0.499985 -0.12053
    outer loop
      vertex 13.9188 0 1
      vertex 16.0178 0.996819 11.8
      vertex 15.5665 0 12.7239
    endloop
  endfacet
  facet normal 0.857597 -0.5 -0.12053
    outer loop
      vertex 16.0776 1.0993 11.8
      vertex 13.9188 0 1
      vertex 15.7691 3.17362 1
    endloop
  endfacet
  facet normal 0 1 0
    outer loop
      vertex 20.0406 -3.5 1
      vertex 21.0247 -3.5 12.2058
      vertex 21.6813 -3.5 12.674
    endloop
  endfacet
  facet normal 0 1 0
    outer loop
      vertex 20.4557 -3.5 11.8
      vertex 20.0406 -3.5 1
      vertex 18.58 -3.5 11.8
    endloop
  endfacet
  facet normal 0 1 0
    outer loop
      vertex 21.0247 -3.5 12.2058
      vertex 20.0406 -3.5 1
      vertex 20.4557 -3.5 11.8
    endloop
  endfacet
  facet normal 0 1 0
    outer loop
      vertex 15.9594 -3.5 1
      vertex 18.58 -3.5 11.8
      vertex 20.0406 -3.5 1
    endloop
  endfacet
  facet normal 0 1 0
    outer loop
      vertex 18.58 -3.5 11.8
      vertex 15.9594 -3.5 1
      vertex 18.126 -3.5 12.2058
    endloop
  endfacet
  facet normal 0 1 0
    outer loop
      vertex 18.126 -3.5 12.2058
      vertex 15.9594 -3.5 1
      vertex 17.6003 -3.5 12.6757
    endloop
  endfacet
  facet normal -0.857569 0.500049 0.120524
    outer loop
      vertex 22.0812 0 1
      vertex 23.0178 -0.99682 11.8
      vertex 23.7284 0 12.7204
    endloop
  endfacet
  facet normal -0.857613 0.499974 0.120521
    outer loop
      vertex 22.0812 0 1
      vertex 22.118 -2.54026 11.8
      vertex 23.0178 -0.99682 11.8
    endloop
  endfacet
  facet normal -0.857596 0.500003 0.120527
    outer loop
      vertex 20.0406 -3.5 1
      vertex 22.118 -2.54026 11.8
      vertex 22.0812 0 1
    endloop
  endfacet
  facet normal -0.85759 0.500013 0.120525
    outer loop
      vertex 22.118 -2.54026 11.8
      vertex 20.0406 -3.5 1
      vertex 21.8096 -3.21798 12.4172
    endloop
  endfacet
  facet normal -0.85764 0.499925 0.120535
    outer loop
      vertex 21.8096 -3.21798 12.4172
      vertex 20.0406 -3.5 1
      vertex 21.6813 -3.5 12.674
    endloop
  endfacet
  facet normal -0.85764 -0.499925 0.120535
    outer loop
      vertex 20.0406 3.5 1
      vertex 21.8096 3.21798 12.4172
      vertex 21.6813 3.5 12.674
    endloop
  endfacet
  facet normal -0.85759 -0.500013 0.120525
    outer loop
      vertex 20.0406 3.5 1
      vertex 22.118 2.54026 11.8
      vertex 21.8096 3.21798 12.4172
    endloop
  endfacet
  facet normal -0.857612 -0.499974 0.120533
    outer loop
      vertex 20.0406 3.5 1
      vertex 23.0178 0.99682 11.8
      vertex 22.118 2.54026 11.8
    endloop
  endfacet
  facet normal -0.857596 -0.500003 0.120522
    outer loop
      vertex 22.0812 0 1
      vertex 23.0178 0.99682 11.8
      vertex 20.0406 3.5 1
    endloop
  endfacet
  facet normal -0.857569 -0.500049 0.120524
    outer loop
      vertex 23.0178 0.99682 11.8
      vertex 22.0812 0 1
      vertex 23.7284 0 12.7204
    endloop
  endfacet
  facet normal 0 -1 0
    outer loop
      vertex 20.0406 3.5 1
      vertex 18.58 3.5 11.8
      vertex 15.9594 3.5 1
    endloop
  endfacet
  facet normal 0 -1 -0
    outer loop
      vertex 18.126 3.5 12.2058
      vertex 15.9594 3.5 1
      vertex 18.58 3.5 11.8
    endloop
  endfacet
  facet normal 0 -1 0
    outer loop
      vertex 15.9594 3.5 1
      vertex 18.126 3.5 12.2058
      vertex 17.6003 3.5 12.6757
    endloop
  endfacet
  facet normal 0 -1 0
    outer loop
      vertex 20.0406 3.5 1
      vertex 21.0247 3.5 12.2058
      vertex 20.4557 3.5 11.8
    endloop
  endfacet
  facet normal 0 -1 0
    outer loop
      vertex 18.58 3.5 11.8
      vertex 20.0406 3.5 1
      vertex 20.4557 3.5 11.8
    endloop
  endfacet
  facet normal 0 -1 -0
    outer loop
      vertex 21.0247 3.5 12.2058
      vertex 20.0406 3.5 1
      vertex 21.6813 3.5 12.674
    endloop
  endfacet
  facet normal -0 0 1
    outer loop
      vertex 15.7691 3.17362 1
      vertex 22.0812 0 1
      vertex 20.0406 3.5 1
    endloop
  endfacet
  facet normal 0 0 1
    outer loop
      vertex 15.7691 3.17362 1
      vertex 20.0406 3.5 1
      vertex 15.9594 3.5 1
    endloop
  endfacet
  facet normal 0 0 1
    outer loop
      vertex 15.7691 -3.17362 1
      vertex 22.0812 0 1
      vertex 15.7691 3.17362 1
    endloop
  endfacet
  facet normal 0 0 1
    outer loop
      vertex 22.0812 0 1
      vertex 15.7691 -3.17362 1
      vertex 20.0406 -3.5 1
    endloop
  endfacet
  facet normal 0 0 1
    outer loop
      vertex 20.0406 -3.5 1
      vertex 15.7691 -3.17362 1
      vertex 15.9594 -3.5 1
    endloop
  endfacet
  facet normal 0 -0 1
    outer loop
      vertex 15.7691 -3.17362 1
      vertex 15.7691 3.17362 1
      vertex 13.9188 0 1
    endloop
  endfacet
  facet normal 1 -0 0
    outer loop
      vertex 15.4365 -2.45374 13
      vertex 15.4365 2.45374 12.99
      vertex 15.4365 2.45374 13
    endloop
  endfacet
  facet normal 1 0 0
    outer loop
      vertex 15.4365 2.45374 12.99
      vertex 15.4365 -2.45374 13
      vertex 15.4365 -2.45374 12.99
    endloop
  endfacet
  facet normal -0.409426 0.709146 0.574006
    outer loop
      vertex 23.9365 -2.45374 12.99
      vertex 21.6813 -3.5 12.674
      vertex 19.6865 -4.90748 12.99
    endloop
  endfacet
  facet normal -0.4094 0.709049 0.574143
    outer loop
      vertex 21.6813 -3.5 12.674
      vertex 23.9365 -2.45374 12.99
      vertex 21.8096 -3.21798 12.4172
    endloop
  endfacet
  facet normal -0.409375 0.709096 0.574104
    outer loop
      vertex 21.0247 -3.5 12.2058
      vertex 19.6865 -4.90748 12.99
      vertex 21.6813 -3.5 12.674
    endloop
  endfacet
  facet normal -0.409389 0.7091 0.574089
    outer loop
      vertex 19.6865 -4.90748 12.99
      vertex 21.0247 -3.5 12.2058
      vertex 19.5178 -4.04145 11.8
    endloop
  endfacet
  facet normal 0.5 -0.866025 0
    outer loop
      vertex 15.4365 2.45374 12.99
      vertex 19.6865 4.90748 13
      vertex 15.4365 2.45374 13
    endloop
  endfacet
  facet normal 0.5 -0.866025 0
    outer loop
      vertex 19.6865 4.90748 13
      vertex 15.4365 2.45374 12.99
      vertex 19.6865 4.90748 12.99
    endloop
  endfacet
  facet normal -0.5 0.866025 0
    outer loop
      vertex 23.9365 -2.45374 12.99
      vertex 19.6865 -4.90748 13
      vertex 23.9365 -2.45374 13
    endloop
  endfacet
  facet normal -0.5 0.866025 0
    outer loop
      vertex 19.6865 -4.90748 13
      vertex 23.9365 -2.45374 12.99
      vertex 19.6865 -4.90748 12.99
    endloop
  endfacet
  facet normal 0.898527 0 0.438919
    outer loop
      vertex 15.4365 2.45374 12.99
      vertex 16.0178 0.996819 11.8
      vertex 16.0178 2.02073 11.8
    endloop
  endfacet
  facet normal 0.898529 5.70216e-06 0.438913
    outer loop
      vertex 15.4365 2.45374 12.99
      vertex 15.5665 0 12.7239
      vertex 16.0178 0.996819 11.8
    endloop
  endfacet
  facet normal 0.898529 -5.70216e-06 0.438913
    outer loop
      vertex 15.4365 -2.45374 12.99
      vertex 16.0178 -0.996819 11.8
      vertex 15.5665 0 12.7239
    endloop
  endfacet
  facet normal 0.898527 0 0.438919
    outer loop
      vertex 16.0178 -0.996819 11.8
      vertex 15.4365 -2.45374 12.99
      vertex 16.0178 -2.02073 11.8
    endloop
  endfacet
  facet normal 0.898509 -0 0.438956
    outer loop
      vertex 15.4365 -2.45374 12.99
      vertex 15.5665 0 12.7239
      vertex 15.4365 2.45374 12.99
    endloop
  endfacet
  facet normal 0.436369 0.755812 0.488191
    outer loop
      vertex 19.6865 -4.90748 12.99
      vertex 17.6003 -3.5 12.6757
      vertex 15.4365 -2.45374 12.99
    endloop
  endfacet
  facet normal 0.43637 0.755813 0.488188
    outer loop
      vertex 19.6865 -4.90748 12.99
      vertex 18.126 -3.5 12.2058
      vertex 17.6003 -3.5 12.6757
    endloop
  endfacet
  facet normal 0.436371 0.755814 0.488186
    outer loop
      vertex 18.126 -3.5 12.2058
      vertex 19.6865 -4.90748 12.99
      vertex 19.5178 -4.04145 11.8
    endloop
  endfacet
  facet normal 0.436377 0.755847 0.48813
    outer loop
      vertex 15.4365 -2.45374 12.99
      vertex 17.6003 -3.5 12.6757
      vertex 17.3992 -3.21728 12.4177
    endloop
  endfacet
  facet normal 0.436334 0.755793 0.48825
    outer loop
      vertex 16.0178 -2.02073 11.8
      vertex 17.3992 -3.21728 12.4177
      vertex 16.9177 -2.54026 11.8
    endloop
  endfacet
  facet normal 0.436378 0.75581 0.488185
    outer loop
      vertex 17.3992 -3.21728 12.4177
      vertex 16.0178 -2.02073 11.8
      vertex 15.4365 -2.45374 12.99
    endloop
  endfacet
  facet normal 0.436372 0.755803 0.488203
    outer loop
      vertex 19.5178 -4.04145 11.8
      vertex 18.58 -3.5 11.8
      vertex 18.126 -3.5 12.2058
    endloop
  endfacet
  facet normal 0.5 0.866025 -0
    outer loop
      vertex 19.6865 -4.90748 12.99
      vertex 15.4365 -2.45374 13
      vertex 19.6865 -4.90748 13
    endloop
  endfacet
  facet normal 0.5 0.866025 0
    outer loop
      vertex 15.4365 -2.45374 13
      vertex 19.6865 -4.90748 12.99
      vertex 15.4365 -2.45374 12.99
    endloop
  endfacet
  facet normal -0.409426 -0.709105 0.574056
    outer loop
      vertex 23.0178 2.02073 11.8
      vertex 21.8096 3.21798 12.4172
      vertex 22.118 2.54026 11.8
    endloop
  endfacet
  facet normal -0.409401 -0.709095 0.574086
    outer loop
      vertex 21.8096 3.21798 12.4172
      vertex 23.0178 2.02073 11.8
      vertex 23.9365 2.45374 12.99
    endloop
  endfacet
  facet normal -0.40939 -0.709145 0.574033
    outer loop
      vertex 20.4557 3.5 11.8
      vertex 21.0247 3.5 12.2058
      vertex 19.5178 4.04145 11.8
    endloop
  endfacet
  facet normal -0.5 -0.866025 0
    outer loop
      vertex 19.6865 4.90748 12.99
      vertex 23.9365 2.45374 13
      vertex 19.6865 4.90748 13
    endloop
  endfacet
  facet normal -0.5 -0.866025 -0
    outer loop
      vertex 23.9365 2.45374 13
      vertex 19.6865 4.90748 12.99
      vertex 23.9365 2.45374 12.99
    endloop
  endfacet
  facet normal 0.436369 -0.755812 0.488191
    outer loop
      vertex 15.4365 2.45374 12.99
      vertex 17.6003 3.5 12.6757
      vertex 19.6865 4.90748 12.99
    endloop
  endfacet
  facet normal 0.436377 -0.755847 0.48813
    outer loop
      vertex 17.6003 3.5 12.6757
      vertex 15.4365 2.45374 12.99
      vertex 17.3992 3.21728 12.4177
    endloop
  endfacet
  facet normal 0.43637 -0.755813 0.488188
    outer loop
      vertex 18.126 3.5 12.2058
      vertex 19.6865 4.90748 12.99
      vertex 17.6003 3.5 12.6757
    endloop
  endfacet
  facet normal 0.436371 -0.755814 0.488186
    outer loop
      vertex 19.6865 4.90748 12.99
      vertex 18.126 3.5 12.2058
      vertex 19.5178 4.04145 11.8
    endloop
  endfacet
  facet normal -0.409426 -0.709146 0.574006
    outer loop
      vertex 19.6865 4.90748 12.99
      vertex 21.6813 3.5 12.674
      vertex 23.9365 2.45374 12.99
    endloop
  endfacet
  facet normal -0.409375 -0.709096 0.574104
    outer loop
      vertex 19.6865 4.90748 12.99
      vertex 21.0247 3.5 12.2058
      vertex 21.6813 3.5 12.674
    endloop
  endfacet
  facet normal -0.409389 -0.7091 0.574089
    outer loop
      vertex 21.0247 3.5 12.2058
      vertex 19.6865 4.90748 12.99
      vertex 19.5178 4.04145 11.8
    endloop
  endfacet
  facet normal -0.4094 -0.709049 0.574143
    outer loop
      vertex 23.9365 2.45374 12.99
      vertex 21.6813 3.5 12.674
      vertex 21.8096 3.21798 12.4172
    endloop
  endfacet
  facet normal -0.409401 0.709095 0.574086
    outer loop
      vertex 23.0178 -2.02073 11.8
      vertex 21.8096 -3.21798 12.4172
      vertex 23.9365 -2.45374 12.99
    endloop
  endfacet
  facet normal -0.409426 0.709105 0.574056
    outer loop
      vertex 21.8096 -3.21798 12.4172
      vertex 23.0178 -2.02073 11.8
      vertex 22.118 -2.54026 11.8
    endloop
  endfacet
  facet normal -0.40939 0.709145 0.574033
    outer loop
      vertex 21.0247 -3.5 12.2058
      vertex 20.4557 -3.5 11.8
      vertex 19.5178 -4.04145 11.8
    endloop
  endfacet
  facet normal 0 -0 1
    outer loop
      vertex 23.0178 -2.02073 11.8
      vertex 23.0178 -0.99682 11.8
      vertex 22.118 -2.54026 11.8
    endloop
  endfacet
  facet normal 0 -0 1
    outer loop
      vertex 23.0178 0.99682 11.8
      vertex 23.0178 2.02073 11.8
      vertex 22.118 2.54026 11.8
    endloop
  endfacet
  facet normal 0 0 1
    outer loop
      vertex 20.4557 3.5 11.8
      vertex 19.5178 4.04145 11.8
      vertex 18.58 3.5 11.8
    endloop
  endfacet
  facet normal 0 -0 1
    outer loop
      vertex 19.5178 -4.04145 11.8
      vertex 20.4557 -3.5 11.8
      vertex 18.58 -3.5 11.8
    endloop
  endfacet
  facet normal 0 0 1
    outer loop
      vertex 16.0776 -1.0993 11.8
      vertex 16.0178 -2.02073 11.8
      vertex 16.9177 -2.54026 11.8
    endloop
  endfacet
  facet normal 0 0 1
    outer loop
      vertex 16.0178 -2.02073 11.8
      vertex 16.0776 -1.0993 11.8
      vertex 16.0178 -0.996819 11.8
    endloop
  endfacet
  facet normal -0 0 1
    outer loop
      vertex 16.0178 2.02073 11.8
      vertex 16.0776 1.0993 11.8
      vertex 16.9177 2.54026 11.8
    endloop
  endfacet
  facet normal 0 0 1
    outer loop
      vertex 16.0776 1.0993 11.8
      vertex 16.0178 2.02073 11.8
      vertex 16.0178 0.996819 11.8
    endloop
  endfacet
  facet normal 0.436372 -0.755803 0.488203
    outer loop
      vertex 18.58 3.5 11.8
      vertex 19.5178 4.04145 11.8
      vertex 18.126 3.5 12.2058
    endloop
  endfacet
  facet normal 0.436378 -0.75581 0.488185
    outer loop
      vertex 16.0178 2.02073 11.8
      vertex 17.3992 3.21728 12.4177
      vertex 15.4365 2.45374 12.99
    endloop
  endfacet
  facet normal 0.436334 -0.755793 0.48825
    outer loop
      vertex 17.3992 3.21728 12.4177
      vertex 16.0178 2.02073 11.8
      vertex 16.9177 2.54026 11.8
    endloop
  endfacet
  facet normal -1 0 0
    outer loop
      vertex 23.9365 -2.45374 12.99
      vertex 23.9365 2.45374 13
      vertex 23.9365 2.45374 12.99
    endloop
  endfacet
  facet normal -1 -0 0
    outer loop
      vertex 23.9365 2.45374 13
      vertex 23.9365 -2.45374 12.99
      vertex 23.9365 -2.45374 13
    endloop
  endfacet
  facet normal -0.791557 0 0.611095
    outer loop
      vertex 23.0178 0.99682 11.8
      vertex 23.9365 2.45374 12.99
      vertex 23.0178 2.02073 11.8
    endloop
  endfacet
  facet normal -0.791549 -1.3318e-05 0.611106
    outer loop
      vertex 23.7284 0 12.7204
      vertex 23.9365 2.45374 12.99
      vertex 23.0178 0.99682 11.8
    endloop
  endfacet
  facet normal -0.791557 0 0.611095
    outer loop
      vertex 23.9365 -2.45374 12.99
      vertex 23.0178 -0.99682 11.8
      vertex 23.0178 -2.02073 11.8
    endloop
  endfacet
  facet normal -0.791608 0 0.61103
    outer loop
      vertex 23.7284 0 12.7204
      vertex 23.9365 -2.45374 12.99
      vertex 23.9365 2.45374 12.99
    endloop
  endfacet
  facet normal -0.791549 1.3318e-05 0.611106
    outer loop
      vertex 23.0178 -0.99682 11.8
      vertex 23.9365 -2.45374 12.99
      vertex 23.7284 0 12.7204
    endloop
  endfacet
endsolid OpenSCAD_Model
