solid OpenSCAD_Model
  facet normal -0.541459 -0.31261 -0.780447
    outer loop
      vertex -37.9 -11.7202 0.37
      vertex -41.9 -3.86824 0
      vertex -37.5 -11.4893 0
    endloop
  endfacet
  facet normal 0 -0.625272 -0.780407
    outer loop
      vertex -22 -31.0614 0.37
      vertex 22 -30.5996 0
      vertex 22 -31.0614 0.37
    endloop
  endfacet
  facet normal -0 -0.625272 -0.780407
    outer loop
      vertex 22 -30.5996 0
      vertex -22 -31.0614 0.37
      vertex -22 -30.5996 0
    endloop
  endfacet
  facet normal -0.541458 -0.312612 -0.780447
    outer loop
      vertex -28.7 -26.7313 0
      vertex -33.5 -19.3412 0.37
      vertex -33.1 -19.1103 0
    endloop
  endfacet
  facet normal 0.500001 0.866025 -0
    outer loop
      vertex 29.1 26.9622 0.37
      vertex 22 31.0614 1.83
      vertex 29.1 26.9622 1.83
    endloop
  endfacet
  facet normal 0.500001 0.866025 0
    outer loop
      vertex 22 31.0614 1.83
      vertex 29.1 26.9622 0.37
      vertex 22 31.0614 0.37
    endloop
  endfacet
  facet normal -0.339557 0.588122 -0.734039
    outer loop
      vertex -22 30.5996 0
      vertex -28.7 26.7313 0
      vertex -22 31.0614 0.37
    endloop
  endfacet
  facet normal -0.866025 -0.500001 0
    outer loop
      vertex -33.5 -19.3412 0.37
      vertex -37.9 -11.7202 1.83
      vertex -37.9 -11.7202 0.37
    endloop
  endfacet
  facet normal -0.866025 -0.500001 0
    outer loop
      vertex -37.9 -11.7202 1.83
      vertex -33.5 -19.3412 0.37
      vertex -33.5 -19.3412 1.83
    endloop
  endfacet
  facet normal 0.541458 -0.312612 -0.780447
    outer loop
      vertex 33.5 -19.3412 0.37
      vertex 28.7 -26.7313 0
      vertex 33.1 -19.1103 0
    endloop
  endfacet
  facet normal -0.541458 0.312612 -0.780447
    outer loop
      vertex -33.1 19.1103 0
      vertex -33.5 19.3412 0.37
      vertex -28.7 26.7313 0
    endloop
  endfacet
  facet normal -0.339538 -0.588094 -0.73407
    outer loop
      vertex -22 -31.0614 0.37
      vertex -29.1 -26.9622 0.37
      vertex -28.7 -26.7313 0
    endloop
  endfacet
  facet normal -0.339557 -0.588122 -0.734039
    outer loop
      vertex -22 -31.0614 0.37
      vertex -28.7 -26.7313 0
      vertex -22 -30.5996 0
    endloop
  endfacet
  facet normal -0.541458 0.312612 -0.780447
    outer loop
      vertex -28.7 26.7313 0
      vertex -33.5 19.3412 0.37
      vertex -29.1 26.9622 0.37
    endloop
  endfacet
  facet normal 0.339538 -0.588094 -0.73407
    outer loop
      vertex 29.1 -26.9622 0.37
      vertex 22 -31.0614 0.37
      vertex 28.7 -26.7313 0
    endloop
  endfacet
  facet normal -0.541458 -0.312612 -0.780447
    outer loop
      vertex -29.1 -26.9622 0.37
      vertex -33.5 -19.3412 0.37
      vertex -28.7 -26.7313 0
    endloop
  endfacet
  facet normal 0 -1 0
    outer loop
      vertex -22 -31.0614 0.37
      vertex 22 -31.0614 1.83
      vertex -22 -31.0614 1.83
    endloop
  endfacet
  facet normal 0 -1 -0
    outer loop
      vertex 22 -31.0614 1.83
      vertex -22 -31.0614 0.37
      vertex 22 -31.0614 0.37
    endloop
  endfacet
  facet normal 1 -0 0
    outer loop
      vertex 42.3 -4.09917 1.83
      vertex 42.3 4.09917 0.37
      vertex 42.3 4.09917 1.83
    endloop
  endfacet
  facet normal 1 0 0
    outer loop
      vertex 42.3 4.09917 0.37
      vertex 42.3 -4.09917 1.83
      vertex 42.3 -4.09917 0.37
    endloop
  endfacet
  facet normal 0.866026 0.5 0
    outer loop
      vertex 42.3 4.09917 1.83
      vertex 37.9 11.7202 0.37
      vertex 37.9 11.7202 1.83
    endloop
  endfacet
  facet normal 0.866026 0.5 0
    outer loop
      vertex 37.9 11.7202 0.37
      vertex 42.3 4.09917 1.83
      vertex 42.3 4.09917 0.37
    endloop
  endfacet
  facet normal 0 0.625272 -0.780407
    outer loop
      vertex -22 30.5996 0
      vertex 22 31.0614 0.37
      vertex 22 30.5996 0
    endloop
  endfacet
  facet normal 0 0.625272 -0.780407
    outer loop
      vertex 22 31.0614 0.37
      vertex -22 30.5996 0
      vertex -22 31.0614 0.37
    endloop
  endfacet
  facet normal -0.500001 -0.866025 0
    outer loop
      vertex -29.1 -26.9622 0.37
      vertex -22 -31.0614 1.83
      vertex -29.1 -26.9622 1.83
    endloop
  endfacet
  facet normal -0.500001 -0.866025 -0
    outer loop
      vertex -22 -31.0614 1.83
      vertex -29.1 -26.9622 0.37
      vertex -22 -31.0614 0.37
    endloop
  endfacet
  facet normal -0.541458 0.312612 -0.780447
    outer loop
      vertex -37.5 11.4893 0
      vertex -33.5 19.3412 0.37
      vertex -33.1 19.1103 0
    endloop
  endfacet
  facet normal -0.541458 0.312612 -0.780447
    outer loop
      vertex -33.5 19.3412 0.37
      vertex -37.5 11.4893 0
      vertex -37.9 11.7202 0.37
    endloop
  endfacet
  facet normal -1 0 0
    outer loop
      vertex -42.3 -4.09917 0.37
      vertex -42.3 4.09917 1.83
      vertex -42.3 4.09917 0.37
    endloop
  endfacet
  facet normal -1 -0 0
    outer loop
      vertex -42.3 4.09917 1.83
      vertex -42.3 -4.09917 0.37
      vertex -42.3 -4.09917 1.83
    endloop
  endfacet
  facet normal -0.866025 0.500001 0
    outer loop
      vertex -37.9 11.7202 0.37
      vertex -33.5 19.3412 1.83
      vertex -33.5 19.3412 0.37
    endloop
  endfacet
  facet normal -0.866025 0.500001 0
    outer loop
      vertex -33.5 19.3412 1.83
      vertex -37.9 11.7202 0.37
      vertex -37.9 11.7202 1.83
    endloop
  endfacet
  facet normal 0.339557 0.588122 -0.734039
    outer loop
      vertex 28.7 26.7313 0
      vertex 22 30.5996 0
      vertex 22 31.0614 0.37
    endloop
  endfacet
  facet normal 0.339538 0.588094 -0.73407
    outer loop
      vertex 28.7 26.7313 0
      vertex 22 31.0614 0.37
      vertex 29.1 26.9622 0.37
    endloop
  endfacet
  facet normal -0.679042 0 -0.734099
    outer loop
      vertex -42.3 -4.09917 0.37
      vertex -41.9 3.86824 0
      vertex -41.9 -3.86824 0
    endloop
  endfacet
  facet normal -0.679042 0 -0.734099
    outer loop
      vertex -41.9 3.86824 0
      vertex -42.3 -4.09917 0.37
      vertex -42.3 4.09917 0.37
    endloop
  endfacet
  facet normal 0.679042 0 -0.734099
    outer loop
      vertex 41.9 -3.86824 0
      vertex 42.3 4.09917 0.37
      vertex 42.3 -4.09917 0.37
    endloop
  endfacet
  facet normal 0.679042 0 -0.734099
    outer loop
      vertex 42.3 4.09917 0.37
      vertex 41.9 -3.86824 0
      vertex 41.9 3.86824 0
    endloop
  endfacet
  facet normal 0.866025 0.500001 0
    outer loop
      vertex 33.5 19.3412 1.83
      vertex 29.1 26.9622 0.37
      vertex 29.1 26.9622 1.83
    endloop
  endfacet
  facet normal 0.866025 0.500001 0
    outer loop
      vertex 29.1 26.9622 0.37
      vertex 33.5 19.3412 1.83
      vertex 33.5 19.3412 0.37
    endloop
  endfacet
  facet normal 0.541458 0.312612 -0.780447
    outer loop
      vertex 33.5 19.3412 0.37
      vertex 28.7 26.7313 0
      vertex 29.1 26.9622 0.37
    endloop
  endfacet
  facet normal 0.541458 0.312612 -0.780447
    outer loop
      vertex 33.1 19.1103 0
      vertex 28.7 26.7313 0
      vertex 33.5 19.3412 0.37
    endloop
  endfacet
  facet normal -0.541458 -0.312612 -0.780447
    outer loop
      vertex -33.5 -19.3412 0.37
      vertex -37.5 -11.4893 0
      vertex -33.1 -19.1103 0
    endloop
  endfacet
  facet normal -0.541458 -0.312612 -0.780447
    outer loop
      vertex -37.5 -11.4893 0
      vertex -33.5 -19.3412 0.37
      vertex -37.9 -11.7202 0.37
    endloop
  endfacet
  facet normal -0.541448 -0.312605 -0.780457
    outer loop
      vertex -37.9 -11.7202 0.37
      vertex -42.3 -4.09917 0.37
      vertex -41.9 -3.86824 0
    endloop
  endfacet
  facet normal -0.866026 -0.5 0
    outer loop
      vertex -37.9 -11.7202 0.37
      vertex -42.3 -4.09917 1.83
      vertex -42.3 -4.09917 0.37
    endloop
  endfacet
  facet normal -0.866026 -0.5 0
    outer loop
      vertex -42.3 -4.09917 1.83
      vertex -37.9 -11.7202 0.37
      vertex -37.9 -11.7202 1.83
    endloop
  endfacet
  facet normal -0.866025 0.500001 0
    outer loop
      vertex -33.5 19.3412 0.37
      vertex -29.1 26.9622 1.83
      vertex -29.1 26.9622 0.37
    endloop
  endfacet
  facet normal -0.866025 0.500001 0
    outer loop
      vertex -29.1 26.9622 1.83
      vertex -33.5 19.3412 0.37
      vertex -33.5 19.3412 1.83
    endloop
  endfacet
  facet normal -0.866025 -0.500001 0
    outer loop
      vertex -29.1 -26.9622 0.37
      vertex -33.5 -19.3412 1.83
      vertex -33.5 -19.3412 0.37
    endloop
  endfacet
  facet normal -0.866025 -0.500001 0
    outer loop
      vertex -33.5 -19.3412 1.83
      vertex -29.1 -26.9622 0.37
      vertex -29.1 -26.9622 1.83
    endloop
  endfacet
  facet normal 0.541448 -0.312605 -0.780457
    outer loop
      vertex 42.3 -4.09917 0.37
      vertex 37.9 -11.7202 0.37
      vertex 41.9 -3.86824 0
    endloop
  endfacet
  facet normal -0.541459 0.31261 -0.780447
    outer loop
      vertex -37.5 11.4893 0
      vertex -41.9 3.86824 0
      vertex -37.9 11.7202 0.37
    endloop
  endfacet
  facet normal 0 1 -0
    outer loop
      vertex 22 31.0614 0.37
      vertex -22 31.0614 1.83
      vertex 22 31.0614 1.83
    endloop
  endfacet
  facet normal 0 1 0
    outer loop
      vertex -22 31.0614 1.83
      vertex 22 31.0614 0.37
      vertex -22 31.0614 0.37
    endloop
  endfacet
  facet normal 0.541458 0.312612 -0.780447
    outer loop
      vertex 37.5 11.4893 0
      vertex 33.5 19.3412 0.37
      vertex 37.9 11.7202 0.37
    endloop
  endfacet
  facet normal 0.541458 0.312612 -0.780447
    outer loop
      vertex 33.5 19.3412 0.37
      vertex 37.5 11.4893 0
      vertex 33.1 19.1103 0
    endloop
  endfacet
  facet normal 0.500001 -0.866025 0
    outer loop
      vertex 22 -31.0614 0.37
      vertex 29.1 -26.9622 1.83
      vertex 22 -31.0614 1.83
    endloop
  endfacet
  facet normal 0.500001 -0.866025 0
    outer loop
      vertex 29.1 -26.9622 1.83
      vertex 22 -31.0614 0.37
      vertex 29.1 -26.9622 0.37
    endloop
  endfacet
  facet normal 0.541458 -0.312612 -0.780447
    outer loop
      vertex 29.1 -26.9622 0.37
      vertex 28.7 -26.7313 0
      vertex 33.5 -19.3412 0.37
    endloop
  endfacet
  facet normal 0.339557 -0.588122 -0.734039
    outer loop
      vertex 28.7 -26.7313 0
      vertex 22 -31.0614 0.37
      vertex 22 -30.5996 0
    endloop
  endfacet
  facet normal -0.339538 0.588094 -0.73407
    outer loop
      vertex -28.7 26.7313 0
      vertex -29.1 26.9622 0.37
      vertex -22 31.0614 0.37
    endloop
  endfacet
  facet normal -0.500001 0.866025 0
    outer loop
      vertex -22 31.0614 0.37
      vertex -29.1 26.9622 1.83
      vertex -22 31.0614 1.83
    endloop
  endfacet
  facet normal -0.500001 0.866025 0
    outer loop
      vertex -29.1 26.9622 1.83
      vertex -22 31.0614 0.37
      vertex -29.1 26.9622 0.37
    endloop
  endfacet
  facet normal 0 0 -1
    outer loop
      vertex 37.5 -11.4893 0
      vertex 41.9 3.86824 0
      vertex 41.9 -3.86824 0
    endloop
  endfacet
  facet normal 0 0 -1
    outer loop
      vertex 37.5 -11.4893 0
      vertex 37.5 11.4893 0
      vertex 41.9 3.86824 0
    endloop
  endfacet
  facet normal 0 0 -1
    outer loop
      vertex 33.1 -19.1103 0
      vertex 37.5 11.4893 0
      vertex 37.5 -11.4893 0
    endloop
  endfacet
  facet normal 0 0 -1
    outer loop
      vertex 33.1 -19.1103 0
      vertex 33.1 19.1103 0
      vertex 37.5 11.4893 0
    endloop
  endfacet
  facet normal 0 0 -1
    outer loop
      vertex 22 -30.5996 0
      vertex 33.1 -19.1103 0
      vertex 28.7 -26.7313 0
    endloop
  endfacet
  facet normal -0 0 -1
    outer loop
      vertex 33.1 -19.1103 0
      vertex 22 -30.5996 0
      vertex 33.1 19.1103 0
    endloop
  endfacet
  facet normal 0 0 -1
    outer loop
      vertex 22 30.5996 0
      vertex 33.1 19.1103 0
      vertex 22 -30.5996 0
    endloop
  endfacet
  facet normal 0 0 -1
    outer loop
      vertex 33.1 19.1103 0
      vertex 22 30.5996 0
      vertex 28.7 26.7313 0
    endloop
  endfacet
  facet normal 0 0 -1
    outer loop
      vertex -22 -30.5996 0
      vertex 22 30.5996 0
      vertex 22 -30.5996 0
    endloop
  endfacet
  facet normal 0 0 -1
    outer loop
      vertex -22 -30.5996 0
      vertex -22 30.5996 0
      vertex 22 30.5996 0
    endloop
  endfacet
  facet normal 0 0 -1
    outer loop
      vertex -33.1 -19.1103 0
      vertex -22 -30.5996 0
      vertex -28.7 -26.7313 0
    endloop
  endfacet
  facet normal 0 0 -1
    outer loop
      vertex -22 -30.5996 0
      vertex -33.1 -19.1103 0
      vertex -22 30.5996 0
    endloop
  endfacet
  facet normal 0 0 -1
    outer loop
      vertex -33.1 19.1103 0
      vertex -22 30.5996 0
      vertex -33.1 -19.1103 0
    endloop
  endfacet
  facet normal 0 0 -1
    outer loop
      vertex -22 30.5996 0
      vertex -33.1 19.1103 0
      vertex -28.7 26.7313 0
    endloop
  endfacet
  facet normal 0 0 -1
    outer loop
      vertex -37.5 -11.4893 0
      vertex -33.1 19.1103 0
      vertex -33.1 -19.1103 0
    endloop
  endfacet
  facet normal 0 0 -1
    outer loop
      vertex -37.5 -11.4893 0
      vertex -37.5 11.4893 0
      vertex -33.1 19.1103 0
    endloop
  endfacet
  facet normal 0 0 -1
    outer loop
      vertex -41.9 -3.86824 0
      vertex -37.5 11.4893 0
      vertex -37.5 -11.4893 0
    endloop
  endfacet
  facet normal 0 0 -1
    outer loop
      vertex -37.5 11.4893 0
      vertex -41.9 -3.86824 0
      vertex -41.9 3.86824 0
    endloop
  endfacet
  facet normal -0.541448 0.312605 -0.780457
    outer loop
      vertex -41.9 3.86824 0
      vertex -42.3 4.09917 0.37
      vertex -37.9 11.7202 0.37
    endloop
  endfacet
  facet normal -0.866026 0.5 0
    outer loop
      vertex -42.3 4.09917 0.37
      vertex -37.9 11.7202 1.83
      vertex -37.9 11.7202 0.37
    endloop
  endfacet
  facet normal -0.866026 0.5 0
    outer loop
      vertex -37.9 11.7202 1.83
      vertex -42.3 4.09917 0.37
      vertex -42.3 4.09917 1.83
    endloop
  endfacet
  facet normal 0.541459 -0.31261 -0.780447
    outer loop
      vertex 37.9 -11.7202 0.37
      vertex 37.5 -11.4893 0
      vertex 41.9 -3.86824 0
    endloop
  endfacet
  facet normal 0.866025 -0.500001 0
    outer loop
      vertex 33.5 -19.3412 1.83
      vertex 37.9 -11.7202 0.37
      vertex 37.9 -11.7202 1.83
    endloop
  endfacet
  facet normal 0.866025 -0.500001 0
    outer loop
      vertex 37.9 -11.7202 0.37
      vertex 33.5 -19.3412 1.83
      vertex 33.5 -19.3412 0.37
    endloop
  endfacet
  facet normal 0.866026 -0.5 0
    outer loop
      vertex 37.9 -11.7202 1.83
      vertex 42.3 -4.09917 0.37
      vertex 42.3 -4.09917 1.83
    endloop
  endfacet
  facet normal 0.866026 -0.5 0
    outer loop
      vertex 42.3 -4.09917 0.37
      vertex 37.9 -11.7202 1.83
      vertex 37.9 -11.7202 0.37
    endloop
  endfacet
  facet normal 0.541448 0.312605 -0.780457
    outer loop
      vertex 41.9 3.86824 0
      vertex 37.9 11.7202 0.37
      vertex 42.3 4.09917 0.37
    endloop
  endfacet
  facet normal 0.541459 0.31261 -0.780447
    outer loop
      vertex 41.9 3.86824 0
      vertex 37.5 11.4893 0
      vertex 37.9 11.7202 0.37
    endloop
  endfacet
  facet normal 0.866025 -0.500001 0
    outer loop
      vertex 29.1 -26.9622 1.83
      vertex 33.5 -19.3412 0.37
      vertex 33.5 -19.3412 1.83
    endloop
  endfacet
  facet normal 0.866025 -0.500001 0
    outer loop
      vertex 33.5 -19.3412 0.37
      vertex 29.1 -26.9622 1.83
      vertex 29.1 -26.9622 0.37
    endloop
  endfacet
  facet normal 0.866025 0.500001 0
    outer loop
      vertex 37.9 11.7202 1.83
      vertex 33.5 19.3412 0.37
      vertex 33.5 19.3412 1.83
    endloop
  endfacet
  facet normal 0.866025 0.500001 0
    outer loop
      vertex 33.5 19.3412 0.37
      vertex 37.9 11.7202 1.83
      vertex 37.9 11.7202 0.37
    endloop
  endfacet
  facet normal 0.541458 -0.312612 -0.780447
    outer loop
      vertex 33.5 -19.3412 0.37
      vertex 37.5 -11.4893 0
      vertex 37.9 -11.7202 0.37
    endloop
  endfacet
  facet normal 0.541458 -0.312612 -0.780447
    outer loop
      vertex 37.5 -11.4893 0
      vertex 33.5 -19.3412 0.37
      vertex 33.1 -19.1103 0
    endloop
  endfacet
  facet normal -0.344382 -0.596483 0.724989
    outer loop
      vertex -22 -30.3686 2.4
      vertex -28.5 -26.6158 2.4
      vertex -22 -31.0614 1.83
    endloop
  endfacet
  facet normal 0.344378 0.596478 0.724995
    outer loop
      vertex 29.1 26.9622 1.83
      vertex 22 31.0614 1.83
      vertex 28.5 26.6158 2.4
    endloop
  endfacet
  facet normal 0.55022 0.31767 0.772233
    outer loop
      vertex 29.1 26.9622 1.83
      vertex 28.5 26.6158 2.4
      vertex 33.5 19.3412 1.83
    endloop
  endfacet
  facet normal -0.344378 0.596478 0.724995
    outer loop
      vertex -22 31.0614 1.83
      vertex -29.1 26.9622 1.83
      vertex -28.5 26.6158 2.4
    endloop
  endfacet
  facet normal -0.55022 -0.31767 0.772233
    outer loop
      vertex -32.9 -18.9948 2.4
      vertex -37.3 -11.3738 2.4
      vertex -33.5 -19.3412 1.83
    endloop
  endfacet
  facet normal 0.344382 0.596483 0.724989
    outer loop
      vertex 22 31.0614 1.83
      vertex 22 30.3686 2.4
      vertex 28.5 26.6158 2.4
    endloop
  endfacet
  facet normal -0.55022 -0.317669 0.772233
    outer loop
      vertex -41.7 -3.75276 2.4
      vertex -37.9 -11.7202 1.83
      vertex -37.3 -11.3738 2.4
    endloop
  endfacet
  facet normal -0.550218 -0.317668 0.772235
    outer loop
      vertex -37.9 -11.7202 1.83
      vertex -41.7 -3.75276 2.4
      vertex -42.3 -4.09917 1.83
    endloop
  endfacet
  facet normal -0.344382 0.596483 0.724989
    outer loop
      vertex -22 31.0614 1.83
      vertex -28.5 26.6158 2.4
      vertex -22 30.3686 2.4
    endloop
  endfacet
  facet normal -0.55022 -0.31767 0.772233
    outer loop
      vertex -32.9 -18.9948 2.4
      vertex -33.5 -19.3412 1.83
      vertex -28.5 -26.6158 2.4
    endloop
  endfacet
  facet normal 0.344378 -0.596478 0.724995
    outer loop
      vertex 28.5 -26.6158 2.4
      vertex 22 -31.0614 1.83
      vertex 29.1 -26.9622 1.83
    endloop
  endfacet
  facet normal 0.344382 -0.596483 0.724989
    outer loop
      vertex 22 -30.3686 2.4
      vertex 22 -31.0614 1.83
      vertex 28.5 -26.6158 2.4
    endloop
  endfacet
  facet normal -0.55022 0.31767 0.772233
    outer loop
      vertex -33.5 19.3412 1.83
      vertex -37.9 11.7202 1.83
      vertex -37.3 11.3738 2.4
    endloop
  endfacet
  facet normal 0.688749 0 0.724999
    outer loop
      vertex 41.7 3.75276 2.4
      vertex 42.3 -4.09917 1.83
      vertex 42.3 4.09917 1.83
    endloop
  endfacet
  facet normal 0.688749 0 0.724999
    outer loop
      vertex 42.3 -4.09917 1.83
      vertex 41.7 3.75276 2.4
      vertex 41.7 -3.75276 2.4
    endloop
  endfacet
  facet normal 0.55022 0.31767 0.772233
    outer loop
      vertex 33.5 19.3412 1.83
      vertex 28.5 26.6158 2.4
      vertex 32.9 18.9948 2.4
    endloop
  endfacet
  facet normal -0.55022 0.31767 0.772233
    outer loop
      vertex -29.1 26.9622 1.83
      vertex -33.5 19.3412 1.83
      vertex -28.5 26.6158 2.4
    endloop
  endfacet
  facet normal -0.55022 -0.31767 0.772233
    outer loop
      vertex -37.3 -11.3738 2.4
      vertex -37.9 -11.7202 1.83
      vertex -33.5 -19.3412 1.83
    endloop
  endfacet
  facet normal 0.55022 0.31767 0.772233
    outer loop
      vertex 33.5 19.3412 1.83
      vertex 32.9 18.9948 2.4
      vertex 37.3 11.3738 2.4
    endloop
  endfacet
  facet normal -0.55022 -0.31767 0.772233
    outer loop
      vertex -28.5 -26.6158 2.4
      vertex -33.5 -19.3412 1.83
      vertex -29.1 -26.9622 1.83
    endloop
  endfacet
  facet normal 0.55022 -0.31767 0.772233
    outer loop
      vertex 37.3 -11.3738 2.4
      vertex 32.9 -18.9948 2.4
      vertex 33.5 -19.3412 1.83
    endloop
  endfacet
  facet normal -0.344378 -0.596478 0.724995
    outer loop
      vertex -28.5 -26.6158 2.4
      vertex -29.1 -26.9622 1.83
      vertex -22 -31.0614 1.83
    endloop
  endfacet
  facet normal -0.55022 0.31767 0.772233
    outer loop
      vertex -33.5 19.3412 1.83
      vertex -37.3 11.3738 2.4
      vertex -32.9 18.9948 2.4
    endloop
  endfacet
  facet normal -0.688749 0 0.724999
    outer loop
      vertex -42.3 4.09917 1.83
      vertex -41.7 -3.75276 2.4
      vertex -41.7 3.75276 2.4
    endloop
  endfacet
  facet normal -0.688749 0 0.724999
    outer loop
      vertex -41.7 -3.75276 2.4
      vertex -42.3 4.09917 1.83
      vertex -42.3 -4.09917 1.83
    endloop
  endfacet
  facet normal -0 0.635348 0.772226
    outer loop
      vertex -22 31.0614 1.83
      vertex 22 30.3686 2.4
      vertex 22 31.0614 1.83
    endloop
  endfacet
  facet normal 0 0.635348 0.772226
    outer loop
      vertex 22 30.3686 2.4
      vertex -22 31.0614 1.83
      vertex -22 30.3686 2.4
    endloop
  endfacet
  facet normal 0.55022 -0.31767 0.772233
    outer loop
      vertex 37.3 -11.3738 2.4
      vertex 33.5 -19.3412 1.83
      vertex 37.9 -11.7202 1.83
    endloop
  endfacet
  facet normal 0 -0.635348 0.772226
    outer loop
      vertex -22 -30.3686 2.4
      vertex 22 -31.0614 1.83
      vertex 22 -30.3686 2.4
    endloop
  endfacet
  facet normal 0 -0.635348 0.772226
    outer loop
      vertex 22 -31.0614 1.83
      vertex -22 -30.3686 2.4
      vertex -22 -31.0614 1.83
    endloop
  endfacet
  facet normal 0.55022 0.31767 0.772233
    outer loop
      vertex 37.9 11.7202 1.83
      vertex 33.5 19.3412 1.83
      vertex 37.3 11.3738 2.4
    endloop
  endfacet
  facet normal 0.550218 0.317668 0.772235
    outer loop
      vertex 37.9 11.7202 1.83
      vertex 41.7 3.75276 2.4
      vertex 42.3 4.09917 1.83
    endloop
  endfacet
  facet normal 0.55022 0.317669 0.772233
    outer loop
      vertex 41.7 3.75276 2.4
      vertex 37.9 11.7202 1.83
      vertex 37.3 11.3738 2.4
    endloop
  endfacet
  facet normal 0.55022 -0.31767 0.772233
    outer loop
      vertex 32.9 -18.9948 2.4
      vertex 28.5 -26.6158 2.4
      vertex 33.5 -19.3412 1.83
    endloop
  endfacet
  facet normal 0.55022 -0.31767 0.772233
    outer loop
      vertex 33.5 -19.3412 1.83
      vertex 28.5 -26.6158 2.4
      vertex 29.1 -26.9622 1.83
    endloop
  endfacet
  facet normal -0.55022 0.317669 0.772233
    outer loop
      vertex -37.9 11.7202 1.83
      vertex -41.7 3.75276 2.4
      vertex -37.3 11.3738 2.4
    endloop
  endfacet
  facet normal -0.550218 0.317668 0.772235
    outer loop
      vertex -41.7 3.75276 2.4
      vertex -37.9 11.7202 1.83
      vertex -42.3 4.09917 1.83
    endloop
  endfacet
  facet normal -0.55022 0.31767 0.772233
    outer loop
      vertex -28.5 26.6158 2.4
      vertex -33.5 19.3412 1.83
      vertex -32.9 18.9948 2.4
    endloop
  endfacet
  facet normal 0.550218 -0.317668 0.772235
    outer loop
      vertex 41.7 -3.75276 2.4
      vertex 37.9 -11.7202 1.83
      vertex 42.3 -4.09917 1.83
    endloop
  endfacet
  facet normal 0.55022 -0.317669 0.772233
    outer loop
      vertex 37.9 -11.7202 1.83
      vertex 41.7 -3.75276 2.4
      vertex 37.3 -11.3738 2.4
    endloop
  endfacet
  facet normal -0.866025 0.500001 0
    outer loop
      vertex -32.9 18.9948 2.4
      vertex -28.5 26.6158 7.03
      vertex -28.5 26.6158 2.4
    endloop
  endfacet
  facet normal -0.866025 0.500001 0
    outer loop
      vertex -28.5 26.6158 7.03
      vertex -32.9 18.9948 2.4
      vertex -32.9 18.9948 7.03
    endloop
  endfacet
  facet normal -0.866025 0.500001 0
    outer loop
      vertex -37.3 11.3738 2.4
      vertex -32.9 18.9948 7.03
      vertex -32.9 18.9948 2.4
    endloop
  endfacet
  facet normal -0.866025 0.500001 0
    outer loop
      vertex -32.9 18.9948 7.03
      vertex -37.3 11.3738 2.4
      vertex -37.3 11.3738 7.03
    endloop
  endfacet
  facet normal 0.866025 0.500001 0
    outer loop
      vertex 32.9 18.9948 7.03
      vertex 28.5 26.6158 2.4
      vertex 28.5 26.6158 7.03
    endloop
  endfacet
  facet normal 0.866025 0.500001 0
    outer loop
      vertex 28.5 26.6158 2.4
      vertex 32.9 18.9948 7.03
      vertex 32.9 18.9948 2.4
    endloop
  endfacet
  facet normal 1 -0 0
    outer loop
      vertex 41.7 -3.75276 7.03
      vertex 41.7 3.75276 2.4
      vertex 41.7 3.75276 7.03
    endloop
  endfacet
  facet normal 1 0 0
    outer loop
      vertex 41.7 3.75276 2.4
      vertex 41.7 -3.75276 7.03
      vertex 41.7 -3.75276 2.4
    endloop
  endfacet
  facet normal 0 1 -0
    outer loop
      vertex 22 30.3686 2.4
      vertex -22 30.3686 7.03
      vertex 22 30.3686 7.03
    endloop
  endfacet
  facet normal 0 1 0
    outer loop
      vertex -22 30.3686 7.03
      vertex 22 30.3686 2.4
      vertex -22 30.3686 2.4
    endloop
  endfacet
  facet normal -1 0 0
    outer loop
      vertex -41.7 -3.75276 2.4
      vertex -41.7 3.75276 7.03
      vertex -41.7 3.75276 2.4
    endloop
  endfacet
  facet normal -1 -0 0
    outer loop
      vertex -41.7 3.75276 7.03
      vertex -41.7 -3.75276 2.4
      vertex -41.7 -3.75276 7.03
    endloop
  endfacet
  facet normal 0 -1 0
    outer loop
      vertex -22 -30.3686 2.4
      vertex 22 -30.3686 7.03
      vertex -22 -30.3686 7.03
    endloop
  endfacet
  facet normal 0 -1 -0
    outer loop
      vertex 22 -30.3686 7.03
      vertex -22 -30.3686 2.4
      vertex 22 -30.3686 2.4
    endloop
  endfacet
  facet normal 0.866026 -0.499999 0
    outer loop
      vertex 37.3 -11.3738 7.03
      vertex 41.7 -3.75276 2.4
      vertex 41.7 -3.75276 7.03
    endloop
  endfacet
  facet normal 0.866026 -0.499999 0
    outer loop
      vertex 41.7 -3.75276 2.4
      vertex 37.3 -11.3738 7.03
      vertex 37.3 -11.3738 2.4
    endloop
  endfacet
  facet normal -0.866026 -0.499999 0
    outer loop
      vertex -37.3 -11.3738 2.4
      vertex -41.7 -3.75276 7.03
      vertex -41.7 -3.75276 2.4
    endloop
  endfacet
  facet normal -0.866026 -0.499999 0
    outer loop
      vertex -41.7 -3.75276 7.03
      vertex -37.3 -11.3738 2.4
      vertex -37.3 -11.3738 7.03
    endloop
  endfacet
  facet normal 0.866026 0.499999 0
    outer loop
      vertex 41.7 3.75276 7.03
      vertex 37.3 11.3738 2.4
      vertex 37.3 11.3738 7.03
    endloop
  endfacet
  facet normal 0.866026 0.499999 0
    outer loop
      vertex 37.3 11.3738 2.4
      vertex 41.7 3.75276 7.03
      vertex 41.7 3.75276 2.4
    endloop
  endfacet
  facet normal -0.500002 0.866024 0
    outer loop
      vertex -22 30.3686 2.4
      vertex -28.5 26.6158 7.03
      vertex -22 30.3686 7.03
    endloop
  endfacet
  facet normal -0.500002 0.866024 0
    outer loop
      vertex -28.5 26.6158 7.03
      vertex -22 30.3686 2.4
      vertex -28.5 26.6158 2.4
    endloop
  endfacet
  facet normal -0.866026 0.499999 0
    outer loop
      vertex -41.7 3.75276 2.4
      vertex -37.3 11.3738 7.03
      vertex -37.3 11.3738 2.4
    endloop
  endfacet
  facet normal -0.866026 0.499999 0
    outer loop
      vertex -37.3 11.3738 7.03
      vertex -41.7 3.75276 2.4
      vertex -41.7 3.75276 7.03
    endloop
  endfacet
  facet normal 0.500002 -0.866024 0
    outer loop
      vertex 22 -30.3686 2.4
      vertex 28.5 -26.6158 7.03
      vertex 22 -30.3686 7.03
    endloop
  endfacet
  facet normal 0.500002 -0.866024 0
    outer loop
      vertex 28.5 -26.6158 7.03
      vertex 22 -30.3686 2.4
      vertex 28.5 -26.6158 2.4
    endloop
  endfacet
  facet normal -0.866025 -0.500001 0
    outer loop
      vertex -28.5 -26.6158 2.4
      vertex -32.9 -18.9948 7.03
      vertex -32.9 -18.9948 2.4
    endloop
  endfacet
  facet normal -0.866025 -0.500001 0
    outer loop
      vertex -32.9 -18.9948 7.03
      vertex -28.5 -26.6158 2.4
      vertex -28.5 -26.6158 7.03
    endloop
  endfacet
  facet normal 0.500002 0.866024 -0
    outer loop
      vertex 28.5 26.6158 2.4
      vertex 22 30.3686 7.03
      vertex 28.5 26.6158 7.03
    endloop
  endfacet
  facet normal 0.500002 0.866024 0
    outer loop
      vertex 22 30.3686 7.03
      vertex 28.5 26.6158 2.4
      vertex 22 30.3686 2.4
    endloop
  endfacet
  facet normal -0.866025 -0.500001 0
    outer loop
      vertex -32.9 -18.9948 2.4
      vertex -37.3 -11.3738 7.03
      vertex -37.3 -11.3738 2.4
    endloop
  endfacet
  facet normal -0.866025 -0.500001 0
    outer loop
      vertex -37.3 -11.3738 7.03
      vertex -32.9 -18.9948 2.4
      vertex -32.9 -18.9948 7.03
    endloop
  endfacet
  facet normal 0.866025 -0.500001 0
    outer loop
      vertex 28.5 -26.6158 7.03
      vertex 32.9 -18.9948 2.4
      vertex 32.9 -18.9948 7.03
    endloop
  endfacet
  facet normal 0.866025 -0.500001 0
    outer loop
      vertex 32.9 -18.9948 2.4
      vertex 28.5 -26.6158 7.03
      vertex 28.5 -26.6158 2.4
    endloop
  endfacet
  facet normal 0.866025 -0.500001 0
    outer loop
      vertex 32.9 -18.9948 7.03
      vertex 37.3 -11.3738 2.4
      vertex 37.3 -11.3738 7.03
    endloop
  endfacet
  facet normal 0.866025 -0.500001 0
    outer loop
      vertex 37.3 -11.3738 2.4
      vertex 32.9 -18.9948 7.03
      vertex 32.9 -18.9948 2.4
    endloop
  endfacet
  facet normal -0.500002 -0.866024 0
    outer loop
      vertex -28.5 -26.6158 2.4
      vertex -22 -30.3686 7.03
      vertex -28.5 -26.6158 7.03
    endloop
  endfacet
  facet normal -0.500002 -0.866024 -0
    outer loop
      vertex -22 -30.3686 7.03
      vertex -28.5 -26.6158 2.4
      vertex -22 -30.3686 2.4
    endloop
  endfacet
  facet normal 0.866025 0.500001 0
    outer loop
      vertex 37.3 11.3738 7.03
      vertex 32.9 18.9948 2.4
      vertex 32.9 18.9948 7.03
    endloop
  endfacet
  facet normal 0.866025 0.500001 0
    outer loop
      vertex 32.9 18.9948 2.4
      vertex 37.3 11.3738 7.03
      vertex 37.3 11.3738 2.4
    endloop
  endfacet
  facet normal 0.344383 0.596483 0.724989
    outer loop
      vertex 22 30.3686 7.03
      vertex 22 29.6758 7.6
      vertex 27.9 26.2694 7.6
    endloop
  endfacet
  facet normal -0.344383 0.596483 0.724989
    outer loop
      vertex -22 30.3686 7.03
      vertex -27.9 26.2694 7.6
      vertex -22 29.6758 7.6
    endloop
  endfacet
  facet normal -0.55022 0.317669 0.772233
    outer loop
      vertex -37.3 11.3738 7.03
      vertex -41.7 3.75276 7.03
      vertex -41.1 3.40636 7.6
    endloop
  endfacet
  facet normal 0.344383 -0.596483 0.724989
    outer loop
      vertex 22 -29.6758 7.6
      vertex 22 -30.3686 7.03
      vertex 27.9 -26.2694 7.6
    endloop
  endfacet
  facet normal 0.55022 -0.317669 0.772233
    outer loop
      vertex 41.1 -3.40636 7.6
      vertex 36.7 -11.0274 7.6
      vertex 37.3 -11.3738 7.03
    endloop
  endfacet
  facet normal -0.344379 0.596478 0.724995
    outer loop
      vertex -22 30.3686 7.03
      vertex -28.5 26.6158 7.03
      vertex -27.9 26.2694 7.6
    endloop
  endfacet
  facet normal 0 -0.635348 0.772226
    outer loop
      vertex -22 -29.6758 7.6
      vertex 22 -30.3686 7.03
      vertex 22 -29.6758 7.6
    endloop
  endfacet
  facet normal 0 -0.635348 0.772226
    outer loop
      vertex 22 -30.3686 7.03
      vertex -22 -29.6758 7.6
      vertex -22 -30.3686 7.03
    endloop
  endfacet
  facet normal -0.688749 0 0.724999
    outer loop
      vertex -41.7 3.75276 7.03
      vertex -41.1 -3.40636 7.6
      vertex -41.1 3.40636 7.6
    endloop
  endfacet
  facet normal -0.688749 0 0.724999
    outer loop
      vertex -41.1 -3.40636 7.6
      vertex -41.7 3.75276 7.03
      vertex -41.7 -3.75276 7.03
    endloop
  endfacet
  facet normal 0.55022 -0.31767 0.772233
    outer loop
      vertex 36.7 -11.0274 7.6
      vertex 32.3 -18.6484 7.6
      vertex 37.3 -11.3738 7.03
    endloop
  endfacet
  facet normal 0.344379 0.596478 0.724995
    outer loop
      vertex 28.5 26.6158 7.03
      vertex 22 30.3686 7.03
      vertex 27.9 26.2694 7.6
    endloop
  endfacet
  facet normal 0.688749 0 0.724999
    outer loop
      vertex 41.1 3.40636 7.6
      vertex 41.7 -3.75276 7.03
      vertex 41.7 3.75276 7.03
    endloop
  endfacet
  facet normal 0.688749 0 0.724999
    outer loop
      vertex 41.7 -3.75276 7.03
      vertex 41.1 3.40636 7.6
      vertex 41.1 -3.40636 7.6
    endloop
  endfacet
  facet normal -0.55022 -0.317669 0.772233
    outer loop
      vertex -36.7 -11.0274 7.6
      vertex -41.1 -3.40636 7.6
      vertex -37.3 -11.3738 7.03
    endloop
  endfacet
  facet normal 0.344379 -0.596478 0.724995
    outer loop
      vertex 27.9 -26.2694 7.6
      vertex 22 -30.3686 7.03
      vertex 28.5 -26.6158 7.03
    endloop
  endfacet
  facet normal 0.55022 -0.317669 0.772233
    outer loop
      vertex 41.1 -3.40636 7.6
      vertex 37.3 -11.3738 7.03
      vertex 41.7 -3.75276 7.03
    endloop
  endfacet
  facet normal 0.55022 0.317669 0.772233
    outer loop
      vertex 41.7 3.75276 7.03
      vertex 37.3 11.3738 7.03
      vertex 41.1 3.40636 7.6
    endloop
  endfacet
  facet normal -0.55022 -0.31767 0.772233
    outer loop
      vertex -32.3 -18.6484 7.6
      vertex -37.3 -11.3738 7.03
      vertex -32.9 -18.9948 7.03
    endloop
  endfacet
  facet normal -0 0.635348 0.772226
    outer loop
      vertex -22 30.3686 7.03
      vertex 22 29.6758 7.6
      vertex 22 30.3686 7.03
    endloop
  endfacet
  facet normal 0 0.635348 0.772226
    outer loop
      vertex 22 29.6758 7.6
      vertex -22 30.3686 7.03
      vertex -22 29.6758 7.6
    endloop
  endfacet
  facet normal 0.55022 0.317669 0.772233
    outer loop
      vertex 37.3 11.3738 7.03
      vertex 36.7 11.0274 7.6
      vertex 41.1 3.40636 7.6
    endloop
  endfacet
  facet normal -0.55022 0.31767 0.772233
    outer loop
      vertex -32.9 18.9948 7.03
      vertex -37.3 11.3738 7.03
      vertex -32.3 18.6484 7.6
    endloop
  endfacet
  facet normal 0.55022 -0.31767 0.772233
    outer loop
      vertex 37.3 -11.3738 7.03
      vertex 32.3 -18.6484 7.6
      vertex 32.9 -18.9948 7.03
    endloop
  endfacet
  facet normal 0.55022 0.31767 0.772233
    outer loop
      vertex 32.9 18.9948 7.03
      vertex 32.3 18.6484 7.6
      vertex 37.3 11.3738 7.03
    endloop
  endfacet
  facet normal 0.55022 0.31767 0.772233
    outer loop
      vertex 28.5 26.6158 7.03
      vertex 32.3 18.6484 7.6
      vertex 32.9 18.9948 7.03
    endloop
  endfacet
  facet normal 0.55022 0.31767 0.772233
    outer loop
      vertex 32.3 18.6484 7.6
      vertex 28.5 26.6158 7.03
      vertex 27.9 26.2694 7.6
    endloop
  endfacet
  facet normal -0.344383 -0.596483 0.724989
    outer loop
      vertex -22 -29.6758 7.6
      vertex -27.9 -26.2694 7.6
      vertex -22 -30.3686 7.03
    endloop
  endfacet
  facet normal -0.55022 -0.31767 0.772233
    outer loop
      vertex -36.7 -11.0274 7.6
      vertex -37.3 -11.3738 7.03
      vertex -32.3 -18.6484 7.6
    endloop
  endfacet
  facet normal -0.55022 0.317669 0.772233
    outer loop
      vertex -37.3 11.3738 7.03
      vertex -41.1 3.40636 7.6
      vertex -36.7 11.0274 7.6
    endloop
  endfacet
  facet normal 0.55022 0.31767 0.772233
    outer loop
      vertex 37.3 11.3738 7.03
      vertex 32.3 18.6484 7.6
      vertex 36.7 11.0274 7.6
    endloop
  endfacet
  facet normal -0.55022 0.31767 0.772233
    outer loop
      vertex -32.3 18.6484 7.6
      vertex -37.3 11.3738 7.03
      vertex -36.7 11.0274 7.6
    endloop
  endfacet
  facet normal -0.344379 -0.596478 0.724995
    outer loop
      vertex -27.9 -26.2694 7.6
      vertex -28.5 -26.6158 7.03
      vertex -22 -30.3686 7.03
    endloop
  endfacet
  facet normal -0.55022 -0.317669 0.772233
    outer loop
      vertex -41.1 -3.40636 7.6
      vertex -41.7 -3.75276 7.03
      vertex -37.3 -11.3738 7.03
    endloop
  endfacet
  facet normal 0.55022 -0.31767 0.772233
    outer loop
      vertex 32.3 -18.6484 7.6
      vertex 28.5 -26.6158 7.03
      vertex 32.9 -18.9948 7.03
    endloop
  endfacet
  facet normal 0.55022 -0.31767 0.772233
    outer loop
      vertex 28.5 -26.6158 7.03
      vertex 32.3 -18.6484 7.6
      vertex 27.9 -26.2694 7.6
    endloop
  endfacet
  facet normal -0.55022 0.31767 0.772233
    outer loop
      vertex -28.5 26.6158 7.03
      vertex -32.3 18.6484 7.6
      vertex -27.9 26.2694 7.6
    endloop
  endfacet
  facet normal -0.55022 0.31767 0.772233
    outer loop
      vertex -32.3 18.6484 7.6
      vertex -28.5 26.6158 7.03
      vertex -32.9 18.9948 7.03
    endloop
  endfacet
  facet normal -0.55022 -0.31767 0.772233
    outer loop
      vertex -32.3 -18.6484 7.6
      vertex -28.5 -26.6158 7.03
      vertex -27.9 -26.2694 7.6
    endloop
  endfacet
  facet normal -0.55022 -0.31767 0.772233
    outer loop
      vertex -28.5 -26.6158 7.03
      vertex -32.3 -18.6484 7.6
      vertex -32.9 -18.9948 7.03
    endloop
  endfacet
  facet normal -1 0 0
    outer loop
      vertex -41.1 -3.40636 7.6
      vertex -41.1 3.40636 8.2
      vertex -41.1 3.40636 7.6
    endloop
  endfacet
  facet normal -1 -0 0
    outer loop
      vertex -41.1 3.40636 8.2
      vertex -41.1 -3.40636 7.6
      vertex -41.1 -3.40636 8.2
    endloop
  endfacet
  facet normal 0 1 -0
    outer loop
      vertex 22 29.6758 7.6
      vertex -22 29.6758 8.2
      vertex 22 29.6758 8.2
    endloop
  endfacet
  facet normal 0 1 0
    outer loop
      vertex -22 29.6758 8.2
      vertex 22 29.6758 7.6
      vertex -22 29.6758 7.6
    endloop
  endfacet
  facet normal 0.866025 -0.500001 0
    outer loop
      vertex 32.3 -18.6484 8.2
      vertex 36.7 -11.0274 7.6
      vertex 36.7 -11.0274 8.2
    endloop
  endfacet
  facet normal 0.866025 -0.500001 0
    outer loop
      vertex 36.7 -11.0274 7.6
      vertex 32.3 -18.6484 8.2
      vertex 32.3 -18.6484 7.6
    endloop
  endfacet
  facet normal 0 -1 0
    outer loop
      vertex -22 -29.6758 7.6
      vertex 22 -29.6758 8.2
      vertex -22 -29.6758 8.2
    endloop
  endfacet
  facet normal 0 -1 -0
    outer loop
      vertex 22 -29.6758 8.2
      vertex -22 -29.6758 7.6
      vertex 22 -29.6758 7.6
    endloop
  endfacet
  facet normal -0.500004 -0.866023 0
    outer loop
      vertex -27.9 -26.2694 7.6
      vertex -22 -29.6758 8.2
      vertex -27.9 -26.2694 8.2
    endloop
  endfacet
  facet normal -0.500004 -0.866023 -0
    outer loop
      vertex -22 -29.6758 8.2
      vertex -27.9 -26.2694 7.6
      vertex -22 -29.6758 7.6
    endloop
  endfacet
  facet normal 0.500004 0.866023 -0
    outer loop
      vertex 27.9 26.2694 7.6
      vertex 22 29.6758 8.2
      vertex 27.9 26.2694 8.2
    endloop
  endfacet
  facet normal 0.500004 0.866023 0
    outer loop
      vertex 22 29.6758 8.2
      vertex 27.9 26.2694 7.6
      vertex 22 29.6758 7.6
    endloop
  endfacet
  facet normal -0.500004 0.866023 0
    outer loop
      vertex -22 29.6758 7.6
      vertex -27.9 26.2694 8.2
      vertex -22 29.6758 8.2
    endloop
  endfacet
  facet normal -0.500004 0.866023 0
    outer loop
      vertex -27.9 26.2694 8.2
      vertex -22 29.6758 7.6
      vertex -27.9 26.2694 7.6
    endloop
  endfacet
  facet normal -0.866026 0.499999 0
    outer loop
      vertex -41.1 3.40636 7.6
      vertex -36.7 11.0274 8.2
      vertex -36.7 11.0274 7.6
    endloop
  endfacet
  facet normal -0.866026 0.499999 0
    outer loop
      vertex -36.7 11.0274 8.2
      vertex -41.1 3.40636 7.6
      vertex -41.1 3.40636 8.2
    endloop
  endfacet
  facet normal 0.500004 -0.866023 0
    outer loop
      vertex 22 -29.6758 7.6
      vertex 27.9 -26.2694 8.2
      vertex 22 -29.6758 8.2
    endloop
  endfacet
  facet normal 0.500004 -0.866023 0
    outer loop
      vertex 27.9 -26.2694 8.2
      vertex 22 -29.6758 7.6
      vertex 27.9 -26.2694 7.6
    endloop
  endfacet
  facet normal -0.866025 0.500001 0
    outer loop
      vertex -36.7 11.0274 7.6
      vertex -32.3 18.6484 8.2
      vertex -32.3 18.6484 7.6
    endloop
  endfacet
  facet normal -0.866025 0.500001 0
    outer loop
      vertex -32.3 18.6484 8.2
      vertex -36.7 11.0274 7.6
      vertex -36.7 11.0274 8.2
    endloop
  endfacet
  facet normal 0.866025 0.500001 0
    outer loop
      vertex 32.3 18.6484 8.2
      vertex 27.9 26.2694 7.6
      vertex 27.9 26.2694 8.2
    endloop
  endfacet
  facet normal 0.866025 0.500001 0
    outer loop
      vertex 27.9 26.2694 7.6
      vertex 32.3 18.6484 8.2
      vertex 32.3 18.6484 7.6
    endloop
  endfacet
  facet normal 1 -0 0
    outer loop
      vertex 41.1 -3.40636 8.2
      vertex 41.1 3.40636 7.6
      vertex 41.1 3.40636 8.2
    endloop
  endfacet
  facet normal 1 0 0
    outer loop
      vertex 41.1 3.40636 7.6
      vertex 41.1 -3.40636 8.2
      vertex 41.1 -3.40636 7.6
    endloop
  endfacet
  facet normal 0.866025 -0.500001 0
    outer loop
      vertex 27.9 -26.2694 8.2
      vertex 32.3 -18.6484 7.6
      vertex 32.3 -18.6484 8.2
    endloop
  endfacet
  facet normal 0.866025 -0.500001 0
    outer loop
      vertex 32.3 -18.6484 7.6
      vertex 27.9 -26.2694 8.2
      vertex 27.9 -26.2694 7.6
    endloop
  endfacet
  facet normal -0.866026 -0.499999 0
    outer loop
      vertex -36.7 -11.0274 7.6
      vertex -41.1 -3.40636 8.2
      vertex -41.1 -3.40636 7.6
    endloop
  endfacet
  facet normal -0.866026 -0.499999 0
    outer loop
      vertex -41.1 -3.40636 8.2
      vertex -36.7 -11.0274 7.6
      vertex -36.7 -11.0274 8.2
    endloop
  endfacet
  facet normal -0.866025 -0.500001 0
    outer loop
      vertex -32.3 -18.6484 7.6
      vertex -36.7 -11.0274 8.2
      vertex -36.7 -11.0274 7.6
    endloop
  endfacet
  facet normal -0.866025 -0.500001 0
    outer loop
      vertex -36.7 -11.0274 8.2
      vertex -32.3 -18.6484 7.6
      vertex -32.3 -18.6484 8.2
    endloop
  endfacet
  facet normal 0.866026 0.499999 0
    outer loop
      vertex 41.1 3.40636 8.2
      vertex 36.7 11.0274 7.6
      vertex 36.7 11.0274 8.2
    endloop
  endfacet
  facet normal 0.866026 0.499999 0
    outer loop
      vertex 36.7 11.0274 7.6
      vertex 41.1 3.40636 8.2
      vertex 41.1 3.40636 7.6
    endloop
  endfacet
  facet normal 0.866025 0.500001 0
    outer loop
      vertex 36.7 11.0274 8.2
      vertex 32.3 18.6484 7.6
      vertex 32.3 18.6484 8.2
    endloop
  endfacet
  facet normal 0.866025 0.500001 0
    outer loop
      vertex 32.3 18.6484 7.6
      vertex 36.7 11.0274 8.2
      vertex 36.7 11.0274 7.6
    endloop
  endfacet
  facet normal -0.866025 0.500001 0
    outer loop
      vertex -32.3 18.6484 7.6
      vertex -27.9 26.2694 8.2
      vertex -27.9 26.2694 7.6
    endloop
  endfacet
  facet normal -0.866025 0.500001 0
    outer loop
      vertex -27.9 26.2694 8.2
      vertex -32.3 18.6484 7.6
      vertex -32.3 18.6484 8.2
    endloop
  endfacet
  facet normal 0.866026 -0.499999 0
    outer loop
      vertex 36.7 -11.0274 8.2
      vertex 41.1 -3.40636 7.6
      vertex 41.1 -3.40636 8.2
    endloop
  endfacet
  facet normal 0.866026 -0.499999 0
    outer loop
      vertex 41.1 -3.40636 7.6
      vertex 36.7 -11.0274 8.2
      vertex 36.7 -11.0274 7.6
    endloop
  endfacet
  facet normal -0.866025 -0.500001 0
    outer loop
      vertex -27.9 -26.2694 7.6
      vertex -32.3 -18.6484 8.2
      vertex -32.3 -18.6484 7.6
    endloop
  endfacet
  facet normal -0.866025 -0.500001 0
    outer loop
      vertex -32.3 -18.6484 8.2
      vertex -27.9 -26.2694 7.6
      vertex -27.9 -26.2694 8.2
    endloop
  endfacet
  facet normal -0.55022 0.317669 -0.772233
    outer loop
      vertex -36.7 11.0274 8.2
      vertex -41.1 3.40636 8.2
      vertex -37.3 11.3738 8.77
    endloop
  endfacet
  facet normal 0.55022 0.31767 -0.772233
    outer loop
      vertex 37.3 11.3738 8.77
      vertex 32.3 18.6484 8.2
      vertex 32.9 18.9948 8.77
    endloop
  endfacet
  facet normal -0.55022 -0.31767 -0.772233
    outer loop
      vertex -32.9 -18.9948 8.77
      vertex -37.3 -11.3738 8.77
      vertex -32.3 -18.6484 8.2
    endloop
  endfacet
  facet normal -0.55022 0.317669 -0.772233
    outer loop
      vertex -41.1 3.40636 8.2
      vertex -41.7 3.75276 8.77
      vertex -37.3 11.3738 8.77
    endloop
  endfacet
  facet normal 0.344383 0.596483 -0.724989
    outer loop
      vertex 27.9 26.2694 8.2
      vertex 22 29.6758 8.2
      vertex 22 30.3686 8.77
    endloop
  endfacet
  facet normal 0.688749 0 -0.724999
    outer loop
      vertex 41.1 -3.40636 8.2
      vertex 41.7 3.75276 8.77
      vertex 41.7 -3.75276 8.77
    endloop
  endfacet
  facet normal 0.688749 0 -0.724999
    outer loop
      vertex 41.7 3.75276 8.77
      vertex 41.1 -3.40636 8.2
      vertex 41.1 3.40636 8.2
    endloop
  endfacet
  facet normal -0.344383 -0.596483 -0.724989
    outer loop
      vertex -22 -30.3686 8.77
      vertex -27.9 -26.2694 8.2
      vertex -22 -29.6758 8.2
    endloop
  endfacet
  facet normal 0.500002 -0.866024 0
    outer loop
      vertex 22 -30.3686 8.77
      vertex 28.5 -26.6158 12.43
      vertex 22 -30.3686 12.43
    endloop
  endfacet
  facet normal 0.500002 -0.866024 0
    outer loop
      vertex 28.5 -26.6158 12.43
      vertex 22 -30.3686 8.77
      vertex 28.5 -26.6158 8.77
    endloop
  endfacet
  facet normal -0.500002 -0.866024 0
    outer loop
      vertex -28.5 -26.6158 8.77
      vertex -22 -30.3686 12.43
      vertex -28.5 -26.6158 12.43
    endloop
  endfacet
  facet normal -0.500002 -0.866024 -0
    outer loop
      vertex -22 -30.3686 12.43
      vertex -28.5 -26.6158 8.77
      vertex -22 -30.3686 8.77
    endloop
  endfacet
  facet normal 0.866026 -0.499999 0
    outer loop
      vertex 37.3 -11.3738 12.43
      vertex 41.7 -3.75276 8.77
      vertex 41.7 -3.75276 12.43
    endloop
  endfacet
  facet normal 0.866026 -0.499999 0
    outer loop
      vertex 41.7 -3.75276 8.77
      vertex 37.3 -11.3738 12.43
      vertex 37.3 -11.3738 8.77
    endloop
  endfacet
  facet normal -0.866026 0.499999 0
    outer loop
      vertex -41.7 3.75276 8.77
      vertex -37.3 11.3738 12.43
      vertex -37.3 11.3738 8.77
    endloop
  endfacet
  facet normal -0.866026 0.499999 0
    outer loop
      vertex -37.3 11.3738 12.43
      vertex -41.7 3.75276 8.77
      vertex -41.7 3.75276 12.43
    endloop
  endfacet
  facet normal -0.55022 -0.317669 -0.772233
    outer loop
      vertex -37.3 -11.3738 8.77
      vertex -41.7 -3.75276 8.77
      vertex -41.1 -3.40636 8.2
    endloop
  endfacet
  facet normal 0.55022 0.317669 -0.772233
    outer loop
      vertex 41.1 3.40636 8.2
      vertex 37.3 11.3738 8.77
      vertex 41.7 3.75276 8.77
    endloop
  endfacet
  facet normal 0 -0.635348 -0.772226
    outer loop
      vertex -22 -30.3686 8.77
      vertex 22 -29.6758 8.2
      vertex 22 -30.3686 8.77
    endloop
  endfacet
  facet normal -0 -0.635348 -0.772226
    outer loop
      vertex 22 -29.6758 8.2
      vertex -22 -30.3686 8.77
      vertex -22 -29.6758 8.2
    endloop
  endfacet
  facet normal 1 -0 0
    outer loop
      vertex 41.7 -3.75276 12.43
      vertex 41.7 3.75276 8.77
      vertex 41.7 3.75276 12.43
    endloop
  endfacet
  facet normal 1 0 0
    outer loop
      vertex 41.7 3.75276 8.77
      vertex 41.7 -3.75276 12.43
      vertex 41.7 -3.75276 8.77
    endloop
  endfacet
  facet normal 0.866025 -0.500001 0
    outer loop
      vertex 28.5 -26.6158 12.43
      vertex 32.9 -18.9948 8.77
      vertex 32.9 -18.9948 12.43
    endloop
  endfacet
  facet normal 0.866025 -0.500001 0
    outer loop
      vertex 32.9 -18.9948 8.77
      vertex 28.5 -26.6158 12.43
      vertex 28.5 -26.6158 8.77
    endloop
  endfacet
  facet normal -0.55022 -0.31767 -0.772233
    outer loop
      vertex -32.3 -18.6484 8.2
      vertex -37.3 -11.3738 8.77
      vertex -36.7 -11.0274 8.2
    endloop
  endfacet
  facet normal 0.55022 0.317669 -0.772233
    outer loop
      vertex 41.1 3.40636 8.2
      vertex 36.7 11.0274 8.2
      vertex 37.3 11.3738 8.77
    endloop
  endfacet
  facet normal 0.866025 0.500001 0
    outer loop
      vertex 37.3 11.3738 12.43
      vertex 32.9 18.9948 8.77
      vertex 32.9 18.9948 12.43
    endloop
  endfacet
  facet normal 0.866025 0.500001 0
    outer loop
      vertex 32.9 18.9948 8.77
      vertex 37.3 11.3738 12.43
      vertex 37.3 11.3738 8.77
    endloop
  endfacet
  facet normal 0.55022 -0.31767 -0.772233
    outer loop
      vertex 37.3 -11.3738 8.77
      vertex 32.3 -18.6484 8.2
      vertex 36.7 -11.0274 8.2
    endloop
  endfacet
  facet normal -0.344383 0.596483 -0.724989
    outer loop
      vertex -22 29.6758 8.2
      vertex -27.9 26.2694 8.2
      vertex -22 30.3686 8.77
    endloop
  endfacet
  facet normal 0 -1 0
    outer loop
      vertex -22 -30.3686 8.77
      vertex 22 -30.3686 12.43
      vertex -22 -30.3686 12.43
    endloop
  endfacet
  facet normal 0 -1 -0
    outer loop
      vertex 22 -30.3686 12.43
      vertex -22 -30.3686 8.77
      vertex 22 -30.3686 8.77
    endloop
  endfacet
  facet normal 0.55022 0.31767 -0.772233
    outer loop
      vertex 36.7 11.0274 8.2
      vertex 32.3 18.6484 8.2
      vertex 37.3 11.3738 8.77
    endloop
  endfacet
  facet normal -0.344379 -0.596478 -0.724995
    outer loop
      vertex -22 -30.3686 8.77
      vertex -28.5 -26.6158 8.77
      vertex -27.9 -26.2694 8.2
    endloop
  endfacet
  facet normal -0.55022 -0.317669 -0.772233
    outer loop
      vertex -37.3 -11.3738 8.77
      vertex -41.1 -3.40636 8.2
      vertex -36.7 -11.0274 8.2
    endloop
  endfacet
  facet normal 0.866025 -0.500001 0
    outer loop
      vertex 32.9 -18.9948 12.43
      vertex 37.3 -11.3738 8.77
      vertex 37.3 -11.3738 12.43
    endloop
  endfacet
  facet normal 0.866025 -0.500001 0
    outer loop
      vertex 37.3 -11.3738 8.77
      vertex 32.9 -18.9948 12.43
      vertex 32.9 -18.9948 8.77
    endloop
  endfacet
  facet normal 0.344383 -0.596483 -0.724989
    outer loop
      vertex 27.9 -26.2694 8.2
      vertex 22 -30.3686 8.77
      vertex 22 -29.6758 8.2
    endloop
  endfacet
  facet normal -0.55022 0.31767 -0.772233
    outer loop
      vertex -36.7 11.0274 8.2
      vertex -37.3 11.3738 8.77
      vertex -32.3 18.6484 8.2
    endloop
  endfacet
  facet normal 0.344379 0.596478 -0.724995
    outer loop
      vertex 27.9 26.2694 8.2
      vertex 22 30.3686 8.77
      vertex 28.5 26.6158 8.77
    endloop
  endfacet
  facet normal 0 0.635348 -0.772226
    outer loop
      vertex -22 29.6758 8.2
      vertex 22 30.3686 8.77
      vertex 22 29.6758 8.2
    endloop
  endfacet
  facet normal 0 0.635348 -0.772226
    outer loop
      vertex 22 30.3686 8.77
      vertex -22 29.6758 8.2
      vertex -22 30.3686 8.77
    endloop
  endfacet
  facet normal -1 0 0
    outer loop
      vertex -41.7 -3.75276 8.77
      vertex -41.7 3.75276 12.43
      vertex -41.7 3.75276 8.77
    endloop
  endfacet
  facet normal -1 -0 0
    outer loop
      vertex -41.7 3.75276 12.43
      vertex -41.7 -3.75276 8.77
      vertex -41.7 -3.75276 12.43
    endloop
  endfacet
  facet normal -0.688749 0 -0.724999
    outer loop
      vertex -41.7 -3.75276 8.77
      vertex -41.1 3.40636 8.2
      vertex -41.1 -3.40636 8.2
    endloop
  endfacet
  facet normal -0.688749 0 -0.724999
    outer loop
      vertex -41.1 3.40636 8.2
      vertex -41.7 -3.75276 8.77
      vertex -41.7 3.75276 8.77
    endloop
  endfacet
  facet normal 0.55022 -0.31767 -0.772233
    outer loop
      vertex 32.9 -18.9948 8.77
      vertex 32.3 -18.6484 8.2
      vertex 37.3 -11.3738 8.77
    endloop
  endfacet
  facet normal 0.55022 -0.317669 -0.772233
    outer loop
      vertex 41.7 -3.75276 8.77
      vertex 37.3 -11.3738 8.77
      vertex 41.1 -3.40636 8.2
    endloop
  endfacet
  facet normal 0.55022 -0.317669 -0.772233
    outer loop
      vertex 37.3 -11.3738 8.77
      vertex 36.7 -11.0274 8.2
      vertex 41.1 -3.40636 8.2
    endloop
  endfacet
  facet normal -0.55022 0.31767 -0.772233
    outer loop
      vertex -32.3 18.6484 8.2
      vertex -28.5 26.6158 8.77
      vertex -27.9 26.2694 8.2
    endloop
  endfacet
  facet normal -0.55022 0.31767 -0.772233
    outer loop
      vertex -28.5 26.6158 8.77
      vertex -32.3 18.6484 8.2
      vertex -32.9 18.9948 8.77
    endloop
  endfacet
  facet normal 0 1 -0
    outer loop
      vertex 22 30.3686 8.77
      vertex -22 30.3686 12.43
      vertex 22 30.3686 12.43
    endloop
  endfacet
  facet normal 0 1 0
    outer loop
      vertex -22 30.3686 12.43
      vertex 22 30.3686 8.77
      vertex -22 30.3686 8.77
    endloop
  endfacet
  facet normal 0.500002 0.866024 -0
    outer loop
      vertex 28.5 26.6158 8.77
      vertex 22 30.3686 12.43
      vertex 28.5 26.6158 12.43
    endloop
  endfacet
  facet normal 0.500002 0.866024 0
    outer loop
      vertex 22 30.3686 12.43
      vertex 28.5 26.6158 8.77
      vertex 22 30.3686 8.77
    endloop
  endfacet
  facet normal -0.866025 -0.500001 0
    outer loop
      vertex -32.9 -18.9948 8.77
      vertex -37.3 -11.3738 12.43
      vertex -37.3 -11.3738 8.77
    endloop
  endfacet
  facet normal -0.866025 -0.500001 0
    outer loop
      vertex -37.3 -11.3738 12.43
      vertex -32.9 -18.9948 8.77
      vertex -32.9 -18.9948 12.43
    endloop
  endfacet
  facet normal -0.866025 -0.500001 0
    outer loop
      vertex -28.5 -26.6158 8.77
      vertex -32.9 -18.9948 12.43
      vertex -32.9 -18.9948 8.77
    endloop
  endfacet
  facet normal -0.866025 -0.500001 0
    outer loop
      vertex -32.9 -18.9948 12.43
      vertex -28.5 -26.6158 8.77
      vertex -28.5 -26.6158 12.43
    endloop
  endfacet
  facet normal 0.344379 -0.596478 -0.724995
    outer loop
      vertex 28.5 -26.6158 8.77
      vertex 22 -30.3686 8.77
      vertex 27.9 -26.2694 8.2
    endloop
  endfacet
  facet normal 0.55022 -0.31767 -0.772233
    outer loop
      vertex 28.5 -26.6158 8.77
      vertex 32.3 -18.6484 8.2
      vertex 32.9 -18.9948 8.77
    endloop
  endfacet
  facet normal 0.55022 -0.31767 -0.772233
    outer loop
      vertex 32.3 -18.6484 8.2
      vertex 28.5 -26.6158 8.77
      vertex 27.9 -26.2694 8.2
    endloop
  endfacet
  facet normal -0.55022 0.31767 -0.772233
    outer loop
      vertex -32.3 18.6484 8.2
      vertex -37.3 11.3738 8.77
      vertex -32.9 18.9948 8.77
    endloop
  endfacet
  facet normal -0.500002 0.866024 0
    outer loop
      vertex -22 30.3686 8.77
      vertex -28.5 26.6158 12.43
      vertex -22 30.3686 12.43
    endloop
  endfacet
  facet normal -0.500002 0.866024 0
    outer loop
      vertex -28.5 26.6158 12.43
      vertex -22 30.3686 8.77
      vertex -28.5 26.6158 8.77
    endloop
  endfacet
  facet normal -0.344379 0.596478 -0.724995
    outer loop
      vertex -27.9 26.2694 8.2
      vertex -28.5 26.6158 8.77
      vertex -22 30.3686 8.77
    endloop
  endfacet
  facet normal 0.866026 0.499999 0
    outer loop
      vertex 41.7 3.75276 12.43
      vertex 37.3 11.3738 8.77
      vertex 37.3 11.3738 12.43
    endloop
  endfacet
  facet normal 0.866026 0.499999 0
    outer loop
      vertex 37.3 11.3738 8.77
      vertex 41.7 3.75276 12.43
      vertex 41.7 3.75276 8.77
    endloop
  endfacet
  facet normal -0.866026 -0.499999 0
    outer loop
      vertex -37.3 -11.3738 8.77
      vertex -41.7 -3.75276 12.43
      vertex -41.7 -3.75276 8.77
    endloop
  endfacet
  facet normal -0.866026 -0.499999 0
    outer loop
      vertex -41.7 -3.75276 12.43
      vertex -37.3 -11.3738 8.77
      vertex -37.3 -11.3738 12.43
    endloop
  endfacet
  facet normal 0.866025 0.500001 0
    outer loop
      vertex 32.9 18.9948 12.43
      vertex 28.5 26.6158 8.77
      vertex 28.5 26.6158 12.43
    endloop
  endfacet
  facet normal 0.866025 0.500001 0
    outer loop
      vertex 28.5 26.6158 8.77
      vertex 32.9 18.9948 12.43
      vertex 32.9 18.9948 8.77
    endloop
  endfacet
  facet normal -0.55022 -0.31767 -0.772233
    outer loop
      vertex -28.5 -26.6158 8.77
      vertex -32.3 -18.6484 8.2
      vertex -27.9 -26.2694 8.2
    endloop
  endfacet
  facet normal -0.55022 -0.31767 -0.772233
    outer loop
      vertex -32.3 -18.6484 8.2
      vertex -28.5 -26.6158 8.77
      vertex -32.9 -18.9948 8.77
    endloop
  endfacet
  facet normal -0.866025 0.500001 0
    outer loop
      vertex -32.9 18.9948 8.77
      vertex -28.5 26.6158 12.43
      vertex -28.5 26.6158 8.77
    endloop
  endfacet
  facet normal -0.866025 0.500001 0
    outer loop
      vertex -28.5 26.6158 12.43
      vertex -32.9 18.9948 8.77
      vertex -32.9 18.9948 12.43
    endloop
  endfacet
  facet normal -0.866025 0.500001 0
    outer loop
      vertex -37.3 11.3738 8.77
      vertex -32.9 18.9948 12.43
      vertex -32.9 18.9948 8.77
    endloop
  endfacet
  facet normal -0.866025 0.500001 0
    outer loop
      vertex -32.9 18.9948 12.43
      vertex -37.3 11.3738 8.77
      vertex -37.3 11.3738 12.43
    endloop
  endfacet
  facet normal 0.55022 0.31767 -0.772233
    outer loop
      vertex 32.3 18.6484 8.2
      vertex 28.5 26.6158 8.77
      vertex 32.9 18.9948 8.77
    endloop
  endfacet
  facet normal 0.55022 0.31767 -0.772233
    outer loop
      vertex 28.5 26.6158 8.77
      vertex 32.3 18.6484 8.2
      vertex 27.9 26.2694 8.2
    endloop
  endfacet
  facet normal 0.344383 0.596483 0.724989
    outer loop
      vertex 22 30.3686 12.43
      vertex 22 29.6758 13
      vertex 27.9 26.2694 13
    endloop
  endfacet
  facet normal -0.344383 0.596483 0.724989
    outer loop
      vertex -22 30.3686 12.43
      vertex -27.9 26.2694 13
      vertex -22 29.6758 13
    endloop
  endfacet
  facet normal -0.55022 0.317669 0.772233
    outer loop
      vertex -37.3 11.3738 12.43
      vertex -41.7 3.75276 12.43
      vertex -41.1 3.40636 13
    endloop
  endfacet
  facet normal 0.344383 -0.596483 0.724989
    outer loop
      vertex 22 -29.6758 13
      vertex 22 -30.3686 12.43
      vertex 27.9 -26.2694 13
    endloop
  endfacet
  facet normal 0.55022 -0.317669 0.772233
    outer loop
      vertex 41.1 -3.40636 13
      vertex 36.7 -11.0274 13
      vertex 37.3 -11.3738 12.43
    endloop
  endfacet
  facet normal 0.55022 -0.31767 0.772233
    outer loop
      vertex 32.3 -18.6484 13
      vertex 28.5 -26.6158 12.43
      vertex 32.9 -18.9948 12.43
    endloop
  endfacet
  facet normal 0.55022 -0.31767 0.772233
    outer loop
      vertex 28.5 -26.6158 12.43
      vertex 32.3 -18.6484 13
      vertex 27.9 -26.2694 13
    endloop
  endfacet
  facet normal -0.344379 0.596478 0.724995
    outer loop
      vertex -22 30.3686 12.43
      vertex -28.5 26.6158 12.43
      vertex -27.9 26.2694 13
    endloop
  endfacet
  facet normal 0 -0.635348 0.772226
    outer loop
      vertex -22 -29.6758 13
      vertex 22 -30.3686 12.43
      vertex 22 -29.6758 13
    endloop
  endfacet
  facet normal 0 -0.635348 0.772226
    outer loop
      vertex 22 -30.3686 12.43
      vertex -22 -29.6758 13
      vertex -22 -30.3686 12.43
    endloop
  endfacet
  facet normal -0.688749 0 0.724999
    outer loop
      vertex -41.7 3.75276 12.43
      vertex -41.1 -3.40636 13
      vertex -41.1 3.40636 13
    endloop
  endfacet
  facet normal -0.688749 0 0.724999
    outer loop
      vertex -41.1 -3.40636 13
      vertex -41.7 3.75276 12.43
      vertex -41.7 -3.75276 12.43
    endloop
  endfacet
  facet normal 0.55022 -0.31767 0.772233
    outer loop
      vertex 36.7 -11.0274 13
      vertex 32.3 -18.6484 13
      vertex 37.3 -11.3738 12.43
    endloop
  endfacet
  facet normal 0.344379 0.596478 0.724995
    outer loop
      vertex 28.5 26.6158 12.43
      vertex 22 30.3686 12.43
      vertex 27.9 26.2694 13
    endloop
  endfacet
  facet normal 0.688749 0 0.724999
    outer loop
      vertex 41.1 3.40636 13
      vertex 41.7 -3.75276 12.43
      vertex 41.7 3.75276 12.43
    endloop
  endfacet
  facet normal 0.688749 0 0.724999
    outer loop
      vertex 41.7 -3.75276 12.43
      vertex 41.1 3.40636 13
      vertex 41.1 -3.40636 13
    endloop
  endfacet
  facet normal -0.55022 -0.317669 0.772233
    outer loop
      vertex -36.7 -11.0274 13
      vertex -41.1 -3.40636 13
      vertex -37.3 -11.3738 12.43
    endloop
  endfacet
  facet normal 0.344379 -0.596478 0.724995
    outer loop
      vertex 27.9 -26.2694 13
      vertex 22 -30.3686 12.43
      vertex 28.5 -26.6158 12.43
    endloop
  endfacet
  facet normal 0.55022 -0.317669 0.772233
    outer loop
      vertex 41.1 -3.40636 13
      vertex 37.3 -11.3738 12.43
      vertex 41.7 -3.75276 12.43
    endloop
  endfacet
  facet normal 0.55022 0.317669 0.772233
    outer loop
      vertex 41.7 3.75276 12.43
      vertex 37.3 11.3738 12.43
      vertex 41.1 3.40636 13
    endloop
  endfacet
  facet normal -0 0.635348 0.772226
    outer loop
      vertex -22 30.3686 12.43
      vertex 22 29.6758 13
      vertex 22 30.3686 12.43
    endloop
  endfacet
  facet normal 0 0.635348 0.772226
    outer loop
      vertex 22 29.6758 13
      vertex -22 30.3686 12.43
      vertex -22 29.6758 13
    endloop
  endfacet
  facet normal 0.55022 0.317669 0.772233
    outer loop
      vertex 37.3 11.3738 12.43
      vertex 36.7 11.0274 13
      vertex 41.1 3.40636 13
    endloop
  endfacet
  facet normal -0.55022 0.31767 0.772233
    outer loop
      vertex -32.9 18.9948 12.43
      vertex -37.3 11.3738 12.43
      vertex -32.3 18.6484 13
    endloop
  endfacet
  facet normal 0.55022 -0.31767 0.772233
    outer loop
      vertex 37.3 -11.3738 12.43
      vertex 32.3 -18.6484 13
      vertex 32.9 -18.9948 12.43
    endloop
  endfacet
  facet normal 0.55022 0.31767 0.772233
    outer loop
      vertex 32.9 18.9948 12.43
      vertex 32.3 18.6484 13
      vertex 37.3 11.3738 12.43
    endloop
  endfacet
  facet normal 0.55022 0.31767 0.772233
    outer loop
      vertex 28.5 26.6158 12.43
      vertex 32.3 18.6484 13
      vertex 32.9 18.9948 12.43
    endloop
  endfacet
  facet normal 0.55022 0.31767 0.772233
    outer loop
      vertex 32.3 18.6484 13
      vertex 28.5 26.6158 12.43
      vertex 27.9 26.2694 13
    endloop
  endfacet
  facet normal -0.344383 -0.596483 0.724989
    outer loop
      vertex -22 -29.6758 13
      vertex -27.9 -26.2694 13
      vertex -22 -30.3686 12.43
    endloop
  endfacet
  facet normal -0.55022 -0.31767 0.772233
    outer loop
      vertex -36.7 -11.0274 13
      vertex -37.3 -11.3738 12.43
      vertex -32.3 -18.6484 13
    endloop
  endfacet
  facet normal -0.55022 0.317669 0.772233
    outer loop
      vertex -37.3 11.3738 12.43
      vertex -41.1 3.40636 13
      vertex -36.7 11.0274 13
    endloop
  endfacet
  facet normal 0.55022 0.31767 0.772233
    outer loop
      vertex 37.3 11.3738 12.43
      vertex 32.3 18.6484 13
      vertex 36.7 11.0274 13
    endloop
  endfacet
  facet normal -0.55022 0.31767 0.772233
    outer loop
      vertex -32.3 18.6484 13
      vertex -37.3 11.3738 12.43
      vertex -36.7 11.0274 13
    endloop
  endfacet
  facet normal -0.55022 -0.31767 0.772233
    outer loop
      vertex -32.3 -18.6484 13
      vertex -37.3 -11.3738 12.43
      vertex -32.9 -18.9948 12.43
    endloop
  endfacet
  facet normal -0.344379 -0.596478 0.724995
    outer loop
      vertex -27.9 -26.2694 13
      vertex -28.5 -26.6158 12.43
      vertex -22 -30.3686 12.43
    endloop
  endfacet
  facet normal 0 0 1
    outer loop
      vertex -30.4714 -2.35064 13
      vertex -31.1286 -2.35064 13
      vertex -30.8 -2.91974 13
    endloop
  endfacet
  facet normal -0 0 1
    outer loop
      vertex -31.2952 -2.44686 13
      vertex -30.8 -2.91974 13
      vertex -31.1286 -2.35064 13
    endloop
  endfacet
  facet normal 0 0 1
    outer loop
      vertex -31.2952 -2.44686 13
      vertex -34.7048 -5.17416 13
      vertex -30.8 -2.91974 13
    endloop
  endfacet
  facet normal -0 0 1
    outer loop
      vertex -35.2 -4.70128 13
      vertex -34.7048 -5.17416 13
      vertex -31.2952 -2.44686 13
    endloop
  endfacet
  facet normal 0 0 1
    outer loop
      vertex -36.7 -11.0274 13
      vertex -34.8714 -5.27038 13
      vertex -35.2 -4.70128 13
    endloop
  endfacet
  facet normal 0 0 1
    outer loop
      vertex -34.7048 -5.17416 13
      vertex -35.2 -4.70128 13
      vertex -34.8714 -5.27038 13
    endloop
  endfacet
  facet normal 0 0 1
    outer loop
      vertex -26.0714 5.27038 13
      vertex -26.7286 5.27038 13
      vertex -26.4 4.70128 13
    endloop
  endfacet
  facet normal -0 0 1
    outer loop
      vertex -26.8952 5.17416 13
      vertex -26.4 4.70128 13
      vertex -26.7286 5.27038 13
    endloop
  endfacet
  facet normal 0 0 1
    outer loop
      vertex -26.8952 5.17416 13
      vertex -30.3048 2.44686 13
      vertex -26.4 4.70128 13
    endloop
  endfacet
  facet normal -0 0 1
    outer loop
      vertex -30.8 2.91974 13
      vertex -30.3048 2.44686 13
      vertex -26.8952 5.17416 13
    endloop
  endfacet
  facet normal 0 0 1
    outer loop
      vertex -31.1286 2.35064 13
      vertex -30.4714 2.35064 13
      vertex -30.8 2.91974 13
    endloop
  endfacet
  facet normal 0 0 1
    outer loop
      vertex -30.3048 2.44686 13
      vertex -30.8 2.91974 13
      vertex -30.4714 2.35064 13
    endloop
  endfacet
  facet normal 0 0 1
    outer loop
      vertex -26.0714 -9.97166 13
      vertex -26.7286 -9.97166 13
      vertex -26.4 -10.5408 13
    endloop
  endfacet
  facet normal -0 0 1
    outer loop
      vertex -26.8952 -10.0679 13
      vertex -26.4 -10.5408 13
      vertex -26.7286 -9.97166 13
    endloop
  endfacet
  facet normal 0 0 1
    outer loop
      vertex -26.8952 -10.0679 13
      vertex -30.3048 -12.7952 13
      vertex -26.4 -10.5408 13
    endloop
  endfacet
  facet normal -0 0 1
    outer loop
      vertex -30.8 -12.3223 13
      vertex -30.3048 -12.7952 13
      vertex -26.8952 -10.0679 13
    endloop
  endfacet
  facet normal 0 0 1
    outer loop
      vertex -32.3 -18.6484 13
      vertex -30.4714 -12.8914 13
      vertex -30.8 -12.3223 13
    endloop
  endfacet
  facet normal 0 0 1
    outer loop
      vertex -30.3048 -12.7952 13
      vertex -30.8 -12.3223 13
      vertex -30.4714 -12.8914 13
    endloop
  endfacet
  facet normal 0 0 1
    outer loop
      vertex -21.6714 12.8914 13
      vertex -22.3286 12.8914 13
      vertex -22 12.3223 13
    endloop
  endfacet
  facet normal -0 0 1
    outer loop
      vertex -22.4952 12.7952 13
      vertex -22 12.3223 13
      vertex -22.3286 12.8914 13
    endloop
  endfacet
  facet normal 0 0 1
    outer loop
      vertex -22.4952 12.7952 13
      vertex -25.9048 10.0679 13
      vertex -22 12.3223 13
    endloop
  endfacet
  facet normal -0 0 1
    outer loop
      vertex -26.4 10.5408 13
      vertex -25.9048 10.0679 13
      vertex -22.4952 12.7952 13
    endloop
  endfacet
  facet normal 0 0 1
    outer loop
      vertex -26.7286 9.97166 13
      vertex -26.0714 9.97166 13
      vertex -26.4 10.5408 13
    endloop
  endfacet
  facet normal 0 0 1
    outer loop
      vertex -25.9048 10.0679 13
      vertex -26.4 10.5408 13
      vertex -26.0714 9.97166 13
    endloop
  endfacet
  facet normal 0 0 1
    outer loop
      vertex -21.6714 -2.35064 13
      vertex -22.3286 -2.35064 13
      vertex -22 -2.91974 13
    endloop
  endfacet
  facet normal -0 0 1
    outer loop
      vertex -22.4952 -2.44686 13
      vertex -22 -2.91974 13
      vertex -22.3286 -2.35064 13
    endloop
  endfacet
  facet normal 0 0 1
    outer loop
      vertex -22.4952 -2.44686 13
      vertex -25.9048 -5.17416 13
      vertex -22 -2.91974 13
    endloop
  endfacet
  facet normal -0 0 1
    outer loop
      vertex -26.4 -4.70128 13
      vertex -25.9048 -5.17416 13
      vertex -22.4952 -2.44686 13
    endloop
  endfacet
  facet normal 0 0 1
    outer loop
      vertex -26.7286 -5.27038 13
      vertex -26.0714 -5.27038 13
      vertex -26.4 -4.70128 13
    endloop
  endfacet
  facet normal 0 0 1
    outer loop
      vertex -25.9048 -5.17416 13
      vertex -26.4 -4.70128 13
      vertex -26.0714 -5.27038 13
    endloop
  endfacet
  facet normal 0 0 1
    outer loop
      vertex -21.6714 -17.5927 13
      vertex -22.3286 -17.5927 13
      vertex -22 -18.1618 13
    endloop
  endfacet
  facet normal -0 0 1
    outer loop
      vertex -22.4952 -17.6889 13
      vertex -22 -18.1618 13
      vertex -22.3286 -17.5927 13
    endloop
  endfacet
  facet normal 0 0 1
    outer loop
      vertex -22.4952 -17.6889 13
      vertex -25.9048 -20.4162 13
      vertex -22 -18.1618 13
    endloop
  endfacet
  facet normal -0 0 1
    outer loop
      vertex -26.4 -19.9433 13
      vertex -25.9048 -20.4162 13
      vertex -22.4952 -17.6889 13
    endloop
  endfacet
  facet normal 0 0 1
    outer loop
      vertex -27.9 -26.2694 13
      vertex -26.0714 -20.5124 13
      vertex -26.4 -19.9433 13
    endloop
  endfacet
  facet normal 0 0 1
    outer loop
      vertex -25.9048 -20.4162 13
      vertex -26.4 -19.9433 13
      vertex -26.0714 -20.5124 13
    endloop
  endfacet
  facet normal 0 0 1
    outer loop
      vertex -17.6 -19.9433 13
      vertex -18.0952 -20.4162 13
      vertex -17.9286 -20.5124 13
    endloop
  endfacet
  facet normal 0 0 1
    outer loop
      vertex -21.5048 -17.6889 13
      vertex -18.0952 -20.4162 13
      vertex -17.6 -19.9433 13
    endloop
  endfacet
  facet normal 0 0 1
    outer loop
      vertex -22 -18.1618 13
      vertex -21.5048 -17.6889 13
      vertex -21.6714 -17.5927 13
    endloop
  endfacet
  facet normal 0 0 1
    outer loop
      vertex -21.5048 -17.6889 13
      vertex -22 -18.1618 13
      vertex -18.0952 -20.4162 13
    endloop
  endfacet
  facet normal 0 0 1
    outer loop
      vertex -21.6714 -12.8914 13
      vertex -22.3286 -12.8914 13
      vertex -21.6714 -17.5927 13
    endloop
  endfacet
  facet normal 0 0 1
    outer loop
      vertex -22.3286 -17.5927 13
      vertex -21.6714 -17.5927 13
      vertex -22.3286 -12.8914 13
    endloop
  endfacet
  facet normal 0 0 1
    outer loop
      vertex -22 -12.3223 13
      vertex -22.4952 -12.7952 13
      vertex -22.3286 -12.8914 13
    endloop
  endfacet
  facet normal 0 0 1
    outer loop
      vertex -25.9048 -10.0679 13
      vertex -22.4952 -12.7952 13
      vertex -22 -12.3223 13
    endloop
  endfacet
  facet normal 0 0 1
    outer loop
      vertex -26.4 -10.5408 13
      vertex -25.9048 -10.0679 13
      vertex -26.0714 -9.97166 13
    endloop
  endfacet
  facet normal 0 0 1
    outer loop
      vertex -25.9048 -10.0679 13
      vertex -26.4 -10.5408 13
      vertex -22.4952 -12.7952 13
    endloop
  endfacet
  facet normal 0 0 1
    outer loop
      vertex -26.0714 -5.27038 13
      vertex -26.7286 -5.27038 13
      vertex -26.0714 -9.97166 13
    endloop
  endfacet
  facet normal 0 0 1
    outer loop
      vertex -26.7286 -9.97166 13
      vertex -26.0714 -9.97166 13
      vertex -26.7286 -5.27038 13
    endloop
  endfacet
  facet normal 0 0 1
    outer loop
      vertex -26.4 -4.70128 13
      vertex -26.8952 -5.17416 13
      vertex -26.7286 -5.27038 13
    endloop
  endfacet
  facet normal 0 0 1
    outer loop
      vertex -30.3048 -2.44686 13
      vertex -26.8952 -5.17416 13
      vertex -26.4 -4.70128 13
    endloop
  endfacet
  facet normal 0 0 1
    outer loop
      vertex -30.8 -2.91974 13
      vertex -30.3048 -2.44686 13
      vertex -30.4714 -2.35064 13
    endloop
  endfacet
  facet normal 0 0 1
    outer loop
      vertex -30.3048 -2.44686 13
      vertex -30.8 -2.91974 13
      vertex -26.8952 -5.17416 13
    endloop
  endfacet
  facet normal 0 0 1
    outer loop
      vertex -30.4714 2.35064 13
      vertex -31.1286 2.35064 13
      vertex -30.4714 -2.35064 13
    endloop
  endfacet
  facet normal 0 0 1
    outer loop
      vertex -31.1286 -2.35064 13
      vertex -30.4714 -2.35064 13
      vertex -31.1286 2.35064 13
    endloop
  endfacet
  facet normal 0 0 1
    outer loop
      vertex -30.8 2.91974 13
      vertex -31.2952 2.44686 13
      vertex -31.1286 2.35064 13
    endloop
  endfacet
  facet normal 0 0 1
    outer loop
      vertex -34.7048 5.17416 13
      vertex -31.2952 2.44686 13
      vertex -30.8 2.91974 13
    endloop
  endfacet
  facet normal 0 0 1
    outer loop
      vertex -35.2 4.70128 13
      vertex -34.7048 5.17416 13
      vertex -34.8714 5.27038 13
    endloop
  endfacet
  facet normal 0 0 1
    outer loop
      vertex -34.7048 5.17416 13
      vertex -35.2 4.70128 13
      vertex -31.2952 2.44686 13
    endloop
  endfacet
  facet normal 0 0 1
    outer loop
      vertex -17.2714 20.5124 13
      vertex -17.9286 20.5124 13
      vertex -17.6 19.9433 13
    endloop
  endfacet
  facet normal -0 0 1
    outer loop
      vertex -18.0952 20.4162 13
      vertex -17.6 19.9433 13
      vertex -17.9286 20.5124 13
    endloop
  endfacet
  facet normal 0 0 1
    outer loop
      vertex -18.0952 20.4162 13
      vertex -21.5048 17.6889 13
      vertex -17.6 19.9433 13
    endloop
  endfacet
  facet normal -0 0 1
    outer loop
      vertex -22 18.1618 13
      vertex -21.5048 17.6889 13
      vertex -18.0952 20.4162 13
    endloop
  endfacet
  facet normal 0 0 1
    outer loop
      vertex -22.3286 17.5927 13
      vertex -21.6714 17.5927 13
      vertex -22 18.1618 13
    endloop
  endfacet
  facet normal 0 0 1
    outer loop
      vertex -21.5048 17.6889 13
      vertex -22 18.1618 13
      vertex -21.6714 17.5927 13
    endloop
  endfacet
  facet normal 0 0 1
    outer loop
      vertex -17.2714 5.27038 13
      vertex -17.9286 5.27038 13
      vertex -17.6 4.70128 13
    endloop
  endfacet
  facet normal -0 0 1
    outer loop
      vertex -18.0952 5.17416 13
      vertex -17.6 4.70128 13
      vertex -17.9286 5.27038 13
    endloop
  endfacet
  facet normal 0 0 1
    outer loop
      vertex -18.0952 5.17416 13
      vertex -21.5048 2.44686 13
      vertex -17.6 4.70128 13
    endloop
  endfacet
  facet normal -0 0 1
    outer loop
      vertex -22 2.91974 13
      vertex -21.5048 2.44686 13
      vertex -18.0952 5.17416 13
    endloop
  endfacet
  facet normal 0 0 1
    outer loop
      vertex -22.3286 2.35064 13
      vertex -21.6714 2.35064 13
      vertex -22 2.91974 13
    endloop
  endfacet
  facet normal 0 0 1
    outer loop
      vertex -21.5048 2.44686 13
      vertex -22 2.91974 13
      vertex -21.6714 2.35064 13
    endloop
  endfacet
  facet normal 0 0 1
    outer loop
      vertex -17.2714 -9.97166 13
      vertex -17.9286 -9.97166 13
      vertex -17.6 -10.5408 13
    endloop
  endfacet
  facet normal -0 0 1
    outer loop
      vertex -18.0952 -10.0679 13
      vertex -17.6 -10.5408 13
      vertex -17.9286 -9.97166 13
    endloop
  endfacet
  facet normal 0 0 1
    outer loop
      vertex -18.0952 -10.0679 13
      vertex -21.5048 -12.7952 13
      vertex -17.6 -10.5408 13
    endloop
  endfacet
  facet normal -0 0 1
    outer loop
      vertex -22 -12.3223 13
      vertex -21.5048 -12.7952 13
      vertex -18.0952 -10.0679 13
    endloop
  endfacet
  facet normal 0 0 1
    outer loop
      vertex -22.3286 -12.8914 13
      vertex -21.6714 -12.8914 13
      vertex -22 -12.3223 13
    endloop
  endfacet
  facet normal 0 0 1
    outer loop
      vertex -21.5048 -12.7952 13
      vertex -22 -12.3223 13
      vertex -21.6714 -12.8914 13
    endloop
  endfacet
  facet normal 0 0 1
    outer loop
      vertex -12.8714 12.8914 13
      vertex -13.5286 12.8914 13
      vertex -13.2 12.3223 13
    endloop
  endfacet
  facet normal -0 0 1
    outer loop
      vertex -13.6952 12.7952 13
      vertex -13.2 12.3223 13
      vertex -13.5286 12.8914 13
    endloop
  endfacet
  facet normal 0 0 1
    outer loop
      vertex -13.6952 12.7952 13
      vertex -17.1048 10.0679 13
      vertex -13.2 12.3223 13
    endloop
  endfacet
  facet normal -0 0 1
    outer loop
      vertex -17.6 10.5408 13
      vertex -17.1048 10.0679 13
      vertex -13.6952 12.7952 13
    endloop
  endfacet
  facet normal 0 0 1
    outer loop
      vertex -17.9286 9.97166 13
      vertex -17.2714 9.97166 13
      vertex -17.6 10.5408 13
    endloop
  endfacet
  facet normal 0 0 1
    outer loop
      vertex -17.1048 10.0679 13
      vertex -17.6 10.5408 13
      vertex -17.2714 9.97166 13
    endloop
  endfacet
  facet normal 0 0 1
    outer loop
      vertex -12.8714 -2.35064 13
      vertex -13.5286 -2.35064 13
      vertex -13.2 -2.91974 13
    endloop
  endfacet
  facet normal -0 0 1
    outer loop
      vertex -13.6952 -2.44686 13
      vertex -13.2 -2.91974 13
      vertex -13.5286 -2.35064 13
    endloop
  endfacet
  facet normal 0 0 1
    outer loop
      vertex -13.6952 -2.44686 13
      vertex -17.1048 -5.17416 13
      vertex -13.2 -2.91974 13
    endloop
  endfacet
  facet normal -0 0 1
    outer loop
      vertex -17.6 -4.70128 13
      vertex -17.1048 -5.17416 13
      vertex -13.6952 -2.44686 13
    endloop
  endfacet
  facet normal 0 0 1
    outer loop
      vertex -17.9286 -5.27038 13
      vertex -17.2714 -5.27038 13
      vertex -17.6 -4.70128 13
    endloop
  endfacet
  facet normal 0 0 1
    outer loop
      vertex -17.1048 -5.17416 13
      vertex -17.6 -4.70128 13
      vertex -17.2714 -5.27038 13
    endloop
  endfacet
  facet normal 0 0 1
    outer loop
      vertex -12.8714 -17.5927 13
      vertex -13.5286 -17.5927 13
      vertex -13.2 -18.1618 13
    endloop
  endfacet
  facet normal -0 0 1
    outer loop
      vertex -13.6952 -17.6889 13
      vertex -13.2 -18.1618 13
      vertex -13.5286 -17.5927 13
    endloop
  endfacet
  facet normal 0 0 1
    outer loop
      vertex -13.6952 -17.6889 13
      vertex -17.1048 -20.4162 13
      vertex -13.2 -18.1618 13
    endloop
  endfacet
  facet normal -0 0 1
    outer loop
      vertex -17.6 -19.9433 13
      vertex -17.1048 -20.4162 13
      vertex -13.6952 -17.6889 13
    endloop
  endfacet
  facet normal 0 0 1
    outer loop
      vertex -17.9286 -20.5124 13
      vertex -17.2714 -20.5124 13
      vertex -17.6 -19.9433 13
    endloop
  endfacet
  facet normal 0 0 1
    outer loop
      vertex -17.1048 -20.4162 13
      vertex -17.6 -19.9433 13
      vertex -17.2714 -20.5124 13
    endloop
  endfacet
  facet normal 0 0 1
    outer loop
      vertex -8.8 -19.9433 13
      vertex -9.29524 -20.4162 13
      vertex -9.12857 -20.5124 13
    endloop
  endfacet
  facet normal 0 0 1
    outer loop
      vertex -12.7048 -17.6889 13
      vertex -9.29524 -20.4162 13
      vertex -8.8 -19.9433 13
    endloop
  endfacet
  facet normal 0 0 1
    outer loop
      vertex -13.2 -18.1618 13
      vertex -12.7048 -17.6889 13
      vertex -12.8714 -17.5927 13
    endloop
  endfacet
  facet normal 0 0 1
    outer loop
      vertex -12.7048 -17.6889 13
      vertex -13.2 -18.1618 13
      vertex -9.29524 -20.4162 13
    endloop
  endfacet
  facet normal 0 0 1
    outer loop
      vertex -12.8714 -12.8914 13
      vertex -13.5286 -12.8914 13
      vertex -12.8714 -17.5927 13
    endloop
  endfacet
  facet normal 0 0 1
    outer loop
      vertex -13.5286 -17.5927 13
      vertex -12.8714 -17.5927 13
      vertex -13.5286 -12.8914 13
    endloop
  endfacet
  facet normal 0 0 1
    outer loop
      vertex -13.2 -12.3223 13
      vertex -13.6952 -12.7952 13
      vertex -13.5286 -12.8914 13
    endloop
  endfacet
  facet normal 0 0 1
    outer loop
      vertex -17.1048 -10.0679 13
      vertex -13.6952 -12.7952 13
      vertex -13.2 -12.3223 13
    endloop
  endfacet
  facet normal 0 0 1
    outer loop
      vertex -17.6 -10.5408 13
      vertex -17.1048 -10.0679 13
      vertex -17.2714 -9.97166 13
    endloop
  endfacet
  facet normal 0 0 1
    outer loop
      vertex -17.1048 -10.0679 13
      vertex -17.6 -10.5408 13
      vertex -13.6952 -12.7952 13
    endloop
  endfacet
  facet normal 0 0 1
    outer loop
      vertex -17.2714 -5.27038 13
      vertex -17.9286 -5.27038 13
      vertex -17.2714 -9.97166 13
    endloop
  endfacet
  facet normal 0 0 1
    outer loop
      vertex -17.9286 -9.97166 13
      vertex -17.2714 -9.97166 13
      vertex -17.9286 -5.27038 13
    endloop
  endfacet
  facet normal 0 0 1
    outer loop
      vertex -17.6 -4.70128 13
      vertex -18.0952 -5.17416 13
      vertex -17.9286 -5.27038 13
    endloop
  endfacet
  facet normal 0 0 1
    outer loop
      vertex -21.5048 -2.44686 13
      vertex -18.0952 -5.17416 13
      vertex -17.6 -4.70128 13
    endloop
  endfacet
  facet normal 0 0 1
    outer loop
      vertex -22 -2.91974 13
      vertex -21.5048 -2.44686 13
      vertex -21.6714 -2.35064 13
    endloop
  endfacet
  facet normal 0 0 1
    outer loop
      vertex -21.5048 -2.44686 13
      vertex -22 -2.91974 13
      vertex -18.0952 -5.17416 13
    endloop
  endfacet
  facet normal 0 0 1
    outer loop
      vertex -21.6714 2.35064 13
      vertex -22.3286 2.35064 13
      vertex -21.6714 -2.35064 13
    endloop
  endfacet
  facet normal 0 0 1
    outer loop
      vertex -22.3286 -2.35064 13
      vertex -21.6714 -2.35064 13
      vertex -22.3286 2.35064 13
    endloop
  endfacet
  facet normal 0 0 1
    outer loop
      vertex -22 2.91974 13
      vertex -22.4952 2.44686 13
      vertex -22.3286 2.35064 13
    endloop
  endfacet
  facet normal 0 0 1
    outer loop
      vertex -25.9048 5.17416 13
      vertex -22.4952 2.44686 13
      vertex -22 2.91974 13
    endloop
  endfacet
  facet normal 0 0 1
    outer loop
      vertex -26.4 4.70128 13
      vertex -25.9048 5.17416 13
      vertex -26.0714 5.27038 13
    endloop
  endfacet
  facet normal 0 0 1
    outer loop
      vertex -25.9048 5.17416 13
      vertex -26.4 4.70128 13
      vertex -22.4952 2.44686 13
    endloop
  endfacet
  facet normal 0 0 1
    outer loop
      vertex -26.0714 9.97166 13
      vertex -26.7286 9.97166 13
      vertex -26.0714 5.27038 13
    endloop
  endfacet
  facet normal 0 0 1
    outer loop
      vertex -26.7286 5.27038 13
      vertex -26.0714 5.27038 13
      vertex -26.7286 9.97166 13
    endloop
  endfacet
  facet normal 0 0 1
    outer loop
      vertex -26.4 10.5408 13
      vertex -26.8952 10.0679 13
      vertex -26.7286 9.97166 13
    endloop
  endfacet
  facet normal 0 0 1
    outer loop
      vertex -30.3048 12.7952 13
      vertex -26.8952 10.0679 13
      vertex -26.4 10.5408 13
    endloop
  endfacet
  facet normal 0 0 1
    outer loop
      vertex -30.8 12.3223 13
      vertex -30.3048 12.7952 13
      vertex -30.4714 12.8914 13
    endloop
  endfacet
  facet normal 0 0 1
    outer loop
      vertex -30.3048 12.7952 13
      vertex -30.8 12.3223 13
      vertex -26.8952 10.0679 13
    endloop
  endfacet
  facet normal 0 0 1
    outer loop
      vertex -8.47143 20.5124 13
      vertex -9.12857 20.5124 13
      vertex -8.8 19.9433 13
    endloop
  endfacet
  facet normal -0 0 1
    outer loop
      vertex -9.29524 20.4162 13
      vertex -8.8 19.9433 13
      vertex -9.12857 20.5124 13
    endloop
  endfacet
  facet normal 0 0 1
    outer loop
      vertex -9.29524 20.4162 13
      vertex -12.7048 17.6889 13
      vertex -8.8 19.9433 13
    endloop
  endfacet
  facet normal -0 0 1
    outer loop
      vertex -13.2 18.1618 13
      vertex -12.7048 17.6889 13
      vertex -9.29524 20.4162 13
    endloop
  endfacet
  facet normal 0 0 1
    outer loop
      vertex -13.5286 17.5927 13
      vertex -12.8714 17.5927 13
      vertex -13.2 18.1618 13
    endloop
  endfacet
  facet normal 0 0 1
    outer loop
      vertex -12.7048 17.6889 13
      vertex -13.2 18.1618 13
      vertex -12.8714 17.5927 13
    endloop
  endfacet
  facet normal 0 0 1
    outer loop
      vertex -8.47143 5.27038 13
      vertex -9.12857 5.27038 13
      vertex -8.8 4.70128 13
    endloop
  endfacet
  facet normal -0 0 1
    outer loop
      vertex -9.29524 5.17416 13
      vertex -8.8 4.70128 13
      vertex -9.12857 5.27038 13
    endloop
  endfacet
  facet normal 0 0 1
    outer loop
      vertex -9.29524 5.17416 13
      vertex -12.7048 2.44686 13
      vertex -8.8 4.70128 13
    endloop
  endfacet
  facet normal -0 0 1
    outer loop
      vertex -13.2 2.91974 13
      vertex -12.7048 2.44686 13
      vertex -9.29524 5.17416 13
    endloop
  endfacet
  facet normal 0 0 1
    outer loop
      vertex -13.5286 2.35064 13
      vertex -12.8714 2.35064 13
      vertex -13.2 2.91974 13
    endloop
  endfacet
  facet normal 0 0 1
    outer loop
      vertex -12.7048 2.44686 13
      vertex -13.2 2.91974 13
      vertex -12.8714 2.35064 13
    endloop
  endfacet
  facet normal 0 0 1
    outer loop
      vertex -8.47143 -9.97166 13
      vertex -9.12857 -9.97166 13
      vertex -8.8 -10.5408 13
    endloop
  endfacet
  facet normal -0 0 1
    outer loop
      vertex -9.29524 -10.0679 13
      vertex -8.8 -10.5408 13
      vertex -9.12857 -9.97166 13
    endloop
  endfacet
  facet normal 0 0 1
    outer loop
      vertex -9.29524 -10.0679 13
      vertex -12.7048 -12.7952 13
      vertex -8.8 -10.5408 13
    endloop
  endfacet
  facet normal -0 0 1
    outer loop
      vertex -13.2 -12.3223 13
      vertex -12.7048 -12.7952 13
      vertex -9.29524 -10.0679 13
    endloop
  endfacet
  facet normal 0 0 1
    outer loop
      vertex -13.5286 -12.8914 13
      vertex -12.8714 -12.8914 13
      vertex -13.2 -12.3223 13
    endloop
  endfacet
  facet normal 0 0 1
    outer loop
      vertex -12.7048 -12.7952 13
      vertex -13.2 -12.3223 13
      vertex -12.8714 -12.8914 13
    endloop
  endfacet
  facet normal 0 0 1
    outer loop
      vertex -4.07143 12.8914 13
      vertex -4.72857 12.8914 13
      vertex -4.4 12.3223 13
    endloop
  endfacet
  facet normal -0 0 1
    outer loop
      vertex -4.89524 12.7952 13
      vertex -4.4 12.3223 13
      vertex -4.72857 12.8914 13
    endloop
  endfacet
  facet normal 0 0 1
    outer loop
      vertex -4.89524 12.7952 13
      vertex -8.30476 10.0679 13
      vertex -4.4 12.3223 13
    endloop
  endfacet
  facet normal -0 0 1
    outer loop
      vertex -8.8 10.5408 13
      vertex -8.30476 10.0679 13
      vertex -4.89524 12.7952 13
    endloop
  endfacet
  facet normal 0 0 1
    outer loop
      vertex -9.12857 9.97166 13
      vertex -8.47143 9.97166 13
      vertex -8.8 10.5408 13
    endloop
  endfacet
  facet normal 0 0 1
    outer loop
      vertex -8.30476 10.0679 13
      vertex -8.8 10.5408 13
      vertex -8.47143 9.97166 13
    endloop
  endfacet
  facet normal 0 0 1
    outer loop
      vertex -4.07143 -2.35064 13
      vertex -4.72857 -2.35064 13
      vertex -4.4 -2.91974 13
    endloop
  endfacet
  facet normal -0 0 1
    outer loop
      vertex -4.89524 -2.44686 13
      vertex -4.4 -2.91974 13
      vertex -4.72857 -2.35064 13
    endloop
  endfacet
  facet normal 0 0 1
    outer loop
      vertex -4.89524 -2.44686 13
      vertex -8.30476 -5.17416 13
      vertex -4.4 -2.91974 13
    endloop
  endfacet
  facet normal -0 0 1
    outer loop
      vertex -8.8 -4.70128 13
      vertex -8.30476 -5.17416 13
      vertex -4.89524 -2.44686 13
    endloop
  endfacet
  facet normal 0 0 1
    outer loop
      vertex -9.12857 -5.27038 13
      vertex -8.47143 -5.27038 13
      vertex -8.8 -4.70128 13
    endloop
  endfacet
  facet normal 0 0 1
    outer loop
      vertex -8.30476 -5.17416 13
      vertex -8.8 -4.70128 13
      vertex -8.47143 -5.27038 13
    endloop
  endfacet
  facet normal 0 0 1
    outer loop
      vertex -4.07143 -17.5927 13
      vertex -4.72857 -17.5927 13
      vertex -4.4 -18.1618 13
    endloop
  endfacet
  facet normal -0 0 1
    outer loop
      vertex -4.89524 -17.6889 13
      vertex -4.4 -18.1618 13
      vertex -4.72857 -17.5927 13
    endloop
  endfacet
  facet normal 0 0 1
    outer loop
      vertex -4.89524 -17.6889 13
      vertex -8.30476 -20.4162 13
      vertex -4.4 -18.1618 13
    endloop
  endfacet
  facet normal -0 0 1
    outer loop
      vertex -8.8 -19.9433 13
      vertex -8.30476 -20.4162 13
      vertex -4.89524 -17.6889 13
    endloop
  endfacet
  facet normal 0 0 1
    outer loop
      vertex -9.12857 -20.5124 13
      vertex -8.47143 -20.5124 13
      vertex -8.8 -19.9433 13
    endloop
  endfacet
  facet normal 0 0 1
    outer loop
      vertex -8.30476 -20.4162 13
      vertex -8.8 -19.9433 13
      vertex -8.47143 -20.5124 13
    endloop
  endfacet
  facet normal 0 0 1
    outer loop
      vertex 0 -19.9433 13
      vertex -0.495237 -20.4162 13
      vertex -0.328572 -20.5124 13
    endloop
  endfacet
  facet normal 0 0 1
    outer loop
      vertex -3.90476 -17.6889 13
      vertex -0.495237 -20.4162 13
      vertex 0 -19.9433 13
    endloop
  endfacet
  facet normal 0 0 1
    outer loop
      vertex -4.4 -18.1618 13
      vertex -3.90476 -17.6889 13
      vertex -4.07143 -17.5927 13
    endloop
  endfacet
  facet normal 0 0 1
    outer loop
      vertex -3.90476 -17.6889 13
      vertex -4.4 -18.1618 13
      vertex -0.495237 -20.4162 13
    endloop
  endfacet
  facet normal 0 0 1
    outer loop
      vertex -4.07143 -12.8914 13
      vertex -4.72857 -12.8914 13
      vertex -4.07143 -17.5927 13
    endloop
  endfacet
  facet normal 0 0 1
    outer loop
      vertex -4.72857 -17.5927 13
      vertex -4.07143 -17.5927 13
      vertex -4.72857 -12.8914 13
    endloop
  endfacet
  facet normal 0 0 1
    outer loop
      vertex -4.4 -12.3223 13
      vertex -4.89524 -12.7952 13
      vertex -4.72857 -12.8914 13
    endloop
  endfacet
  facet normal 0 0 1
    outer loop
      vertex -8.30476 -10.0679 13
      vertex -4.89524 -12.7952 13
      vertex -4.4 -12.3223 13
    endloop
  endfacet
  facet normal 0 0 1
    outer loop
      vertex -8.8 -10.5408 13
      vertex -8.30476 -10.0679 13
      vertex -8.47143 -9.97166 13
    endloop
  endfacet
  facet normal 0 0 1
    outer loop
      vertex -8.30476 -10.0679 13
      vertex -8.8 -10.5408 13
      vertex -4.89524 -12.7952 13
    endloop
  endfacet
  facet normal 0 0 1
    outer loop
      vertex -8.47143 -5.27038 13
      vertex -9.12857 -5.27038 13
      vertex -8.47143 -9.97166 13
    endloop
  endfacet
  facet normal 0 0 1
    outer loop
      vertex -9.12857 -9.97166 13
      vertex -8.47143 -9.97166 13
      vertex -9.12857 -5.27038 13
    endloop
  endfacet
  facet normal 0 0 1
    outer loop
      vertex -8.8 -4.70128 13
      vertex -9.29524 -5.17416 13
      vertex -9.12857 -5.27038 13
    endloop
  endfacet
  facet normal 0 0 1
    outer loop
      vertex -12.7048 -2.44686 13
      vertex -9.29524 -5.17416 13
      vertex -8.8 -4.70128 13
    endloop
  endfacet
  facet normal 0 0 1
    outer loop
      vertex -13.2 -2.91974 13
      vertex -12.7048 -2.44686 13
      vertex -12.8714 -2.35064 13
    endloop
  endfacet
  facet normal 0 0 1
    outer loop
      vertex -12.7048 -2.44686 13
      vertex -13.2 -2.91974 13
      vertex -9.29524 -5.17416 13
    endloop
  endfacet
  facet normal 0 0 1
    outer loop
      vertex -12.8714 2.35064 13
      vertex -13.5286 2.35064 13
      vertex -12.8714 -2.35064 13
    endloop
  endfacet
  facet normal 0 0 1
    outer loop
      vertex -13.5286 -2.35064 13
      vertex -12.8714 -2.35064 13
      vertex -13.5286 2.35064 13
    endloop
  endfacet
  facet normal 0 0 1
    outer loop
      vertex -13.2 2.91974 13
      vertex -13.6952 2.44686 13
      vertex -13.5286 2.35064 13
    endloop
  endfacet
  facet normal 0 0 1
    outer loop
      vertex -17.1048 5.17416 13
      vertex -13.6952 2.44686 13
      vertex -13.2 2.91974 13
    endloop
  endfacet
  facet normal 0 0 1
    outer loop
      vertex -17.6 4.70128 13
      vertex -17.1048 5.17416 13
      vertex -17.2714 5.27038 13
    endloop
  endfacet
  facet normal 0 0 1
    outer loop
      vertex -17.1048 5.17416 13
      vertex -17.6 4.70128 13
      vertex -13.6952 2.44686 13
    endloop
  endfacet
  facet normal 0 0 1
    outer loop
      vertex -17.2714 9.97166 13
      vertex -17.9286 9.97166 13
      vertex -17.2714 5.27038 13
    endloop
  endfacet
  facet normal 0 0 1
    outer loop
      vertex -17.9286 5.27038 13
      vertex -17.2714 5.27038 13
      vertex -17.9286 9.97166 13
    endloop
  endfacet
  facet normal 0 0 1
    outer loop
      vertex -17.6 10.5408 13
      vertex -18.0952 10.0679 13
      vertex -17.9286 9.97166 13
    endloop
  endfacet
  facet normal 0 0 1
    outer loop
      vertex -21.5048 12.7952 13
      vertex -18.0952 10.0679 13
      vertex -17.6 10.5408 13
    endloop
  endfacet
  facet normal 0 0 1
    outer loop
      vertex -22 12.3223 13
      vertex -21.5048 12.7952 13
      vertex -21.6714 12.8914 13
    endloop
  endfacet
  facet normal 0 0 1
    outer loop
      vertex -21.5048 12.7952 13
      vertex -22 12.3223 13
      vertex -18.0952 10.0679 13
    endloop
  endfacet
  facet normal 0 0 1
    outer loop
      vertex -21.6714 17.5927 13
      vertex -22.3286 17.5927 13
      vertex -21.6714 12.8914 13
    endloop
  endfacet
  facet normal 0 0 1
    outer loop
      vertex -22.3286 12.8914 13
      vertex -21.6714 12.8914 13
      vertex -22.3286 17.5927 13
    endloop
  endfacet
  facet normal 0 0 1
    outer loop
      vertex -22 18.1618 13
      vertex -22.4952 17.6889 13
      vertex -22.3286 17.5927 13
    endloop
  endfacet
  facet normal 0 0 1
    outer loop
      vertex -25.9048 20.4162 13
      vertex -22.4952 17.6889 13
      vertex -22 18.1618 13
    endloop
  endfacet
  facet normal 0 0 1
    outer loop
      vertex -26.4 19.9433 13
      vertex -25.9048 20.4162 13
      vertex -26.0714 20.5124 13
    endloop
  endfacet
  facet normal 0 0 1
    outer loop
      vertex -25.9048 20.4162 13
      vertex -26.4 19.9433 13
      vertex -22.4952 17.6889 13
    endloop
  endfacet
  facet normal 0 0 1
    outer loop
      vertex 0.328572 20.5124 13
      vertex -0.328572 20.5124 13
      vertex 0 19.9433 13
    endloop
  endfacet
  facet normal -0 0 1
    outer loop
      vertex -0.495237 20.4162 13
      vertex 0 19.9433 13
      vertex -0.328572 20.5124 13
    endloop
  endfacet
  facet normal 0 0 1
    outer loop
      vertex -0.495237 20.4162 13
      vertex -3.90476 17.6889 13
      vertex 0 19.9433 13
    endloop
  endfacet
  facet normal -0 0 1
    outer loop
      vertex -4.4 18.1618 13
      vertex -3.90476 17.6889 13
      vertex -0.495237 20.4162 13
    endloop
  endfacet
  facet normal 0 0 1
    outer loop
      vertex -4.72857 17.5927 13
      vertex -4.07143 17.5927 13
      vertex -4.4 18.1618 13
    endloop
  endfacet
  facet normal 0 0 1
    outer loop
      vertex -3.90476 17.6889 13
      vertex -4.4 18.1618 13
      vertex -4.07143 17.5927 13
    endloop
  endfacet
  facet normal 0 0 1
    outer loop
      vertex 0.328572 5.27038 13
      vertex -0.328572 5.27038 13
      vertex 0 4.70128 13
    endloop
  endfacet
  facet normal -0 0 1
    outer loop
      vertex -0.495237 5.17416 13
      vertex 0 4.70128 13
      vertex -0.328572 5.27038 13
    endloop
  endfacet
  facet normal 0 0 1
    outer loop
      vertex -0.495237 5.17416 13
      vertex -3.90476 2.44686 13
      vertex 0 4.70128 13
    endloop
  endfacet
  facet normal -0 0 1
    outer loop
      vertex -4.4 2.91974 13
      vertex -3.90476 2.44686 13
      vertex -0.495237 5.17416 13
    endloop
  endfacet
  facet normal 0 0 1
    outer loop
      vertex -4.72857 2.35064 13
      vertex -4.07143 2.35064 13
      vertex -4.4 2.91974 13
    endloop
  endfacet
  facet normal 0 0 1
    outer loop
      vertex -3.90476 2.44686 13
      vertex -4.4 2.91974 13
      vertex -4.07143 2.35064 13
    endloop
  endfacet
  facet normal 0 0 1
    outer loop
      vertex 0.328572 -9.97166 13
      vertex -0.328572 -9.97166 13
      vertex 0 -10.5408 13
    endloop
  endfacet
  facet normal -0 0 1
    outer loop
      vertex -0.495237 -10.0679 13
      vertex 0 -10.5408 13
      vertex -0.328572 -9.97166 13
    endloop
  endfacet
  facet normal 0 0 1
    outer loop
      vertex -0.495237 -10.0679 13
      vertex -3.90476 -12.7952 13
      vertex 0 -10.5408 13
    endloop
  endfacet
  facet normal -0 0 1
    outer loop
      vertex -4.4 -12.3223 13
      vertex -3.90476 -12.7952 13
      vertex -0.495237 -10.0679 13
    endloop
  endfacet
  facet normal 0 0 1
    outer loop
      vertex -4.72857 -12.8914 13
      vertex -4.07143 -12.8914 13
      vertex -4.4 -12.3223 13
    endloop
  endfacet
  facet normal 0 0 1
    outer loop
      vertex -3.90476 -12.7952 13
      vertex -4.4 -12.3223 13
      vertex -4.07143 -12.8914 13
    endloop
  endfacet
  facet normal 0 0 1
    outer loop
      vertex 4.72857 12.8914 13
      vertex 4.07143 12.8914 13
      vertex 4.4 12.3223 13
    endloop
  endfacet
  facet normal -0 0 1
    outer loop
      vertex 3.90476 12.7952 13
      vertex 4.4 12.3223 13
      vertex 4.07143 12.8914 13
    endloop
  endfacet
  facet normal 0 0 1
    outer loop
      vertex 3.90476 12.7952 13
      vertex 0.495237 10.0679 13
      vertex 4.4 12.3223 13
    endloop
  endfacet
  facet normal -0 0 1
    outer loop
      vertex 0 10.5408 13
      vertex 0.495237 10.0679 13
      vertex 3.90476 12.7952 13
    endloop
  endfacet
  facet normal 0 0 1
    outer loop
      vertex -0.328572 9.97166 13
      vertex 0.328572 9.97166 13
      vertex 0 10.5408 13
    endloop
  endfacet
  facet normal 0 0 1
    outer loop
      vertex 0.495237 10.0679 13
      vertex 0 10.5408 13
      vertex 0.328572 9.97166 13
    endloop
  endfacet
  facet normal 0 0 1
    outer loop
      vertex 4.72857 -2.35064 13
      vertex 4.07143 -2.35064 13
      vertex 4.4 -2.91974 13
    endloop
  endfacet
  facet normal -0 0 1
    outer loop
      vertex 3.90476 -2.44686 13
      vertex 4.4 -2.91974 13
      vertex 4.07143 -2.35064 13
    endloop
  endfacet
  facet normal 0 0 1
    outer loop
      vertex 3.90476 -2.44686 13
      vertex 0.495237 -5.17416 13
      vertex 4.4 -2.91974 13
    endloop
  endfacet
  facet normal -0 0 1
    outer loop
      vertex 0 -4.70128 13
      vertex 0.495237 -5.17416 13
      vertex 3.90476 -2.44686 13
    endloop
  endfacet
  facet normal 0 0 1
    outer loop
      vertex -0.328572 -5.27038 13
      vertex 0.328572 -5.27038 13
      vertex 0 -4.70128 13
    endloop
  endfacet
  facet normal 0 0 1
    outer loop
      vertex 0.495237 -5.17416 13
      vertex 0 -4.70128 13
      vertex 0.328572 -5.27038 13
    endloop
  endfacet
  facet normal 0 0 1
    outer loop
      vertex 4.72857 -17.5927 13
      vertex 4.07143 -17.5927 13
      vertex 4.4 -18.1618 13
    endloop
  endfacet
  facet normal -0 0 1
    outer loop
      vertex 3.90476 -17.6889 13
      vertex 4.4 -18.1618 13
      vertex 4.07143 -17.5927 13
    endloop
  endfacet
  facet normal 0 0 1
    outer loop
      vertex 3.90476 -17.6889 13
      vertex 0.495237 -20.4162 13
      vertex 4.4 -18.1618 13
    endloop
  endfacet
  facet normal -0 0 1
    outer loop
      vertex 0 -19.9433 13
      vertex 0.495237 -20.4162 13
      vertex 3.90476 -17.6889 13
    endloop
  endfacet
  facet normal 0 0 1
    outer loop
      vertex -0.328572 -20.5124 13
      vertex 0.328572 -20.5124 13
      vertex 0 -19.9433 13
    endloop
  endfacet
  facet normal 0 0 1
    outer loop
      vertex 0.495237 -20.4162 13
      vertex 0 -19.9433 13
      vertex 0.328572 -20.5124 13
    endloop
  endfacet
  facet normal 0 0 1
    outer loop
      vertex 8.8 -19.9433 13
      vertex 8.30476 -20.4162 13
      vertex 8.47143 -20.5124 13
    endloop
  endfacet
  facet normal 0 0 1
    outer loop
      vertex 4.89524 -17.6889 13
      vertex 8.30476 -20.4162 13
      vertex 8.8 -19.9433 13
    endloop
  endfacet
  facet normal 0 0 1
    outer loop
      vertex 4.4 -18.1618 13
      vertex 4.89524 -17.6889 13
      vertex 4.72857 -17.5927 13
    endloop
  endfacet
  facet normal 0 0 1
    outer loop
      vertex 4.89524 -17.6889 13
      vertex 4.4 -18.1618 13
      vertex 8.30476 -20.4162 13
    endloop
  endfacet
  facet normal 0 0 1
    outer loop
      vertex 4.72857 -12.8914 13
      vertex 4.07143 -12.8914 13
      vertex 4.72857 -17.5927 13
    endloop
  endfacet
  facet normal 0 0 1
    outer loop
      vertex 4.07143 -17.5927 13
      vertex 4.72857 -17.5927 13
      vertex 4.07143 -12.8914 13
    endloop
  endfacet
  facet normal 0 0 1
    outer loop
      vertex 4.4 -12.3223 13
      vertex 3.90476 -12.7952 13
      vertex 4.07143 -12.8914 13
    endloop
  endfacet
  facet normal 0 0 1
    outer loop
      vertex 0.495237 -10.0679 13
      vertex 3.90476 -12.7952 13
      vertex 4.4 -12.3223 13
    endloop
  endfacet
  facet normal 0 0 1
    outer loop
      vertex 0 -10.5408 13
      vertex 0.495237 -10.0679 13
      vertex 0.328572 -9.97166 13
    endloop
  endfacet
  facet normal 0 0 1
    outer loop
      vertex 0.495237 -10.0679 13
      vertex 0 -10.5408 13
      vertex 3.90476 -12.7952 13
    endloop
  endfacet
  facet normal 0 0 1
    outer loop
      vertex 0.328572 -5.27038 13
      vertex -0.328572 -5.27038 13
      vertex 0.328572 -9.97166 13
    endloop
  endfacet
  facet normal 0 0 1
    outer loop
      vertex -0.328572 -9.97166 13
      vertex 0.328572 -9.97166 13
      vertex -0.328572 -5.27038 13
    endloop
  endfacet
  facet normal 0 0 1
    outer loop
      vertex 0 -4.70128 13
      vertex -0.495237 -5.17416 13
      vertex -0.328572 -5.27038 13
    endloop
  endfacet
  facet normal 0 0 1
    outer loop
      vertex -3.90476 -2.44686 13
      vertex -0.495237 -5.17416 13
      vertex 0 -4.70128 13
    endloop
  endfacet
  facet normal 0 0 1
    outer loop
      vertex -4.4 -2.91974 13
      vertex -3.90476 -2.44686 13
      vertex -4.07143 -2.35064 13
    endloop
  endfacet
  facet normal 0 0 1
    outer loop
      vertex -3.90476 -2.44686 13
      vertex -4.4 -2.91974 13
      vertex -0.495237 -5.17416 13
    endloop
  endfacet
  facet normal 0 0 1
    outer loop
      vertex -4.07143 2.35064 13
      vertex -4.72857 2.35064 13
      vertex -4.07143 -2.35064 13
    endloop
  endfacet
  facet normal 0 0 1
    outer loop
      vertex -4.72857 -2.35064 13
      vertex -4.07143 -2.35064 13
      vertex -4.72857 2.35064 13
    endloop
  endfacet
  facet normal 0 0 1
    outer loop
      vertex -4.4 2.91974 13
      vertex -4.89524 2.44686 13
      vertex -4.72857 2.35064 13
    endloop
  endfacet
  facet normal 0 0 1
    outer loop
      vertex -8.30476 5.17416 13
      vertex -4.89524 2.44686 13
      vertex -4.4 2.91974 13
    endloop
  endfacet
  facet normal 0 0 1
    outer loop
      vertex -8.8 4.70128 13
      vertex -8.30476 5.17416 13
      vertex -8.47143 5.27038 13
    endloop
  endfacet
  facet normal 0 0 1
    outer loop
      vertex -8.30476 5.17416 13
      vertex -8.8 4.70128 13
      vertex -4.89524 2.44686 13
    endloop
  endfacet
  facet normal 0 0 1
    outer loop
      vertex -8.47143 9.97166 13
      vertex -9.12857 9.97166 13
      vertex -8.47143 5.27038 13
    endloop
  endfacet
  facet normal 0 0 1
    outer loop
      vertex -9.12857 5.27038 13
      vertex -8.47143 5.27038 13
      vertex -9.12857 9.97166 13
    endloop
  endfacet
  facet normal 0 0 1
    outer loop
      vertex -8.8 10.5408 13
      vertex -9.29524 10.0679 13
      vertex -9.12857 9.97166 13
    endloop
  endfacet
  facet normal 0 0 1
    outer loop
      vertex -12.7048 12.7952 13
      vertex -9.29524 10.0679 13
      vertex -8.8 10.5408 13
    endloop
  endfacet
  facet normal 0 0 1
    outer loop
      vertex -13.2 12.3223 13
      vertex -12.7048 12.7952 13
      vertex -12.8714 12.8914 13
    endloop
  endfacet
  facet normal 0 0 1
    outer loop
      vertex -12.7048 12.7952 13
      vertex -13.2 12.3223 13
      vertex -9.29524 10.0679 13
    endloop
  endfacet
  facet normal 0 0 1
    outer loop
      vertex -12.8714 17.5927 13
      vertex -13.5286 17.5927 13
      vertex -12.8714 12.8914 13
    endloop
  endfacet
  facet normal 0 0 1
    outer loop
      vertex -13.5286 12.8914 13
      vertex -12.8714 12.8914 13
      vertex -13.5286 17.5927 13
    endloop
  endfacet
  facet normal 0 0 1
    outer loop
      vertex -13.2 18.1618 13
      vertex -13.6952 17.6889 13
      vertex -13.5286 17.5927 13
    endloop
  endfacet
  facet normal 0 0 1
    outer loop
      vertex -17.1048 20.4162 13
      vertex -13.6952 17.6889 13
      vertex -13.2 18.1618 13
    endloop
  endfacet
  facet normal 0 0 1
    outer loop
      vertex -17.6 19.9433 13
      vertex -17.1048 20.4162 13
      vertex -17.2714 20.5124 13
    endloop
  endfacet
  facet normal 0 0 1
    outer loop
      vertex -17.1048 20.4162 13
      vertex -17.6 19.9433 13
      vertex -13.6952 17.6889 13
    endloop
  endfacet
  facet normal 0 0 1
    outer loop
      vertex 9.12857 20.5124 13
      vertex 8.47143 20.5124 13
      vertex 8.8 19.9433 13
    endloop
  endfacet
  facet normal -0 0 1
    outer loop
      vertex 8.30476 20.4162 13
      vertex 8.8 19.9433 13
      vertex 8.47143 20.5124 13
    endloop
  endfacet
  facet normal 0 0 1
    outer loop
      vertex 8.30476 20.4162 13
      vertex 4.89524 17.6889 13
      vertex 8.8 19.9433 13
    endloop
  endfacet
  facet normal -0 0 1
    outer loop
      vertex 4.4 18.1618 13
      vertex 4.89524 17.6889 13
      vertex 8.30476 20.4162 13
    endloop
  endfacet
  facet normal 0 0 1
    outer loop
      vertex 4.07143 17.5927 13
      vertex 4.72857 17.5927 13
      vertex 4.4 18.1618 13
    endloop
  endfacet
  facet normal 0 0 1
    outer loop
      vertex 4.89524 17.6889 13
      vertex 4.4 18.1618 13
      vertex 4.72857 17.5927 13
    endloop
  endfacet
  facet normal 0 0 1
    outer loop
      vertex 9.12857 5.27038 13
      vertex 8.47143 5.27038 13
      vertex 8.8 4.70128 13
    endloop
  endfacet
  facet normal -0 0 1
    outer loop
      vertex 8.30476 5.17416 13
      vertex 8.8 4.70128 13
      vertex 8.47143 5.27038 13
    endloop
  endfacet
  facet normal 0 0 1
    outer loop
      vertex 8.30476 5.17416 13
      vertex 4.89524 2.44686 13
      vertex 8.8 4.70128 13
    endloop
  endfacet
  facet normal -0 0 1
    outer loop
      vertex 4.4 2.91974 13
      vertex 4.89524 2.44686 13
      vertex 8.30476 5.17416 13
    endloop
  endfacet
  facet normal 0 0 1
    outer loop
      vertex 4.07143 2.35064 13
      vertex 4.72857 2.35064 13
      vertex 4.4 2.91974 13
    endloop
  endfacet
  facet normal 0 0 1
    outer loop
      vertex 4.89524 2.44686 13
      vertex 4.4 2.91974 13
      vertex 4.72857 2.35064 13
    endloop
  endfacet
  facet normal 0 0 1
    outer loop
      vertex 9.12857 -9.97166 13
      vertex 8.47143 -9.97166 13
      vertex 8.8 -10.5408 13
    endloop
  endfacet
  facet normal -0 0 1
    outer loop
      vertex 8.30476 -10.0679 13
      vertex 8.8 -10.5408 13
      vertex 8.47143 -9.97166 13
    endloop
  endfacet
  facet normal 0 0 1
    outer loop
      vertex 8.30476 -10.0679 13
      vertex 4.89524 -12.7952 13
      vertex 8.8 -10.5408 13
    endloop
  endfacet
  facet normal -0 0 1
    outer loop
      vertex 4.4 -12.3223 13
      vertex 4.89524 -12.7952 13
      vertex 8.30476 -10.0679 13
    endloop
  endfacet
  facet normal 0 0 1
    outer loop
      vertex 4.07143 -12.8914 13
      vertex 4.72857 -12.8914 13
      vertex 4.4 -12.3223 13
    endloop
  endfacet
  facet normal 0 0 1
    outer loop
      vertex 4.89524 -12.7952 13
      vertex 4.4 -12.3223 13
      vertex 4.72857 -12.8914 13
    endloop
  endfacet
  facet normal 0 0 1
    outer loop
      vertex 13.5286 12.8914 13
      vertex 12.8714 12.8914 13
      vertex 13.2 12.3223 13
    endloop
  endfacet
  facet normal -0 0 1
    outer loop
      vertex 12.7048 12.7952 13
      vertex 13.2 12.3223 13
      vertex 12.8714 12.8914 13
    endloop
  endfacet
  facet normal 0 0 1
    outer loop
      vertex 12.7048 12.7952 13
      vertex 9.29524 10.0679 13
      vertex 13.2 12.3223 13
    endloop
  endfacet
  facet normal -0 0 1
    outer loop
      vertex 8.8 10.5408 13
      vertex 9.29524 10.0679 13
      vertex 12.7048 12.7952 13
    endloop
  endfacet
  facet normal 0 0 1
    outer loop
      vertex 8.47143 9.97166 13
      vertex 9.12857 9.97166 13
      vertex 8.8 10.5408 13
    endloop
  endfacet
  facet normal 0 0 1
    outer loop
      vertex 9.29524 10.0679 13
      vertex 8.8 10.5408 13
      vertex 9.12857 9.97166 13
    endloop
  endfacet
  facet normal 0 0 1
    outer loop
      vertex 13.5286 -2.35064 13
      vertex 12.8714 -2.35064 13
      vertex 13.2 -2.91974 13
    endloop
  endfacet
  facet normal -0 0 1
    outer loop
      vertex 12.7048 -2.44686 13
      vertex 13.2 -2.91974 13
      vertex 12.8714 -2.35064 13
    endloop
  endfacet
  facet normal 0 0 1
    outer loop
      vertex 12.7048 -2.44686 13
      vertex 9.29524 -5.17416 13
      vertex 13.2 -2.91974 13
    endloop
  endfacet
  facet normal -0 0 1
    outer loop
      vertex 8.8 -4.70128 13
      vertex 9.29524 -5.17416 13
      vertex 12.7048 -2.44686 13
    endloop
  endfacet
  facet normal 0 0 1
    outer loop
      vertex 8.47143 -5.27038 13
      vertex 9.12857 -5.27038 13
      vertex 8.8 -4.70128 13
    endloop
  endfacet
  facet normal 0 0 1
    outer loop
      vertex 9.29524 -5.17416 13
      vertex 8.8 -4.70128 13
      vertex 9.12857 -5.27038 13
    endloop
  endfacet
  facet normal 0 0 1
    outer loop
      vertex 13.5286 -17.5927 13
      vertex 12.8714 -17.5927 13
      vertex 13.2 -18.1618 13
    endloop
  endfacet
  facet normal -0 0 1
    outer loop
      vertex 12.7048 -17.6889 13
      vertex 13.2 -18.1618 13
      vertex 12.8714 -17.5927 13
    endloop
  endfacet
  facet normal 0 0 1
    outer loop
      vertex 12.7048 -17.6889 13
      vertex 9.29524 -20.4162 13
      vertex 13.2 -18.1618 13
    endloop
  endfacet
  facet normal -0 0 1
    outer loop
      vertex 8.8 -19.9433 13
      vertex 9.29524 -20.4162 13
      vertex 12.7048 -17.6889 13
    endloop
  endfacet
  facet normal 0 0 1
    outer loop
      vertex 8.47143 -20.5124 13
      vertex 9.12857 -20.5124 13
      vertex 8.8 -19.9433 13
    endloop
  endfacet
  facet normal 0 0 1
    outer loop
      vertex 9.29524 -20.4162 13
      vertex 8.8 -19.9433 13
      vertex 9.12857 -20.5124 13
    endloop
  endfacet
  facet normal 0 0 1
    outer loop
      vertex 17.6 -19.9433 13
      vertex 17.1048 -20.4162 13
      vertex 17.2714 -20.5124 13
    endloop
  endfacet
  facet normal 0 0 1
    outer loop
      vertex 13.6952 -17.6889 13
      vertex 17.1048 -20.4162 13
      vertex 17.6 -19.9433 13
    endloop
  endfacet
  facet normal 0 0 1
    outer loop
      vertex 13.2 -18.1618 13
      vertex 13.6952 -17.6889 13
      vertex 13.5286 -17.5927 13
    endloop
  endfacet
  facet normal 0 0 1
    outer loop
      vertex 13.6952 -17.6889 13
      vertex 13.2 -18.1618 13
      vertex 17.1048 -20.4162 13
    endloop
  endfacet
  facet normal 0 0 1
    outer loop
      vertex 13.5286 -12.8914 13
      vertex 12.8714 -12.8914 13
      vertex 13.5286 -17.5927 13
    endloop
  endfacet
  facet normal 0 0 1
    outer loop
      vertex 12.8714 -17.5927 13
      vertex 13.5286 -17.5927 13
      vertex 12.8714 -12.8914 13
    endloop
  endfacet
  facet normal 0 0 1
    outer loop
      vertex 13.2 -12.3223 13
      vertex 12.7048 -12.7952 13
      vertex 12.8714 -12.8914 13
    endloop
  endfacet
  facet normal 0 0 1
    outer loop
      vertex 9.29524 -10.0679 13
      vertex 12.7048 -12.7952 13
      vertex 13.2 -12.3223 13
    endloop
  endfacet
  facet normal 0 0 1
    outer loop
      vertex 8.8 -10.5408 13
      vertex 9.29524 -10.0679 13
      vertex 9.12857 -9.97166 13
    endloop
  endfacet
  facet normal 0 0 1
    outer loop
      vertex 9.29524 -10.0679 13
      vertex 8.8 -10.5408 13
      vertex 12.7048 -12.7952 13
    endloop
  endfacet
  facet normal 0 0 1
    outer loop
      vertex 9.12857 -5.27038 13
      vertex 8.47143 -5.27038 13
      vertex 9.12857 -9.97166 13
    endloop
  endfacet
  facet normal 0 0 1
    outer loop
      vertex 8.47143 -9.97166 13
      vertex 9.12857 -9.97166 13
      vertex 8.47143 -5.27038 13
    endloop
  endfacet
  facet normal 0 0 1
    outer loop
      vertex 8.8 -4.70128 13
      vertex 8.30476 -5.17416 13
      vertex 8.47143 -5.27038 13
    endloop
  endfacet
  facet normal 0 0 1
    outer loop
      vertex 4.89524 -2.44686 13
      vertex 8.30476 -5.17416 13
      vertex 8.8 -4.70128 13
    endloop
  endfacet
  facet normal 0 0 1
    outer loop
      vertex 4.4 -2.91974 13
      vertex 4.89524 -2.44686 13
      vertex 4.72857 -2.35064 13
    endloop
  endfacet
  facet normal 0 0 1
    outer loop
      vertex 4.89524 -2.44686 13
      vertex 4.4 -2.91974 13
      vertex 8.30476 -5.17416 13
    endloop
  endfacet
  facet normal 0 0 1
    outer loop
      vertex 4.72857 2.35064 13
      vertex 4.07143 2.35064 13
      vertex 4.72857 -2.35064 13
    endloop
  endfacet
  facet normal 0 0 1
    outer loop
      vertex 4.07143 -2.35064 13
      vertex 4.72857 -2.35064 13
      vertex 4.07143 2.35064 13
    endloop
  endfacet
  facet normal 0 0 1
    outer loop
      vertex 4.4 2.91974 13
      vertex 3.90476 2.44686 13
      vertex 4.07143 2.35064 13
    endloop
  endfacet
  facet normal 0 0 1
    outer loop
      vertex 0.495237 5.17416 13
      vertex 3.90476 2.44686 13
      vertex 4.4 2.91974 13
    endloop
  endfacet
  facet normal 0 0 1
    outer loop
      vertex 0 4.70128 13
      vertex 0.495237 5.17416 13
      vertex 0.328572 5.27038 13
    endloop
  endfacet
  facet normal 0 0 1
    outer loop
      vertex 0.495237 5.17416 13
      vertex 0 4.70128 13
      vertex 3.90476 2.44686 13
    endloop
  endfacet
  facet normal 0 0 1
    outer loop
      vertex 0.328572 9.97166 13
      vertex -0.328572 9.97166 13
      vertex 0.328572 5.27038 13
    endloop
  endfacet
  facet normal 0 0 1
    outer loop
      vertex -0.328572 5.27038 13
      vertex 0.328572 5.27038 13
      vertex -0.328572 9.97166 13
    endloop
  endfacet
  facet normal 0 0 1
    outer loop
      vertex 0 10.5408 13
      vertex -0.495237 10.0679 13
      vertex -0.328572 9.97166 13
    endloop
  endfacet
  facet normal 0 0 1
    outer loop
      vertex -3.90476 12.7952 13
      vertex -0.495237 10.0679 13
      vertex 0 10.5408 13
    endloop
  endfacet
  facet normal 0 0 1
    outer loop
      vertex -4.4 12.3223 13
      vertex -3.90476 12.7952 13
      vertex -4.07143 12.8914 13
    endloop
  endfacet
  facet normal 0 0 1
    outer loop
      vertex -3.90476 12.7952 13
      vertex -4.4 12.3223 13
      vertex -0.495237 10.0679 13
    endloop
  endfacet
  facet normal 0 0 1
    outer loop
      vertex -4.07143 17.5927 13
      vertex -4.72857 17.5927 13
      vertex -4.07143 12.8914 13
    endloop
  endfacet
  facet normal 0 0 1
    outer loop
      vertex -4.72857 12.8914 13
      vertex -4.07143 12.8914 13
      vertex -4.72857 17.5927 13
    endloop
  endfacet
  facet normal 0 0 1
    outer loop
      vertex -4.4 18.1618 13
      vertex -4.89524 17.6889 13
      vertex -4.72857 17.5927 13
    endloop
  endfacet
  facet normal 0 0 1
    outer loop
      vertex -8.30476 20.4162 13
      vertex -4.89524 17.6889 13
      vertex -4.4 18.1618 13
    endloop
  endfacet
  facet normal 0 0 1
    outer loop
      vertex -8.8 19.9433 13
      vertex -8.30476 20.4162 13
      vertex -8.47143 20.5124 13
    endloop
  endfacet
  facet normal 0 0 1
    outer loop
      vertex -8.30476 20.4162 13
      vertex -8.8 19.9433 13
      vertex -4.89524 17.6889 13
    endloop
  endfacet
  facet normal 0 0 1
    outer loop
      vertex 17.9286 20.5124 13
      vertex 17.2714 20.5124 13
      vertex 17.6 19.9433 13
    endloop
  endfacet
  facet normal -0 0 1
    outer loop
      vertex 17.1048 20.4162 13
      vertex 17.6 19.9433 13
      vertex 17.2714 20.5124 13
    endloop
  endfacet
  facet normal 0 0 1
    outer loop
      vertex 17.1048 20.4162 13
      vertex 13.6952 17.6889 13
      vertex 17.6 19.9433 13
    endloop
  endfacet
  facet normal -0 0 1
    outer loop
      vertex 13.2 18.1618 13
      vertex 13.6952 17.6889 13
      vertex 17.1048 20.4162 13
    endloop
  endfacet
  facet normal 0 0 1
    outer loop
      vertex 12.8714 17.5927 13
      vertex 13.5286 17.5927 13
      vertex 13.2 18.1618 13
    endloop
  endfacet
  facet normal 0 0 1
    outer loop
      vertex 13.6952 17.6889 13
      vertex 13.2 18.1618 13
      vertex 13.5286 17.5927 13
    endloop
  endfacet
  facet normal 0 0 1
    outer loop
      vertex 17.9286 5.27038 13
      vertex 17.2714 5.27038 13
      vertex 17.6 4.70128 13
    endloop
  endfacet
  facet normal -0 0 1
    outer loop
      vertex 17.1048 5.17416 13
      vertex 17.6 4.70128 13
      vertex 17.2714 5.27038 13
    endloop
  endfacet
  facet normal 0 0 1
    outer loop
      vertex 17.1048 5.17416 13
      vertex 13.6952 2.44686 13
      vertex 17.6 4.70128 13
    endloop
  endfacet
  facet normal -0 0 1
    outer loop
      vertex 13.2 2.91974 13
      vertex 13.6952 2.44686 13
      vertex 17.1048 5.17416 13
    endloop
  endfacet
  facet normal 0 0 1
    outer loop
      vertex 12.8714 2.35064 13
      vertex 13.5286 2.35064 13
      vertex 13.2 2.91974 13
    endloop
  endfacet
  facet normal 0 0 1
    outer loop
      vertex 13.6952 2.44686 13
      vertex 13.2 2.91974 13
      vertex 13.5286 2.35064 13
    endloop
  endfacet
  facet normal 0 0 1
    outer loop
      vertex 17.9286 -9.97166 13
      vertex 17.2714 -9.97166 13
      vertex 17.6 -10.5408 13
    endloop
  endfacet
  facet normal -0 0 1
    outer loop
      vertex 17.1048 -10.0679 13
      vertex 17.6 -10.5408 13
      vertex 17.2714 -9.97166 13
    endloop
  endfacet
  facet normal 0 0 1
    outer loop
      vertex 17.1048 -10.0679 13
      vertex 13.6952 -12.7952 13
      vertex 17.6 -10.5408 13
    endloop
  endfacet
  facet normal -0 0 1
    outer loop
      vertex 13.2 -12.3223 13
      vertex 13.6952 -12.7952 13
      vertex 17.1048 -10.0679 13
    endloop
  endfacet
  facet normal 0 0 1
    outer loop
      vertex 12.8714 -12.8914 13
      vertex 13.5286 -12.8914 13
      vertex 13.2 -12.3223 13
    endloop
  endfacet
  facet normal 0 0 1
    outer loop
      vertex 13.6952 -12.7952 13
      vertex 13.2 -12.3223 13
      vertex 13.5286 -12.8914 13
    endloop
  endfacet
  facet normal 0 0 1
    outer loop
      vertex 22.3286 12.8914 13
      vertex 21.6714 12.8914 13
      vertex 22 12.3223 13
    endloop
  endfacet
  facet normal -0 0 1
    outer loop
      vertex 21.5048 12.7952 13
      vertex 22 12.3223 13
      vertex 21.6714 12.8914 13
    endloop
  endfacet
  facet normal 0 0 1
    outer loop
      vertex 21.5048 12.7952 13
      vertex 18.0952 10.0679 13
      vertex 22 12.3223 13
    endloop
  endfacet
  facet normal -0 0 1
    outer loop
      vertex 17.6 10.5408 13
      vertex 18.0952 10.0679 13
      vertex 21.5048 12.7952 13
    endloop
  endfacet
  facet normal 0 0 1
    outer loop
      vertex 17.2714 9.97166 13
      vertex 17.9286 9.97166 13
      vertex 17.6 10.5408 13
    endloop
  endfacet
  facet normal 0 0 1
    outer loop
      vertex 18.0952 10.0679 13
      vertex 17.6 10.5408 13
      vertex 17.9286 9.97166 13
    endloop
  endfacet
  facet normal 0 0 1
    outer loop
      vertex 22.3286 -2.35064 13
      vertex 21.6714 -2.35064 13
      vertex 22 -2.91974 13
    endloop
  endfacet
  facet normal -0 0 1
    outer loop
      vertex 21.5048 -2.44686 13
      vertex 22 -2.91974 13
      vertex 21.6714 -2.35064 13
    endloop
  endfacet
  facet normal 0 0 1
    outer loop
      vertex 21.5048 -2.44686 13
      vertex 18.0952 -5.17416 13
      vertex 22 -2.91974 13
    endloop
  endfacet
  facet normal -0 0 1
    outer loop
      vertex 17.6 -4.70128 13
      vertex 18.0952 -5.17416 13
      vertex 21.5048 -2.44686 13
    endloop
  endfacet
  facet normal 0 0 1
    outer loop
      vertex 17.2714 -5.27038 13
      vertex 17.9286 -5.27038 13
      vertex 17.6 -4.70128 13
    endloop
  endfacet
  facet normal 0 0 1
    outer loop
      vertex 18.0952 -5.17416 13
      vertex 17.6 -4.70128 13
      vertex 17.9286 -5.27038 13
    endloop
  endfacet
  facet normal 0 0 1
    outer loop
      vertex 22.3286 -17.5927 13
      vertex 21.6714 -17.5927 13
      vertex 22 -18.1618 13
    endloop
  endfacet
  facet normal -0 0 1
    outer loop
      vertex 21.5048 -17.6889 13
      vertex 22 -18.1618 13
      vertex 21.6714 -17.5927 13
    endloop
  endfacet
  facet normal 0 0 1
    outer loop
      vertex 21.5048 -17.6889 13
      vertex 18.0952 -20.4162 13
      vertex 22 -18.1618 13
    endloop
  endfacet
  facet normal -0 0 1
    outer loop
      vertex 17.6 -19.9433 13
      vertex 18.0952 -20.4162 13
      vertex 21.5048 -17.6889 13
    endloop
  endfacet
  facet normal 0 0 1
    outer loop
      vertex 17.2714 -20.5124 13
      vertex 17.9286 -20.5124 13
      vertex 17.6 -19.9433 13
    endloop
  endfacet
  facet normal 0 0 1
    outer loop
      vertex 18.0952 -20.4162 13
      vertex 17.6 -19.9433 13
      vertex 17.9286 -20.5124 13
    endloop
  endfacet
  facet normal 0 0 1
    outer loop
      vertex 26.4 -19.9433 13
      vertex 25.9048 -20.4162 13
      vertex 26.0714 -20.5124 13
    endloop
  endfacet
  facet normal 0 0 1
    outer loop
      vertex 22.4952 -17.6889 13
      vertex 25.9048 -20.4162 13
      vertex 26.4 -19.9433 13
    endloop
  endfacet
  facet normal 0 0 1
    outer loop
      vertex 22 -18.1618 13
      vertex 22.4952 -17.6889 13
      vertex 22.3286 -17.5927 13
    endloop
  endfacet
  facet normal 0 0 1
    outer loop
      vertex 22.4952 -17.6889 13
      vertex 22 -18.1618 13
      vertex 25.9048 -20.4162 13
    endloop
  endfacet
  facet normal 0 0 1
    outer loop
      vertex 22.3286 -12.8914 13
      vertex 21.6714 -12.8914 13
      vertex 22.3286 -17.5927 13
    endloop
  endfacet
  facet normal 0 0 1
    outer loop
      vertex 21.6714 -17.5927 13
      vertex 22.3286 -17.5927 13
      vertex 21.6714 -12.8914 13
    endloop
  endfacet
  facet normal 0 0 1
    outer loop
      vertex 22 -12.3223 13
      vertex 21.5048 -12.7952 13
      vertex 21.6714 -12.8914 13
    endloop
  endfacet
  facet normal 0 0 1
    outer loop
      vertex 18.0952 -10.0679 13
      vertex 21.5048 -12.7952 13
      vertex 22 -12.3223 13
    endloop
  endfacet
  facet normal 0 0 1
    outer loop
      vertex 17.6 -10.5408 13
      vertex 18.0952 -10.0679 13
      vertex 17.9286 -9.97166 13
    endloop
  endfacet
  facet normal 0 0 1
    outer loop
      vertex 18.0952 -10.0679 13
      vertex 17.6 -10.5408 13
      vertex 21.5048 -12.7952 13
    endloop
  endfacet
  facet normal 0 0 1
    outer loop
      vertex 17.9286 -5.27038 13
      vertex 17.2714 -5.27038 13
      vertex 17.9286 -9.97166 13
    endloop
  endfacet
  facet normal 0 0 1
    outer loop
      vertex 17.2714 -9.97166 13
      vertex 17.9286 -9.97166 13
      vertex 17.2714 -5.27038 13
    endloop
  endfacet
  facet normal 0 0 1
    outer loop
      vertex 17.6 -4.70128 13
      vertex 17.1048 -5.17416 13
      vertex 17.2714 -5.27038 13
    endloop
  endfacet
  facet normal 0 0 1
    outer loop
      vertex 13.6952 -2.44686 13
      vertex 17.1048 -5.17416 13
      vertex 17.6 -4.70128 13
    endloop
  endfacet
  facet normal 0 0 1
    outer loop
      vertex 13.2 -2.91974 13
      vertex 13.6952 -2.44686 13
      vertex 13.5286 -2.35064 13
    endloop
  endfacet
  facet normal 0 0 1
    outer loop
      vertex 13.6952 -2.44686 13
      vertex 13.2 -2.91974 13
      vertex 17.1048 -5.17416 13
    endloop
  endfacet
  facet normal 0 0 1
    outer loop
      vertex 13.5286 2.35064 13
      vertex 12.8714 2.35064 13
      vertex 13.5286 -2.35064 13
    endloop
  endfacet
  facet normal 0 0 1
    outer loop
      vertex 12.8714 -2.35064 13
      vertex 13.5286 -2.35064 13
      vertex 12.8714 2.35064 13
    endloop
  endfacet
  facet normal 0 0 1
    outer loop
      vertex 13.2 2.91974 13
      vertex 12.7048 2.44686 13
      vertex 12.8714 2.35064 13
    endloop
  endfacet
  facet normal 0 0 1
    outer loop
      vertex 9.29524 5.17416 13
      vertex 12.7048 2.44686 13
      vertex 13.2 2.91974 13
    endloop
  endfacet
  facet normal 0 0 1
    outer loop
      vertex 8.8 4.70128 13
      vertex 9.29524 5.17416 13
      vertex 9.12857 5.27038 13
    endloop
  endfacet
  facet normal 0 0 1
    outer loop
      vertex 9.29524 5.17416 13
      vertex 8.8 4.70128 13
      vertex 12.7048 2.44686 13
    endloop
  endfacet
  facet normal 0 0 1
    outer loop
      vertex 9.12857 9.97166 13
      vertex 8.47143 9.97166 13
      vertex 9.12857 5.27038 13
    endloop
  endfacet
  facet normal 0 0 1
    outer loop
      vertex 8.47143 5.27038 13
      vertex 9.12857 5.27038 13
      vertex 8.47143 9.97166 13
    endloop
  endfacet
  facet normal 0 0 1
    outer loop
      vertex 8.8 10.5408 13
      vertex 8.30476 10.0679 13
      vertex 8.47143 9.97166 13
    endloop
  endfacet
  facet normal 0 0 1
    outer loop
      vertex 4.89524 12.7952 13
      vertex 8.30476 10.0679 13
      vertex 8.8 10.5408 13
    endloop
  endfacet
  facet normal 0 0 1
    outer loop
      vertex 4.4 12.3223 13
      vertex 4.89524 12.7952 13
      vertex 4.72857 12.8914 13
    endloop
  endfacet
  facet normal 0 0 1
    outer loop
      vertex 4.89524 12.7952 13
      vertex 4.4 12.3223 13
      vertex 8.30476 10.0679 13
    endloop
  endfacet
  facet normal 0 0 1
    outer loop
      vertex 4.72857 17.5927 13
      vertex 4.07143 17.5927 13
      vertex 4.72857 12.8914 13
    endloop
  endfacet
  facet normal 0 0 1
    outer loop
      vertex 4.07143 12.8914 13
      vertex 4.72857 12.8914 13
      vertex 4.07143 17.5927 13
    endloop
  endfacet
  facet normal 0 0 1
    outer loop
      vertex 4.4 18.1618 13
      vertex 3.90476 17.6889 13
      vertex 4.07143 17.5927 13
    endloop
  endfacet
  facet normal 0 0 1
    outer loop
      vertex 0.495237 20.4162 13
      vertex 3.90476 17.6889 13
      vertex 4.4 18.1618 13
    endloop
  endfacet
  facet normal 0 0 1
    outer loop
      vertex 0 19.9433 13
      vertex 0.495237 20.4162 13
      vertex 0.328572 20.5124 13
    endloop
  endfacet
  facet normal 0 0 1
    outer loop
      vertex 0.495237 20.4162 13
      vertex 0 19.9433 13
      vertex 3.90476 17.6889 13
    endloop
  endfacet
  facet normal 0 0 1
    outer loop
      vertex 27.9 26.2694 13
      vertex 26.0714 20.5124 13
      vertex 26.4 19.9433 13
    endloop
  endfacet
  facet normal -0 0 1
    outer loop
      vertex 25.9048 20.4162 13
      vertex 26.4 19.9433 13
      vertex 26.0714 20.5124 13
    endloop
  endfacet
  facet normal 0 0 1
    outer loop
      vertex 25.9048 20.4162 13
      vertex 22.4952 17.6889 13
      vertex 26.4 19.9433 13
    endloop
  endfacet
  facet normal -0 0 1
    outer loop
      vertex 22 18.1618 13
      vertex 22.4952 17.6889 13
      vertex 25.9048 20.4162 13
    endloop
  endfacet
  facet normal 0 0 1
    outer loop
      vertex 21.6714 17.5927 13
      vertex 22.3286 17.5927 13
      vertex 22 18.1618 13
    endloop
  endfacet
  facet normal 0 0 1
    outer loop
      vertex 22.4952 17.6889 13
      vertex 22 18.1618 13
      vertex 22.3286 17.5927 13
    endloop
  endfacet
  facet normal 0 0 1
    outer loop
      vertex 26.7286 5.27038 13
      vertex 26.0714 5.27038 13
      vertex 26.4 4.70128 13
    endloop
  endfacet
  facet normal -0 0 1
    outer loop
      vertex 25.9048 5.17416 13
      vertex 26.4 4.70128 13
      vertex 26.0714 5.27038 13
    endloop
  endfacet
  facet normal 0 0 1
    outer loop
      vertex 25.9048 5.17416 13
      vertex 22.4952 2.44686 13
      vertex 26.4 4.70128 13
    endloop
  endfacet
  facet normal -0 0 1
    outer loop
      vertex 22 2.91974 13
      vertex 22.4952 2.44686 13
      vertex 25.9048 5.17416 13
    endloop
  endfacet
  facet normal 0 0 1
    outer loop
      vertex 21.6714 2.35064 13
      vertex 22.3286 2.35064 13
      vertex 22 2.91974 13
    endloop
  endfacet
  facet normal 0 0 1
    outer loop
      vertex 22.4952 2.44686 13
      vertex 22 2.91974 13
      vertex 22.3286 2.35064 13
    endloop
  endfacet
  facet normal 0 0 1
    outer loop
      vertex 26.7286 -9.97166 13
      vertex 26.0714 -9.97166 13
      vertex 26.4 -10.5408 13
    endloop
  endfacet
  facet normal -0 0 1
    outer loop
      vertex 25.9048 -10.0679 13
      vertex 26.4 -10.5408 13
      vertex 26.0714 -9.97166 13
    endloop
  endfacet
  facet normal 0 0 1
    outer loop
      vertex 25.9048 -10.0679 13
      vertex 22.4952 -12.7952 13
      vertex 26.4 -10.5408 13
    endloop
  endfacet
  facet normal -0 0 1
    outer loop
      vertex 22 -12.3223 13
      vertex 22.4952 -12.7952 13
      vertex 25.9048 -10.0679 13
    endloop
  endfacet
  facet normal 0 0 1
    outer loop
      vertex 21.6714 -12.8914 13
      vertex 22.3286 -12.8914 13
      vertex 22 -12.3223 13
    endloop
  endfacet
  facet normal 0 0 1
    outer loop
      vertex 22.4952 -12.7952 13
      vertex 22 -12.3223 13
      vertex 22.3286 -12.8914 13
    endloop
  endfacet
  facet normal 0 0 1
    outer loop
      vertex 30.8 -12.3223 13
      vertex 30.3048 -12.7952 13
      vertex 30.4714 -12.8914 13
    endloop
  endfacet
  facet normal 0 0 1
    outer loop
      vertex 26.8952 -10.0679 13
      vertex 30.3048 -12.7952 13
      vertex 30.8 -12.3223 13
    endloop
  endfacet
  facet normal 0 0 1
    outer loop
      vertex 26.4 -10.5408 13
      vertex 26.8952 -10.0679 13
      vertex 26.7286 -9.97166 13
    endloop
  endfacet
  facet normal 0 0 1
    outer loop
      vertex 26.8952 -10.0679 13
      vertex 26.4 -10.5408 13
      vertex 30.3048 -12.7952 13
    endloop
  endfacet
  facet normal 0 0 1
    outer loop
      vertex 26.7286 -5.27038 13
      vertex 26.0714 -5.27038 13
      vertex 26.7286 -9.97166 13
    endloop
  endfacet
  facet normal 0 0 1
    outer loop
      vertex 26.0714 -9.97166 13
      vertex 26.7286 -9.97166 13
      vertex 26.0714 -5.27038 13
    endloop
  endfacet
  facet normal 0 0 1
    outer loop
      vertex 26.4 -4.70128 13
      vertex 25.9048 -5.17416 13
      vertex 26.0714 -5.27038 13
    endloop
  endfacet
  facet normal 0 0 1
    outer loop
      vertex 22.4952 -2.44686 13
      vertex 25.9048 -5.17416 13
      vertex 26.4 -4.70128 13
    endloop
  endfacet
  facet normal 0 0 1
    outer loop
      vertex 22 -2.91974 13
      vertex 22.4952 -2.44686 13
      vertex 22.3286 -2.35064 13
    endloop
  endfacet
  facet normal 0 0 1
    outer loop
      vertex 22.4952 -2.44686 13
      vertex 22 -2.91974 13
      vertex 25.9048 -5.17416 13
    endloop
  endfacet
  facet normal 0 0 1
    outer loop
      vertex 22.3286 2.35064 13
      vertex 21.6714 2.35064 13
      vertex 22.3286 -2.35064 13
    endloop
  endfacet
  facet normal 0 0 1
    outer loop
      vertex 21.6714 -2.35064 13
      vertex 22.3286 -2.35064 13
      vertex 21.6714 2.35064 13
    endloop
  endfacet
  facet normal 0 0 1
    outer loop
      vertex 22 2.91974 13
      vertex 21.5048 2.44686 13
      vertex 21.6714 2.35064 13
    endloop
  endfacet
  facet normal 0 0 1
    outer loop
      vertex 18.0952 5.17416 13
      vertex 21.5048 2.44686 13
      vertex 22 2.91974 13
    endloop
  endfacet
  facet normal 0 0 1
    outer loop
      vertex 17.6 4.70128 13
      vertex 18.0952 5.17416 13
      vertex 17.9286 5.27038 13
    endloop
  endfacet
  facet normal 0 0 1
    outer loop
      vertex 18.0952 5.17416 13
      vertex 17.6 4.70128 13
      vertex 21.5048 2.44686 13
    endloop
  endfacet
  facet normal 0 0 1
    outer loop
      vertex 17.9286 9.97166 13
      vertex 17.2714 9.97166 13
      vertex 17.9286 5.27038 13
    endloop
  endfacet
  facet normal 0 0 1
    outer loop
      vertex 17.2714 5.27038 13
      vertex 17.9286 5.27038 13
      vertex 17.2714 9.97166 13
    endloop
  endfacet
  facet normal 0 0 1
    outer loop
      vertex 17.6 10.5408 13
      vertex 17.1048 10.0679 13
      vertex 17.2714 9.97166 13
    endloop
  endfacet
  facet normal 0 0 1
    outer loop
      vertex 13.6952 12.7952 13
      vertex 17.1048 10.0679 13
      vertex 17.6 10.5408 13
    endloop
  endfacet
  facet normal 0 0 1
    outer loop
      vertex 13.2 12.3223 13
      vertex 13.6952 12.7952 13
      vertex 13.5286 12.8914 13
    endloop
  endfacet
  facet normal 0 0 1
    outer loop
      vertex 13.6952 12.7952 13
      vertex 13.2 12.3223 13
      vertex 17.1048 10.0679 13
    endloop
  endfacet
  facet normal 0 0 1
    outer loop
      vertex 13.5286 17.5927 13
      vertex 12.8714 17.5927 13
      vertex 13.5286 12.8914 13
    endloop
  endfacet
  facet normal 0 0 1
    outer loop
      vertex 12.8714 12.8914 13
      vertex 13.5286 12.8914 13
      vertex 12.8714 17.5927 13
    endloop
  endfacet
  facet normal 0 0 1
    outer loop
      vertex 13.2 18.1618 13
      vertex 12.7048 17.6889 13
      vertex 12.8714 17.5927 13
    endloop
  endfacet
  facet normal 0 0 1
    outer loop
      vertex 9.29524 20.4162 13
      vertex 12.7048 17.6889 13
      vertex 13.2 18.1618 13
    endloop
  endfacet
  facet normal 0 0 1
    outer loop
      vertex 8.8 19.9433 13
      vertex 9.29524 20.4162 13
      vertex 9.12857 20.5124 13
    endloop
  endfacet
  facet normal 0 0 1
    outer loop
      vertex 9.29524 20.4162 13
      vertex 8.8 19.9433 13
      vertex 12.7048 17.6889 13
    endloop
  endfacet
  facet normal 0 0 1
    outer loop
      vertex 32.3 18.6484 13
      vertex 30.4714 12.8914 13
      vertex 30.8 12.3223 13
    endloop
  endfacet
  facet normal -0 0 1
    outer loop
      vertex 30.3048 12.7952 13
      vertex 30.8 12.3223 13
      vertex 30.4714 12.8914 13
    endloop
  endfacet
  facet normal 0 0 1
    outer loop
      vertex 30.3048 12.7952 13
      vertex 26.8952 10.0679 13
      vertex 30.8 12.3223 13
    endloop
  endfacet
  facet normal -0 0 1
    outer loop
      vertex 26.4 10.5408 13
      vertex 26.8952 10.0679 13
      vertex 30.3048 12.7952 13
    endloop
  endfacet
  facet normal 0 0 1
    outer loop
      vertex 26.0714 9.97166 13
      vertex 26.7286 9.97166 13
      vertex 26.4 10.5408 13
    endloop
  endfacet
  facet normal 0 0 1
    outer loop
      vertex 26.8952 10.0679 13
      vertex 26.4 10.5408 13
      vertex 26.7286 9.97166 13
    endloop
  endfacet
  facet normal 0 0 1
    outer loop
      vertex 31.1286 -2.35064 13
      vertex 30.4714 -2.35064 13
      vertex 30.8 -2.91974 13
    endloop
  endfacet
  facet normal -0 0 1
    outer loop
      vertex 30.3048 -2.44686 13
      vertex 30.8 -2.91974 13
      vertex 30.4714 -2.35064 13
    endloop
  endfacet
  facet normal 0 0 1
    outer loop
      vertex 30.3048 -2.44686 13
      vertex 26.8952 -5.17416 13
      vertex 30.8 -2.91974 13
    endloop
  endfacet
  facet normal -0 0 1
    outer loop
      vertex 26.4 -4.70128 13
      vertex 26.8952 -5.17416 13
      vertex 30.3048 -2.44686 13
    endloop
  endfacet
  facet normal 0 0 1
    outer loop
      vertex 26.0714 -5.27038 13
      vertex 26.7286 -5.27038 13
      vertex 26.4 -4.70128 13
    endloop
  endfacet
  facet normal 0 0 1
    outer loop
      vertex 26.8952 -5.17416 13
      vertex 26.4 -4.70128 13
      vertex 26.7286 -5.27038 13
    endloop
  endfacet
  facet normal 0 0 1
    outer loop
      vertex 35.2 -4.70128 13
      vertex 34.7048 -5.17416 13
      vertex 34.8714 -5.27038 13
    endloop
  endfacet
  facet normal 0 0 1
    outer loop
      vertex 31.2952 -2.44686 13
      vertex 34.7048 -5.17416 13
      vertex 35.2 -4.70128 13
    endloop
  endfacet
  facet normal 0 0 1
    outer loop
      vertex 30.8 -2.91974 13
      vertex 31.2952 -2.44686 13
      vertex 31.1286 -2.35064 13
    endloop
  endfacet
  facet normal 0 0 1
    outer loop
      vertex 31.2952 -2.44686 13
      vertex 30.8 -2.91974 13
      vertex 34.7048 -5.17416 13
    endloop
  endfacet
  facet normal 0 0 1
    outer loop
      vertex 31.1286 2.35064 13
      vertex 30.4714 2.35064 13
      vertex 31.1286 -2.35064 13
    endloop
  endfacet
  facet normal 0 0 1
    outer loop
      vertex 30.4714 -2.35064 13
      vertex 31.1286 -2.35064 13
      vertex 30.4714 2.35064 13
    endloop
  endfacet
  facet normal 0 0 1
    outer loop
      vertex 30.8 2.91974 13
      vertex 30.3048 2.44686 13
      vertex 30.4714 2.35064 13
    endloop
  endfacet
  facet normal 0 0 1
    outer loop
      vertex 26.8952 5.17416 13
      vertex 30.3048 2.44686 13
      vertex 30.8 2.91974 13
    endloop
  endfacet
  facet normal 0 0 1
    outer loop
      vertex 26.4 4.70128 13
      vertex 26.8952 5.17416 13
      vertex 26.7286 5.27038 13
    endloop
  endfacet
  facet normal 0 0 1
    outer loop
      vertex 26.8952 5.17416 13
      vertex 26.4 4.70128 13
      vertex 30.3048 2.44686 13
    endloop
  endfacet
  facet normal 0 0 1
    outer loop
      vertex 26.7286 9.97166 13
      vertex 26.0714 9.97166 13
      vertex 26.7286 5.27038 13
    endloop
  endfacet
  facet normal 0 0 1
    outer loop
      vertex 26.0714 5.27038 13
      vertex 26.7286 5.27038 13
      vertex 26.0714 9.97166 13
    endloop
  endfacet
  facet normal 0 0 1
    outer loop
      vertex 26.4 10.5408 13
      vertex 25.9048 10.0679 13
      vertex 26.0714 9.97166 13
    endloop
  endfacet
  facet normal 0 0 1
    outer loop
      vertex 22.4952 12.7952 13
      vertex 25.9048 10.0679 13
      vertex 26.4 10.5408 13
    endloop
  endfacet
  facet normal 0 0 1
    outer loop
      vertex 22 12.3223 13
      vertex 22.4952 12.7952 13
      vertex 22.3286 12.8914 13
    endloop
  endfacet
  facet normal 0 0 1
    outer loop
      vertex 22.4952 12.7952 13
      vertex 22 12.3223 13
      vertex 25.9048 10.0679 13
    endloop
  endfacet
  facet normal 0 0 1
    outer loop
      vertex 22.3286 17.5927 13
      vertex 21.6714 17.5927 13
      vertex 22.3286 12.8914 13
    endloop
  endfacet
  facet normal 0 0 1
    outer loop
      vertex 21.6714 12.8914 13
      vertex 22.3286 12.8914 13
      vertex 21.6714 17.5927 13
    endloop
  endfacet
  facet normal 0 0 1
    outer loop
      vertex 22 18.1618 13
      vertex 21.5048 17.6889 13
      vertex 21.6714 17.5927 13
    endloop
  endfacet
  facet normal 0 0 1
    outer loop
      vertex 18.0952 20.4162 13
      vertex 21.5048 17.6889 13
      vertex 22 18.1618 13
    endloop
  endfacet
  facet normal 0 0 1
    outer loop
      vertex 17.6 19.9433 13
      vertex 18.0952 20.4162 13
      vertex 17.9286 20.5124 13
    endloop
  endfacet
  facet normal 0 0 1
    outer loop
      vertex 18.0952 20.4162 13
      vertex 17.6 19.9433 13
      vertex 21.5048 17.6889 13
    endloop
  endfacet
  facet normal 0 0 1
    outer loop
      vertex 41.1 3.40636 13
      vertex 39.2714 2.35064 13
      vertex 41.1 -3.40636 13
    endloop
  endfacet
  facet normal 0 0 1
    outer loop
      vertex 41.1 3.40636 13
      vertex 39.1048 2.44686 13
      vertex 39.2714 2.35064 13
    endloop
  endfacet
  facet normal -0 0 1
    outer loop
      vertex 35.2 4.70128 13
      vertex 41.1 3.40636 13
      vertex 36.7 11.0274 13
    endloop
  endfacet
  facet normal 0 0 1
    outer loop
      vertex 41.1 3.40636 13
      vertex 35.2 4.70128 13
      vertex 39.1048 2.44686 13
    endloop
  endfacet
  facet normal 0 0 1
    outer loop
      vertex 34.8714 5.27038 13
      vertex 36.7 11.0274 13
      vertex 34.8714 9.97166 13
    endloop
  endfacet
  facet normal 0 0 1
    outer loop
      vertex 36.7 11.0274 13
      vertex 34.7048 10.0679 13
      vertex 34.8714 9.97166 13
    endloop
  endfacet
  facet normal -0 0 1
    outer loop
      vertex 30.8 12.3223 13
      vertex 36.7 11.0274 13
      vertex 32.3 18.6484 13
    endloop
  endfacet
  facet normal 0 0 1
    outer loop
      vertex 36.7 11.0274 13
      vertex 30.8 12.3223 13
      vertex 34.7048 10.0679 13
    endloop
  endfacet
  facet normal 0 0 1
    outer loop
      vertex 30.4714 12.8914 13
      vertex 32.3 18.6484 13
      vertex 30.4714 17.5927 13
    endloop
  endfacet
  facet normal 0 0 1
    outer loop
      vertex 32.3 18.6484 13
      vertex 30.3048 17.6889 13
      vertex 30.4714 17.5927 13
    endloop
  endfacet
  facet normal -0 0 1
    outer loop
      vertex 26.4 19.9433 13
      vertex 32.3 18.6484 13
      vertex 27.9 26.2694 13
    endloop
  endfacet
  facet normal 0 0 1
    outer loop
      vertex 32.3 18.6484 13
      vertex 26.4 19.9433 13
      vertex 30.3048 17.6889 13
    endloop
  endfacet
  facet normal 0 0 1
    outer loop
      vertex 26.0714 20.5124 13
      vertex 27.9 26.2694 13
      vertex 26.0714 25.2137 13
    endloop
  endfacet
  facet normal 0 0 1
    outer loop
      vertex 27.9 26.2694 13
      vertex 25.9048 25.3099 13
      vertex 26.0714 25.2137 13
    endloop
  endfacet
  facet normal 0 0 1
    outer loop
      vertex 22 29.6758 13
      vertex 25.9048 25.3099 13
      vertex 27.9 26.2694 13
    endloop
  endfacet
  facet normal 0 0 1
    outer loop
      vertex 22 29.6758 13
      vertex 22 27.5644 13
      vertex 25.9048 25.3099 13
    endloop
  endfacet
  facet normal 0 0 1
    outer loop
      vertex 22 29.6758 13
      vertex 18.0952 25.3099 13
      vertex 22 27.5644 13
    endloop
  endfacet
  facet normal 0 0 1
    outer loop
      vertex 17.1048 25.3099 13
      vertex 18.0952 25.3099 13
      vertex 22 29.6758 13
    endloop
  endfacet
  facet normal -0 0 1
    outer loop
      vertex 17.2714 25.2137 13
      vertex 17.9286 20.5124 13
      vertex 17.9286 25.2137 13
    endloop
  endfacet
  facet normal 0 0 1
    outer loop
      vertex 17.2714 20.5124 13
      vertex 17.9286 20.5124 13
      vertex 17.2714 25.2137 13
    endloop
  endfacet
  facet normal 0 0 1
    outer loop
      vertex 18.0952 25.3099 13
      vertex 17.1048 25.3099 13
      vertex 17.9286 25.2137 13
    endloop
  endfacet
  facet normal 0 0 1
    outer loop
      vertex 17.9286 25.2137 13
      vertex 17.1048 25.3099 13
      vertex 17.2714 25.2137 13
    endloop
  endfacet
  facet normal 0 0 1
    outer loop
      vertex 22 29.6758 13
      vertex 13.2 27.5644 13
      vertex 17.1048 25.3099 13
    endloop
  endfacet
  facet normal 0 0 1
    outer loop
      vertex 8.30476 25.3099 13
      vertex 9.29524 25.3099 13
      vertex 13.2 27.5644 13
    endloop
  endfacet
  facet normal -0 0 1
    outer loop
      vertex 8.47143 25.2137 13
      vertex 9.12857 20.5124 13
      vertex 9.12857 25.2137 13
    endloop
  endfacet
  facet normal 0 0 1
    outer loop
      vertex 8.47143 20.5124 13
      vertex 9.12857 20.5124 13
      vertex 8.47143 25.2137 13
    endloop
  endfacet
  facet normal 0 0 1
    outer loop
      vertex 9.29524 25.3099 13
      vertex 8.30476 25.3099 13
      vertex 9.12857 25.2137 13
    endloop
  endfacet
  facet normal 0 0 1
    outer loop
      vertex 9.12857 25.2137 13
      vertex 8.30476 25.3099 13
      vertex 8.47143 25.2137 13
    endloop
  endfacet
  facet normal 0 0 1
    outer loop
      vertex 13.2 27.5644 13
      vertex 4.4 27.5644 13
      vertex 8.30476 25.3099 13
    endloop
  endfacet
  facet normal 0 0 1
    outer loop
      vertex 22 29.6758 13
      vertex 4.4 27.5644 13
      vertex 13.2 27.5644 13
    endloop
  endfacet
  facet normal 0 0 1
    outer loop
      vertex -0.495237 25.3099 13
      vertex 0.495237 25.3099 13
      vertex 4.4 27.5644 13
    endloop
  endfacet
  facet normal -0 0 1
    outer loop
      vertex -0.328572 25.2137 13
      vertex 0.328572 20.5124 13
      vertex 0.328572 25.2137 13
    endloop
  endfacet
  facet normal 0 0 1
    outer loop
      vertex -0.328572 20.5124 13
      vertex 0.328572 20.5124 13
      vertex -0.328572 25.2137 13
    endloop
  endfacet
  facet normal 0 0 1
    outer loop
      vertex 0.495237 25.3099 13
      vertex -0.495237 25.3099 13
      vertex 0.328572 25.2137 13
    endloop
  endfacet
  facet normal 0 0 1
    outer loop
      vertex 0.328572 25.2137 13
      vertex -0.495237 25.3099 13
      vertex -0.328572 25.2137 13
    endloop
  endfacet
  facet normal 0 0 1
    outer loop
      vertex 4.4 27.5644 13
      vertex -4.4 27.5644 13
      vertex -0.495237 25.3099 13
    endloop
  endfacet
  facet normal 0 0 1
    outer loop
      vertex 22 29.6758 13
      vertex -4.4 27.5644 13
      vertex 4.4 27.5644 13
    endloop
  endfacet
  facet normal 0 0 1
    outer loop
      vertex -9.29524 25.3099 13
      vertex -8.30476 25.3099 13
      vertex -4.4 27.5644 13
    endloop
  endfacet
  facet normal -0 0 1
    outer loop
      vertex -9.12857 25.2137 13
      vertex -8.47143 20.5124 13
      vertex -8.47143 25.2137 13
    endloop
  endfacet
  facet normal 0 0 1
    outer loop
      vertex -9.12857 20.5124 13
      vertex -8.47143 20.5124 13
      vertex -9.12857 25.2137 13
    endloop
  endfacet
  facet normal 0 0 1
    outer loop
      vertex -8.30476 25.3099 13
      vertex -9.29524 25.3099 13
      vertex -8.47143 25.2137 13
    endloop
  endfacet
  facet normal 0 0 1
    outer loop
      vertex -8.47143 25.2137 13
      vertex -9.29524 25.3099 13
      vertex -9.12857 25.2137 13
    endloop
  endfacet
  facet normal 0 0 1
    outer loop
      vertex -4.4 27.5644 13
      vertex -13.2 27.5644 13
      vertex -9.29524 25.3099 13
    endloop
  endfacet
  facet normal -0 0 1
    outer loop
      vertex -22 29.6758 13
      vertex -4.4 27.5644 13
      vertex 22 29.6758 13
    endloop
  endfacet
  facet normal 0 0 1
    outer loop
      vertex -22 29.6758 13
      vertex -17.1048 25.3099 13
      vertex -13.2 27.5644 13
    endloop
  endfacet
  facet normal -0 0 1
    outer loop
      vertex -17.9286 25.2137 13
      vertex -17.2714 20.5124 13
      vertex -17.2714 25.2137 13
    endloop
  endfacet
  facet normal 0 0 1
    outer loop
      vertex -17.9286 20.5124 13
      vertex -17.2714 20.5124 13
      vertex -17.9286 25.2137 13
    endloop
  endfacet
  facet normal 0 0 1
    outer loop
      vertex -17.1048 25.3099 13
      vertex -18.0952 25.3099 13
      vertex -17.2714 25.2137 13
    endloop
  endfacet
  facet normal 0 0 1
    outer loop
      vertex -17.2714 25.2137 13
      vertex -18.0952 25.3099 13
      vertex -17.9286 25.2137 13
    endloop
  endfacet
  facet normal 0 0 1
    outer loop
      vertex -4.4 27.5644 13
      vertex -22 29.6758 13
      vertex -13.2 27.5644 13
    endloop
  endfacet
  facet normal 0 0 1
    outer loop
      vertex -17.1048 25.3099 13
      vertex -22 29.6758 13
      vertex -18.0952 25.3099 13
    endloop
  endfacet
  facet normal 0 0 1
    outer loop
      vertex -22 29.6758 13
      vertex -22 27.5644 13
      vertex -18.0952 25.3099 13
    endloop
  endfacet
  facet normal 0 0 1
    outer loop
      vertex -22 29.6758 13
      vertex -25.9048 25.3099 13
      vertex -22 27.5644 13
    endloop
  endfacet
  facet normal -0 0 1
    outer loop
      vertex -27.9 26.2694 13
      vertex -25.9048 25.3099 13
      vertex -22 29.6758 13
    endloop
  endfacet
  facet normal 0 0 1
    outer loop
      vertex -27.9 26.2694 13
      vertex -26.0714 20.5124 13
      vertex -26.0714 25.2137 13
    endloop
  endfacet
  facet normal 0 0 1
    outer loop
      vertex -25.9048 25.3099 13
      vertex -27.9 26.2694 13
      vertex -26.0714 25.2137 13
    endloop
  endfacet
  facet normal 0 0 1
    outer loop
      vertex -26.0714 20.5124 13
      vertex -27.9 26.2694 13
      vertex -26.4 19.9433 13
    endloop
  endfacet
  facet normal 0 0 1
    outer loop
      vertex -32.3 18.6484 13
      vertex -26.4 19.9433 13
      vertex -27.9 26.2694 13
    endloop
  endfacet
  facet normal 0 0 1
    outer loop
      vertex -26.4 19.9433 13
      vertex -32.3 18.6484 13
      vertex -30.3048 17.6889 13
    endloop
  endfacet
  facet normal 0 0 1
    outer loop
      vertex -32.3 18.6484 13
      vertex -30.4714 12.8914 13
      vertex -30.4714 17.5927 13
    endloop
  endfacet
  facet normal 0 0 1
    outer loop
      vertex -30.3048 17.6889 13
      vertex -32.3 18.6484 13
      vertex -30.4714 17.5927 13
    endloop
  endfacet
  facet normal 0 0 1
    outer loop
      vertex -30.4714 12.8914 13
      vertex -32.3 18.6484 13
      vertex -30.8 12.3223 13
    endloop
  endfacet
  facet normal 0 0 1
    outer loop
      vertex -36.7 11.0274 13
      vertex -30.8 12.3223 13
      vertex -32.3 18.6484 13
    endloop
  endfacet
  facet normal 0 0 1
    outer loop
      vertex -30.8 12.3223 13
      vertex -36.7 11.0274 13
      vertex -34.7048 10.0679 13
    endloop
  endfacet
  facet normal 0 0 1
    outer loop
      vertex -36.7 11.0274 13
      vertex -34.8714 5.27038 13
      vertex -34.8714 9.97166 13
    endloop
  endfacet
  facet normal 0 0 1
    outer loop
      vertex -34.7048 10.0679 13
      vertex -36.7 11.0274 13
      vertex -34.8714 9.97166 13
    endloop
  endfacet
  facet normal 0 0 1
    outer loop
      vertex -34.8714 5.27038 13
      vertex -36.7 11.0274 13
      vertex -35.2 4.70128 13
    endloop
  endfacet
  facet normal 0 0 1
    outer loop
      vertex -41.1 3.40636 13
      vertex -35.2 4.70128 13
      vertex -36.7 11.0274 13
    endloop
  endfacet
  facet normal 0 0 1
    outer loop
      vertex -35.2 4.70128 13
      vertex -41.1 3.40636 13
      vertex -39.1048 2.44686 13
    endloop
  endfacet
  facet normal 0 0 1
    outer loop
      vertex -39.2714 2.35064 13
      vertex -41.1 3.40636 13
      vertex -39.2714 -2.35064 13
    endloop
  endfacet
  facet normal 0 0 1
    outer loop
      vertex -39.1048 2.44686 13
      vertex -41.1 3.40636 13
      vertex -39.2714 2.35064 13
    endloop
  endfacet
  facet normal -0 0 1
    outer loop
      vertex 39.2714 -2.35064 13
      vertex 41.1 -3.40636 13
      vertex 39.2714 2.35064 13
    endloop
  endfacet
  facet normal -0 0 1
    outer loop
      vertex 39.1048 -2.44686 13
      vertex 41.1 -3.40636 13
      vertex 39.2714 -2.35064 13
    endloop
  endfacet
  facet normal 0 0 1
    outer loop
      vertex 35.2 -4.70128 13
      vertex 41.1 -3.40636 13
      vertex 39.1048 -2.44686 13
    endloop
  endfacet
  facet normal 0 0 1
    outer loop
      vertex 41.1 -3.40636 13
      vertex 35.2 -4.70128 13
      vertex 36.7 -11.0274 13
    endloop
  endfacet
  facet normal -0 0 1
    outer loop
      vertex 34.8714 -5.27038 13
      vertex 36.7 -11.0274 13
      vertex 35.2 -4.70128 13
    endloop
  endfacet
  facet normal -0 0 1
    outer loop
      vertex 34.8714 -9.97166 13
      vertex 36.7 -11.0274 13
      vertex 34.8714 -5.27038 13
    endloop
  endfacet
  facet normal -0 0 1
    outer loop
      vertex 34.7048 -10.0679 13
      vertex 36.7 -11.0274 13
      vertex 34.8714 -9.97166 13
    endloop
  endfacet
  facet normal 0 0 1
    outer loop
      vertex 30.8 -12.3223 13
      vertex 36.7 -11.0274 13
      vertex 34.7048 -10.0679 13
    endloop
  endfacet
  facet normal 0 0 1
    outer loop
      vertex 36.7 -11.0274 13
      vertex 30.8 -12.3223 13
      vertex 32.3 -18.6484 13
    endloop
  endfacet
  facet normal -0 0 1
    outer loop
      vertex 30.4714 -12.8914 13
      vertex 32.3 -18.6484 13
      vertex 30.8 -12.3223 13
    endloop
  endfacet
  facet normal -0 0 1
    outer loop
      vertex 30.4714 -17.5927 13
      vertex 32.3 -18.6484 13
      vertex 30.4714 -12.8914 13
    endloop
  endfacet
  facet normal -0 0 1
    outer loop
      vertex 30.3048 -17.6889 13
      vertex 32.3 -18.6484 13
      vertex 30.4714 -17.5927 13
    endloop
  endfacet
  facet normal 0 0 1
    outer loop
      vertex 26.4 -19.9433 13
      vertex 32.3 -18.6484 13
      vertex 30.3048 -17.6889 13
    endloop
  endfacet
  facet normal 0 0 1
    outer loop
      vertex 32.3 -18.6484 13
      vertex 26.4 -19.9433 13
      vertex 27.9 -26.2694 13
    endloop
  endfacet
  facet normal -0 0 1
    outer loop
      vertex 26.0714 -20.5124 13
      vertex 27.9 -26.2694 13
      vertex 26.4 -19.9433 13
    endloop
  endfacet
  facet normal -0 0 1
    outer loop
      vertex 26.0714 -25.2137 13
      vertex 27.9 -26.2694 13
      vertex 26.0714 -20.5124 13
    endloop
  endfacet
  facet normal -0 0 1
    outer loop
      vertex 25.9048 -25.3099 13
      vertex 27.9 -26.2694 13
      vertex 26.0714 -25.2137 13
    endloop
  endfacet
  facet normal 0 0 1
    outer loop
      vertex 22 -29.6758 13
      vertex 25.9048 -25.3099 13
      vertex 22 -27.5644 13
    endloop
  endfacet
  facet normal 0 0 1
    outer loop
      vertex 25.9048 -25.3099 13
      vertex 22 -29.6758 13
      vertex 27.9 -26.2694 13
    endloop
  endfacet
  facet normal 0 0 1
    outer loop
      vertex 18.0952 -25.3099 13
      vertex 22 -29.6758 13
      vertex 22 -27.5644 13
    endloop
  endfacet
  facet normal 0 0 1
    outer loop
      vertex 17.1048 -25.3099 13
      vertex 18.0952 -25.3099 13
      vertex 17.9286 -25.2137 13
    endloop
  endfacet
  facet normal 0 0 1
    outer loop
      vertex 17.9286 -20.5124 13
      vertex 17.2714 -20.5124 13
      vertex 17.9286 -25.2137 13
    endloop
  endfacet
  facet normal 0 0 1
    outer loop
      vertex 17.2714 -25.2137 13
      vertex 17.9286 -25.2137 13
      vertex 17.2714 -20.5124 13
    endloop
  endfacet
  facet normal 0 0 1
    outer loop
      vertex 17.1048 -25.3099 13
      vertex 17.9286 -25.2137 13
      vertex 17.2714 -25.2137 13
    endloop
  endfacet
  facet normal 0 0 1
    outer loop
      vertex 18.0952 -25.3099 13
      vertex 17.1048 -25.3099 13
      vertex 22 -29.6758 13
    endloop
  endfacet
  facet normal -0 0 1
    outer loop
      vertex 13.2 -27.5644 13
      vertex 22 -29.6758 13
      vertex 17.1048 -25.3099 13
    endloop
  endfacet
  facet normal 0 0 1
    outer loop
      vertex 8.30476 -25.3099 13
      vertex 9.29524 -25.3099 13
      vertex 9.12857 -25.2137 13
    endloop
  endfacet
  facet normal 0 0 1
    outer loop
      vertex 9.12857 -20.5124 13
      vertex 8.47143 -20.5124 13
      vertex 9.12857 -25.2137 13
    endloop
  endfacet
  facet normal 0 0 1
    outer loop
      vertex 8.47143 -25.2137 13
      vertex 9.12857 -25.2137 13
      vertex 8.47143 -20.5124 13
    endloop
  endfacet
  facet normal 0 0 1
    outer loop
      vertex 8.30476 -25.3099 13
      vertex 9.12857 -25.2137 13
      vertex 8.47143 -25.2137 13
    endloop
  endfacet
  facet normal 0 0 1
    outer loop
      vertex 9.29524 -25.3099 13
      vertex 8.30476 -25.3099 13
      vertex 13.2 -27.5644 13
    endloop
  endfacet
  facet normal 0 0 1
    outer loop
      vertex 4.4 -27.5644 13
      vertex 13.2 -27.5644 13
      vertex 8.30476 -25.3099 13
    endloop
  endfacet
  facet normal -0 0 1
    outer loop
      vertex 4.4 -27.5644 13
      vertex 22 -29.6758 13
      vertex 13.2 -27.5644 13
    endloop
  endfacet
  facet normal 0 0 1
    outer loop
      vertex -0.495237 -25.3099 13
      vertex 0.495237 -25.3099 13
      vertex 0.328572 -25.2137 13
    endloop
  endfacet
  facet normal 0 0 1
    outer loop
      vertex 0.328572 -20.5124 13
      vertex -0.328572 -20.5124 13
      vertex 0.328572 -25.2137 13
    endloop
  endfacet
  facet normal 0 0 1
    outer loop
      vertex -0.328572 -25.2137 13
      vertex 0.328572 -25.2137 13
      vertex -0.328572 -20.5124 13
    endloop
  endfacet
  facet normal 0 0 1
    outer loop
      vertex -0.495237 -25.3099 13
      vertex 0.328572 -25.2137 13
      vertex -0.328572 -25.2137 13
    endloop
  endfacet
  facet normal 0 0 1
    outer loop
      vertex 0.495237 -25.3099 13
      vertex -0.495237 -25.3099 13
      vertex 4.4 -27.5644 13
    endloop
  endfacet
  facet normal 0 0 1
    outer loop
      vertex -4.4 -27.5644 13
      vertex 4.4 -27.5644 13
      vertex -0.495237 -25.3099 13
    endloop
  endfacet
  facet normal -0 0 1
    outer loop
      vertex -4.4 -27.5644 13
      vertex 22 -29.6758 13
      vertex 4.4 -27.5644 13
    endloop
  endfacet
  facet normal 0 0 1
    outer loop
      vertex -9.29524 -25.3099 13
      vertex -8.30476 -25.3099 13
      vertex -8.47143 -25.2137 13
    endloop
  endfacet
  facet normal 0 0 1
    outer loop
      vertex -8.47143 -20.5124 13
      vertex -9.12857 -20.5124 13
      vertex -8.47143 -25.2137 13
    endloop
  endfacet
  facet normal 0 0 1
    outer loop
      vertex -9.12857 -25.2137 13
      vertex -8.47143 -25.2137 13
      vertex -9.12857 -20.5124 13
    endloop
  endfacet
  facet normal 0 0 1
    outer loop
      vertex -9.29524 -25.3099 13
      vertex -8.47143 -25.2137 13
      vertex -9.12857 -25.2137 13
    endloop
  endfacet
  facet normal 0 0 1
    outer loop
      vertex -8.30476 -25.3099 13
      vertex -9.29524 -25.3099 13
      vertex -4.4 -27.5644 13
    endloop
  endfacet
  facet normal 0 0 1
    outer loop
      vertex -13.2 -27.5644 13
      vertex -4.4 -27.5644 13
      vertex -9.29524 -25.3099 13
    endloop
  endfacet
  facet normal 0 0 1
    outer loop
      vertex -22 -29.6758 13
      vertex -4.4 -27.5644 13
      vertex -13.2 -27.5644 13
    endloop
  endfacet
  facet normal 0 0 1
    outer loop
      vertex -18.0952 -25.3099 13
      vertex -17.1048 -25.3099 13
      vertex -17.2714 -25.2137 13
    endloop
  endfacet
  facet normal 0 0 1
    outer loop
      vertex -17.2714 -20.5124 13
      vertex -17.9286 -20.5124 13
      vertex -17.2714 -25.2137 13
    endloop
  endfacet
  facet normal 0 0 1
    outer loop
      vertex -17.9286 -25.2137 13
      vertex -17.2714 -25.2137 13
      vertex -17.9286 -20.5124 13
    endloop
  endfacet
  facet normal 0 0 1
    outer loop
      vertex -18.0952 -25.3099 13
      vertex -17.2714 -25.2137 13
      vertex -17.9286 -25.2137 13
    endloop
  endfacet
  facet normal 0 0 1
    outer loop
      vertex -22 -29.6758 13
      vertex -17.1048 -25.3099 13
      vertex -18.0952 -25.3099 13
    endloop
  endfacet
  facet normal 0 0 1
    outer loop
      vertex -22 -29.6758 13
      vertex -18.0952 -25.3099 13
      vertex -22 -27.5644 13
    endloop
  endfacet
  facet normal 0 0 1
    outer loop
      vertex -17.1048 -25.3099 13
      vertex -22 -29.6758 13
      vertex -13.2 -27.5644 13
    endloop
  endfacet
  facet normal 0 0 1
    outer loop
      vertex -4.4 -27.5644 13
      vertex -22 -29.6758 13
      vertex 22 -29.6758 13
    endloop
  endfacet
  facet normal 0 0 1
    outer loop
      vertex -25.9048 -25.3099 13
      vertex -22 -29.6758 13
      vertex -22 -27.5644 13
    endloop
  endfacet
  facet normal 0 0 1
    outer loop
      vertex -27.9 -26.2694 13
      vertex -25.9048 -25.3099 13
      vertex -26.0714 -25.2137 13
    endloop
  endfacet
  facet normal 0 0 1
    outer loop
      vertex -25.9048 -25.3099 13
      vertex -27.9 -26.2694 13
      vertex -22 -29.6758 13
    endloop
  endfacet
  facet normal 0 0 1
    outer loop
      vertex -26.0714 -20.5124 13
      vertex -27.9 -26.2694 13
      vertex -26.0714 -25.2137 13
    endloop
  endfacet
  facet normal -0 0 1
    outer loop
      vertex -32.3 -18.6484 13
      vertex -26.4 -19.9433 13
      vertex -30.3048 -17.6889 13
    endloop
  endfacet
  facet normal 0 0 1
    outer loop
      vertex -32.3 -18.6484 13
      vertex -30.3048 -17.6889 13
      vertex -30.4714 -17.5927 13
    endloop
  endfacet
  facet normal 0 0 1
    outer loop
      vertex -26.4 -19.9433 13
      vertex -32.3 -18.6484 13
      vertex -27.9 -26.2694 13
    endloop
  endfacet
  facet normal 0 0 1
    outer loop
      vertex -30.4714 -12.8914 13
      vertex -32.3 -18.6484 13
      vertex -30.4714 -17.5927 13
    endloop
  endfacet
  facet normal -0 0 1
    outer loop
      vertex -36.7 -11.0274 13
      vertex -30.8 -12.3223 13
      vertex -34.7048 -10.0679 13
    endloop
  endfacet
  facet normal 0 0 1
    outer loop
      vertex -36.7 -11.0274 13
      vertex -34.7048 -10.0679 13
      vertex -34.8714 -9.97166 13
    endloop
  endfacet
  facet normal 0 0 1
    outer loop
      vertex -30.8 -12.3223 13
      vertex -36.7 -11.0274 13
      vertex -32.3 -18.6484 13
    endloop
  endfacet
  facet normal 0 0 1
    outer loop
      vertex -34.8714 -5.27038 13
      vertex -36.7 -11.0274 13
      vertex -34.8714 -9.97166 13
    endloop
  endfacet
  facet normal -0 0 1
    outer loop
      vertex -41.1 -3.40636 13
      vertex -35.2 -4.70128 13
      vertex -39.1048 -2.44686 13
    endloop
  endfacet
  facet normal 0 0 1
    outer loop
      vertex -41.1 -3.40636 13
      vertex -39.1048 -2.44686 13
      vertex -39.2714 -2.35064 13
    endloop
  endfacet
  facet normal 0 0 1
    outer loop
      vertex -41.1 -3.40636 13
      vertex -39.2714 -2.35064 13
      vertex -41.1 3.40636 13
    endloop
  endfacet
  facet normal 0 0 1
    outer loop
      vertex -35.2 -4.70128 13
      vertex -41.1 -3.40636 13
      vertex -36.7 -11.0274 13
    endloop
  endfacet
  facet normal 0 0 1
    outer loop
      vertex 36.7 11.0274 13
      vertex 34.8714 5.27038 13
      vertex 35.2 4.70128 13
    endloop
  endfacet
  facet normal -0 0 1
    outer loop
      vertex 34.7048 5.17416 13
      vertex 35.2 4.70128 13
      vertex 34.8714 5.27038 13
    endloop
  endfacet
  facet normal 0 0 1
    outer loop
      vertex 34.7048 5.17416 13
      vertex 31.2952 2.44686 13
      vertex 35.2 4.70128 13
    endloop
  endfacet
  facet normal -0 0 1
    outer loop
      vertex 30.8 2.91974 13
      vertex 31.2952 2.44686 13
      vertex 34.7048 5.17416 13
    endloop
  endfacet
  facet normal 0 0 1
    outer loop
      vertex 30.4714 2.35064 13
      vertex 31.1286 2.35064 13
      vertex 30.8 2.91974 13
    endloop
  endfacet
  facet normal 0 0 1
    outer loop
      vertex 31.2952 2.44686 13
      vertex 30.8 2.91974 13
      vertex 31.1286 2.35064 13
    endloop
  endfacet
  facet normal -0.55022 -0.317669 0.772233
    outer loop
      vertex -41.1 -3.40636 13
      vertex -41.7 -3.75276 12.43
      vertex -37.3 -11.3738 12.43
    endloop
  endfacet
  facet normal -0.55022 0.31767 0.772233
    outer loop
      vertex -28.5 26.6158 12.43
      vertex -32.3 18.6484 13
      vertex -27.9 26.2694 13
    endloop
  endfacet
  facet normal -0.55022 0.31767 0.772233
    outer loop
      vertex -32.3 18.6484 13
      vertex -28.5 26.6158 12.43
      vertex -32.9 18.9948 12.43
    endloop
  endfacet
  facet normal -0.55022 -0.31767 0.772233
    outer loop
      vertex -32.3 -18.6484 13
      vertex -28.5 -26.6158 12.43
      vertex -27.9 -26.2694 13
    endloop
  endfacet
  facet normal -0.55022 -0.31767 0.772233
    outer loop
      vertex -28.5 -26.6158 12.43
      vertex -32.3 -18.6484 13
      vertex -32.9 -18.9948 12.43
    endloop
  endfacet
  facet normal 0.499995 -0.866028 0
    outer loop
      vertex -25.5 -20.8423 1
      vertex -22 -18.8216 12.4
      vertex -25.5 -20.8423 12.4
    endloop
  endfacet
  facet normal 0.499995 -0.866028 0
    outer loop
      vertex -22 -18.8216 12.4
      vertex -25.5 -20.8423 1
      vertex -22 -18.8216 1
    endloop
  endfacet
  facet normal -1 0 0
    outer loop
      vertex -18.5 -24.8838 1
      vertex -18.5 -20.8423 12.4
      vertex -18.5 -20.8423 1
    endloop
  endfacet
  facet normal -1 -0 0
    outer loop
      vertex -18.5 -20.8423 12.4
      vertex -18.5 -24.8838 1
      vertex -18.5 -24.8838 12.4
    endloop
  endfacet
  facet normal 0.499995 0.866028 -0
    outer loop
      vertex -22 -26.9045 1
      vertex -25.5 -24.8838 12.4
      vertex -22 -26.9045 12.4
    endloop
  endfacet
  facet normal 0.499995 0.866028 0
    outer loop
      vertex -25.5 -24.8838 12.4
      vertex -22 -26.9045 1
      vertex -25.5 -24.8838 1
    endloop
  endfacet
  facet normal -0.499995 -0.866028 0
    outer loop
      vertex -22 -18.8216 1
      vertex -18.5 -20.8423 12.4
      vertex -22 -18.8216 12.4
    endloop
  endfacet
  facet normal -0.499995 -0.866028 -0
    outer loop
      vertex -18.5 -20.8423 12.4
      vertex -22 -18.8216 1
      vertex -18.5 -20.8423 1
    endloop
  endfacet
  facet normal -0.499995 0.866028 0
    outer loop
      vertex -18.5 -24.8838 1
      vertex -22 -26.9045 12.4
      vertex -18.5 -24.8838 12.4
    endloop
  endfacet
  facet normal -0.499995 0.866028 0
    outer loop
      vertex -22 -26.9045 12.4
      vertex -18.5 -24.8838 1
      vertex -22 -26.9045 1
    endloop
  endfacet
  facet normal 1 -0 0
    outer loop
      vertex -25.5 -24.8838 12.4
      vertex -25.5 -20.8423 1
      vertex -25.5 -20.8423 12.4
    endloop
  endfacet
  facet normal 1 0 0
    outer loop
      vertex -25.5 -20.8423 1
      vertex -25.5 -24.8838 12.4
      vertex -25.5 -24.8838 1
    endloop
  endfacet
  facet normal 0 0 1
    outer loop
      vertex -22 -18.8216 1
      vertex -18.5 -24.8838 1
      vertex -18.5 -20.8423 1
    endloop
  endfacet
  facet normal 0 0 1
    outer loop
      vertex -22 -18.8216 1
      vertex -22 -26.9045 1
      vertex -18.5 -24.8838 1
    endloop
  endfacet
  facet normal -0 0 1
    outer loop
      vertex -25.5 -20.8423 1
      vertex -22 -26.9045 1
      vertex -22 -18.8216 1
    endloop
  endfacet
  facet normal 0 0 1
    outer loop
      vertex -22 -26.9045 1
      vertex -25.5 -20.8423 1
      vertex -25.5 -24.8838 1
    endloop
  endfacet
  facet normal -0.362059 0.627087 0.689692
    outer loop
      vertex -18.0952 -25.3099 13
      vertex -22 -26.9045 12.4
      vertex -22 -27.5644 13
    endloop
  endfacet
  facet normal 0.724155 0 0.689637
    outer loop
      vertex -26.0714 -20.5124 13
      vertex -25.5 -24.8838 12.4
      vertex -25.5 -20.8423 12.4
    endloop
  endfacet
  facet normal 0.724155 0 0.689637
    outer loop
      vertex -25.5 -24.8838 12.4
      vertex -26.0714 -20.5124 13
      vertex -26.0714 -25.2137 13
    endloop
  endfacet
  facet normal 0.362059 0.627087 0.689692
    outer loop
      vertex -22 -27.5644 13
      vertex -22 -26.9045 12.4
      vertex -25.9048 -25.3099 13
    endloop
  endfacet
  facet normal 0.36207 0.627132 0.689645
    outer loop
      vertex -25.5 -24.8838 12.4
      vertex -25.9048 -25.3099 13
      vertex -22 -26.9045 12.4
    endloop
  endfacet
  facet normal 0.362109 0.627103 0.689651
    outer loop
      vertex -25.9048 -25.3099 13
      vertex -25.5 -24.8838 12.4
      vertex -26.0714 -25.2137 13
    endloop
  endfacet
  facet normal -0.362109 -0.627103 0.689651
    outer loop
      vertex -18.0952 -20.4162 13
      vertex -18.5 -20.8423 12.4
      vertex -17.9286 -20.5124 13
    endloop
  endfacet
  facet normal -0.36207 -0.627132 0.689645
    outer loop
      vertex -18.5 -20.8423 12.4
      vertex -18.0952 -20.4162 13
      vertex -22 -18.8216 12.4
    endloop
  endfacet
  facet normal 0.362071 -0.627136 0.689641
    outer loop
      vertex -22 -18.8216 12.4
      vertex -22 -18.1618 13
      vertex -25.9048 -20.4162 13
    endloop
  endfacet
  facet normal -0.362071 -0.627136 0.689641
    outer loop
      vertex -18.0952 -20.4162 13
      vertex -22 -18.1618 13
      vertex -22 -18.8216 12.4
    endloop
  endfacet
  facet normal -0.362109 0.627103 0.689651
    outer loop
      vertex -18.5 -24.8838 12.4
      vertex -18.0952 -25.3099 13
      vertex -17.9286 -25.2137 13
    endloop
  endfacet
  facet normal -0.36207 0.627132 0.689645
    outer loop
      vertex -18.0952 -25.3099 13
      vertex -18.5 -24.8838 12.4
      vertex -22 -26.9045 12.4
    endloop
  endfacet
  facet normal 0.36207 -0.627132 0.689645
    outer loop
      vertex -25.9048 -20.4162 13
      vertex -25.5 -20.8423 12.4
      vertex -22 -18.8216 12.4
    endloop
  endfacet
  facet normal 0.362109 -0.627103 0.689651
    outer loop
      vertex -25.5 -20.8423 12.4
      vertex -25.9048 -20.4162 13
      vertex -26.0714 -20.5124 13
    endloop
  endfacet
  facet normal -0.724155 0 0.689637
    outer loop
      vertex -18.5 -24.8838 12.4
      vertex -17.9286 -20.5124 13
      vertex -18.5 -20.8423 12.4
    endloop
  endfacet
  facet normal -0.724155 0 0.689637
    outer loop
      vertex -17.9286 -20.5124 13
      vertex -18.5 -24.8838 12.4
      vertex -17.9286 -25.2137 13
    endloop
  endfacet
  facet normal 0.499995 -0.866028 0
    outer loop
      vertex -16.7 -20.8423 1
      vertex -13.2 -18.8216 12.4
      vertex -16.7 -20.8423 12.4
    endloop
  endfacet
  facet normal 0.499995 -0.866028 0
    outer loop
      vertex -13.2 -18.8216 12.4
      vertex -16.7 -20.8423 1
      vertex -13.2 -18.8216 1
    endloop
  endfacet
  facet normal -1 0 0
    outer loop
      vertex -9.7 -24.8838 1
      vertex -9.7 -20.8423 12.4
      vertex -9.7 -20.8423 1
    endloop
  endfacet
  facet normal -1 -0 0
    outer loop
      vertex -9.7 -20.8423 12.4
      vertex -9.7 -24.8838 1
      vertex -9.7 -24.8838 12.4
    endloop
  endfacet
  facet normal 0.499995 0.866028 -0
    outer loop
      vertex -13.2 -26.9045 1
      vertex -16.7 -24.8838 12.4
      vertex -13.2 -26.9045 12.4
    endloop
  endfacet
  facet normal 0.499995 0.866028 0
    outer loop
      vertex -16.7 -24.8838 12.4
      vertex -13.2 -26.9045 1
      vertex -16.7 -24.8838 1
    endloop
  endfacet
  facet normal -0.499995 -0.866028 0
    outer loop
      vertex -13.2 -18.8216 1
      vertex -9.7 -20.8423 12.4
      vertex -13.2 -18.8216 12.4
    endloop
  endfacet
  facet normal -0.499995 -0.866028 -0
    outer loop
      vertex -9.7 -20.8423 12.4
      vertex -13.2 -18.8216 1
      vertex -9.7 -20.8423 1
    endloop
  endfacet
  facet normal -0.499995 0.866028 0
    outer loop
      vertex -9.7 -24.8838 1
      vertex -13.2 -26.9045 12.4
      vertex -9.7 -24.8838 12.4
    endloop
  endfacet
  facet normal -0.499995 0.866028 0
    outer loop
      vertex -13.2 -26.9045 12.4
      vertex -9.7 -24.8838 1
      vertex -13.2 -26.9045 1
    endloop
  endfacet
  facet normal 1 -0 0
    outer loop
      vertex -16.7 -24.8838 12.4
      vertex -16.7 -20.8423 1
      vertex -16.7 -20.8423 12.4
    endloop
  endfacet
  facet normal 1 0 0
    outer loop
      vertex -16.7 -20.8423 1
      vertex -16.7 -24.8838 12.4
      vertex -16.7 -24.8838 1
    endloop
  endfacet
  facet normal 0 0 1
    outer loop
      vertex -13.2 -18.8216 1
      vertex -9.7 -24.8838 1
      vertex -9.7 -20.8423 1
    endloop
  endfacet
  facet normal 0 0 1
    outer loop
      vertex -13.2 -18.8216 1
      vertex -13.2 -26.9045 1
      vertex -9.7 -24.8838 1
    endloop
  endfacet
  facet normal -0 0 1
    outer loop
      vertex -16.7 -20.8423 1
      vertex -13.2 -26.9045 1
      vertex -13.2 -18.8216 1
    endloop
  endfacet
  facet normal 0 0 1
    outer loop
      vertex -13.2 -26.9045 1
      vertex -16.7 -20.8423 1
      vertex -16.7 -24.8838 1
    endloop
  endfacet
  facet normal -0.362062 0.627087 0.689691
    outer loop
      vertex -9.29524 -25.3099 13
      vertex -13.2 -26.9045 12.4
      vertex -13.2 -27.5644 13
    endloop
  endfacet
  facet normal 0.724155 0 0.689637
    outer loop
      vertex -17.2714 -20.5124 13
      vertex -16.7 -24.8838 12.4
      vertex -16.7 -20.8423 12.4
    endloop
  endfacet
  facet normal 0.724155 0 0.689637
    outer loop
      vertex -16.7 -24.8838 12.4
      vertex -17.2714 -20.5124 13
      vertex -17.2714 -25.2137 13
    endloop
  endfacet
  facet normal 0.362059 0.627087 0.689692
    outer loop
      vertex -13.2 -27.5644 13
      vertex -13.2 -26.9045 12.4
      vertex -17.1048 -25.3099 13
    endloop
  endfacet
  facet normal 0.36207 0.627132 0.689645
    outer loop
      vertex -16.7 -24.8838 12.4
      vertex -17.1048 -25.3099 13
      vertex -13.2 -26.9045 12.4
    endloop
  endfacet
  facet normal 0.362109 0.627103 0.689651
    outer loop
      vertex -17.1048 -25.3099 13
      vertex -16.7 -24.8838 12.4
      vertex -17.2714 -25.2137 13
    endloop
  endfacet
  facet normal -0.362008 -0.627193 0.689622
    outer loop
      vertex -9.29524 -20.4162 13
      vertex -9.7 -20.8423 12.4
      vertex -9.12857 -20.5124 13
    endloop
  endfacet
  facet normal -0.362076 -0.627143 0.689632
    outer loop
      vertex -9.7 -20.8423 12.4
      vertex -9.29524 -20.4162 13
      vertex -13.2 -18.8216 12.4
    endloop
  endfacet
  facet normal 0.362071 -0.627136 0.689641
    outer loop
      vertex -13.2 -18.8216 12.4
      vertex -13.2 -18.1618 13
      vertex -17.1048 -20.4162 13
    endloop
  endfacet
  facet normal -0.362075 -0.627135 0.68964
    outer loop
      vertex -9.29524 -20.4162 13
      vertex -13.2 -18.1618 13
      vertex -13.2 -18.8216 12.4
    endloop
  endfacet
  facet normal -0.362008 0.627193 0.689622
    outer loop
      vertex -9.7 -24.8838 12.4
      vertex -9.29524 -25.3099 13
      vertex -9.12857 -25.2137 13
    endloop
  endfacet
  facet normal -0.362076 0.627143 0.689632
    outer loop
      vertex -9.29524 -25.3099 13
      vertex -9.7 -24.8838 12.4
      vertex -13.2 -26.9045 12.4
    endloop
  endfacet
  facet normal 0.36207 -0.627132 0.689645
    outer loop
      vertex -17.1048 -20.4162 13
      vertex -16.7 -20.8423 12.4
      vertex -13.2 -18.8216 12.4
    endloop
  endfacet
  facet normal 0.362109 -0.627103 0.689651
    outer loop
      vertex -16.7 -20.8423 12.4
      vertex -17.1048 -20.4162 13
      vertex -17.2714 -20.5124 13
    endloop
  endfacet
  facet normal -0.724137 0 0.689656
    outer loop
      vertex -9.7 -24.8838 12.4
      vertex -9.12857 -20.5124 13
      vertex -9.7 -20.8423 12.4
    endloop
  endfacet
  facet normal -0.724137 0 0.689656
    outer loop
      vertex -9.12857 -20.5124 13
      vertex -9.7 -24.8838 12.4
      vertex -9.12857 -25.2137 13
    endloop
  endfacet
  facet normal 0.499995 -0.866028 0
    outer loop
      vertex -7.9 -20.8423 1
      vertex -4.4 -18.8216 12.4
      vertex -7.9 -20.8423 12.4
    endloop
  endfacet
  facet normal 0.499995 -0.866028 0
    outer loop
      vertex -4.4 -18.8216 12.4
      vertex -7.9 -20.8423 1
      vertex -4.4 -18.8216 1
    endloop
  endfacet
  facet normal -1 0 0
    outer loop
      vertex -0.9 -24.8838 1
      vertex -0.9 -20.8423 12.4
      vertex -0.9 -20.8423 1
    endloop
  endfacet
  facet normal -1 -0 0
    outer loop
      vertex -0.9 -20.8423 12.4
      vertex -0.9 -24.8838 1
      vertex -0.9 -24.8838 12.4
    endloop
  endfacet
  facet normal 0.499995 0.866028 -0
    outer loop
      vertex -4.4 -26.9045 1
      vertex -7.9 -24.8838 12.4
      vertex -4.4 -26.9045 12.4
    endloop
  endfacet
  facet normal 0.499995 0.866028 0
    outer loop
      vertex -7.9 -24.8838 12.4
      vertex -4.4 -26.9045 1
      vertex -7.9 -24.8838 1
    endloop
  endfacet
  facet normal -0.499995 -0.866028 0
    outer loop
      vertex -4.4 -18.8216 1
      vertex -0.9 -20.8423 12.4
      vertex -4.4 -18.8216 12.4
    endloop
  endfacet
  facet normal -0.499995 -0.866028 -0
    outer loop
      vertex -0.9 -20.8423 12.4
      vertex -4.4 -18.8216 1
      vertex -0.9 -20.8423 1
    endloop
  endfacet
  facet normal -0.499995 0.866028 0
    outer loop
      vertex -0.9 -24.8838 1
      vertex -4.4 -26.9045 12.4
      vertex -0.9 -24.8838 12.4
    endloop
  endfacet
  facet normal -0.499995 0.866028 0
    outer loop
      vertex -4.4 -26.9045 12.4
      vertex -0.9 -24.8838 1
      vertex -4.4 -26.9045 1
    endloop
  endfacet
  facet normal 1 -0 0
    outer loop
      vertex -7.9 -24.8838 12.4
      vertex -7.9 -20.8423 1
      vertex -7.9 -20.8423 12.4
    endloop
  endfacet
  facet normal 1 0 0
    outer loop
      vertex -7.9 -20.8423 1
      vertex -7.9 -24.8838 12.4
      vertex -7.9 -24.8838 1
    endloop
  endfacet
  facet normal 0 0 1
    outer loop
      vertex -4.4 -18.8216 1
      vertex -0.9 -24.8838 1
      vertex -0.9 -20.8423 1
    endloop
  endfacet
  facet normal 0 0 1
    outer loop
      vertex -4.4 -18.8216 1
      vertex -4.4 -26.9045 1
      vertex -0.9 -24.8838 1
    endloop
  endfacet
  facet normal -0 0 1
    outer loop
      vertex -7.9 -20.8423 1
      vertex -4.4 -26.9045 1
      vertex -4.4 -18.8216 1
    endloop
  endfacet
  facet normal 0 0 1
    outer loop
      vertex -4.4 -26.9045 1
      vertex -7.9 -20.8423 1
      vertex -7.9 -24.8838 1
    endloop
  endfacet
  facet normal -0.362062 0.627087 0.689691
    outer loop
      vertex -0.495237 -25.3099 13
      vertex -4.4 -26.9045 12.4
      vertex -4.4 -27.5644 13
    endloop
  endfacet
  facet normal 0.724137 0 0.689656
    outer loop
      vertex -8.47143 -20.5124 13
      vertex -7.9 -24.8838 12.4
      vertex -7.9 -20.8423 12.4
    endloop
  endfacet
  facet normal 0.724137 0 0.689656
    outer loop
      vertex -7.9 -24.8838 12.4
      vertex -8.47143 -20.5124 13
      vertex -8.47143 -25.2137 13
    endloop
  endfacet
  facet normal 0.362062 0.627087 0.689691
    outer loop
      vertex -4.4 -27.5644 13
      vertex -4.4 -26.9045 12.4
      vertex -8.30476 -25.3099 13
    endloop
  endfacet
  facet normal 0.362076 0.627143 0.689632
    outer loop
      vertex -7.9 -24.8838 12.4
      vertex -8.30476 -25.3099 13
      vertex -4.4 -26.9045 12.4
    endloop
  endfacet
  facet normal 0.362008 0.627193 0.689622
    outer loop
      vertex -8.30476 -25.3099 13
      vertex -7.9 -24.8838 12.4
      vertex -8.47143 -25.2137 13
    endloop
  endfacet
  facet normal -0.362016 -0.627186 0.689624
    outer loop
      vertex -0.495237 -20.4162 13
      vertex -0.9 -20.8423 12.4
      vertex -0.328572 -20.5124 13
    endloop
  endfacet
  facet normal -0.362076 -0.627142 0.689633
    outer loop
      vertex -0.9 -20.8423 12.4
      vertex -0.495237 -20.4162 13
      vertex -4.4 -18.8216 12.4
    endloop
  endfacet
  facet normal 0.362075 -0.627135 0.68964
    outer loop
      vertex -4.4 -18.8216 12.4
      vertex -4.4 -18.1618 13
      vertex -8.30476 -20.4162 13
    endloop
  endfacet
  facet normal -0.362074 -0.627135 0.68964
    outer loop
      vertex -0.495237 -20.4162 13
      vertex -4.4 -18.1618 13
      vertex -4.4 -18.8216 12.4
    endloop
  endfacet
  facet normal -0.362016 0.627186 0.689624
    outer loop
      vertex -0.9 -24.8838 12.4
      vertex -0.495237 -25.3099 13
      vertex -0.328572 -25.2137 13
    endloop
  endfacet
  facet normal -0.362076 0.627142 0.689633
    outer loop
      vertex -0.495237 -25.3099 13
      vertex -0.9 -24.8838 12.4
      vertex -4.4 -26.9045 12.4
    endloop
  endfacet
  facet normal 0.362076 -0.627143 0.689632
    outer loop
      vertex -8.30476 -20.4162 13
      vertex -7.9 -20.8423 12.4
      vertex -4.4 -18.8216 12.4
    endloop
  endfacet
  facet normal 0.362008 -0.627193 0.689622
    outer loop
      vertex -7.9 -20.8423 12.4
      vertex -8.30476 -20.4162 13
      vertex -8.47143 -20.5124 13
    endloop
  endfacet
  facet normal -0.724138 0 0.689655
    outer loop
      vertex -0.9 -24.8838 12.4
      vertex -0.328572 -20.5124 13
      vertex -0.9 -20.8423 12.4
    endloop
  endfacet
  facet normal -0.724138 0 0.689655
    outer loop
      vertex -0.328572 -20.5124 13
      vertex -0.9 -24.8838 12.4
      vertex -0.328572 -25.2137 13
    endloop
  endfacet
  facet normal 0.499995 -0.866028 0
    outer loop
      vertex 0.9 -20.8423 1
      vertex 4.4 -18.8216 12.4
      vertex 0.9 -20.8423 12.4
    endloop
  endfacet
  facet normal 0.499995 -0.866028 0
    outer loop
      vertex 4.4 -18.8216 12.4
      vertex 0.9 -20.8423 1
      vertex 4.4 -18.8216 1
    endloop
  endfacet
  facet normal -1 0 0
    outer loop
      vertex 7.9 -24.8838 1
      vertex 7.9 -20.8423 12.4
      vertex 7.9 -20.8423 1
    endloop
  endfacet
  facet normal -1 -0 0
    outer loop
      vertex 7.9 -20.8423 12.4
      vertex 7.9 -24.8838 1
      vertex 7.9 -24.8838 12.4
    endloop
  endfacet
  facet normal 0.499995 0.866028 -0
    outer loop
      vertex 4.4 -26.9045 1
      vertex 0.9 -24.8838 12.4
      vertex 4.4 -26.9045 12.4
    endloop
  endfacet
  facet normal 0.499995 0.866028 0
    outer loop
      vertex 0.9 -24.8838 12.4
      vertex 4.4 -26.9045 1
      vertex 0.9 -24.8838 1
    endloop
  endfacet
  facet normal -0.499995 -0.866028 0
    outer loop
      vertex 4.4 -18.8216 1
      vertex 7.9 -20.8423 12.4
      vertex 4.4 -18.8216 12.4
    endloop
  endfacet
  facet normal -0.499995 -0.866028 -0
    outer loop
      vertex 7.9 -20.8423 12.4
      vertex 4.4 -18.8216 1
      vertex 7.9 -20.8423 1
    endloop
  endfacet
  facet normal -0.499995 0.866028 0
    outer loop
      vertex 7.9 -24.8838 1
      vertex 4.4 -26.9045 12.4
      vertex 7.9 -24.8838 12.4
    endloop
  endfacet
  facet normal -0.499995 0.866028 0
    outer loop
      vertex 4.4 -26.9045 12.4
      vertex 7.9 -24.8838 1
      vertex 4.4 -26.9045 1
    endloop
  endfacet
  facet normal 1 -0 0
    outer loop
      vertex 0.9 -24.8838 12.4
      vertex 0.9 -20.8423 1
      vertex 0.9 -20.8423 12.4
    endloop
  endfacet
  facet normal 1 0 0
    outer loop
      vertex 0.9 -20.8423 1
      vertex 0.9 -24.8838 12.4
      vertex 0.9 -24.8838 1
    endloop
  endfacet
  facet normal 0 0 1
    outer loop
      vertex 4.4 -18.8216 1
      vertex 7.9 -24.8838 1
      vertex 7.9 -20.8423 1
    endloop
  endfacet
  facet normal 0 0 1
    outer loop
      vertex 4.4 -18.8216 1
      vertex 4.4 -26.9045 1
      vertex 7.9 -24.8838 1
    endloop
  endfacet
  facet normal -0 0 1
    outer loop
      vertex 0.9 -20.8423 1
      vertex 4.4 -26.9045 1
      vertex 4.4 -18.8216 1
    endloop
  endfacet
  facet normal 0 0 1
    outer loop
      vertex 4.4 -26.9045 1
      vertex 0.9 -20.8423 1
      vertex 0.9 -24.8838 1
    endloop
  endfacet
  facet normal -0.362062 0.627087 0.689691
    outer loop
      vertex 8.30476 -25.3099 13
      vertex 4.4 -26.9045 12.4
      vertex 4.4 -27.5644 13
    endloop
  endfacet
  facet normal 0.724138 0 0.689655
    outer loop
      vertex 0.328572 -20.5124 13
      vertex 0.9 -24.8838 12.4
      vertex 0.9 -20.8423 12.4
    endloop
  endfacet
  facet normal 0.724138 0 0.689655
    outer loop
      vertex 0.9 -24.8838 12.4
      vertex 0.328572 -20.5124 13
      vertex 0.328572 -25.2137 13
    endloop
  endfacet
  facet normal 0.362062 0.627087 0.689691
    outer loop
      vertex 4.4 -27.5644 13
      vertex 4.4 -26.9045 12.4
      vertex 0.495237 -25.3099 13
    endloop
  endfacet
  facet normal 0.362076 0.627142 0.689633
    outer loop
      vertex 0.9 -24.8838 12.4
      vertex 0.495237 -25.3099 13
      vertex 4.4 -26.9045 12.4
    endloop
  endfacet
  facet normal 0.362016 0.627186 0.689624
    outer loop
      vertex 0.495237 -25.3099 13
      vertex 0.9 -24.8838 12.4
      vertex 0.328572 -25.2137 13
    endloop
  endfacet
  facet normal -0.362008 -0.627193 0.689622
    outer loop
      vertex 8.30476 -20.4162 13
      vertex 7.9 -20.8423 12.4
      vertex 8.47143 -20.5124 13
    endloop
  endfacet
  facet normal -0.362076 -0.627143 0.689632
    outer loop
      vertex 7.9 -20.8423 12.4
      vertex 8.30476 -20.4162 13
      vertex 4.4 -18.8216 12.4
    endloop
  endfacet
  facet normal 0.362074 -0.627135 0.68964
    outer loop
      vertex 4.4 -18.8216 12.4
      vertex 4.4 -18.1618 13
      vertex 0.495237 -20.4162 13
    endloop
  endfacet
  facet normal -0.362075 -0.627135 0.68964
    outer loop
      vertex 8.30476 -20.4162 13
      vertex 4.4 -18.1618 13
      vertex 4.4 -18.8216 12.4
    endloop
  endfacet
  facet normal -0.362008 0.627193 0.689622
    outer loop
      vertex 7.9 -24.8838 12.4
      vertex 8.30476 -25.3099 13
      vertex 8.47143 -25.2137 13
    endloop
  endfacet
  facet normal -0.362076 0.627143 0.689632
    outer loop
      vertex 8.30476 -25.3099 13
      vertex 7.9 -24.8838 12.4
      vertex 4.4 -26.9045 12.4
    endloop
  endfacet
  facet normal 0.362076 -0.627142 0.689633
    outer loop
      vertex 0.495237 -20.4162 13
      vertex 0.9 -20.8423 12.4
      vertex 4.4 -18.8216 12.4
    endloop
  endfacet
  facet normal 0.362016 -0.627186 0.689624
    outer loop
      vertex 0.9 -20.8423 12.4
      vertex 0.495237 -20.4162 13
      vertex 0.328572 -20.5124 13
    endloop
  endfacet
  facet normal -0.724137 0 0.689656
    outer loop
      vertex 7.9 -24.8838 12.4
      vertex 8.47143 -20.5124 13
      vertex 7.9 -20.8423 12.4
    endloop
  endfacet
  facet normal -0.724137 0 0.689656
    outer loop
      vertex 8.47143 -20.5124 13
      vertex 7.9 -24.8838 12.4
      vertex 8.47143 -25.2137 13
    endloop
  endfacet
  facet normal 0.499995 -0.866028 0
    outer loop
      vertex 9.7 -20.8423 1
      vertex 13.2 -18.8216 12.4
      vertex 9.7 -20.8423 12.4
    endloop
  endfacet
  facet normal 0.499995 -0.866028 0
    outer loop
      vertex 13.2 -18.8216 12.4
      vertex 9.7 -20.8423 1
      vertex 13.2 -18.8216 1
    endloop
  endfacet
  facet normal -1 0 0
    outer loop
      vertex 16.7 -24.8838 1
      vertex 16.7 -20.8423 12.4
      vertex 16.7 -20.8423 1
    endloop
  endfacet
  facet normal -1 -0 0
    outer loop
      vertex 16.7 -20.8423 12.4
      vertex 16.7 -24.8838 1
      vertex 16.7 -24.8838 12.4
    endloop
  endfacet
  facet normal 0.499995 0.866028 -0
    outer loop
      vertex 13.2 -26.9045 1
      vertex 9.7 -24.8838 12.4
      vertex 13.2 -26.9045 12.4
    endloop
  endfacet
  facet normal 0.499995 0.866028 0
    outer loop
      vertex 9.7 -24.8838 12.4
      vertex 13.2 -26.9045 1
      vertex 9.7 -24.8838 1
    endloop
  endfacet
  facet normal -0.499995 -0.866028 0
    outer loop
      vertex 13.2 -18.8216 1
      vertex 16.7 -20.8423 12.4
      vertex 13.2 -18.8216 12.4
    endloop
  endfacet
  facet normal -0.499995 -0.866028 -0
    outer loop
      vertex 16.7 -20.8423 12.4
      vertex 13.2 -18.8216 1
      vertex 16.7 -20.8423 1
    endloop
  endfacet
  facet normal -0.499995 0.866028 0
    outer loop
      vertex 16.7 -24.8838 1
      vertex 13.2 -26.9045 12.4
      vertex 16.7 -24.8838 12.4
    endloop
  endfacet
  facet normal -0.499995 0.866028 0
    outer loop
      vertex 13.2 -26.9045 12.4
      vertex 16.7 -24.8838 1
      vertex 13.2 -26.9045 1
    endloop
  endfacet
  facet normal 1 -0 0
    outer loop
      vertex 9.7 -24.8838 12.4
      vertex 9.7 -20.8423 1
      vertex 9.7 -20.8423 12.4
    endloop
  endfacet
  facet normal 1 0 0
    outer loop
      vertex 9.7 -20.8423 1
      vertex 9.7 -24.8838 12.4
      vertex 9.7 -24.8838 1
    endloop
  endfacet
  facet normal 0 0 1
    outer loop
      vertex 13.2 -18.8216 1
      vertex 16.7 -24.8838 1
      vertex 16.7 -20.8423 1
    endloop
  endfacet
  facet normal 0 0 1
    outer loop
      vertex 13.2 -18.8216 1
      vertex 13.2 -26.9045 1
      vertex 16.7 -24.8838 1
    endloop
  endfacet
  facet normal -0 0 1
    outer loop
      vertex 9.7 -20.8423 1
      vertex 13.2 -26.9045 1
      vertex 13.2 -18.8216 1
    endloop
  endfacet
  facet normal 0 0 1
    outer loop
      vertex 13.2 -26.9045 1
      vertex 9.7 -20.8423 1
      vertex 9.7 -24.8838 1
    endloop
  endfacet
  facet normal -0.362059 0.627087 0.689692
    outer loop
      vertex 17.1048 -25.3099 13
      vertex 13.2 -26.9045 12.4
      vertex 13.2 -27.5644 13
    endloop
  endfacet
  facet normal 0.724137 0 0.689656
    outer loop
      vertex 9.12857 -20.5124 13
      vertex 9.7 -24.8838 12.4
      vertex 9.7 -20.8423 12.4
    endloop
  endfacet
  facet normal 0.724137 0 0.689656
    outer loop
      vertex 9.7 -24.8838 12.4
      vertex 9.12857 -20.5124 13
      vertex 9.12857 -25.2137 13
    endloop
  endfacet
  facet normal 0.362062 0.627087 0.689691
    outer loop
      vertex 13.2 -27.5644 13
      vertex 13.2 -26.9045 12.4
      vertex 9.29524 -25.3099 13
    endloop
  endfacet
  facet normal 0.362076 0.627143 0.689632
    outer loop
      vertex 9.7 -24.8838 12.4
      vertex 9.29524 -25.3099 13
      vertex 13.2 -26.9045 12.4
    endloop
  endfacet
  facet normal 0.362008 0.627193 0.689622
    outer loop
      vertex 9.29524 -25.3099 13
      vertex 9.7 -24.8838 12.4
      vertex 9.12857 -25.2137 13
    endloop
  endfacet
  facet normal -0.362109 -0.627103 0.689651
    outer loop
      vertex 17.1048 -20.4162 13
      vertex 16.7 -20.8423 12.4
      vertex 17.2714 -20.5124 13
    endloop
  endfacet
  facet normal -0.36207 -0.627132 0.689645
    outer loop
      vertex 16.7 -20.8423 12.4
      vertex 17.1048 -20.4162 13
      vertex 13.2 -18.8216 12.4
    endloop
  endfacet
  facet normal 0.362075 -0.627135 0.68964
    outer loop
      vertex 13.2 -18.8216 12.4
      vertex 13.2 -18.1618 13
      vertex 9.29524 -20.4162 13
    endloop
  endfacet
  facet normal -0.362071 -0.627136 0.689641
    outer loop
      vertex 17.1048 -20.4162 13
      vertex 13.2 -18.1618 13
      vertex 13.2 -18.8216 12.4
    endloop
  endfacet
  facet normal -0.362109 0.627103 0.689651
    outer loop
      vertex 16.7 -24.8838 12.4
      vertex 17.1048 -25.3099 13
      vertex 17.2714 -25.2137 13
    endloop
  endfacet
  facet normal -0.36207 0.627132 0.689645
    outer loop
      vertex 17.1048 -25.3099 13
      vertex 16.7 -24.8838 12.4
      vertex 13.2 -26.9045 12.4
    endloop
  endfacet
  facet normal 0.362076 -0.627143 0.689632
    outer loop
      vertex 9.29524 -20.4162 13
      vertex 9.7 -20.8423 12.4
      vertex 13.2 -18.8216 12.4
    endloop
  endfacet
  facet normal 0.362008 -0.627193 0.689622
    outer loop
      vertex 9.7 -20.8423 12.4
      vertex 9.29524 -20.4162 13
      vertex 9.12857 -20.5124 13
    endloop
  endfacet
  facet normal -0.724155 0 0.689637
    outer loop
      vertex 16.7 -24.8838 12.4
      vertex 17.2714 -20.5124 13
      vertex 16.7 -20.8423 12.4
    endloop
  endfacet
  facet normal -0.724155 0 0.689637
    outer loop
      vertex 17.2714 -20.5124 13
      vertex 16.7 -24.8838 12.4
      vertex 17.2714 -25.2137 13
    endloop
  endfacet
  facet normal 0.499995 -0.866028 0
    outer loop
      vertex 18.5 -20.8423 1
      vertex 22 -18.8216 12.4
      vertex 18.5 -20.8423 12.4
    endloop
  endfacet
  facet normal 0.499995 -0.866028 0
    outer loop
      vertex 22 -18.8216 12.4
      vertex 18.5 -20.8423 1
      vertex 22 -18.8216 1
    endloop
  endfacet
  facet normal -1 0 0
    outer loop
      vertex 25.5 -24.8838 1
      vertex 25.5 -20.8423 12.4
      vertex 25.5 -20.8423 1
    endloop
  endfacet
  facet normal -1 -0 0
    outer loop
      vertex 25.5 -20.8423 12.4
      vertex 25.5 -24.8838 1
      vertex 25.5 -24.8838 12.4
    endloop
  endfacet
  facet normal 0.499995 0.866028 -0
    outer loop
      vertex 22 -26.9045 1
      vertex 18.5 -24.8838 12.4
      vertex 22 -26.9045 12.4
    endloop
  endfacet
  facet normal 0.499995 0.866028 0
    outer loop
      vertex 18.5 -24.8838 12.4
      vertex 22 -26.9045 1
      vertex 18.5 -24.8838 1
    endloop
  endfacet
  facet normal -0.499995 -0.866028 0
    outer loop
      vertex 22 -18.8216 1
      vertex 25.5 -20.8423 12.4
      vertex 22 -18.8216 12.4
    endloop
  endfacet
  facet normal -0.499995 -0.866028 -0
    outer loop
      vertex 25.5 -20.8423 12.4
      vertex 22 -18.8216 1
      vertex 25.5 -20.8423 1
    endloop
  endfacet
  facet normal -0.499995 0.866028 0
    outer loop
      vertex 25.5 -24.8838 1
      vertex 22 -26.9045 12.4
      vertex 25.5 -24.8838 12.4
    endloop
  endfacet
  facet normal -0.499995 0.866028 0
    outer loop
      vertex 22 -26.9045 12.4
      vertex 25.5 -24.8838 1
      vertex 22 -26.9045 1
    endloop
  endfacet
  facet normal 1 -0 0
    outer loop
      vertex 18.5 -24.8838 12.4
      vertex 18.5 -20.8423 1
      vertex 18.5 -20.8423 12.4
    endloop
  endfacet
  facet normal 1 0 0
    outer loop
      vertex 18.5 -20.8423 1
      vertex 18.5 -24.8838 12.4
      vertex 18.5 -24.8838 1
    endloop
  endfacet
  facet normal 0 0 1
    outer loop
      vertex 22 -18.8216 1
      vertex 25.5 -24.8838 1
      vertex 25.5 -20.8423 1
    endloop
  endfacet
  facet normal 0 0 1
    outer loop
      vertex 22 -18.8216 1
      vertex 22 -26.9045 1
      vertex 25.5 -24.8838 1
    endloop
  endfacet
  facet normal -0 0 1
    outer loop
      vertex 18.5 -20.8423 1
      vertex 22 -26.9045 1
      vertex 22 -18.8216 1
    endloop
  endfacet
  facet normal 0 0 1
    outer loop
      vertex 22 -26.9045 1
      vertex 18.5 -20.8423 1
      vertex 18.5 -24.8838 1
    endloop
  endfacet
  facet normal -0.362059 0.627087 0.689692
    outer loop
      vertex 25.9048 -25.3099 13
      vertex 22 -26.9045 12.4
      vertex 22 -27.5644 13
    endloop
  endfacet
  facet normal 0.724155 0 0.689637
    outer loop
      vertex 17.9286 -20.5124 13
      vertex 18.5 -24.8838 12.4
      vertex 18.5 -20.8423 12.4
    endloop
  endfacet
  facet normal 0.724155 0 0.689637
    outer loop
      vertex 18.5 -24.8838 12.4
      vertex 17.9286 -20.5124 13
      vertex 17.9286 -25.2137 13
    endloop
  endfacet
  facet normal 0.362059 0.627087 0.689692
    outer loop
      vertex 22 -27.5644 13
      vertex 22 -26.9045 12.4
      vertex 18.0952 -25.3099 13
    endloop
  endfacet
  facet normal 0.36207 0.627132 0.689645
    outer loop
      vertex 18.5 -24.8838 12.4
      vertex 18.0952 -25.3099 13
      vertex 22 -26.9045 12.4
    endloop
  endfacet
  facet normal 0.362109 0.627103 0.689651
    outer loop
      vertex 18.0952 -25.3099 13
      vertex 18.5 -24.8838 12.4
      vertex 17.9286 -25.2137 13
    endloop
  endfacet
  facet normal -0.362109 -0.627103 0.689651
    outer loop
      vertex 25.9048 -20.4162 13
      vertex 25.5 -20.8423 12.4
      vertex 26.0714 -20.5124 13
    endloop
  endfacet
  facet normal -0.36207 -0.627132 0.689645
    outer loop
      vertex 25.5 -20.8423 12.4
      vertex 25.9048 -20.4162 13
      vertex 22 -18.8216 12.4
    endloop
  endfacet
  facet normal 0.362071 -0.627136 0.689641
    outer loop
      vertex 22 -18.8216 12.4
      vertex 22 -18.1618 13
      vertex 18.0952 -20.4162 13
    endloop
  endfacet
  facet normal -0.362071 -0.627136 0.689641
    outer loop
      vertex 25.9048 -20.4162 13
      vertex 22 -18.1618 13
      vertex 22 -18.8216 12.4
    endloop
  endfacet
  facet normal -0.362109 0.627103 0.689651
    outer loop
      vertex 25.5 -24.8838 12.4
      vertex 25.9048 -25.3099 13
      vertex 26.0714 -25.2137 13
    endloop
  endfacet
  facet normal -0.36207 0.627132 0.689645
    outer loop
      vertex 25.9048 -25.3099 13
      vertex 25.5 -24.8838 12.4
      vertex 22 -26.9045 12.4
    endloop
  endfacet
  facet normal 0.36207 -0.627132 0.689645
    outer loop
      vertex 18.0952 -20.4162 13
      vertex 18.5 -20.8423 12.4
      vertex 22 -18.8216 12.4
    endloop
  endfacet
  facet normal 0.362109 -0.627103 0.689651
    outer loop
      vertex 18.5 -20.8423 12.4
      vertex 18.0952 -20.4162 13
      vertex 17.9286 -20.5124 13
    endloop
  endfacet
  facet normal -0.724155 0 0.689637
    outer loop
      vertex 25.5 -24.8838 12.4
      vertex 26.0714 -20.5124 13
      vertex 25.5 -20.8423 12.4
    endloop
  endfacet
  facet normal -0.724155 0 0.689637
    outer loop
      vertex 26.0714 -20.5124 13
      vertex 25.5 -24.8838 12.4
      vertex 26.0714 -25.2137 13
    endloop
  endfacet
  facet normal 0.499995 -0.866028 0
    outer loop
      vertex -29.9 -13.2213 1
      vertex -26.4 -11.2006 12.4
      vertex -29.9 -13.2213 12.4
    endloop
  endfacet
  facet normal 0.499995 -0.866028 0
    outer loop
      vertex -26.4 -11.2006 12.4
      vertex -29.9 -13.2213 1
      vertex -26.4 -11.2006 1
    endloop
  endfacet
  facet normal -1 0 0
    outer loop
      vertex -22.9 -17.2628 1
      vertex -22.9 -13.2213 12.4
      vertex -22.9 -13.2213 1
    endloop
  endfacet
  facet normal -1 -0 0
    outer loop
      vertex -22.9 -13.2213 12.4
      vertex -22.9 -17.2628 1
      vertex -22.9 -17.2628 12.4
    endloop
  endfacet
  facet normal 0.499995 0.866028 -0
    outer loop
      vertex -26.4 -19.2835 1
      vertex -29.9 -17.2628 12.4
      vertex -26.4 -19.2835 12.4
    endloop
  endfacet
  facet normal 0.499995 0.866028 0
    outer loop
      vertex -29.9 -17.2628 12.4
      vertex -26.4 -19.2835 1
      vertex -29.9 -17.2628 1
    endloop
  endfacet
  facet normal -0.499995 -0.866028 0
    outer loop
      vertex -26.4 -11.2006 1
      vertex -22.9 -13.2213 12.4
      vertex -26.4 -11.2006 12.4
    endloop
  endfacet
  facet normal -0.499995 -0.866028 -0
    outer loop
      vertex -22.9 -13.2213 12.4
      vertex -26.4 -11.2006 1
      vertex -22.9 -13.2213 1
    endloop
  endfacet
  facet normal -0.499995 0.866028 0
    outer loop
      vertex -22.9 -17.2628 1
      vertex -26.4 -19.2835 12.4
      vertex -22.9 -17.2628 12.4
    endloop
  endfacet
  facet normal -0.499995 0.866028 0
    outer loop
      vertex -26.4 -19.2835 12.4
      vertex -22.9 -17.2628 1
      vertex -26.4 -19.2835 1
    endloop
  endfacet
  facet normal 1 -0 0
    outer loop
      vertex -29.9 -17.2628 12.4
      vertex -29.9 -13.2213 1
      vertex -29.9 -13.2213 12.4
    endloop
  endfacet
  facet normal 1 0 0
    outer loop
      vertex -29.9 -13.2213 1
      vertex -29.9 -17.2628 12.4
      vertex -29.9 -17.2628 1
    endloop
  endfacet
  facet normal 0 0 1
    outer loop
      vertex -26.4 -11.2006 1
      vertex -22.9 -17.2628 1
      vertex -22.9 -13.2213 1
    endloop
  endfacet
  facet normal 0 0 1
    outer loop
      vertex -26.4 -11.2006 1
      vertex -26.4 -19.2835 1
      vertex -22.9 -17.2628 1
    endloop
  endfacet
  facet normal -0 0 1
    outer loop
      vertex -29.9 -13.2213 1
      vertex -26.4 -19.2835 1
      vertex -26.4 -11.2006 1
    endloop
  endfacet
  facet normal 0 0 1
    outer loop
      vertex -26.4 -19.2835 1
      vertex -29.9 -13.2213 1
      vertex -29.9 -17.2628 1
    endloop
  endfacet
  facet normal -0.362071 0.627136 0.689641
    outer loop
      vertex -22.4952 -17.6889 13
      vertex -26.4 -19.2835 12.4
      vertex -26.4 -19.9433 13
    endloop
  endfacet
  facet normal 0.724155 0 0.689637
    outer loop
      vertex -30.4714 -12.8914 13
      vertex -29.9 -17.2628 12.4
      vertex -29.9 -13.2213 12.4
    endloop
  endfacet
  facet normal 0.724155 0 0.689637
    outer loop
      vertex -29.9 -17.2628 12.4
      vertex -30.4714 -12.8914 13
      vertex -30.4714 -17.5927 13
    endloop
  endfacet
  facet normal 0.362071 0.627136 0.689641
    outer loop
      vertex -26.4 -19.9433 13
      vertex -26.4 -19.2835 12.4
      vertex -30.3048 -17.6889 13
    endloop
  endfacet
  facet normal 0.36207 0.627132 0.689645
    outer loop
      vertex -29.9 -17.2628 12.4
      vertex -30.3048 -17.6889 13
      vertex -26.4 -19.2835 12.4
    endloop
  endfacet
  facet normal 0.362109 0.627103 0.689651
    outer loop
      vertex -30.3048 -17.6889 13
      vertex -29.9 -17.2628 12.4
      vertex -30.4714 -17.5927 13
    endloop
  endfacet
  facet normal -0.362109 -0.627103 0.689651
    outer loop
      vertex -22.4952 -12.7952 13
      vertex -22.9 -13.2213 12.4
      vertex -22.3286 -12.8914 13
    endloop
  endfacet
  facet normal -0.36207 -0.627132 0.689645
    outer loop
      vertex -22.9 -13.2213 12.4
      vertex -22.4952 -12.7952 13
      vertex -26.4 -11.2006 12.4
    endloop
  endfacet
  facet normal 0.362071 -0.627136 0.689641
    outer loop
      vertex -26.4 -11.2006 12.4
      vertex -26.4 -10.5408 13
      vertex -30.3048 -12.7952 13
    endloop
  endfacet
  facet normal -0.362071 -0.627136 0.689641
    outer loop
      vertex -22.4952 -12.7952 13
      vertex -26.4 -10.5408 13
      vertex -26.4 -11.2006 12.4
    endloop
  endfacet
  facet normal -0.362109 0.627103 0.689651
    outer loop
      vertex -22.9 -17.2628 12.4
      vertex -22.4952 -17.6889 13
      vertex -22.3286 -17.5927 13
    endloop
  endfacet
  facet normal -0.36207 0.627132 0.689645
    outer loop
      vertex -22.4952 -17.6889 13
      vertex -22.9 -17.2628 12.4
      vertex -26.4 -19.2835 12.4
    endloop
  endfacet
  facet normal 0.36207 -0.627132 0.689645
    outer loop
      vertex -30.3048 -12.7952 13
      vertex -29.9 -13.2213 12.4
      vertex -26.4 -11.2006 12.4
    endloop
  endfacet
  facet normal 0.362109 -0.627103 0.689651
    outer loop
      vertex -29.9 -13.2213 12.4
      vertex -30.3048 -12.7952 13
      vertex -30.4714 -12.8914 13
    endloop
  endfacet
  facet normal -0.724155 0 0.689637
    outer loop
      vertex -22.9 -17.2628 12.4
      vertex -22.3286 -12.8914 13
      vertex -22.9 -13.2213 12.4
    endloop
  endfacet
  facet normal -0.724155 0 0.689637
    outer loop
      vertex -22.3286 -12.8914 13
      vertex -22.9 -17.2628 12.4
      vertex -22.3286 -17.5927 13
    endloop
  endfacet
  facet normal 0.499995 -0.866028 0
    outer loop
      vertex -21.1 -13.2213 1
      vertex -17.6 -11.2006 12.4
      vertex -21.1 -13.2213 12.4
    endloop
  endfacet
  facet normal 0.499995 -0.866028 0
    outer loop
      vertex -17.6 -11.2006 12.4
      vertex -21.1 -13.2213 1
      vertex -17.6 -11.2006 1
    endloop
  endfacet
  facet normal -1 0 0
    outer loop
      vertex -14.1 -17.2628 1
      vertex -14.1 -13.2213 12.4
      vertex -14.1 -13.2213 1
    endloop
  endfacet
  facet normal -1 -0 0
    outer loop
      vertex -14.1 -13.2213 12.4
      vertex -14.1 -17.2628 1
      vertex -14.1 -17.2628 12.4
    endloop
  endfacet
  facet normal 0.499995 0.866028 -0
    outer loop
      vertex -17.6 -19.2835 1
      vertex -21.1 -17.2628 12.4
      vertex -17.6 -19.2835 12.4
    endloop
  endfacet
  facet normal 0.499995 0.866028 0
    outer loop
      vertex -21.1 -17.2628 12.4
      vertex -17.6 -19.2835 1
      vertex -21.1 -17.2628 1
    endloop
  endfacet
  facet normal -0.499995 -0.866028 0
    outer loop
      vertex -17.6 -11.2006 1
      vertex -14.1 -13.2213 12.4
      vertex -17.6 -11.2006 12.4
    endloop
  endfacet
  facet normal -0.499995 -0.866028 -0
    outer loop
      vertex -14.1 -13.2213 12.4
      vertex -17.6 -11.2006 1
      vertex -14.1 -13.2213 1
    endloop
  endfacet
  facet normal -0.499995 0.866028 0
    outer loop
      vertex -14.1 -17.2628 1
      vertex -17.6 -19.2835 12.4
      vertex -14.1 -17.2628 12.4
    endloop
  endfacet
  facet normal -0.499995 0.866028 0
    outer loop
      vertex -17.6 -19.2835 12.4
      vertex -14.1 -17.2628 1
      vertex -17.6 -19.2835 1
    endloop
  endfacet
  facet normal 1 -0 0
    outer loop
      vertex -21.1 -17.2628 12.4
      vertex -21.1 -13.2213 1
      vertex -21.1 -13.2213 12.4
    endloop
  endfacet
  facet normal 1 0 0
    outer loop
      vertex -21.1 -13.2213 1
      vertex -21.1 -17.2628 12.4
      vertex -21.1 -17.2628 1
    endloop
  endfacet
  facet normal 0 0 1
    outer loop
      vertex -17.6 -11.2006 1
      vertex -14.1 -17.2628 1
      vertex -14.1 -13.2213 1
    endloop
  endfacet
  facet normal 0 0 1
    outer loop
      vertex -17.6 -11.2006 1
      vertex -17.6 -19.2835 1
      vertex -14.1 -17.2628 1
    endloop
  endfacet
  facet normal -0 0 1
    outer loop
      vertex -21.1 -13.2213 1
      vertex -17.6 -19.2835 1
      vertex -17.6 -11.2006 1
    endloop
  endfacet
  facet normal 0 0 1
    outer loop
      vertex -17.6 -19.2835 1
      vertex -21.1 -13.2213 1
      vertex -21.1 -17.2628 1
    endloop
  endfacet
  facet normal -0.362071 0.627136 0.689641
    outer loop
      vertex -13.6952 -17.6889 13
      vertex -17.6 -19.2835 12.4
      vertex -17.6 -19.9433 13
    endloop
  endfacet
  facet normal 0.724155 0 0.689637
    outer loop
      vertex -21.6714 -12.8914 13
      vertex -21.1 -17.2628 12.4
      vertex -21.1 -13.2213 12.4
    endloop
  endfacet
  facet normal 0.724155 0 0.689637
    outer loop
      vertex -21.1 -17.2628 12.4
      vertex -21.6714 -12.8914 13
      vertex -21.6714 -17.5927 13
    endloop
  endfacet
  facet normal 0.362071 0.627136 0.689641
    outer loop
      vertex -17.6 -19.9433 13
      vertex -17.6 -19.2835 12.4
      vertex -21.5048 -17.6889 13
    endloop
  endfacet
  facet normal 0.36207 0.627132 0.689645
    outer loop
      vertex -21.1 -17.2628 12.4
      vertex -21.5048 -17.6889 13
      vertex -17.6 -19.2835 12.4
    endloop
  endfacet
  facet normal 0.362109 0.627103 0.689651
    outer loop
      vertex -21.5048 -17.6889 13
      vertex -21.1 -17.2628 12.4
      vertex -21.6714 -17.5927 13
    endloop
  endfacet
  facet normal -0.362109 -0.627103 0.689651
    outer loop
      vertex -13.6952 -12.7952 13
      vertex -14.1 -13.2213 12.4
      vertex -13.5286 -12.8914 13
    endloop
  endfacet
  facet normal -0.36207 -0.627132 0.689645
    outer loop
      vertex -14.1 -13.2213 12.4
      vertex -13.6952 -12.7952 13
      vertex -17.6 -11.2006 12.4
    endloop
  endfacet
  facet normal 0.362071 -0.627136 0.689641
    outer loop
      vertex -17.6 -11.2006 12.4
      vertex -17.6 -10.5408 13
      vertex -21.5048 -12.7952 13
    endloop
  endfacet
  facet normal -0.362071 -0.627136 0.689641
    outer loop
      vertex -13.6952 -12.7952 13
      vertex -17.6 -10.5408 13
      vertex -17.6 -11.2006 12.4
    endloop
  endfacet
  facet normal -0.362109 0.627103 0.689651
    outer loop
      vertex -14.1 -17.2628 12.4
      vertex -13.6952 -17.6889 13
      vertex -13.5286 -17.5927 13
    endloop
  endfacet
  facet normal -0.36207 0.627132 0.689645
    outer loop
      vertex -13.6952 -17.6889 13
      vertex -14.1 -17.2628 12.4
      vertex -17.6 -19.2835 12.4
    endloop
  endfacet
  facet normal 0.36207 -0.627132 0.689645
    outer loop
      vertex -21.5048 -12.7952 13
      vertex -21.1 -13.2213 12.4
      vertex -17.6 -11.2006 12.4
    endloop
  endfacet
  facet normal 0.362109 -0.627103 0.689651
    outer loop
      vertex -21.1 -13.2213 12.4
      vertex -21.5048 -12.7952 13
      vertex -21.6714 -12.8914 13
    endloop
  endfacet
  facet normal -0.724155 0 0.689637
    outer loop
      vertex -14.1 -17.2628 12.4
      vertex -13.5286 -12.8914 13
      vertex -14.1 -13.2213 12.4
    endloop
  endfacet
  facet normal -0.724155 0 0.689637
    outer loop
      vertex -13.5286 -12.8914 13
      vertex -14.1 -17.2628 12.4
      vertex -13.5286 -17.5927 13
    endloop
  endfacet
  facet normal 0.499995 -0.866028 0
    outer loop
      vertex -12.3 -13.2213 1
      vertex -8.8 -11.2006 12.4
      vertex -12.3 -13.2213 12.4
    endloop
  endfacet
  facet normal 0.499995 -0.866028 0
    outer loop
      vertex -8.8 -11.2006 12.4
      vertex -12.3 -13.2213 1
      vertex -8.8 -11.2006 1
    endloop
  endfacet
  facet normal -1 0 0
    outer loop
      vertex -5.3 -17.2628 1
      vertex -5.3 -13.2213 12.4
      vertex -5.3 -13.2213 1
    endloop
  endfacet
  facet normal -1 -0 0
    outer loop
      vertex -5.3 -13.2213 12.4
      vertex -5.3 -17.2628 1
      vertex -5.3 -17.2628 12.4
    endloop
  endfacet
  facet normal 0.499995 0.866028 -0
    outer loop
      vertex -8.8 -19.2835 1
      vertex -12.3 -17.2628 12.4
      vertex -8.8 -19.2835 12.4
    endloop
  endfacet
  facet normal 0.499995 0.866028 0
    outer loop
      vertex -12.3 -17.2628 12.4
      vertex -8.8 -19.2835 1
      vertex -12.3 -17.2628 1
    endloop
  endfacet
  facet normal -0.499995 -0.866028 0
    outer loop
      vertex -8.8 -11.2006 1
      vertex -5.3 -13.2213 12.4
      vertex -8.8 -11.2006 12.4
    endloop
  endfacet
  facet normal -0.499995 -0.866028 -0
    outer loop
      vertex -5.3 -13.2213 12.4
      vertex -8.8 -11.2006 1
      vertex -5.3 -13.2213 1
    endloop
  endfacet
  facet normal -0.499995 0.866028 0
    outer loop
      vertex -5.3 -17.2628 1
      vertex -8.8 -19.2835 12.4
      vertex -5.3 -17.2628 12.4
    endloop
  endfacet
  facet normal -0.499995 0.866028 0
    outer loop
      vertex -8.8 -19.2835 12.4
      vertex -5.3 -17.2628 1
      vertex -8.8 -19.2835 1
    endloop
  endfacet
  facet normal 1 -0 0
    outer loop
      vertex -12.3 -17.2628 12.4
      vertex -12.3 -13.2213 1
      vertex -12.3 -13.2213 12.4
    endloop
  endfacet
  facet normal 1 0 0
    outer loop
      vertex -12.3 -13.2213 1
      vertex -12.3 -17.2628 12.4
      vertex -12.3 -17.2628 1
    endloop
  endfacet
  facet normal 0 0 1
    outer loop
      vertex -8.8 -11.2006 1
      vertex -5.3 -17.2628 1
      vertex -5.3 -13.2213 1
    endloop
  endfacet
  facet normal 0 0 1
    outer loop
      vertex -8.8 -11.2006 1
      vertex -8.8 -19.2835 1
      vertex -5.3 -17.2628 1
    endloop
  endfacet
  facet normal -0 0 1
    outer loop
      vertex -12.3 -13.2213 1
      vertex -8.8 -19.2835 1
      vertex -8.8 -11.2006 1
    endloop
  endfacet
  facet normal 0 0 1
    outer loop
      vertex -8.8 -19.2835 1
      vertex -12.3 -13.2213 1
      vertex -12.3 -17.2628 1
    endloop
  endfacet
  facet normal -0.362075 0.627135 0.68964
    outer loop
      vertex -4.89524 -17.6889 13
      vertex -8.8 -19.2835 12.4
      vertex -8.8 -19.9433 13
    endloop
  endfacet
  facet normal 0.724155 0 0.689637
    outer loop
      vertex -12.8714 -12.8914 13
      vertex -12.3 -17.2628 12.4
      vertex -12.3 -13.2213 12.4
    endloop
  endfacet
  facet normal 0.724155 0 0.689637
    outer loop
      vertex -12.3 -17.2628 12.4
      vertex -12.8714 -12.8914 13
      vertex -12.8714 -17.5927 13
    endloop
  endfacet
  facet normal 0.362071 0.627136 0.689641
    outer loop
      vertex -8.8 -19.9433 13
      vertex -8.8 -19.2835 12.4
      vertex -12.7048 -17.6889 13
    endloop
  endfacet
  facet normal 0.36207 0.627132 0.689645
    outer loop
      vertex -12.3 -17.2628 12.4
      vertex -12.7048 -17.6889 13
      vertex -8.8 -19.2835 12.4
    endloop
  endfacet
  facet normal 0.362109 0.627103 0.689651
    outer loop
      vertex -12.7048 -17.6889 13
      vertex -12.3 -17.2628 12.4
      vertex -12.8714 -17.5927 13
    endloop
  endfacet
  facet normal -0.362008 -0.627193 0.689622
    outer loop
      vertex -4.89524 -12.7952 13
      vertex -5.3 -13.2213 12.4
      vertex -4.72857 -12.8914 13
    endloop
  endfacet
  facet normal -0.362076 -0.627143 0.689632
    outer loop
      vertex -5.3 -13.2213 12.4
      vertex -4.89524 -12.7952 13
      vertex -8.8 -11.2006 12.4
    endloop
  endfacet
  facet normal 0.362071 -0.627136 0.689641
    outer loop
      vertex -8.8 -11.2006 12.4
      vertex -8.8 -10.5408 13
      vertex -12.7048 -12.7952 13
    endloop
  endfacet
  facet normal -0.362075 -0.627135 0.68964
    outer loop
      vertex -4.89524 -12.7952 13
      vertex -8.8 -10.5408 13
      vertex -8.8 -11.2006 12.4
    endloop
  endfacet
  facet normal -0.362008 0.627193 0.689622
    outer loop
      vertex -5.3 -17.2628 12.4
      vertex -4.89524 -17.6889 13
      vertex -4.72857 -17.5927 13
    endloop
  endfacet
  facet normal -0.362076 0.627143 0.689632
    outer loop
      vertex -4.89524 -17.6889 13
      vertex -5.3 -17.2628 12.4
      vertex -8.8 -19.2835 12.4
    endloop
  endfacet
  facet normal 0.36207 -0.627132 0.689645
    outer loop
      vertex -12.7048 -12.7952 13
      vertex -12.3 -13.2213 12.4
      vertex -8.8 -11.2006 12.4
    endloop
  endfacet
  facet normal 0.362109 -0.627103 0.689651
    outer loop
      vertex -12.3 -13.2213 12.4
      vertex -12.7048 -12.7952 13
      vertex -12.8714 -12.8914 13
    endloop
  endfacet
  facet normal -0.724137 0 0.689656
    outer loop
      vertex -5.3 -17.2628 12.4
      vertex -4.72857 -12.8914 13
      vertex -5.3 -13.2213 12.4
    endloop
  endfacet
  facet normal -0.724137 0 0.689656
    outer loop
      vertex -4.72857 -12.8914 13
      vertex -5.3 -17.2628 12.4
      vertex -4.72857 -17.5927 13
    endloop
  endfacet
  facet normal 0.499995 -0.866028 0
    outer loop
      vertex -3.5 -13.2213 1
      vertex 0 -11.2006 12.4
      vertex -3.5 -13.2213 12.4
    endloop
  endfacet
  facet normal 0.499995 -0.866028 0
    outer loop
      vertex 0 -11.2006 12.4
      vertex -3.5 -13.2213 1
      vertex 0 -11.2006 1
    endloop
  endfacet
  facet normal -1 0 0
    outer loop
      vertex 3.5 -17.2628 1
      vertex 3.5 -13.2213 12.4
      vertex 3.5 -13.2213 1
    endloop
  endfacet
  facet normal -1 -0 0
    outer loop
      vertex 3.5 -13.2213 12.4
      vertex 3.5 -17.2628 1
      vertex 3.5 -17.2628 12.4
    endloop
  endfacet
  facet normal 0.499995 0.866028 -0
    outer loop
      vertex 0 -19.2835 1
      vertex -3.5 -17.2628 12.4
      vertex 0 -19.2835 12.4
    endloop
  endfacet
  facet normal 0.499995 0.866028 0
    outer loop
      vertex -3.5 -17.2628 12.4
      vertex 0 -19.2835 1
      vertex -3.5 -17.2628 1
    endloop
  endfacet
  facet normal -0.499995 -0.866028 0
    outer loop
      vertex 0 -11.2006 1
      vertex 3.5 -13.2213 12.4
      vertex 0 -11.2006 12.4
    endloop
  endfacet
  facet normal -0.499995 -0.866028 -0
    outer loop
      vertex 3.5 -13.2213 12.4
      vertex 0 -11.2006 1
      vertex 3.5 -13.2213 1
    endloop
  endfacet
  facet normal -0.499995 0.866028 0
    outer loop
      vertex 3.5 -17.2628 1
      vertex 0 -19.2835 12.4
      vertex 3.5 -17.2628 12.4
    endloop
  endfacet
  facet normal -0.499995 0.866028 0
    outer loop
      vertex 0 -19.2835 12.4
      vertex 3.5 -17.2628 1
      vertex 0 -19.2835 1
    endloop
  endfacet
  facet normal 1 -0 0
    outer loop
      vertex -3.5 -17.2628 12.4
      vertex -3.5 -13.2213 1
      vertex -3.5 -13.2213 12.4
    endloop
  endfacet
  facet normal 1 0 0
    outer loop
      vertex -3.5 -13.2213 1
      vertex -3.5 -17.2628 12.4
      vertex -3.5 -17.2628 1
    endloop
  endfacet
  facet normal 0 0 1
    outer loop
      vertex 0 -11.2006 1
      vertex 3.5 -17.2628 1
      vertex 3.5 -13.2213 1
    endloop
  endfacet
  facet normal 0 0 1
    outer loop
      vertex 0 -11.2006 1
      vertex 0 -19.2835 1
      vertex 3.5 -17.2628 1
    endloop
  endfacet
  facet normal -0 0 1
    outer loop
      vertex -3.5 -13.2213 1
      vertex 0 -19.2835 1
      vertex 0 -11.2006 1
    endloop
  endfacet
  facet normal 0 0 1
    outer loop
      vertex 0 -19.2835 1
      vertex -3.5 -13.2213 1
      vertex -3.5 -17.2628 1
    endloop
  endfacet
  facet normal -0.362075 0.627135 0.68964
    outer loop
      vertex 3.90476 -17.6889 13
      vertex 0 -19.2835 12.4
      vertex 0 -19.9433 13
    endloop
  endfacet
  facet normal 0.724137 0 0.689656
    outer loop
      vertex -4.07143 -12.8914 13
      vertex -3.5 -17.2628 12.4
      vertex -3.5 -13.2213 12.4
    endloop
  endfacet
  facet normal 0.724137 0 0.689656
    outer loop
      vertex -3.5 -17.2628 12.4
      vertex -4.07143 -12.8914 13
      vertex -4.07143 -17.5927 13
    endloop
  endfacet
  facet normal 0.362075 0.627135 0.68964
    outer loop
      vertex 0 -19.9433 13
      vertex 0 -19.2835 12.4
      vertex -3.90476 -17.6889 13
    endloop
  endfacet
  facet normal 0.362076 0.627143 0.689632
    outer loop
      vertex -3.5 -17.2628 12.4
      vertex -3.90476 -17.6889 13
      vertex 0 -19.2835 12.4
    endloop
  endfacet
  facet normal 0.362008 0.627193 0.689622
    outer loop
      vertex -3.90476 -17.6889 13
      vertex -3.5 -17.2628 12.4
      vertex -4.07143 -17.5927 13
    endloop
  endfacet
  facet normal -0.362008 -0.627193 0.689622
    outer loop
      vertex 3.90476 -12.7952 13
      vertex 3.5 -13.2213 12.4
      vertex 4.07143 -12.8914 13
    endloop
  endfacet
  facet normal -0.362076 -0.627143 0.689632
    outer loop
      vertex 3.5 -13.2213 12.4
      vertex 3.90476 -12.7952 13
      vertex 0 -11.2006 12.4
    endloop
  endfacet
  facet normal 0.362075 -0.627135 0.68964
    outer loop
      vertex 0 -11.2006 12.4
      vertex 0 -10.5408 13
      vertex -3.90476 -12.7952 13
    endloop
  endfacet
  facet normal -0.362075 -0.627135 0.68964
    outer loop
      vertex 3.90476 -12.7952 13
      vertex 0 -10.5408 13
      vertex 0 -11.2006 12.4
    endloop
  endfacet
  facet normal -0.362008 0.627193 0.689622
    outer loop
      vertex 3.5 -17.2628 12.4
      vertex 3.90476 -17.6889 13
      vertex 4.07143 -17.5927 13
    endloop
  endfacet
  facet normal -0.362076 0.627143 0.689632
    outer loop
      vertex 3.90476 -17.6889 13
      vertex 3.5 -17.2628 12.4
      vertex 0 -19.2835 12.4
    endloop
  endfacet
  facet normal 0.362076 -0.627143 0.689632
    outer loop
      vertex -3.90476 -12.7952 13
      vertex -3.5 -13.2213 12.4
      vertex 0 -11.2006 12.4
    endloop
  endfacet
  facet normal 0.362008 -0.627193 0.689622
    outer loop
      vertex -3.5 -13.2213 12.4
      vertex -3.90476 -12.7952 13
      vertex -4.07143 -12.8914 13
    endloop
  endfacet
  facet normal -0.724137 0 0.689656
    outer loop
      vertex 3.5 -17.2628 12.4
      vertex 4.07143 -12.8914 13
      vertex 3.5 -13.2213 12.4
    endloop
  endfacet
  facet normal -0.724137 0 0.689656
    outer loop
      vertex 4.07143 -12.8914 13
      vertex 3.5 -17.2628 12.4
      vertex 4.07143 -17.5927 13
    endloop
  endfacet
  facet normal 0.499995 -0.866028 0
    outer loop
      vertex 5.3 -13.2213 1
      vertex 8.8 -11.2006 12.4
      vertex 5.3 -13.2213 12.4
    endloop
  endfacet
  facet normal 0.499995 -0.866028 0
    outer loop
      vertex 8.8 -11.2006 12.4
      vertex 5.3 -13.2213 1
      vertex 8.8 -11.2006 1
    endloop
  endfacet
  facet normal -1 0 0
    outer loop
      vertex 12.3 -17.2628 1
      vertex 12.3 -13.2213 12.4
      vertex 12.3 -13.2213 1
    endloop
  endfacet
  facet normal -1 -0 0
    outer loop
      vertex 12.3 -13.2213 12.4
      vertex 12.3 -17.2628 1
      vertex 12.3 -17.2628 12.4
    endloop
  endfacet
  facet normal 0.499995 0.866028 -0
    outer loop
      vertex 8.8 -19.2835 1
      vertex 5.3 -17.2628 12.4
      vertex 8.8 -19.2835 12.4
    endloop
  endfacet
  facet normal 0.499995 0.866028 0
    outer loop
      vertex 5.3 -17.2628 12.4
      vertex 8.8 -19.2835 1
      vertex 5.3 -17.2628 1
    endloop
  endfacet
  facet normal -0.499995 -0.866028 0
    outer loop
      vertex 8.8 -11.2006 1
      vertex 12.3 -13.2213 12.4
      vertex 8.8 -11.2006 12.4
    endloop
  endfacet
  facet normal -0.499995 -0.866028 -0
    outer loop
      vertex 12.3 -13.2213 12.4
      vertex 8.8 -11.2006 1
      vertex 12.3 -13.2213 1
    endloop
  endfacet
  facet normal -0.499995 0.866028 0
    outer loop
      vertex 12.3 -17.2628 1
      vertex 8.8 -19.2835 12.4
      vertex 12.3 -17.2628 12.4
    endloop
  endfacet
  facet normal -0.499995 0.866028 0
    outer loop
      vertex 8.8 -19.2835 12.4
      vertex 12.3 -17.2628 1
      vertex 8.8 -19.2835 1
    endloop
  endfacet
  facet normal 1 -0 0
    outer loop
      vertex 5.3 -17.2628 12.4
      vertex 5.3 -13.2213 1
      vertex 5.3 -13.2213 12.4
    endloop
  endfacet
  facet normal 1 0 0
    outer loop
      vertex 5.3 -13.2213 1
      vertex 5.3 -17.2628 12.4
      vertex 5.3 -17.2628 1
    endloop
  endfacet
  facet normal 0 0 1
    outer loop
      vertex 8.8 -11.2006 1
      vertex 12.3 -17.2628 1
      vertex 12.3 -13.2213 1
    endloop
  endfacet
  facet normal 0 0 1
    outer loop
      vertex 8.8 -11.2006 1
      vertex 8.8 -19.2835 1
      vertex 12.3 -17.2628 1
    endloop
  endfacet
  facet normal -0 0 1
    outer loop
      vertex 5.3 -13.2213 1
      vertex 8.8 -19.2835 1
      vertex 8.8 -11.2006 1
    endloop
  endfacet
  facet normal 0 0 1
    outer loop
      vertex 8.8 -19.2835 1
      vertex 5.3 -13.2213 1
      vertex 5.3 -17.2628 1
    endloop
  endfacet
  facet normal -0.362071 0.627136 0.689641
    outer loop
      vertex 12.7048 -17.6889 13
      vertex 8.8 -19.2835 12.4
      vertex 8.8 -19.9433 13
    endloop
  endfacet
  facet normal 0.724137 0 0.689656
    outer loop
      vertex 4.72857 -12.8914 13
      vertex 5.3 -17.2628 12.4
      vertex 5.3 -13.2213 12.4
    endloop
  endfacet
  facet normal 0.724137 0 0.689656
    outer loop
      vertex 5.3 -17.2628 12.4
      vertex 4.72857 -12.8914 13
      vertex 4.72857 -17.5927 13
    endloop
  endfacet
  facet normal 0.362075 0.627135 0.68964
    outer loop
      vertex 8.8 -19.9433 13
      vertex 8.8 -19.2835 12.4
      vertex 4.89524 -17.6889 13
    endloop
  endfacet
  facet normal 0.362076 0.627143 0.689632
    outer loop
      vertex 5.3 -17.2628 12.4
      vertex 4.89524 -17.6889 13
      vertex 8.8 -19.2835 12.4
    endloop
  endfacet
  facet normal 0.362008 0.627193 0.689622
    outer loop
      vertex 4.89524 -17.6889 13
      vertex 5.3 -17.2628 12.4
      vertex 4.72857 -17.5927 13
    endloop
  endfacet
  facet normal -0.362109 -0.627103 0.689651
    outer loop
      vertex 12.7048 -12.7952 13
      vertex 12.3 -13.2213 12.4
      vertex 12.8714 -12.8914 13
    endloop
  endfacet
  facet normal -0.36207 -0.627132 0.689645
    outer loop
      vertex 12.3 -13.2213 12.4
      vertex 12.7048 -12.7952 13
      vertex 8.8 -11.2006 12.4
    endloop
  endfacet
  facet normal 0.362075 -0.627135 0.68964
    outer loop
      vertex 8.8 -11.2006 12.4
      vertex 8.8 -10.5408 13
      vertex 4.89524 -12.7952 13
    endloop
  endfacet
  facet normal -0.362071 -0.627136 0.689641
    outer loop
      vertex 12.7048 -12.7952 13
      vertex 8.8 -10.5408 13
      vertex 8.8 -11.2006 12.4
    endloop
  endfacet
  facet normal -0.362109 0.627103 0.689651
    outer loop
      vertex 12.3 -17.2628 12.4
      vertex 12.7048 -17.6889 13
      vertex 12.8714 -17.5927 13
    endloop
  endfacet
  facet normal -0.36207 0.627132 0.689645
    outer loop
      vertex 12.7048 -17.6889 13
      vertex 12.3 -17.2628 12.4
      vertex 8.8 -19.2835 12.4
    endloop
  endfacet
  facet normal 0.362076 -0.627143 0.689632
    outer loop
      vertex 4.89524 -12.7952 13
      vertex 5.3 -13.2213 12.4
      vertex 8.8 -11.2006 12.4
    endloop
  endfacet
  facet normal 0.362008 -0.627193 0.689622
    outer loop
      vertex 5.3 -13.2213 12.4
      vertex 4.89524 -12.7952 13
      vertex 4.72857 -12.8914 13
    endloop
  endfacet
  facet normal -0.724155 0 0.689637
    outer loop
      vertex 12.3 -17.2628 12.4
      vertex 12.8714 -12.8914 13
      vertex 12.3 -13.2213 12.4
    endloop
  endfacet
  facet normal -0.724155 0 0.689637
    outer loop
      vertex 12.8714 -12.8914 13
      vertex 12.3 -17.2628 12.4
      vertex 12.8714 -17.5927 13
    endloop
  endfacet
  facet normal 0.499995 -0.866028 0
    outer loop
      vertex 14.1 -13.2213 1
      vertex 17.6 -11.2006 12.4
      vertex 14.1 -13.2213 12.4
    endloop
  endfacet
  facet normal 0.499995 -0.866028 0
    outer loop
      vertex 17.6 -11.2006 12.4
      vertex 14.1 -13.2213 1
      vertex 17.6 -11.2006 1
    endloop
  endfacet
  facet normal -1 0 0
    outer loop
      vertex 21.1 -17.2628 1
      vertex 21.1 -13.2213 12.4
      vertex 21.1 -13.2213 1
    endloop
  endfacet
  facet normal -1 -0 0
    outer loop
      vertex 21.1 -13.2213 12.4
      vertex 21.1 -17.2628 1
      vertex 21.1 -17.2628 12.4
    endloop
  endfacet
  facet normal 0.499995 0.866028 -0
    outer loop
      vertex 17.6 -19.2835 1
      vertex 14.1 -17.2628 12.4
      vertex 17.6 -19.2835 12.4
    endloop
  endfacet
  facet normal 0.499995 0.866028 0
    outer loop
      vertex 14.1 -17.2628 12.4
      vertex 17.6 -19.2835 1
      vertex 14.1 -17.2628 1
    endloop
  endfacet
  facet normal -0.499995 -0.866028 0
    outer loop
      vertex 17.6 -11.2006 1
      vertex 21.1 -13.2213 12.4
      vertex 17.6 -11.2006 12.4
    endloop
  endfacet
  facet normal -0.499995 -0.866028 -0
    outer loop
      vertex 21.1 -13.2213 12.4
      vertex 17.6 -11.2006 1
      vertex 21.1 -13.2213 1
    endloop
  endfacet
  facet normal -0.499995 0.866028 0
    outer loop
      vertex 21.1 -17.2628 1
      vertex 17.6 -19.2835 12.4
      vertex 21.1 -17.2628 12.4
    endloop
  endfacet
  facet normal -0.499995 0.866028 0
    outer loop
      vertex 17.6 -19.2835 12.4
      vertex 21.1 -17.2628 1
      vertex 17.6 -19.2835 1
    endloop
  endfacet
  facet normal 1 -0 0
    outer loop
      vertex 14.1 -17.2628 12.4
      vertex 14.1 -13.2213 1
      vertex 14.1 -13.2213 12.4
    endloop
  endfacet
  facet normal 1 0 0
    outer loop
      vertex 14.1 -13.2213 1
      vertex 14.1 -17.2628 12.4
      vertex 14.1 -17.2628 1
    endloop
  endfacet
  facet normal 0 0 1
    outer loop
      vertex 17.6 -11.2006 1
      vertex 21.1 -17.2628 1
      vertex 21.1 -13.2213 1
    endloop
  endfacet
  facet normal 0 0 1
    outer loop
      vertex 17.6 -11.2006 1
      vertex 17.6 -19.2835 1
      vertex 21.1 -17.2628 1
    endloop
  endfacet
  facet normal -0 0 1
    outer loop
      vertex 14.1 -13.2213 1
      vertex 17.6 -19.2835 1
      vertex 17.6 -11.2006 1
    endloop
  endfacet
  facet normal 0 0 1
    outer loop
      vertex 17.6 -19.2835 1
      vertex 14.1 -13.2213 1
      vertex 14.1 -17.2628 1
    endloop
  endfacet
  facet normal -0.362071 0.627136 0.689641
    outer loop
      vertex 21.5048 -17.6889 13
      vertex 17.6 -19.2835 12.4
      vertex 17.6 -19.9433 13
    endloop
  endfacet
  facet normal 0.724155 0 0.689637
    outer loop
      vertex 13.5286 -12.8914 13
      vertex 14.1 -17.2628 12.4
      vertex 14.1 -13.2213 12.4
    endloop
  endfacet
  facet normal 0.724155 0 0.689637
    outer loop
      vertex 14.1 -17.2628 12.4
      vertex 13.5286 -12.8914 13
      vertex 13.5286 -17.5927 13
    endloop
  endfacet
  facet normal 0.362071 0.627136 0.689641
    outer loop
      vertex 17.6 -19.9433 13
      vertex 17.6 -19.2835 12.4
      vertex 13.6952 -17.6889 13
    endloop
  endfacet
  facet normal 0.36207 0.627132 0.689645
    outer loop
      vertex 14.1 -17.2628 12.4
      vertex 13.6952 -17.6889 13
      vertex 17.6 -19.2835 12.4
    endloop
  endfacet
  facet normal 0.362109 0.627103 0.689651
    outer loop
      vertex 13.6952 -17.6889 13
      vertex 14.1 -17.2628 12.4
      vertex 13.5286 -17.5927 13
    endloop
  endfacet
  facet normal -0.362109 -0.627103 0.689651
    outer loop
      vertex 21.5048 -12.7952 13
      vertex 21.1 -13.2213 12.4
      vertex 21.6714 -12.8914 13
    endloop
  endfacet
  facet normal -0.36207 -0.627132 0.689645
    outer loop
      vertex 21.1 -13.2213 12.4
      vertex 21.5048 -12.7952 13
      vertex 17.6 -11.2006 12.4
    endloop
  endfacet
  facet normal 0.362071 -0.627136 0.689641
    outer loop
      vertex 17.6 -11.2006 12.4
      vertex 17.6 -10.5408 13
      vertex 13.6952 -12.7952 13
    endloop
  endfacet
  facet normal -0.362071 -0.627136 0.689641
    outer loop
      vertex 21.5048 -12.7952 13
      vertex 17.6 -10.5408 13
      vertex 17.6 -11.2006 12.4
    endloop
  endfacet
  facet normal -0.362109 0.627103 0.689651
    outer loop
      vertex 21.1 -17.2628 12.4
      vertex 21.5048 -17.6889 13
      vertex 21.6714 -17.5927 13
    endloop
  endfacet
  facet normal -0.36207 0.627132 0.689645
    outer loop
      vertex 21.5048 -17.6889 13
      vertex 21.1 -17.2628 12.4
      vertex 17.6 -19.2835 12.4
    endloop
  endfacet
  facet normal 0.36207 -0.627132 0.689645
    outer loop
      vertex 13.6952 -12.7952 13
      vertex 14.1 -13.2213 12.4
      vertex 17.6 -11.2006 12.4
    endloop
  endfacet
  facet normal 0.362109 -0.627103 0.689651
    outer loop
      vertex 14.1 -13.2213 12.4
      vertex 13.6952 -12.7952 13
      vertex 13.5286 -12.8914 13
    endloop
  endfacet
  facet normal -0.724155 0 0.689637
    outer loop
      vertex 21.1 -17.2628 12.4
      vertex 21.6714 -12.8914 13
      vertex 21.1 -13.2213 12.4
    endloop
  endfacet
  facet normal -0.724155 0 0.689637
    outer loop
      vertex 21.6714 -12.8914 13
      vertex 21.1 -17.2628 12.4
      vertex 21.6714 -17.5927 13
    endloop
  endfacet
  facet normal 0.499995 -0.866028 0
    outer loop
      vertex 22.9 -13.2213 1
      vertex 26.4 -11.2006 12.4
      vertex 22.9 -13.2213 12.4
    endloop
  endfacet
  facet normal 0.499995 -0.866028 0
    outer loop
      vertex 26.4 -11.2006 12.4
      vertex 22.9 -13.2213 1
      vertex 26.4 -11.2006 1
    endloop
  endfacet
  facet normal -1 0 0
    outer loop
      vertex 29.9 -17.2628 1
      vertex 29.9 -13.2213 12.4
      vertex 29.9 -13.2213 1
    endloop
  endfacet
  facet normal -1 -0 0
    outer loop
      vertex 29.9 -13.2213 12.4
      vertex 29.9 -17.2628 1
      vertex 29.9 -17.2628 12.4
    endloop
  endfacet
  facet normal 0.499995 0.866028 -0
    outer loop
      vertex 26.4 -19.2835 1
      vertex 22.9 -17.2628 12.4
      vertex 26.4 -19.2835 12.4
    endloop
  endfacet
  facet normal 0.499995 0.866028 0
    outer loop
      vertex 22.9 -17.2628 12.4
      vertex 26.4 -19.2835 1
      vertex 22.9 -17.2628 1
    endloop
  endfacet
  facet normal -0.499995 -0.866028 0
    outer loop
      vertex 26.4 -11.2006 1
      vertex 29.9 -13.2213 12.4
      vertex 26.4 -11.2006 12.4
    endloop
  endfacet
  facet normal -0.499995 -0.866028 -0
    outer loop
      vertex 29.9 -13.2213 12.4
      vertex 26.4 -11.2006 1
      vertex 29.9 -13.2213 1
    endloop
  endfacet
  facet normal -0.499995 0.866028 0
    outer loop
      vertex 29.9 -17.2628 1
      vertex 26.4 -19.2835 12.4
      vertex 29.9 -17.2628 12.4
    endloop
  endfacet
  facet normal -0.499995 0.866028 0
    outer loop
      vertex 26.4 -19.2835 12.4
      vertex 29.9 -17.2628 1
      vertex 26.4 -19.2835 1
    endloop
  endfacet
  facet normal 1 -0 0
    outer loop
      vertex 22.9 -17.2628 12.4
      vertex 22.9 -13.2213 1
      vertex 22.9 -13.2213 12.4
    endloop
  endfacet
  facet normal 1 0 0
    outer loop
      vertex 22.9 -13.2213 1
      vertex 22.9 -17.2628 12.4
      vertex 22.9 -17.2628 1
    endloop
  endfacet
  facet normal 0 0 1
    outer loop
      vertex 26.4 -11.2006 1
      vertex 29.9 -17.2628 1
      vertex 29.9 -13.2213 1
    endloop
  endfacet
  facet normal 0 0 1
    outer loop
      vertex 26.4 -11.2006 1
      vertex 26.4 -19.2835 1
      vertex 29.9 -17.2628 1
    endloop
  endfacet
  facet normal -0 0 1
    outer loop
      vertex 22.9 -13.2213 1
      vertex 26.4 -19.2835 1
      vertex 26.4 -11.2006 1
    endloop
  endfacet
  facet normal 0 0 1
    outer loop
      vertex 26.4 -19.2835 1
      vertex 22.9 -13.2213 1
      vertex 22.9 -17.2628 1
    endloop
  endfacet
  facet normal -0.362071 0.627136 0.689641
    outer loop
      vertex 30.3048 -17.6889 13
      vertex 26.4 -19.2835 12.4
      vertex 26.4 -19.9433 13
    endloop
  endfacet
  facet normal 0.724155 0 0.689637
    outer loop
      vertex 22.3286 -12.8914 13
      vertex 22.9 -17.2628 12.4
      vertex 22.9 -13.2213 12.4
    endloop
  endfacet
  facet normal 0.724155 0 0.689637
    outer loop
      vertex 22.9 -17.2628 12.4
      vertex 22.3286 -12.8914 13
      vertex 22.3286 -17.5927 13
    endloop
  endfacet
  facet normal 0.362071 0.627136 0.689641
    outer loop
      vertex 26.4 -19.9433 13
      vertex 26.4 -19.2835 12.4
      vertex 22.4952 -17.6889 13
    endloop
  endfacet
  facet normal 0.36207 0.627132 0.689645
    outer loop
      vertex 22.9 -17.2628 12.4
      vertex 22.4952 -17.6889 13
      vertex 26.4 -19.2835 12.4
    endloop
  endfacet
  facet normal 0.362109 0.627103 0.689651
    outer loop
      vertex 22.4952 -17.6889 13
      vertex 22.9 -17.2628 12.4
      vertex 22.3286 -17.5927 13
    endloop
  endfacet
  facet normal -0.362109 -0.627103 0.689651
    outer loop
      vertex 30.3048 -12.7952 13
      vertex 29.9 -13.2213 12.4
      vertex 30.4714 -12.8914 13
    endloop
  endfacet
  facet normal -0.36207 -0.627132 0.689645
    outer loop
      vertex 29.9 -13.2213 12.4
      vertex 30.3048 -12.7952 13
      vertex 26.4 -11.2006 12.4
    endloop
  endfacet
  facet normal 0.362071 -0.627136 0.689641
    outer loop
      vertex 26.4 -11.2006 12.4
      vertex 26.4 -10.5408 13
      vertex 22.4952 -12.7952 13
    endloop
  endfacet
  facet normal -0.362071 -0.627136 0.689641
    outer loop
      vertex 30.3048 -12.7952 13
      vertex 26.4 -10.5408 13
      vertex 26.4 -11.2006 12.4
    endloop
  endfacet
  facet normal -0.362109 0.627103 0.689651
    outer loop
      vertex 29.9 -17.2628 12.4
      vertex 30.3048 -17.6889 13
      vertex 30.4714 -17.5927 13
    endloop
  endfacet
  facet normal -0.36207 0.627132 0.689645
    outer loop
      vertex 30.3048 -17.6889 13
      vertex 29.9 -17.2628 12.4
      vertex 26.4 -19.2835 12.4
    endloop
  endfacet
  facet normal 0.36207 -0.627132 0.689645
    outer loop
      vertex 22.4952 -12.7952 13
      vertex 22.9 -13.2213 12.4
      vertex 26.4 -11.2006 12.4
    endloop
  endfacet
  facet normal 0.362109 -0.627103 0.689651
    outer loop
      vertex 22.9 -13.2213 12.4
      vertex 22.4952 -12.7952 13
      vertex 22.3286 -12.8914 13
    endloop
  endfacet
  facet normal -0.724155 0 0.689637
    outer loop
      vertex 29.9 -17.2628 12.4
      vertex 30.4714 -12.8914 13
      vertex 29.9 -13.2213 12.4
    endloop
  endfacet
  facet normal -0.724155 0 0.689637
    outer loop
      vertex 30.4714 -12.8914 13
      vertex 29.9 -17.2628 12.4
      vertex 30.4714 -17.5927 13
    endloop
  endfacet
  facet normal 0.500001 -0.866025 0
    outer loop
      vertex -34.3 -5.6003 1
      vertex -30.8 -3.57957 12.4
      vertex -34.3 -5.6003 12.4
    endloop
  endfacet
  facet normal 0.500001 -0.866025 0
    outer loop
      vertex -30.8 -3.57957 12.4
      vertex -34.3 -5.6003 1
      vertex -30.8 -3.57957 1
    endloop
  endfacet
  facet normal -1 0 0
    outer loop
      vertex -27.3 -9.64175 1
      vertex -27.3 -5.6003 12.4
      vertex -27.3 -5.6003 1
    endloop
  endfacet
  facet normal -1 -0 0
    outer loop
      vertex -27.3 -5.6003 12.4
      vertex -27.3 -9.64175 1
      vertex -27.3 -9.64175 12.4
    endloop
  endfacet
  facet normal 0.500004 0.866023 -0
    outer loop
      vertex -30.8 -11.6625 1
      vertex -34.3 -9.64175 12.4
      vertex -30.8 -11.6625 12.4
    endloop
  endfacet
  facet normal 0.500004 0.866023 0
    outer loop
      vertex -34.3 -9.64175 12.4
      vertex -30.8 -11.6625 1
      vertex -34.3 -9.64175 1
    endloop
  endfacet
  facet normal -0.500001 -0.866025 0
    outer loop
      vertex -30.8 -3.57957 1
      vertex -27.3 -5.6003 12.4
      vertex -30.8 -3.57957 12.4
    endloop
  endfacet
  facet normal -0.500001 -0.866025 -0
    outer loop
      vertex -27.3 -5.6003 12.4
      vertex -30.8 -3.57957 1
      vertex -27.3 -5.6003 1
    endloop
  endfacet
  facet normal -0.500004 0.866023 0
    outer loop
      vertex -27.3 -9.64175 1
      vertex -30.8 -11.6625 12.4
      vertex -27.3 -9.64175 12.4
    endloop
  endfacet
  facet normal -0.500004 0.866023 0
    outer loop
      vertex -30.8 -11.6625 12.4
      vertex -27.3 -9.64175 1
      vertex -30.8 -11.6625 1
    endloop
  endfacet
  facet normal 1 -0 0
    outer loop
      vertex -34.3 -9.64175 12.4
      vertex -34.3 -5.6003 1
      vertex -34.3 -5.6003 12.4
    endloop
  endfacet
  facet normal 1 0 0
    outer loop
      vertex -34.3 -5.6003 1
      vertex -34.3 -9.64175 12.4
      vertex -34.3 -9.64175 1
    endloop
  endfacet
  facet normal 0 0 1
    outer loop
      vertex -30.8 -3.57957 1
      vertex -27.3 -9.64175 1
      vertex -27.3 -5.6003 1
    endloop
  endfacet
  facet normal 0 0 1
    outer loop
      vertex -30.8 -3.57957 1
      vertex -30.8 -11.6625 1
      vertex -27.3 -9.64175 1
    endloop
  endfacet
  facet normal -0 0 1
    outer loop
      vertex -34.3 -5.6003 1
      vertex -30.8 -11.6625 1
      vertex -30.8 -3.57957 1
    endloop
  endfacet
  facet normal 0 0 1
    outer loop
      vertex -30.8 -11.6625 1
      vertex -34.3 -5.6003 1
      vertex -34.3 -9.64175 1
    endloop
  endfacet
  facet normal -0.362071 0.627136 0.689641
    outer loop
      vertex -26.8952 -10.0679 13
      vertex -30.8 -11.6625 12.4
      vertex -30.8 -12.3223 13
    endloop
  endfacet
  facet normal 0.724155 0 0.689637
    outer loop
      vertex -34.8714 -5.27038 13
      vertex -34.3 -9.64175 12.4
      vertex -34.3 -5.6003 12.4
    endloop
  endfacet
  facet normal 0.724155 0 0.689637
    outer loop
      vertex -34.3 -9.64175 12.4
      vertex -34.8714 -5.27038 13
      vertex -34.8714 -9.97166 13
    endloop
  endfacet
  facet normal 0.362071 0.627136 0.689641
    outer loop
      vertex -30.8 -12.3223 13
      vertex -30.8 -11.6625 12.4
      vertex -34.7048 -10.0679 13
    endloop
  endfacet
  facet normal 0.362064 0.627105 0.689673
    outer loop
      vertex -34.3 -9.64175 12.4
      vertex -34.7048 -10.0679 13
      vertex -30.8 -11.6625 12.4
    endloop
  endfacet
  facet normal 0.362201 0.627003 0.689694
    outer loop
      vertex -34.7048 -10.0679 13
      vertex -34.3 -9.64175 12.4
      vertex -34.8714 -9.97166 13
    endloop
  endfacet
  facet normal -0.362151 -0.627046 0.689681
    outer loop
      vertex -26.8952 -5.17416 13
      vertex -27.3 -5.6003 12.4
      vertex -26.7286 -5.27038 13
    endloop
  endfacet
  facet normal -0.362064 -0.627111 0.689668
    outer loop
      vertex -27.3 -5.6003 12.4
      vertex -26.8952 -5.17416 13
      vertex -30.8 -3.57957 12.4
    endloop
  endfacet
  facet normal 0.362066 -0.627122 0.689656
    outer loop
      vertex -30.8 -3.57957 12.4
      vertex -30.8 -2.91974 13
      vertex -34.7048 -5.17416 13
    endloop
  endfacet
  facet normal -0.362066 -0.627122 0.689656
    outer loop
      vertex -26.8952 -5.17416 13
      vertex -30.8 -2.91974 13
      vertex -30.8 -3.57957 12.4
    endloop
  endfacet
  facet normal -0.362201 0.627003 0.689694
    outer loop
      vertex -27.3 -9.64175 12.4
      vertex -26.8952 -10.0679 13
      vertex -26.7286 -9.97166 13
    endloop
  endfacet
  facet normal -0.362064 0.627105 0.689673
    outer loop
      vertex -26.8952 -10.0679 13
      vertex -27.3 -9.64175 12.4
      vertex -30.8 -11.6625 12.4
    endloop
  endfacet
  facet normal 0.362064 -0.627111 0.689668
    outer loop
      vertex -34.7048 -5.17416 13
      vertex -34.3 -5.6003 12.4
      vertex -30.8 -3.57957 12.4
    endloop
  endfacet
  facet normal 0.362151 -0.627046 0.689681
    outer loop
      vertex -34.3 -5.6003 12.4
      vertex -34.7048 -5.17416 13
      vertex -34.8714 -5.27038 13
    endloop
  endfacet
  facet normal -0.724155 0 0.689637
    outer loop
      vertex -27.3 -9.64175 12.4
      vertex -26.7286 -5.27038 13
      vertex -27.3 -5.6003 12.4
    endloop
  endfacet
  facet normal -0.724155 0 0.689637
    outer loop
      vertex -26.7286 -5.27038 13
      vertex -27.3 -9.64175 12.4
      vertex -26.7286 -9.97166 13
    endloop
  endfacet
  facet normal 0.500001 -0.866025 0
    outer loop
      vertex -25.5 -5.6003 1
      vertex -22 -3.57957 12.4
      vertex -25.5 -5.6003 12.4
    endloop
  endfacet
  facet normal 0.500001 -0.866025 0
    outer loop
      vertex -22 -3.57957 12.4
      vertex -25.5 -5.6003 1
      vertex -22 -3.57957 1
    endloop
  endfacet
  facet normal -1 0 0
    outer loop
      vertex -18.5 -9.64175 1
      vertex -18.5 -5.6003 12.4
      vertex -18.5 -5.6003 1
    endloop
  endfacet
  facet normal -1 -0 0
    outer loop
      vertex -18.5 -5.6003 12.4
      vertex -18.5 -9.64175 1
      vertex -18.5 -9.64175 12.4
    endloop
  endfacet
  facet normal 0.500004 0.866023 -0
    outer loop
      vertex -22 -11.6625 1
      vertex -25.5 -9.64175 12.4
      vertex -22 -11.6625 12.4
    endloop
  endfacet
  facet normal 0.500004 0.866023 0
    outer loop
      vertex -25.5 -9.64175 12.4
      vertex -22 -11.6625 1
      vertex -25.5 -9.64175 1
    endloop
  endfacet
  facet normal -0.500001 -0.866025 0
    outer loop
      vertex -22 -3.57957 1
      vertex -18.5 -5.6003 12.4
      vertex -22 -3.57957 12.4
    endloop
  endfacet
  facet normal -0.500001 -0.866025 -0
    outer loop
      vertex -18.5 -5.6003 12.4
      vertex -22 -3.57957 1
      vertex -18.5 -5.6003 1
    endloop
  endfacet
  facet normal -0.500004 0.866023 0
    outer loop
      vertex -18.5 -9.64175 1
      vertex -22 -11.6625 12.4
      vertex -18.5 -9.64175 12.4
    endloop
  endfacet
  facet normal -0.500004 0.866023 0
    outer loop
      vertex -22 -11.6625 12.4
      vertex -18.5 -9.64175 1
      vertex -22 -11.6625 1
    endloop
  endfacet
  facet normal 1 -0 0
    outer loop
      vertex -25.5 -9.64175 12.4
      vertex -25.5 -5.6003 1
      vertex -25.5 -5.6003 12.4
    endloop
  endfacet
  facet normal 1 0 0
    outer loop
      vertex -25.5 -5.6003 1
      vertex -25.5 -9.64175 12.4
      vertex -25.5 -9.64175 1
    endloop
  endfacet
  facet normal 0 0 1
    outer loop
      vertex -22 -3.57957 1
      vertex -18.5 -9.64175 1
      vertex -18.5 -5.6003 1
    endloop
  endfacet
  facet normal 0 0 1
    outer loop
      vertex -22 -3.57957 1
      vertex -22 -11.6625 1
      vertex -18.5 -9.64175 1
    endloop
  endfacet
  facet normal -0 0 1
    outer loop
      vertex -25.5 -5.6003 1
      vertex -22 -11.6625 1
      vertex -22 -3.57957 1
    endloop
  endfacet
  facet normal 0 0 1
    outer loop
      vertex -22 -11.6625 1
      vertex -25.5 -5.6003 1
      vertex -25.5 -9.64175 1
    endloop
  endfacet
  facet normal -0.362071 0.627136 0.689641
    outer loop
      vertex -18.0952 -10.0679 13
      vertex -22 -11.6625 12.4
      vertex -22 -12.3223 13
    endloop
  endfacet
  facet normal 0.724155 0 0.689637
    outer loop
      vertex -26.0714 -5.27038 13
      vertex -25.5 -9.64175 12.4
      vertex -25.5 -5.6003 12.4
    endloop
  endfacet
  facet normal 0.724155 0 0.689637
    outer loop
      vertex -25.5 -9.64175 12.4
      vertex -26.0714 -5.27038 13
      vertex -26.0714 -9.97166 13
    endloop
  endfacet
  facet normal 0.362071 0.627136 0.689641
    outer loop
      vertex -22 -12.3223 13
      vertex -22 -11.6625 12.4
      vertex -25.9048 -10.0679 13
    endloop
  endfacet
  facet normal 0.362064 0.627105 0.689673
    outer loop
      vertex -25.5 -9.64175 12.4
      vertex -25.9048 -10.0679 13
      vertex -22 -11.6625 12.4
    endloop
  endfacet
  facet normal 0.362201 0.627003 0.689694
    outer loop
      vertex -25.9048 -10.0679 13
      vertex -25.5 -9.64175 12.4
      vertex -26.0714 -9.97166 13
    endloop
  endfacet
  facet normal -0.362151 -0.627046 0.689681
    outer loop
      vertex -18.0952 -5.17416 13
      vertex -18.5 -5.6003 12.4
      vertex -17.9286 -5.27038 13
    endloop
  endfacet
  facet normal -0.362064 -0.627111 0.689668
    outer loop
      vertex -18.5 -5.6003 12.4
      vertex -18.0952 -5.17416 13
      vertex -22 -3.57957 12.4
    endloop
  endfacet
  facet normal 0.362066 -0.627122 0.689656
    outer loop
      vertex -22 -3.57957 12.4
      vertex -22 -2.91974 13
      vertex -25.9048 -5.17416 13
    endloop
  endfacet
  facet normal -0.362066 -0.627122 0.689656
    outer loop
      vertex -18.0952 -5.17416 13
      vertex -22 -2.91974 13
      vertex -22 -3.57957 12.4
    endloop
  endfacet
  facet normal -0.362201 0.627003 0.689694
    outer loop
      vertex -18.5 -9.64175 12.4
      vertex -18.0952 -10.0679 13
      vertex -17.9286 -9.97166 13
    endloop
  endfacet
  facet normal -0.362064 0.627105 0.689673
    outer loop
      vertex -18.0952 -10.0679 13
      vertex -18.5 -9.64175 12.4
      vertex -22 -11.6625 12.4
    endloop
  endfacet
  facet normal 0.362064 -0.627111 0.689668
    outer loop
      vertex -25.9048 -5.17416 13
      vertex -25.5 -5.6003 12.4
      vertex -22 -3.57957 12.4
    endloop
  endfacet
  facet normal 0.362151 -0.627046 0.689681
    outer loop
      vertex -25.5 -5.6003 12.4
      vertex -25.9048 -5.17416 13
      vertex -26.0714 -5.27038 13
    endloop
  endfacet
  facet normal -0.724155 0 0.689637
    outer loop
      vertex -18.5 -9.64175 12.4
      vertex -17.9286 -5.27038 13
      vertex -18.5 -5.6003 12.4
    endloop
  endfacet
  facet normal -0.724155 0 0.689637
    outer loop
      vertex -17.9286 -5.27038 13
      vertex -18.5 -9.64175 12.4
      vertex -17.9286 -9.97166 13
    endloop
  endfacet
  facet normal 0.500001 -0.866025 0
    outer loop
      vertex -16.7 -5.6003 1
      vertex -13.2 -3.57957 12.4
      vertex -16.7 -5.6003 12.4
    endloop
  endfacet
  facet normal 0.500001 -0.866025 0
    outer loop
      vertex -13.2 -3.57957 12.4
      vertex -16.7 -5.6003 1
      vertex -13.2 -3.57957 1
    endloop
  endfacet
  facet normal -1 0 0
    outer loop
      vertex -9.7 -9.64175 1
      vertex -9.7 -5.6003 12.4
      vertex -9.7 -5.6003 1
    endloop
  endfacet
  facet normal -1 -0 0
    outer loop
      vertex -9.7 -5.6003 12.4
      vertex -9.7 -9.64175 1
      vertex -9.7 -9.64175 12.4
    endloop
  endfacet
  facet normal 0.500004 0.866023 -0
    outer loop
      vertex -13.2 -11.6625 1
      vertex -16.7 -9.64175 12.4
      vertex -13.2 -11.6625 12.4
    endloop
  endfacet
  facet normal 0.500004 0.866023 0
    outer loop
      vertex -16.7 -9.64175 12.4
      vertex -13.2 -11.6625 1
      vertex -16.7 -9.64175 1
    endloop
  endfacet
  facet normal -0.500001 -0.866025 0
    outer loop
      vertex -13.2 -3.57957 1
      vertex -9.7 -5.6003 12.4
      vertex -13.2 -3.57957 12.4
    endloop
  endfacet
  facet normal -0.500001 -0.866025 -0
    outer loop
      vertex -9.7 -5.6003 12.4
      vertex -13.2 -3.57957 1
      vertex -9.7 -5.6003 1
    endloop
  endfacet
  facet normal -0.500004 0.866023 0
    outer loop
      vertex -9.7 -9.64175 1
      vertex -13.2 -11.6625 12.4
      vertex -9.7 -9.64175 12.4
    endloop
  endfacet
  facet normal -0.500004 0.866023 0
    outer loop
      vertex -13.2 -11.6625 12.4
      vertex -9.7 -9.64175 1
      vertex -13.2 -11.6625 1
    endloop
  endfacet
  facet normal 1 -0 0
    outer loop
      vertex -16.7 -9.64175 12.4
      vertex -16.7 -5.6003 1
      vertex -16.7 -5.6003 12.4
    endloop
  endfacet
  facet normal 1 0 0
    outer loop
      vertex -16.7 -5.6003 1
      vertex -16.7 -9.64175 12.4
      vertex -16.7 -9.64175 1
    endloop
  endfacet
  facet normal 0 0 1
    outer loop
      vertex -13.2 -3.57957 1
      vertex -9.7 -9.64175 1
      vertex -9.7 -5.6003 1
    endloop
  endfacet
  facet normal 0 0 1
    outer loop
      vertex -13.2 -3.57957 1
      vertex -13.2 -11.6625 1
      vertex -9.7 -9.64175 1
    endloop
  endfacet
  facet normal -0 0 1
    outer loop
      vertex -16.7 -5.6003 1
      vertex -13.2 -11.6625 1
      vertex -13.2 -3.57957 1
    endloop
  endfacet
  facet normal 0 0 1
    outer loop
      vertex -13.2 -11.6625 1
      vertex -16.7 -5.6003 1
      vertex -16.7 -9.64175 1
    endloop
  endfacet
  facet normal -0.362075 0.627135 0.68964
    outer loop
      vertex -9.29524 -10.0679 13
      vertex -13.2 -11.6625 12.4
      vertex -13.2 -12.3223 13
    endloop
  endfacet
  facet normal 0.724155 0 0.689637
    outer loop
      vertex -17.2714 -5.27038 13
      vertex -16.7 -9.64175 12.4
      vertex -16.7 -5.6003 12.4
    endloop
  endfacet
  facet normal 0.724155 0 0.689637
    outer loop
      vertex -16.7 -9.64175 12.4
      vertex -17.2714 -5.27038 13
      vertex -17.2714 -9.97166 13
    endloop
  endfacet
  facet normal 0.362071 0.627136 0.689641
    outer loop
      vertex -13.2 -12.3223 13
      vertex -13.2 -11.6625 12.4
      vertex -17.1048 -10.0679 13
    endloop
  endfacet
  facet normal 0.362064 0.627105 0.689673
    outer loop
      vertex -16.7 -9.64175 12.4
      vertex -17.1048 -10.0679 13
      vertex -13.2 -11.6625 12.4
    endloop
  endfacet
  facet normal 0.362201 0.627003 0.689694
    outer loop
      vertex -17.1048 -10.0679 13
      vertex -16.7 -9.64175 12.4
      vertex -17.2714 -9.97166 13
    endloop
  endfacet
  facet normal -0.362051 -0.627136 0.689652
    outer loop
      vertex -9.29524 -5.17416 13
      vertex -9.7 -5.6003 12.4
      vertex -9.12857 -5.27038 13
    endloop
  endfacet
  facet normal -0.36207 -0.627122 0.689655
    outer loop
      vertex -9.7 -5.6003 12.4
      vertex -9.29524 -5.17416 13
      vertex -13.2 -3.57957 12.4
    endloop
  endfacet
  facet normal 0.362066 -0.627122 0.689656
    outer loop
      vertex -13.2 -3.57957 12.4
      vertex -13.2 -2.91974 13
      vertex -17.1048 -5.17416 13
    endloop
  endfacet
  facet normal -0.362069 -0.627121 0.689656
    outer loop
      vertex -9.29524 -5.17416 13
      vertex -13.2 -2.91974 13
      vertex -13.2 -3.57957 12.4
    endloop
  endfacet
  facet normal -0.362101 0.627092 0.689665
    outer loop
      vertex -9.7 -9.64175 12.4
      vertex -9.29524 -10.0679 13
      vertex -9.12857 -9.97166 13
    endloop
  endfacet
  facet normal -0.36207 0.627115 0.689661
    outer loop
      vertex -9.29524 -10.0679 13
      vertex -9.7 -9.64175 12.4
      vertex -13.2 -11.6625 12.4
    endloop
  endfacet
  facet normal 0.362064 -0.627111 0.689668
    outer loop
      vertex -17.1048 -5.17416 13
      vertex -16.7 -5.6003 12.4
      vertex -13.2 -3.57957 12.4
    endloop
  endfacet
  facet normal 0.362151 -0.627046 0.689681
    outer loop
      vertex -16.7 -5.6003 12.4
      vertex -17.1048 -5.17416 13
      vertex -17.2714 -5.27038 13
    endloop
  endfacet
  facet normal -0.724137 0 0.689656
    outer loop
      vertex -9.7 -9.64175 12.4
      vertex -9.12857 -5.27038 13
      vertex -9.7 -5.6003 12.4
    endloop
  endfacet
  facet normal -0.724137 0 0.689656
    outer loop
      vertex -9.12857 -5.27038 13
      vertex -9.7 -9.64175 12.4
      vertex -9.12857 -9.97166 13
    endloop
  endfacet
  facet normal 0.500001 -0.866025 0
    outer loop
      vertex -7.9 -5.6003 1
      vertex -4.4 -3.57957 12.4
      vertex -7.9 -5.6003 12.4
    endloop
  endfacet
  facet normal 0.500001 -0.866025 0
    outer loop
      vertex -4.4 -3.57957 12.4
      vertex -7.9 -5.6003 1
      vertex -4.4 -3.57957 1
    endloop
  endfacet
  facet normal -1 0 0
    outer loop
      vertex -0.9 -9.64175 1
      vertex -0.9 -5.6003 12.4
      vertex -0.9 -5.6003 1
    endloop
  endfacet
  facet normal -1 -0 0
    outer loop
      vertex -0.9 -5.6003 12.4
      vertex -0.9 -9.64175 1
      vertex -0.9 -9.64175 12.4
    endloop
  endfacet
  facet normal 0.500004 0.866023 -0
    outer loop
      vertex -4.4 -11.6625 1
      vertex -7.9 -9.64175 12.4
      vertex -4.4 -11.6625 12.4
    endloop
  endfacet
  facet normal 0.500004 0.866023 0
    outer loop
      vertex -7.9 -9.64175 12.4
      vertex -4.4 -11.6625 1
      vertex -7.9 -9.64175 1
    endloop
  endfacet
  facet normal -0.500001 -0.866025 0
    outer loop
      vertex -4.4 -3.57957 1
      vertex -0.9 -5.6003 12.4
      vertex -4.4 -3.57957 12.4
    endloop
  endfacet
  facet normal -0.500001 -0.866025 -0
    outer loop
      vertex -0.9 -5.6003 12.4
      vertex -4.4 -3.57957 1
      vertex -0.9 -5.6003 1
    endloop
  endfacet
  facet normal -0.500004 0.866023 0
    outer loop
      vertex -0.9 -9.64175 1
      vertex -4.4 -11.6625 12.4
      vertex -0.9 -9.64175 12.4
    endloop
  endfacet
  facet normal -0.500004 0.866023 0
    outer loop
      vertex -4.4 -11.6625 12.4
      vertex -0.9 -9.64175 1
      vertex -4.4 -11.6625 1
    endloop
  endfacet
  facet normal 1 -0 0
    outer loop
      vertex -7.9 -9.64175 12.4
      vertex -7.9 -5.6003 1
      vertex -7.9 -5.6003 12.4
    endloop
  endfacet
  facet normal 1 0 0
    outer loop
      vertex -7.9 -5.6003 1
      vertex -7.9 -9.64175 12.4
      vertex -7.9 -9.64175 1
    endloop
  endfacet
  facet normal 0 0 1
    outer loop
      vertex -4.4 -3.57957 1
      vertex -0.9 -9.64175 1
      vertex -0.9 -5.6003 1
    endloop
  endfacet
  facet normal 0 0 1
    outer loop
      vertex -4.4 -3.57957 1
      vertex -4.4 -11.6625 1
      vertex -0.9 -9.64175 1
    endloop
  endfacet
  facet normal -0 0 1
    outer loop
      vertex -7.9 -5.6003 1
      vertex -4.4 -11.6625 1
      vertex -4.4 -3.57957 1
    endloop
  endfacet
  facet normal 0 0 1
    outer loop
      vertex -4.4 -11.6625 1
      vertex -7.9 -5.6003 1
      vertex -7.9 -9.64175 1
    endloop
  endfacet
  facet normal -0.362074 0.627135 0.68964
    outer loop
      vertex -0.495237 -10.0679 13
      vertex -4.4 -11.6625 12.4
      vertex -4.4 -12.3223 13
    endloop
  endfacet
  facet normal 0.724137 0 0.689656
    outer loop
      vertex -8.47143 -5.27038 13
      vertex -7.9 -9.64175 12.4
      vertex -7.9 -5.6003 12.4
    endloop
  endfacet
  facet normal 0.724137 0 0.689656
    outer loop
      vertex -7.9 -9.64175 12.4
      vertex -8.47143 -5.27038 13
      vertex -8.47143 -9.97166 13
    endloop
  endfacet
  facet normal 0.362075 0.627135 0.68964
    outer loop
      vertex -4.4 -12.3223 13
      vertex -4.4 -11.6625 12.4
      vertex -8.30476 -10.0679 13
    endloop
  endfacet
  facet normal 0.36207 0.627115 0.689661
    outer loop
      vertex -7.9 -9.64175 12.4
      vertex -8.30476 -10.0679 13
      vertex -4.4 -11.6625 12.4
    endloop
  endfacet
  facet normal 0.362101 0.627092 0.689665
    outer loop
      vertex -8.30476 -10.0679 13
      vertex -7.9 -9.64175 12.4
      vertex -8.47143 -9.97166 13
    endloop
  endfacet
  facet normal -0.362058 -0.627129 0.689654
    outer loop
      vertex -0.495237 -5.17416 13
      vertex -0.9 -5.6003 12.4
      vertex -0.328572 -5.27038 13
    endloop
  endfacet
  facet normal -0.362069 -0.627121 0.689656
    outer loop
      vertex -0.9 -5.6003 12.4
      vertex -0.495237 -5.17416 13
      vertex -4.4 -3.57957 12.4
    endloop
  endfacet
  facet normal 0.362069 -0.627121 0.689656
    outer loop
      vertex -4.4 -3.57957 12.4
      vertex -4.4 -2.91974 13
      vertex -8.30476 -5.17416 13
    endloop
  endfacet
  facet normal -0.362069 -0.627121 0.689656
    outer loop
      vertex -0.495237 -5.17416 13
      vertex -4.4 -2.91974 13
      vertex -4.4 -3.57957 12.4
    endloop
  endfacet
  facet normal -0.362108 0.627086 0.689668
    outer loop
      vertex -0.9 -9.64175 12.4
      vertex -0.495237 -10.0679 13
      vertex -0.328572 -9.97166 13
    endloop
  endfacet
  facet normal -0.362069 0.627115 0.689662
    outer loop
      vertex -0.495237 -10.0679 13
      vertex -0.9 -9.64175 12.4
      vertex -4.4 -11.6625 12.4
    endloop
  endfacet
  facet normal 0.36207 -0.627122 0.689655
    outer loop
      vertex -8.30476 -5.17416 13
      vertex -7.9 -5.6003 12.4
      vertex -4.4 -3.57957 12.4
    endloop
  endfacet
  facet normal 0.362051 -0.627136 0.689652
    outer loop
      vertex -7.9 -5.6003 12.4
      vertex -8.30476 -5.17416 13
      vertex -8.47143 -5.27038 13
    endloop
  endfacet
  facet normal -0.724138 0 0.689655
    outer loop
      vertex -0.9 -9.64175 12.4
      vertex -0.328572 -5.27038 13
      vertex -0.9 -5.6003 12.4
    endloop
  endfacet
  facet normal -0.724138 0 0.689655
    outer loop
      vertex -0.328572 -5.27038 13
      vertex -0.9 -9.64175 12.4
      vertex -0.328572 -9.97166 13
    endloop
  endfacet
  facet normal 0.500001 -0.866025 0
    outer loop
      vertex 0.9 -5.6003 1
      vertex 4.4 -3.57957 12.4
      vertex 0.9 -5.6003 12.4
    endloop
  endfacet
  facet normal 0.500001 -0.866025 0
    outer loop
      vertex 4.4 -3.57957 12.4
      vertex 0.9 -5.6003 1
      vertex 4.4 -3.57957 1
    endloop
  endfacet
  facet normal -1 0 0
    outer loop
      vertex 7.9 -9.64175 1
      vertex 7.9 -5.6003 12.4
      vertex 7.9 -5.6003 1
    endloop
  endfacet
  facet normal -1 -0 0
    outer loop
      vertex 7.9 -5.6003 12.4
      vertex 7.9 -9.64175 1
      vertex 7.9 -9.64175 12.4
    endloop
  endfacet
  facet normal 0.500004 0.866023 -0
    outer loop
      vertex 4.4 -11.6625 1
      vertex 0.9 -9.64175 12.4
      vertex 4.4 -11.6625 12.4
    endloop
  endfacet
  facet normal 0.500004 0.866023 0
    outer loop
      vertex 0.9 -9.64175 12.4
      vertex 4.4 -11.6625 1
      vertex 0.9 -9.64175 1
    endloop
  endfacet
  facet normal -0.500001 -0.866025 0
    outer loop
      vertex 4.4 -3.57957 1
      vertex 7.9 -5.6003 12.4
      vertex 4.4 -3.57957 12.4
    endloop
  endfacet
  facet normal -0.500001 -0.866025 -0
    outer loop
      vertex 7.9 -5.6003 12.4
      vertex 4.4 -3.57957 1
      vertex 7.9 -5.6003 1
    endloop
  endfacet
  facet normal -0.500004 0.866023 0
    outer loop
      vertex 7.9 -9.64175 1
      vertex 4.4 -11.6625 12.4
      vertex 7.9 -9.64175 12.4
    endloop
  endfacet
  facet normal -0.500004 0.866023 0
    outer loop
      vertex 4.4 -11.6625 12.4
      vertex 7.9 -9.64175 1
      vertex 4.4 -11.6625 1
    endloop
  endfacet
  facet normal 1 -0 0
    outer loop
      vertex 0.9 -9.64175 12.4
      vertex 0.9 -5.6003 1
      vertex 0.9 -5.6003 12.4
    endloop
  endfacet
  facet normal 1 0 0
    outer loop
      vertex 0.9 -5.6003 1
      vertex 0.9 -9.64175 12.4
      vertex 0.9 -9.64175 1
    endloop
  endfacet
  facet normal 0 0 1
    outer loop
      vertex 4.4 -3.57957 1
      vertex 7.9 -9.64175 1
      vertex 7.9 -5.6003 1
    endloop
  endfacet
  facet normal 0 0 1
    outer loop
      vertex 4.4 -3.57957 1
      vertex 4.4 -11.6625 1
      vertex 7.9 -9.64175 1
    endloop
  endfacet
  facet normal -0 0 1
    outer loop
      vertex 0.9 -5.6003 1
      vertex 4.4 -11.6625 1
      vertex 4.4 -3.57957 1
    endloop
  endfacet
  facet normal 0 0 1
    outer loop
      vertex 4.4 -11.6625 1
      vertex 0.9 -5.6003 1
      vertex 0.9 -9.64175 1
    endloop
  endfacet
  facet normal -0.362075 0.627135 0.68964
    outer loop
      vertex 8.30476 -10.0679 13
      vertex 4.4 -11.6625 12.4
      vertex 4.4 -12.3223 13
    endloop
  endfacet
  facet normal 0.724138 0 0.689655
    outer loop
      vertex 0.328572 -5.27038 13
      vertex 0.9 -9.64175 12.4
      vertex 0.9 -5.6003 12.4
    endloop
  endfacet
  facet normal 0.724138 0 0.689655
    outer loop
      vertex 0.9 -9.64175 12.4
      vertex 0.328572 -5.27038 13
      vertex 0.328572 -9.97166 13
    endloop
  endfacet
  facet normal 0.362074 0.627135 0.68964
    outer loop
      vertex 4.4 -12.3223 13
      vertex 4.4 -11.6625 12.4
      vertex 0.495237 -10.0679 13
    endloop
  endfacet
  facet normal 0.362069 0.627115 0.689662
    outer loop
      vertex 0.9 -9.64175 12.4
      vertex 0.495237 -10.0679 13
      vertex 4.4 -11.6625 12.4
    endloop
  endfacet
  facet normal 0.362108 0.627086 0.689668
    outer loop
      vertex 0.495237 -10.0679 13
      vertex 0.9 -9.64175 12.4
      vertex 0.328572 -9.97166 13
    endloop
  endfacet
  facet normal -0.362051 -0.627136 0.689652
    outer loop
      vertex 8.30476 -5.17416 13
      vertex 7.9 -5.6003 12.4
      vertex 8.47143 -5.27038 13
    endloop
  endfacet
  facet normal -0.36207 -0.627122 0.689655
    outer loop
      vertex 7.9 -5.6003 12.4
      vertex 8.30476 -5.17416 13
      vertex 4.4 -3.57957 12.4
    endloop
  endfacet
  facet normal 0.362069 -0.627121 0.689656
    outer loop
      vertex 4.4 -3.57957 12.4
      vertex 4.4 -2.91974 13
      vertex 0.495237 -5.17416 13
    endloop
  endfacet
  facet normal -0.362069 -0.627121 0.689656
    outer loop
      vertex 8.30476 -5.17416 13
      vertex 4.4 -2.91974 13
      vertex 4.4 -3.57957 12.4
    endloop
  endfacet
  facet normal -0.362101 0.627092 0.689665
    outer loop
      vertex 7.9 -9.64175 12.4
      vertex 8.30476 -10.0679 13
      vertex 8.47143 -9.97166 13
    endloop
  endfacet
  facet normal -0.36207 0.627115 0.689661
    outer loop
      vertex 8.30476 -10.0679 13
      vertex 7.9 -9.64175 12.4
      vertex 4.4 -11.6625 12.4
    endloop
  endfacet
  facet normal 0.362069 -0.627121 0.689656
    outer loop
      vertex 0.495237 -5.17416 13
      vertex 0.9 -5.6003 12.4
      vertex 4.4 -3.57957 12.4
    endloop
  endfacet
  facet normal 0.362058 -0.627129 0.689654
    outer loop
      vertex 0.9 -5.6003 12.4
      vertex 0.495237 -5.17416 13
      vertex 0.328572 -5.27038 13
    endloop
  endfacet
  facet normal -0.724137 0 0.689656
    outer loop
      vertex 7.9 -9.64175 12.4
      vertex 8.47143 -5.27038 13
      vertex 7.9 -5.6003 12.4
    endloop
  endfacet
  facet normal -0.724137 0 0.689656
    outer loop
      vertex 8.47143 -5.27038 13
      vertex 7.9 -9.64175 12.4
      vertex 8.47143 -9.97166 13
    endloop
  endfacet
  facet normal 0.500001 -0.866025 0
    outer loop
      vertex 9.7 -5.6003 1
      vertex 13.2 -3.57957 12.4
      vertex 9.7 -5.6003 12.4
    endloop
  endfacet
  facet normal 0.500001 -0.866025 0
    outer loop
      vertex 13.2 -3.57957 12.4
      vertex 9.7 -5.6003 1
      vertex 13.2 -3.57957 1
    endloop
  endfacet
  facet normal -1 0 0
    outer loop
      vertex 16.7 -9.64175 1
      vertex 16.7 -5.6003 12.4
      vertex 16.7 -5.6003 1
    endloop
  endfacet
  facet normal -1 -0 0
    outer loop
      vertex 16.7 -5.6003 12.4
      vertex 16.7 -9.64175 1
      vertex 16.7 -9.64175 12.4
    endloop
  endfacet
  facet normal 0.500004 0.866023 -0
    outer loop
      vertex 13.2 -11.6625 1
      vertex 9.7 -9.64175 12.4
      vertex 13.2 -11.6625 12.4
    endloop
  endfacet
  facet normal 0.500004 0.866023 0
    outer loop
      vertex 9.7 -9.64175 12.4
      vertex 13.2 -11.6625 1
      vertex 9.7 -9.64175 1
    endloop
  endfacet
  facet normal -0.500001 -0.866025 0
    outer loop
      vertex 13.2 -3.57957 1
      vertex 16.7 -5.6003 12.4
      vertex 13.2 -3.57957 12.4
    endloop
  endfacet
  facet normal -0.500001 -0.866025 -0
    outer loop
      vertex 16.7 -5.6003 12.4
      vertex 13.2 -3.57957 1
      vertex 16.7 -5.6003 1
    endloop
  endfacet
  facet normal -0.500004 0.866023 0
    outer loop
      vertex 16.7 -9.64175 1
      vertex 13.2 -11.6625 12.4
      vertex 16.7 -9.64175 12.4
    endloop
  endfacet
  facet normal -0.500004 0.866023 0
    outer loop
      vertex 13.2 -11.6625 12.4
      vertex 16.7 -9.64175 1
      vertex 13.2 -11.6625 1
    endloop
  endfacet
  facet normal 1 -0 0
    outer loop
      vertex 9.7 -9.64175 12.4
      vertex 9.7 -5.6003 1
      vertex 9.7 -5.6003 12.4
    endloop
  endfacet
  facet normal 1 0 0
    outer loop
      vertex 9.7 -5.6003 1
      vertex 9.7 -9.64175 12.4
      vertex 9.7 -9.64175 1
    endloop
  endfacet
  facet normal 0 0 1
    outer loop
      vertex 13.2 -3.57957 1
      vertex 16.7 -9.64175 1
      vertex 16.7 -5.6003 1
    endloop
  endfacet
  facet normal 0 0 1
    outer loop
      vertex 13.2 -3.57957 1
      vertex 13.2 -11.6625 1
      vertex 16.7 -9.64175 1
    endloop
  endfacet
  facet normal -0 0 1
    outer loop
      vertex 9.7 -5.6003 1
      vertex 13.2 -11.6625 1
      vertex 13.2 -3.57957 1
    endloop
  endfacet
  facet normal 0 0 1
    outer loop
      vertex 13.2 -11.6625 1
      vertex 9.7 -5.6003 1
      vertex 9.7 -9.64175 1
    endloop
  endfacet
  facet normal -0.362071 0.627136 0.689641
    outer loop
      vertex 17.1048 -10.0679 13
      vertex 13.2 -11.6625 12.4
      vertex 13.2 -12.3223 13
    endloop
  endfacet
  facet normal 0.724137 0 0.689656
    outer loop
      vertex 9.12857 -5.27038 13
      vertex 9.7 -9.64175 12.4
      vertex 9.7 -5.6003 12.4
    endloop
  endfacet
  facet normal 0.724137 0 0.689656
    outer loop
      vertex 9.7 -9.64175 12.4
      vertex 9.12857 -5.27038 13
      vertex 9.12857 -9.97166 13
    endloop
  endfacet
  facet normal 0.362075 0.627135 0.68964
    outer loop
      vertex 13.2 -12.3223 13
      vertex 13.2 -11.6625 12.4
      vertex 9.29524 -10.0679 13
    endloop
  endfacet
  facet normal 0.36207 0.627115 0.689661
    outer loop
      vertex 9.7 -9.64175 12.4
      vertex 9.29524 -10.0679 13
      vertex 13.2 -11.6625 12.4
    endloop
  endfacet
  facet normal 0.362101 0.627092 0.689665
    outer loop
      vertex 9.29524 -10.0679 13
      vertex 9.7 -9.64175 12.4
      vertex 9.12857 -9.97166 13
    endloop
  endfacet
  facet normal -0.362151 -0.627046 0.689681
    outer loop
      vertex 17.1048 -5.17416 13
      vertex 16.7 -5.6003 12.4
      vertex 17.2714 -5.27038 13
    endloop
  endfacet
  facet normal -0.362064 -0.627111 0.689668
    outer loop
      vertex 16.7 -5.6003 12.4
      vertex 17.1048 -5.17416 13
      vertex 13.2 -3.57957 12.4
    endloop
  endfacet
  facet normal 0.362069 -0.627121 0.689656
    outer loop
      vertex 13.2 -3.57957 12.4
      vertex 13.2 -2.91974 13
      vertex 9.29524 -5.17416 13
    endloop
  endfacet
  facet normal -0.362066 -0.627122 0.689656
    outer loop
      vertex 17.1048 -5.17416 13
      vertex 13.2 -2.91974 13
      vertex 13.2 -3.57957 12.4
    endloop
  endfacet
  facet normal -0.362201 0.627003 0.689694
    outer loop
      vertex 16.7 -9.64175 12.4
      vertex 17.1048 -10.0679 13
      vertex 17.2714 -9.97166 13
    endloop
  endfacet
  facet normal -0.362064 0.627105 0.689673
    outer loop
      vertex 17.1048 -10.0679 13
      vertex 16.7 -9.64175 12.4
      vertex 13.2 -11.6625 12.4
    endloop
  endfacet
  facet normal 0.36207 -0.627122 0.689655
    outer loop
      vertex 9.29524 -5.17416 13
      vertex 9.7 -5.6003 12.4
      vertex 13.2 -3.57957 12.4
    endloop
  endfacet
  facet normal 0.362051 -0.627136 0.689652
    outer loop
      vertex 9.7 -5.6003 12.4
      vertex 9.29524 -5.17416 13
      vertex 9.12857 -5.27038 13
    endloop
  endfacet
  facet normal -0.724155 0 0.689637
    outer loop
      vertex 16.7 -9.64175 12.4
      vertex 17.2714 -5.27038 13
      vertex 16.7 -5.6003 12.4
    endloop
  endfacet
  facet normal -0.724155 0 0.689637
    outer loop
      vertex 17.2714 -5.27038 13
      vertex 16.7 -9.64175 12.4
      vertex 17.2714 -9.97166 13
    endloop
  endfacet
  facet normal 0.500001 -0.866025 0
    outer loop
      vertex 18.5 -5.6003 1
      vertex 22 -3.57957 12.4
      vertex 18.5 -5.6003 12.4
    endloop
  endfacet
  facet normal 0.500001 -0.866025 0
    outer loop
      vertex 22 -3.57957 12.4
      vertex 18.5 -5.6003 1
      vertex 22 -3.57957 1
    endloop
  endfacet
  facet normal -1 0 0
    outer loop
      vertex 25.5 -9.64175 1
      vertex 25.5 -5.6003 12.4
      vertex 25.5 -5.6003 1
    endloop
  endfacet
  facet normal -1 -0 0
    outer loop
      vertex 25.5 -5.6003 12.4
      vertex 25.5 -9.64175 1
      vertex 25.5 -9.64175 12.4
    endloop
  endfacet
  facet normal 0.500004 0.866023 -0
    outer loop
      vertex 22 -11.6625 1
      vertex 18.5 -9.64175 12.4
      vertex 22 -11.6625 12.4
    endloop
  endfacet
  facet normal 0.500004 0.866023 0
    outer loop
      vertex 18.5 -9.64175 12.4
      vertex 22 -11.6625 1
      vertex 18.5 -9.64175 1
    endloop
  endfacet
  facet normal -0.500001 -0.866025 0
    outer loop
      vertex 22 -3.57957 1
      vertex 25.5 -5.6003 12.4
      vertex 22 -3.57957 12.4
    endloop
  endfacet
  facet normal -0.500001 -0.866025 -0
    outer loop
      vertex 25.5 -5.6003 12.4
      vertex 22 -3.57957 1
      vertex 25.5 -5.6003 1
    endloop
  endfacet
  facet normal -0.500004 0.866023 0
    outer loop
      vertex 25.5 -9.64175 1
      vertex 22 -11.6625 12.4
      vertex 25.5 -9.64175 12.4
    endloop
  endfacet
  facet normal -0.500004 0.866023 0
    outer loop
      vertex 22 -11.6625 12.4
      vertex 25.5 -9.64175 1
      vertex 22 -11.6625 1
    endloop
  endfacet
  facet normal 1 -0 0
    outer loop
      vertex 18.5 -9.64175 12.4
      vertex 18.5 -5.6003 1
      vertex 18.5 -5.6003 12.4
    endloop
  endfacet
  facet normal 1 0 0
    outer loop
      vertex 18.5 -5.6003 1
      vertex 18.5 -9.64175 12.4
      vertex 18.5 -9.64175 1
    endloop
  endfacet
  facet normal 0 0 1
    outer loop
      vertex 22 -3.57957 1
      vertex 25.5 -9.64175 1
      vertex 25.5 -5.6003 1
    endloop
  endfacet
  facet normal 0 0 1
    outer loop
      vertex 22 -3.57957 1
      vertex 22 -11.6625 1
      vertex 25.5 -9.64175 1
    endloop
  endfacet
  facet normal -0 0 1
    outer loop
      vertex 18.5 -5.6003 1
      vertex 22 -11.6625 1
      vertex 22 -3.57957 1
    endloop
  endfacet
  facet normal 0 0 1
    outer loop
      vertex 22 -11.6625 1
      vertex 18.5 -5.6003 1
      vertex 18.5 -9.64175 1
    endloop
  endfacet
  facet normal -0.362071 0.627136 0.689641
    outer loop
      vertex 25.9048 -10.0679 13
      vertex 22 -11.6625 12.4
      vertex 22 -12.3223 13
    endloop
  endfacet
  facet normal 0.724155 0 0.689637
    outer loop
      vertex 17.9286 -5.27038 13
      vertex 18.5 -9.64175 12.4
      vertex 18.5 -5.6003 12.4
    endloop
  endfacet
  facet normal 0.724155 0 0.689637
    outer loop
      vertex 18.5 -9.64175 12.4
      vertex 17.9286 -5.27038 13
      vertex 17.9286 -9.97166 13
    endloop
  endfacet
  facet normal 0.362071 0.627136 0.689641
    outer loop
      vertex 22 -12.3223 13
      vertex 22 -11.6625 12.4
      vertex 18.0952 -10.0679 13
    endloop
  endfacet
  facet normal 0.362064 0.627105 0.689673
    outer loop
      vertex 18.5 -9.64175 12.4
      vertex 18.0952 -10.0679 13
      vertex 22 -11.6625 12.4
    endloop
  endfacet
  facet normal 0.362201 0.627003 0.689694
    outer loop
      vertex 18.0952 -10.0679 13
      vertex 18.5 -9.64175 12.4
      vertex 17.9286 -9.97166 13
    endloop
  endfacet
  facet normal -0.362151 -0.627046 0.689681
    outer loop
      vertex 25.9048 -5.17416 13
      vertex 25.5 -5.6003 12.4
      vertex 26.0714 -5.27038 13
    endloop
  endfacet
  facet normal -0.362064 -0.627111 0.689668
    outer loop
      vertex 25.5 -5.6003 12.4
      vertex 25.9048 -5.17416 13
      vertex 22 -3.57957 12.4
    endloop
  endfacet
  facet normal 0.362066 -0.627122 0.689656
    outer loop
      vertex 22 -3.57957 12.4
      vertex 22 -2.91974 13
      vertex 18.0952 -5.17416 13
    endloop
  endfacet
  facet normal -0.362066 -0.627122 0.689656
    outer loop
      vertex 25.9048 -5.17416 13
      vertex 22 -2.91974 13
      vertex 22 -3.57957 12.4
    endloop
  endfacet
  facet normal -0.362201 0.627003 0.689694
    outer loop
      vertex 25.5 -9.64175 12.4
      vertex 25.9048 -10.0679 13
      vertex 26.0714 -9.97166 13
    endloop
  endfacet
  facet normal -0.362064 0.627105 0.689673
    outer loop
      vertex 25.9048 -10.0679 13
      vertex 25.5 -9.64175 12.4
      vertex 22 -11.6625 12.4
    endloop
  endfacet
  facet normal 0.362064 -0.627111 0.689668
    outer loop
      vertex 18.0952 -5.17416 13
      vertex 18.5 -5.6003 12.4
      vertex 22 -3.57957 12.4
    endloop
  endfacet
  facet normal 0.362151 -0.627046 0.689681
    outer loop
      vertex 18.5 -5.6003 12.4
      vertex 18.0952 -5.17416 13
      vertex 17.9286 -5.27038 13
    endloop
  endfacet
  facet normal -0.724155 0 0.689637
    outer loop
      vertex 25.5 -9.64175 12.4
      vertex 26.0714 -5.27038 13
      vertex 25.5 -5.6003 12.4
    endloop
  endfacet
  facet normal -0.724155 0 0.689637
    outer loop
      vertex 26.0714 -5.27038 13
      vertex 25.5 -9.64175 12.4
      vertex 26.0714 -9.97166 13
    endloop
  endfacet
  facet normal 0.500001 -0.866025 0
    outer loop
      vertex 27.3 -5.6003 1
      vertex 30.8 -3.57957 12.4
      vertex 27.3 -5.6003 12.4
    endloop
  endfacet
  facet normal 0.500001 -0.866025 0
    outer loop
      vertex 30.8 -3.57957 12.4
      vertex 27.3 -5.6003 1
      vertex 30.8 -3.57957 1
    endloop
  endfacet
  facet normal -1 0 0
    outer loop
      vertex 34.3 -9.64175 1
      vertex 34.3 -5.6003 12.4
      vertex 34.3 -5.6003 1
    endloop
  endfacet
  facet normal -1 -0 0
    outer loop
      vertex 34.3 -5.6003 12.4
      vertex 34.3 -9.64175 1
      vertex 34.3 -9.64175 12.4
    endloop
  endfacet
  facet normal 0.500004 0.866023 -0
    outer loop
      vertex 30.8 -11.6625 1
      vertex 27.3 -9.64175 12.4
      vertex 30.8 -11.6625 12.4
    endloop
  endfacet
  facet normal 0.500004 0.866023 0
    outer loop
      vertex 27.3 -9.64175 12.4
      vertex 30.8 -11.6625 1
      vertex 27.3 -9.64175 1
    endloop
  endfacet
  facet normal -0.500001 -0.866025 0
    outer loop
      vertex 30.8 -3.57957 1
      vertex 34.3 -5.6003 12.4
      vertex 30.8 -3.57957 12.4
    endloop
  endfacet
  facet normal -0.500001 -0.866025 -0
    outer loop
      vertex 34.3 -5.6003 12.4
      vertex 30.8 -3.57957 1
      vertex 34.3 -5.6003 1
    endloop
  endfacet
  facet normal -0.500004 0.866023 0
    outer loop
      vertex 34.3 -9.64175 1
      vertex 30.8 -11.6625 12.4
      vertex 34.3 -9.64175 12.4
    endloop
  endfacet
  facet normal -0.500004 0.866023 0
    outer loop
      vertex 30.8 -11.6625 12.4
      vertex 34.3 -9.64175 1
      vertex 30.8 -11.6625 1
    endloop
  endfacet
  facet normal 1 -0 0
    outer loop
      vertex 27.3 -9.64175 12.4
      vertex 27.3 -5.6003 1
      vertex 27.3 -5.6003 12.4
    endloop
  endfacet
  facet normal 1 0 0
    outer loop
      vertex 27.3 -5.6003 1
      vertex 27.3 -9.64175 12.4
      vertex 27.3 -9.64175 1
    endloop
  endfacet
  facet normal 0 0 1
    outer loop
      vertex 30.8 -3.57957 1
      vertex 34.3 -9.64175 1
      vertex 34.3 -5.6003 1
    endloop
  endfacet
  facet normal 0 0 1
    outer loop
      vertex 30.8 -3.57957 1
      vertex 30.8 -11.6625 1
      vertex 34.3 -9.64175 1
    endloop
  endfacet
  facet normal -0 0 1
    outer loop
      vertex 27.3 -5.6003 1
      vertex 30.8 -11.6625 1
      vertex 30.8 -3.57957 1
    endloop
  endfacet
  facet normal 0 0 1
    outer loop
      vertex 30.8 -11.6625 1
      vertex 27.3 -5.6003 1
      vertex 27.3 -9.64175 1
    endloop
  endfacet
  facet normal -0.362071 0.627136 0.689641
    outer loop
      vertex 34.7048 -10.0679 13
      vertex 30.8 -11.6625 12.4
      vertex 30.8 -12.3223 13
    endloop
  endfacet
  facet normal 0.724155 0 0.689637
    outer loop
      vertex 26.7286 -5.27038 13
      vertex 27.3 -9.64175 12.4
      vertex 27.3 -5.6003 12.4
    endloop
  endfacet
  facet normal 0.724155 0 0.689637
    outer loop
      vertex 27.3 -9.64175 12.4
      vertex 26.7286 -5.27038 13
      vertex 26.7286 -9.97166 13
    endloop
  endfacet
  facet normal 0.362071 0.627136 0.689641
    outer loop
      vertex 30.8 -12.3223 13
      vertex 30.8 -11.6625 12.4
      vertex 26.8952 -10.0679 13
    endloop
  endfacet
  facet normal 0.362064 0.627105 0.689673
    outer loop
      vertex 27.3 -9.64175 12.4
      vertex 26.8952 -10.0679 13
      vertex 30.8 -11.6625 12.4
    endloop
  endfacet
  facet normal 0.362201 0.627003 0.689694
    outer loop
      vertex 26.8952 -10.0679 13
      vertex 27.3 -9.64175 12.4
      vertex 26.7286 -9.97166 13
    endloop
  endfacet
  facet normal -0.362151 -0.627046 0.689681
    outer loop
      vertex 34.7048 -5.17416 13
      vertex 34.3 -5.6003 12.4
      vertex 34.8714 -5.27038 13
    endloop
  endfacet
  facet normal -0.362064 -0.627111 0.689668
    outer loop
      vertex 34.3 -5.6003 12.4
      vertex 34.7048 -5.17416 13
      vertex 30.8 -3.57957 12.4
    endloop
  endfacet
  facet normal 0.362066 -0.627122 0.689656
    outer loop
      vertex 30.8 -3.57957 12.4
      vertex 30.8 -2.91974 13
      vertex 26.8952 -5.17416 13
    endloop
  endfacet
  facet normal -0.362066 -0.627122 0.689656
    outer loop
      vertex 34.7048 -5.17416 13
      vertex 30.8 -2.91974 13
      vertex 30.8 -3.57957 12.4
    endloop
  endfacet
  facet normal -0.362201 0.627003 0.689694
    outer loop
      vertex 34.3 -9.64175 12.4
      vertex 34.7048 -10.0679 13
      vertex 34.8714 -9.97166 13
    endloop
  endfacet
  facet normal -0.362064 0.627105 0.689673
    outer loop
      vertex 34.7048 -10.0679 13
      vertex 34.3 -9.64175 12.4
      vertex 30.8 -11.6625 12.4
    endloop
  endfacet
  facet normal 0.362064 -0.627111 0.689668
    outer loop
      vertex 26.8952 -5.17416 13
      vertex 27.3 -5.6003 12.4
      vertex 30.8 -3.57957 12.4
    endloop
  endfacet
  facet normal 0.362151 -0.627046 0.689681
    outer loop
      vertex 27.3 -5.6003 12.4
      vertex 26.8952 -5.17416 13
      vertex 26.7286 -5.27038 13
    endloop
  endfacet
  facet normal -0.724155 0 0.689637
    outer loop
      vertex 34.3 -9.64175 12.4
      vertex 34.8714 -5.27038 13
      vertex 34.3 -5.6003 12.4
    endloop
  endfacet
  facet normal -0.724155 0 0.689637
    outer loop
      vertex 34.8714 -5.27038 13
      vertex 34.3 -9.64175 12.4
      vertex 34.8714 -9.97166 13
    endloop
  endfacet
  facet normal 0.499999 -0.866026 0
    outer loop
      vertex -38.7 2.02073 1
      vertex -35.2 4.04145 12.4
      vertex -38.7 2.02073 12.4
    endloop
  endfacet
  facet normal 0.499999 -0.866026 0
    outer loop
      vertex -35.2 4.04145 12.4
      vertex -38.7 2.02073 1
      vertex -35.2 4.04145 1
    endloop
  endfacet
  facet normal -1 0 0
    outer loop
      vertex -31.7 -2.02073 1
      vertex -31.7 2.02073 12.4
      vertex -31.7 2.02073 1
    endloop
  endfacet
  facet normal -1 -0 0
    outer loop
      vertex -31.7 2.02073 12.4
      vertex -31.7 -2.02073 1
      vertex -31.7 -2.02073 12.4
    endloop
  endfacet
  facet normal 0.499999 0.866026 -0
    outer loop
      vertex -35.2 -4.04145 1
      vertex -38.7 -2.02073 12.4
      vertex -35.2 -4.04145 12.4
    endloop
  endfacet
  facet normal 0.499999 0.866026 0
    outer loop
      vertex -38.7 -2.02073 12.4
      vertex -35.2 -4.04145 1
      vertex -38.7 -2.02073 1
    endloop
  endfacet
  facet normal -0.499999 -0.866026 0
    outer loop
      vertex -35.2 4.04145 1
      vertex -31.7 2.02073 12.4
      vertex -35.2 4.04145 12.4
    endloop
  endfacet
  facet normal -0.499999 -0.866026 -0
    outer loop
      vertex -31.7 2.02073 12.4
      vertex -35.2 4.04145 1
      vertex -31.7 2.02073 1
    endloop
  endfacet
  facet normal -0.499999 0.866026 0
    outer loop
      vertex -31.7 -2.02073 1
      vertex -35.2 -4.04145 12.4
      vertex -31.7 -2.02073 12.4
    endloop
  endfacet
  facet normal -0.499999 0.866026 0
    outer loop
      vertex -35.2 -4.04145 12.4
      vertex -31.7 -2.02073 1
      vertex -35.2 -4.04145 1
    endloop
  endfacet
  facet normal 1 -0 0
    outer loop
      vertex -38.7 -2.02073 12.4
      vertex -38.7 2.02073 1
      vertex -38.7 2.02073 12.4
    endloop
  endfacet
  facet normal 1 0 0
    outer loop
      vertex -38.7 2.02073 1
      vertex -38.7 -2.02073 12.4
      vertex -38.7 -2.02073 1
    endloop
  endfacet
  facet normal 0 0 1
    outer loop
      vertex -35.2 4.04145 1
      vertex -31.7 -2.02073 1
      vertex -31.7 2.02073 1
    endloop
  endfacet
  facet normal 0 0 1
    outer loop
      vertex -35.2 4.04145 1
      vertex -35.2 -4.04145 1
      vertex -31.7 -2.02073 1
    endloop
  endfacet
  facet normal -0 0 1
    outer loop
      vertex -38.7 2.02073 1
      vertex -35.2 -4.04145 1
      vertex -35.2 4.04145 1
    endloop
  endfacet
  facet normal 0 0 1
    outer loop
      vertex -35.2 -4.04145 1
      vertex -38.7 2.02073 1
      vertex -38.7 -2.02073 1
    endloop
  endfacet
  facet normal -0.362066 0.627122 0.689656
    outer loop
      vertex -31.2952 -2.44686 13
      vertex -35.2 -4.04145 12.4
      vertex -35.2 -4.70128 13
    endloop
  endfacet
  facet normal 0.724155 0 0.689637
    outer loop
      vertex -39.2714 2.35064 13
      vertex -38.7 -2.02073 12.4
      vertex -38.7 2.02073 12.4
    endloop
  endfacet
  facet normal 0.724155 0 0.689637
    outer loop
      vertex -38.7 -2.02073 12.4
      vertex -39.2714 2.35064 13
      vertex -39.2714 -2.35064 13
    endloop
  endfacet
  facet normal 0.362066 0.627122 0.689656
    outer loop
      vertex -35.2 -4.70128 13
      vertex -35.2 -4.04145 12.4
      vertex -39.1048 -2.44686 13
    endloop
  endfacet
  facet normal 0.362065 0.627117 0.689662
    outer loop
      vertex -38.7 -2.02073 12.4
      vertex -39.1048 -2.44686 13
      vertex -35.2 -4.04145 12.4
    endloop
  endfacet
  facet normal 0.362154 0.627051 0.689675
    outer loop
      vertex -39.1048 -2.44686 13
      vertex -38.7 -2.02073 12.4
      vertex -39.2714 -2.35064 13
    endloop
  endfacet
  facet normal -0.362154 -0.627051 0.689675
    outer loop
      vertex -31.2952 2.44686 13
      vertex -31.7 2.02073 12.4
      vertex -31.1286 2.35064 13
    endloop
  endfacet
  facet normal -0.362065 -0.627117 0.689662
    outer loop
      vertex -31.7 2.02073 12.4
      vertex -31.2952 2.44686 13
      vertex -35.2 4.04145 12.4
    endloop
  endfacet
  facet normal 0.362066 -0.627122 0.689656
    outer loop
      vertex -35.2 4.04145 12.4
      vertex -35.2 4.70128 13
      vertex -39.1048 2.44686 13
    endloop
  endfacet
  facet normal -0.362066 -0.627122 0.689656
    outer loop
      vertex -31.2952 2.44686 13
      vertex -35.2 4.70128 13
      vertex -35.2 4.04145 12.4
    endloop
  endfacet
  facet normal -0.362154 0.627051 0.689675
    outer loop
      vertex -31.7 -2.02073 12.4
      vertex -31.2952 -2.44686 13
      vertex -31.1286 -2.35064 13
    endloop
  endfacet
  facet normal -0.362065 0.627117 0.689662
    outer loop
      vertex -31.2952 -2.44686 13
      vertex -31.7 -2.02073 12.4
      vertex -35.2 -4.04145 12.4
    endloop
  endfacet
  facet normal 0.362065 -0.627117 0.689662
    outer loop
      vertex -39.1048 2.44686 13
      vertex -38.7 2.02073 12.4
      vertex -35.2 4.04145 12.4
    endloop
  endfacet
  facet normal 0.362154 -0.627051 0.689675
    outer loop
      vertex -38.7 2.02073 12.4
      vertex -39.1048 2.44686 13
      vertex -39.2714 2.35064 13
    endloop
  endfacet
  facet normal -0.724155 0 0.689637
    outer loop
      vertex -31.7 -2.02073 12.4
      vertex -31.1286 2.35064 13
      vertex -31.7 2.02073 12.4
    endloop
  endfacet
  facet normal -0.724155 0 0.689637
    outer loop
      vertex -31.1286 2.35064 13
      vertex -31.7 -2.02073 12.4
      vertex -31.1286 -2.35064 13
    endloop
  endfacet
  facet normal 0.499999 -0.866026 0
    outer loop
      vertex -29.9 2.02073 1
      vertex -26.4 4.04145 12.4
      vertex -29.9 2.02073 12.4
    endloop
  endfacet
  facet normal 0.499999 -0.866026 0
    outer loop
      vertex -26.4 4.04145 12.4
      vertex -29.9 2.02073 1
      vertex -26.4 4.04145 1
    endloop
  endfacet
  facet normal -1 0 0
    outer loop
      vertex -22.9 -2.02073 1
      vertex -22.9 2.02073 12.4
      vertex -22.9 2.02073 1
    endloop
  endfacet
  facet normal -1 -0 0
    outer loop
      vertex -22.9 2.02073 12.4
      vertex -22.9 -2.02073 1
      vertex -22.9 -2.02073 12.4
    endloop
  endfacet
  facet normal 0.499999 0.866026 -0
    outer loop
      vertex -26.4 -4.04145 1
      vertex -29.9 -2.02073 12.4
      vertex -26.4 -4.04145 12.4
    endloop
  endfacet
  facet normal 0.499999 0.866026 0
    outer loop
      vertex -29.9 -2.02073 12.4
      vertex -26.4 -4.04145 1
      vertex -29.9 -2.02073 1
    endloop
  endfacet
  facet normal -0.499999 -0.866026 0
    outer loop
      vertex -26.4 4.04145 1
      vertex -22.9 2.02073 12.4
      vertex -26.4 4.04145 12.4
    endloop
  endfacet
  facet normal -0.499999 -0.866026 -0
    outer loop
      vertex -22.9 2.02073 12.4
      vertex -26.4 4.04145 1
      vertex -22.9 2.02073 1
    endloop
  endfacet
  facet normal -0.499999 0.866026 0
    outer loop
      vertex -22.9 -2.02073 1
      vertex -26.4 -4.04145 12.4
      vertex -22.9 -2.02073 12.4
    endloop
  endfacet
  facet normal -0.499999 0.866026 0
    outer loop
      vertex -26.4 -4.04145 12.4
      vertex -22.9 -2.02073 1
      vertex -26.4 -4.04145 1
    endloop
  endfacet
  facet normal 1 -0 0
    outer loop
      vertex -29.9 -2.02073 12.4
      vertex -29.9 2.02073 1
      vertex -29.9 2.02073 12.4
    endloop
  endfacet
  facet normal 1 0 0
    outer loop
      vertex -29.9 2.02073 1
      vertex -29.9 -2.02073 12.4
      vertex -29.9 -2.02073 1
    endloop
  endfacet
  facet normal 0 0 1
    outer loop
      vertex -26.4 4.04145 1
      vertex -22.9 -2.02073 1
      vertex -22.9 2.02073 1
    endloop
  endfacet
  facet normal 0 0 1
    outer loop
      vertex -26.4 4.04145 1
      vertex -26.4 -4.04145 1
      vertex -22.9 -2.02073 1
    endloop
  endfacet
  facet normal -0 0 1
    outer loop
      vertex -29.9 2.02073 1
      vertex -26.4 -4.04145 1
      vertex -26.4 4.04145 1
    endloop
  endfacet
  facet normal 0 0 1
    outer loop
      vertex -26.4 -4.04145 1
      vertex -29.9 2.02073 1
      vertex -29.9 -2.02073 1
    endloop
  endfacet
  facet normal -0.362066 0.627122 0.689656
    outer loop
      vertex -22.4952 -2.44686 13
      vertex -26.4 -4.04145 12.4
      vertex -26.4 -4.70128 13
    endloop
  endfacet
  facet normal 0.724155 0 0.689637
    outer loop
      vertex -30.4714 2.35064 13
      vertex -29.9 -2.02073 12.4
      vertex -29.9 2.02073 12.4
    endloop
  endfacet
  facet normal 0.724155 0 0.689637
    outer loop
      vertex -29.9 -2.02073 12.4
      vertex -30.4714 2.35064 13
      vertex -30.4714 -2.35064 13
    endloop
  endfacet
  facet normal 0.362066 0.627122 0.689656
    outer loop
      vertex -26.4 -4.70128 13
      vertex -26.4 -4.04145 12.4
      vertex -30.3048 -2.44686 13
    endloop
  endfacet
  facet normal 0.362065 0.627117 0.689662
    outer loop
      vertex -29.9 -2.02073 12.4
      vertex -30.3048 -2.44686 13
      vertex -26.4 -4.04145 12.4
    endloop
  endfacet
  facet normal 0.362154 0.627051 0.689675
    outer loop
      vertex -30.3048 -2.44686 13
      vertex -29.9 -2.02073 12.4
      vertex -30.4714 -2.35064 13
    endloop
  endfacet
  facet normal -0.362154 -0.627051 0.689675
    outer loop
      vertex -22.4952 2.44686 13
      vertex -22.9 2.02073 12.4
      vertex -22.3286 2.35064 13
    endloop
  endfacet
  facet normal -0.362065 -0.627117 0.689662
    outer loop
      vertex -22.9 2.02073 12.4
      vertex -22.4952 2.44686 13
      vertex -26.4 4.04145 12.4
    endloop
  endfacet
  facet normal 0.362066 -0.627122 0.689656
    outer loop
      vertex -26.4 4.04145 12.4
      vertex -26.4 4.70128 13
      vertex -30.3048 2.44686 13
    endloop
  endfacet
  facet normal -0.362066 -0.627122 0.689656
    outer loop
      vertex -22.4952 2.44686 13
      vertex -26.4 4.70128 13
      vertex -26.4 4.04145 12.4
    endloop
  endfacet
  facet normal -0.362154 0.627051 0.689675
    outer loop
      vertex -22.9 -2.02073 12.4
      vertex -22.4952 -2.44686 13
      vertex -22.3286 -2.35064 13
    endloop
  endfacet
  facet normal -0.362065 0.627117 0.689662
    outer loop
      vertex -22.4952 -2.44686 13
      vertex -22.9 -2.02073 12.4
      vertex -26.4 -4.04145 12.4
    endloop
  endfacet
  facet normal 0.362065 -0.627117 0.689662
    outer loop
      vertex -30.3048 2.44686 13
      vertex -29.9 2.02073 12.4
      vertex -26.4 4.04145 12.4
    endloop
  endfacet
  facet normal 0.362154 -0.627051 0.689675
    outer loop
      vertex -29.9 2.02073 12.4
      vertex -30.3048 2.44686 13
      vertex -30.4714 2.35064 13
    endloop
  endfacet
  facet normal -0.724155 0 0.689637
    outer loop
      vertex -22.9 -2.02073 12.4
      vertex -22.3286 2.35064 13
      vertex -22.9 2.02073 12.4
    endloop
  endfacet
  facet normal -0.724155 0 0.689637
    outer loop
      vertex -22.3286 2.35064 13
      vertex -22.9 -2.02073 12.4
      vertex -22.3286 -2.35064 13
    endloop
  endfacet
  facet normal 0.499999 -0.866026 0
    outer loop
      vertex -21.1 2.02073 1
      vertex -17.6 4.04145 12.4
      vertex -21.1 2.02073 12.4
    endloop
  endfacet
  facet normal 0.499999 -0.866026 0
    outer loop
      vertex -17.6 4.04145 12.4
      vertex -21.1 2.02073 1
      vertex -17.6 4.04145 1
    endloop
  endfacet
  facet normal -1 0 0
    outer loop
      vertex -14.1 -2.02073 1
      vertex -14.1 2.02073 12.4
      vertex -14.1 2.02073 1
    endloop
  endfacet
  facet normal -1 -0 0
    outer loop
      vertex -14.1 2.02073 12.4
      vertex -14.1 -2.02073 1
      vertex -14.1 -2.02073 12.4
    endloop
  endfacet
  facet normal 0.499999 0.866026 -0
    outer loop
      vertex -17.6 -4.04145 1
      vertex -21.1 -2.02073 12.4
      vertex -17.6 -4.04145 12.4
    endloop
  endfacet
  facet normal 0.499999 0.866026 0
    outer loop
      vertex -21.1 -2.02073 12.4
      vertex -17.6 -4.04145 1
      vertex -21.1 -2.02073 1
    endloop
  endfacet
  facet normal -0.499999 -0.866026 0
    outer loop
      vertex -17.6 4.04145 1
      vertex -14.1 2.02073 12.4
      vertex -17.6 4.04145 12.4
    endloop
  endfacet
  facet normal -0.499999 -0.866026 -0
    outer loop
      vertex -14.1 2.02073 12.4
      vertex -17.6 4.04145 1
      vertex -14.1 2.02073 1
    endloop
  endfacet
  facet normal -0.499999 0.866026 0
    outer loop
      vertex -14.1 -2.02073 1
      vertex -17.6 -4.04145 12.4
      vertex -14.1 -2.02073 12.4
    endloop
  endfacet
  facet normal -0.499999 0.866026 0
    outer loop
      vertex -17.6 -4.04145 12.4
      vertex -14.1 -2.02073 1
      vertex -17.6 -4.04145 1
    endloop
  endfacet
  facet normal 1 -0 0
    outer loop
      vertex -21.1 -2.02073 12.4
      vertex -21.1 2.02073 1
      vertex -21.1 2.02073 12.4
    endloop
  endfacet
  facet normal 1 0 0
    outer loop
      vertex -21.1 2.02073 1
      vertex -21.1 -2.02073 12.4
      vertex -21.1 -2.02073 1
    endloop
  endfacet
  facet normal 0 0 1
    outer loop
      vertex -17.6 4.04145 1
      vertex -14.1 -2.02073 1
      vertex -14.1 2.02073 1
    endloop
  endfacet
  facet normal 0 0 1
    outer loop
      vertex -17.6 4.04145 1
      vertex -17.6 -4.04145 1
      vertex -14.1 -2.02073 1
    endloop
  endfacet
  facet normal -0 0 1
    outer loop
      vertex -21.1 2.02073 1
      vertex -17.6 -4.04145 1
      vertex -17.6 4.04145 1
    endloop
  endfacet
  facet normal 0 0 1
    outer loop
      vertex -17.6 -4.04145 1
      vertex -21.1 2.02073 1
      vertex -21.1 -2.02073 1
    endloop
  endfacet
  facet normal -0.362066 0.627122 0.689656
    outer loop
      vertex -13.6952 -2.44686 13
      vertex -17.6 -4.04145 12.4
      vertex -17.6 -4.70128 13
    endloop
  endfacet
  facet normal 0.724155 0 0.689637
    outer loop
      vertex -21.6714 2.35064 13
      vertex -21.1 -2.02073 12.4
      vertex -21.1 2.02073 12.4
    endloop
  endfacet
  facet normal 0.724155 0 0.689637
    outer loop
      vertex -21.1 -2.02073 12.4
      vertex -21.6714 2.35064 13
      vertex -21.6714 -2.35064 13
    endloop
  endfacet
  facet normal 0.362066 0.627122 0.689656
    outer loop
      vertex -17.6 -4.70128 13
      vertex -17.6 -4.04145 12.4
      vertex -21.5048 -2.44686 13
    endloop
  endfacet
  facet normal 0.362065 0.627117 0.689662
    outer loop
      vertex -21.1 -2.02073 12.4
      vertex -21.5048 -2.44686 13
      vertex -17.6 -4.04145 12.4
    endloop
  endfacet
  facet normal 0.362154 0.627051 0.689675
    outer loop
      vertex -21.5048 -2.44686 13
      vertex -21.1 -2.02073 12.4
      vertex -21.6714 -2.35064 13
    endloop
  endfacet
  facet normal -0.362154 -0.627051 0.689675
    outer loop
      vertex -13.6952 2.44686 13
      vertex -14.1 2.02073 12.4
      vertex -13.5286 2.35064 13
    endloop
  endfacet
  facet normal -0.362065 -0.627117 0.689662
    outer loop
      vertex -14.1 2.02073 12.4
      vertex -13.6952 2.44686 13
      vertex -17.6 4.04145 12.4
    endloop
  endfacet
  facet normal 0.362066 -0.627122 0.689656
    outer loop
      vertex -17.6 4.04145 12.4
      vertex -17.6 4.70128 13
      vertex -21.5048 2.44686 13
    endloop
  endfacet
  facet normal -0.362066 -0.627122 0.689656
    outer loop
      vertex -13.6952 2.44686 13
      vertex -17.6 4.70128 13
      vertex -17.6 4.04145 12.4
    endloop
  endfacet
  facet normal -0.362154 0.627051 0.689675
    outer loop
      vertex -14.1 -2.02073 12.4
      vertex -13.6952 -2.44686 13
      vertex -13.5286 -2.35064 13
    endloop
  endfacet
  facet normal -0.362065 0.627117 0.689662
    outer loop
      vertex -13.6952 -2.44686 13
      vertex -14.1 -2.02073 12.4
      vertex -17.6 -4.04145 12.4
    endloop
  endfacet
  facet normal 0.362065 -0.627117 0.689662
    outer loop
      vertex -21.5048 2.44686 13
      vertex -21.1 2.02073 12.4
      vertex -17.6 4.04145 12.4
    endloop
  endfacet
  facet normal 0.362154 -0.627051 0.689675
    outer loop
      vertex -21.1 2.02073 12.4
      vertex -21.5048 2.44686 13
      vertex -21.6714 2.35064 13
    endloop
  endfacet
  facet normal -0.724155 0 0.689637
    outer loop
      vertex -14.1 -2.02073 12.4
      vertex -13.5286 2.35064 13
      vertex -14.1 2.02073 12.4
    endloop
  endfacet
  facet normal -0.724155 0 0.689637
    outer loop
      vertex -13.5286 2.35064 13
      vertex -14.1 -2.02073 12.4
      vertex -13.5286 -2.35064 13
    endloop
  endfacet
  facet normal 0.499999 -0.866026 0
    outer loop
      vertex -12.3 2.02073 1
      vertex -8.8 4.04145 12.4
      vertex -12.3 2.02073 12.4
    endloop
  endfacet
  facet normal 0.499999 -0.866026 0
    outer loop
      vertex -8.8 4.04145 12.4
      vertex -12.3 2.02073 1
      vertex -8.8 4.04145 1
    endloop
  endfacet
  facet normal -1 0 0
    outer loop
      vertex -5.3 -2.02073 1
      vertex -5.3 2.02073 12.4
      vertex -5.3 2.02073 1
    endloop
  endfacet
  facet normal -1 -0 0
    outer loop
      vertex -5.3 2.02073 12.4
      vertex -5.3 -2.02073 1
      vertex -5.3 -2.02073 12.4
    endloop
  endfacet
  facet normal 0.499999 0.866026 -0
    outer loop
      vertex -8.8 -4.04145 1
      vertex -12.3 -2.02073 12.4
      vertex -8.8 -4.04145 12.4
    endloop
  endfacet
  facet normal 0.499999 0.866026 0
    outer loop
      vertex -12.3 -2.02073 12.4
      vertex -8.8 -4.04145 1
      vertex -12.3 -2.02073 1
    endloop
  endfacet
  facet normal -0.499999 -0.866026 0
    outer loop
      vertex -8.8 4.04145 1
      vertex -5.3 2.02073 12.4
      vertex -8.8 4.04145 12.4
    endloop
  endfacet
  facet normal -0.499999 -0.866026 -0
    outer loop
      vertex -5.3 2.02073 12.4
      vertex -8.8 4.04145 1
      vertex -5.3 2.02073 1
    endloop
  endfacet
  facet normal -0.499999 0.866026 0
    outer loop
      vertex -5.3 -2.02073 1
      vertex -8.8 -4.04145 12.4
      vertex -5.3 -2.02073 12.4
    endloop
  endfacet
  facet normal -0.499999 0.866026 0
    outer loop
      vertex -8.8 -4.04145 12.4
      vertex -5.3 -2.02073 1
      vertex -8.8 -4.04145 1
    endloop
  endfacet
  facet normal 1 -0 0
    outer loop
      vertex -12.3 -2.02073 12.4
      vertex -12.3 2.02073 1
      vertex -12.3 2.02073 12.4
    endloop
  endfacet
  facet normal 1 0 0
    outer loop
      vertex -12.3 2.02073 1
      vertex -12.3 -2.02073 12.4
      vertex -12.3 -2.02073 1
    endloop
  endfacet
  facet normal 0 0 1
    outer loop
      vertex -8.8 4.04145 1
      vertex -5.3 -2.02073 1
      vertex -5.3 2.02073 1
    endloop
  endfacet
  facet normal 0 0 1
    outer loop
      vertex -8.8 4.04145 1
      vertex -8.8 -4.04145 1
      vertex -5.3 -2.02073 1
    endloop
  endfacet
  facet normal -0 0 1
    outer loop
      vertex -12.3 2.02073 1
      vertex -8.8 -4.04145 1
      vertex -8.8 4.04145 1
    endloop
  endfacet
  facet normal 0 0 1
    outer loop
      vertex -8.8 -4.04145 1
      vertex -12.3 2.02073 1
      vertex -12.3 -2.02073 1
    endloop
  endfacet
  facet normal -0.362069 0.627121 0.689656
    outer loop
      vertex -4.89524 -2.44686 13
      vertex -8.8 -4.04145 12.4
      vertex -8.8 -4.70128 13
    endloop
  endfacet
  facet normal 0.724155 0 0.689637
    outer loop
      vertex -12.8714 2.35064 13
      vertex -12.3 -2.02073 12.4
      vertex -12.3 2.02073 12.4
    endloop
  endfacet
  facet normal 0.724155 0 0.689637
    outer loop
      vertex -12.3 -2.02073 12.4
      vertex -12.8714 2.35064 13
      vertex -12.8714 -2.35064 13
    endloop
  endfacet
  facet normal 0.362066 0.627122 0.689656
    outer loop
      vertex -8.8 -4.70128 13
      vertex -8.8 -4.04145 12.4
      vertex -12.7048 -2.44686 13
    endloop
  endfacet
  facet normal 0.362065 0.627117 0.689662
    outer loop
      vertex -12.3 -2.02073 12.4
      vertex -12.7048 -2.44686 13
      vertex -8.8 -4.04145 12.4
    endloop
  endfacet
  facet normal 0.362154 0.627051 0.689675
    outer loop
      vertex -12.7048 -2.44686 13
      vertex -12.3 -2.02073 12.4
      vertex -12.8714 -2.35064 13
    endloop
  endfacet
  facet normal -0.362053 -0.62714 0.689647
    outer loop
      vertex -4.89524 2.44686 13
      vertex -5.3 2.02073 12.4
      vertex -4.72857 2.35064 13
    endloop
  endfacet
  facet normal -0.362071 -0.627127 0.689649
    outer loop
      vertex -5.3 2.02073 12.4
      vertex -4.89524 2.44686 13
      vertex -8.8 4.04145 12.4
    endloop
  endfacet
  facet normal 0.362066 -0.627122 0.689656
    outer loop
      vertex -8.8 4.04145 12.4
      vertex -8.8 4.70128 13
      vertex -12.7048 2.44686 13
    endloop
  endfacet
  facet normal -0.362069 -0.627121 0.689656
    outer loop
      vertex -4.89524 2.44686 13
      vertex -8.8 4.70128 13
      vertex -8.8 4.04145 12.4
    endloop
  endfacet
  facet normal -0.362053 0.62714 0.689647
    outer loop
      vertex -5.3 -2.02073 12.4
      vertex -4.89524 -2.44686 13
      vertex -4.72857 -2.35064 13
    endloop
  endfacet
  facet normal -0.362071 0.627127 0.689649
    outer loop
      vertex -4.89524 -2.44686 13
      vertex -5.3 -2.02073 12.4
      vertex -8.8 -4.04145 12.4
    endloop
  endfacet
  facet normal 0.362065 -0.627117 0.689662
    outer loop
      vertex -12.7048 2.44686 13
      vertex -12.3 2.02073 12.4
      vertex -8.8 4.04145 12.4
    endloop
  endfacet
  facet normal 0.362154 -0.627051 0.689675
    outer loop
      vertex -12.3 2.02073 12.4
      vertex -12.7048 2.44686 13
      vertex -12.8714 2.35064 13
    endloop
  endfacet
  facet normal -0.724137 0 0.689656
    outer loop
      vertex -5.3 -2.02073 12.4
      vertex -4.72857 2.35064 13
      vertex -5.3 2.02073 12.4
    endloop
  endfacet
  facet normal -0.724137 0 0.689656
    outer loop
      vertex -4.72857 2.35064 13
      vertex -5.3 -2.02073 12.4
      vertex -4.72857 -2.35064 13
    endloop
  endfacet
  facet normal 0.499999 -0.866026 0
    outer loop
      vertex -3.5 2.02073 1
      vertex 0 4.04145 12.4
      vertex -3.5 2.02073 12.4
    endloop
  endfacet
  facet normal 0.499999 -0.866026 0
    outer loop
      vertex 0 4.04145 12.4
      vertex -3.5 2.02073 1
      vertex 0 4.04145 1
    endloop
  endfacet
  facet normal -1 0 0
    outer loop
      vertex 3.5 -2.02073 1
      vertex 3.5 2.02073 12.4
      vertex 3.5 2.02073 1
    endloop
  endfacet
  facet normal -1 -0 0
    outer loop
      vertex 3.5 2.02073 12.4
      vertex 3.5 -2.02073 1
      vertex 3.5 -2.02073 12.4
    endloop
  endfacet
  facet normal 0.499999 0.866026 -0
    outer loop
      vertex 0 -4.04145 1
      vertex -3.5 -2.02073 12.4
      vertex 0 -4.04145 12.4
    endloop
  endfacet
  facet normal 0.499999 0.866026 0
    outer loop
      vertex -3.5 -2.02073 12.4
      vertex 0 -4.04145 1
      vertex -3.5 -2.02073 1
    endloop
  endfacet
  facet normal -0.499999 -0.866026 0
    outer loop
      vertex 0 4.04145 1
      vertex 3.5 2.02073 12.4
      vertex 0 4.04145 12.4
    endloop
  endfacet
  facet normal -0.499999 -0.866026 -0
    outer loop
      vertex 3.5 2.02073 12.4
      vertex 0 4.04145 1
      vertex 3.5 2.02073 1
    endloop
  endfacet
  facet normal -0.499999 0.866026 0
    outer loop
      vertex 3.5 -2.02073 1
      vertex 0 -4.04145 12.4
      vertex 3.5 -2.02073 12.4
    endloop
  endfacet
  facet normal -0.499999 0.866026 0
    outer loop
      vertex 0 -4.04145 12.4
      vertex 3.5 -2.02073 1
      vertex 0 -4.04145 1
    endloop
  endfacet
  facet normal 1 -0 0
    outer loop
      vertex -3.5 -2.02073 12.4
      vertex -3.5 2.02073 1
      vertex -3.5 2.02073 12.4
    endloop
  endfacet
  facet normal 1 0 0
    outer loop
      vertex -3.5 2.02073 1
      vertex -3.5 -2.02073 12.4
      vertex -3.5 -2.02073 1
    endloop
  endfacet
  facet normal 0 0 1
    outer loop
      vertex 0 4.04145 1
      vertex 3.5 -2.02073 1
      vertex 3.5 2.02073 1
    endloop
  endfacet
  facet normal 0 0 1
    outer loop
      vertex 0 4.04145 1
      vertex 0 -4.04145 1
      vertex 3.5 -2.02073 1
    endloop
  endfacet
  facet normal -0 0 1
    outer loop
      vertex -3.5 2.02073 1
      vertex 0 -4.04145 1
      vertex 0 4.04145 1
    endloop
  endfacet
  facet normal 0 0 1
    outer loop
      vertex 0 -4.04145 1
      vertex -3.5 2.02073 1
      vertex -3.5 -2.02073 1
    endloop
  endfacet
  facet normal -0.362069 0.627121 0.689656
    outer loop
      vertex 3.90476 -2.44686 13
      vertex 0 -4.04145 12.4
      vertex 0 -4.70128 13
    endloop
  endfacet
  facet normal 0.724137 0 0.689656
    outer loop
      vertex -4.07143 2.35064 13
      vertex -3.5 -2.02073 12.4
      vertex -3.5 2.02073 12.4
    endloop
  endfacet
  facet normal 0.724137 0 0.689656
    outer loop
      vertex -3.5 -2.02073 12.4
      vertex -4.07143 2.35064 13
      vertex -4.07143 -2.35064 13
    endloop
  endfacet
  facet normal 0.362069 0.627121 0.689656
    outer loop
      vertex 0 -4.70128 13
      vertex 0 -4.04145 12.4
      vertex -3.90476 -2.44686 13
    endloop
  endfacet
  facet normal 0.362071 0.627127 0.689649
    outer loop
      vertex -3.5 -2.02073 12.4
      vertex -3.90476 -2.44686 13
      vertex 0 -4.04145 12.4
    endloop
  endfacet
  facet normal 0.362053 0.62714 0.689647
    outer loop
      vertex -3.90476 -2.44686 13
      vertex -3.5 -2.02073 12.4
      vertex -4.07143 -2.35064 13
    endloop
  endfacet
  facet normal -0.362053 -0.62714 0.689647
    outer loop
      vertex 3.90476 2.44686 13
      vertex 3.5 2.02073 12.4
      vertex 4.07143 2.35064 13
    endloop
  endfacet
  facet normal -0.362071 -0.627127 0.689649
    outer loop
      vertex 3.5 2.02073 12.4
      vertex 3.90476 2.44686 13
      vertex 0 4.04145 12.4
    endloop
  endfacet
  facet normal 0.362069 -0.627121 0.689656
    outer loop
      vertex 0 4.04145 12.4
      vertex 0 4.70128 13
      vertex -3.90476 2.44686 13
    endloop
  endfacet
  facet normal -0.362069 -0.627121 0.689656
    outer loop
      vertex 3.90476 2.44686 13
      vertex 0 4.70128 13
      vertex 0 4.04145 12.4
    endloop
  endfacet
  facet normal -0.362053 0.62714 0.689647
    outer loop
      vertex 3.5 -2.02073 12.4
      vertex 3.90476 -2.44686 13
      vertex 4.07143 -2.35064 13
    endloop
  endfacet
  facet normal -0.362071 0.627127 0.689649
    outer loop
      vertex 3.90476 -2.44686 13
      vertex 3.5 -2.02073 12.4
      vertex 0 -4.04145 12.4
    endloop
  endfacet
  facet normal 0.362071 -0.627127 0.689649
    outer loop
      vertex -3.90476 2.44686 13
      vertex -3.5 2.02073 12.4
      vertex 0 4.04145 12.4
    endloop
  endfacet
  facet normal 0.362053 -0.62714 0.689647
    outer loop
      vertex -3.5 2.02073 12.4
      vertex -3.90476 2.44686 13
      vertex -4.07143 2.35064 13
    endloop
  endfacet
  facet normal -0.724137 0 0.689656
    outer loop
      vertex 3.5 -2.02073 12.4
      vertex 4.07143 2.35064 13
      vertex 3.5 2.02073 12.4
    endloop
  endfacet
  facet normal -0.724137 0 0.689656
    outer loop
      vertex 4.07143 2.35064 13
      vertex 3.5 -2.02073 12.4
      vertex 4.07143 -2.35064 13
    endloop
  endfacet
  facet normal 0.499999 -0.866026 0
    outer loop
      vertex 5.3 2.02073 1
      vertex 8.8 4.04145 12.4
      vertex 5.3 2.02073 12.4
    endloop
  endfacet
  facet normal 0.499999 -0.866026 0
    outer loop
      vertex 8.8 4.04145 12.4
      vertex 5.3 2.02073 1
      vertex 8.8 4.04145 1
    endloop
  endfacet
  facet normal -1 0 0
    outer loop
      vertex 12.3 -2.02073 1
      vertex 12.3 2.02073 12.4
      vertex 12.3 2.02073 1
    endloop
  endfacet
  facet normal -1 -0 0
    outer loop
      vertex 12.3 2.02073 12.4
      vertex 12.3 -2.02073 1
      vertex 12.3 -2.02073 12.4
    endloop
  endfacet
  facet normal 0.499999 0.866026 -0
    outer loop
      vertex 8.8 -4.04145 1
      vertex 5.3 -2.02073 12.4
      vertex 8.8 -4.04145 12.4
    endloop
  endfacet
  facet normal 0.499999 0.866026 0
    outer loop
      vertex 5.3 -2.02073 12.4
      vertex 8.8 -4.04145 1
      vertex 5.3 -2.02073 1
    endloop
  endfacet
  facet normal -0.499999 -0.866026 0
    outer loop
      vertex 8.8 4.04145 1
      vertex 12.3 2.02073 12.4
      vertex 8.8 4.04145 12.4
    endloop
  endfacet
  facet normal -0.499999 -0.866026 -0
    outer loop
      vertex 12.3 2.02073 12.4
      vertex 8.8 4.04145 1
      vertex 12.3 2.02073 1
    endloop
  endfacet
  facet normal -0.499999 0.866026 0
    outer loop
      vertex 12.3 -2.02073 1
      vertex 8.8 -4.04145 12.4
      vertex 12.3 -2.02073 12.4
    endloop
  endfacet
  facet normal -0.499999 0.866026 0
    outer loop
      vertex 8.8 -4.04145 12.4
      vertex 12.3 -2.02073 1
      vertex 8.8 -4.04145 1
    endloop
  endfacet
  facet normal 1 -0 0
    outer loop
      vertex 5.3 -2.02073 12.4
      vertex 5.3 2.02073 1
      vertex 5.3 2.02073 12.4
    endloop
  endfacet
  facet normal 1 0 0
    outer loop
      vertex 5.3 2.02073 1
      vertex 5.3 -2.02073 12.4
      vertex 5.3 -2.02073 1
    endloop
  endfacet
  facet normal 0 0 1
    outer loop
      vertex 8.8 4.04145 1
      vertex 12.3 -2.02073 1
      vertex 12.3 2.02073 1
    endloop
  endfacet
  facet normal 0 0 1
    outer loop
      vertex 8.8 4.04145 1
      vertex 8.8 -4.04145 1
      vertex 12.3 -2.02073 1
    endloop
  endfacet
  facet normal -0 0 1
    outer loop
      vertex 5.3 2.02073 1
      vertex 8.8 -4.04145 1
      vertex 8.8 4.04145 1
    endloop
  endfacet
  facet normal 0 0 1
    outer loop
      vertex 8.8 -4.04145 1
      vertex 5.3 2.02073 1
      vertex 5.3 -2.02073 1
    endloop
  endfacet
  facet normal -0.362066 0.627122 0.689656
    outer loop
      vertex 12.7048 -2.44686 13
      vertex 8.8 -4.04145 12.4
      vertex 8.8 -4.70128 13
    endloop
  endfacet
  facet normal 0.724137 0 0.689656
    outer loop
      vertex 4.72857 2.35064 13
      vertex 5.3 -2.02073 12.4
      vertex 5.3 2.02073 12.4
    endloop
  endfacet
  facet normal 0.724137 0 0.689656
    outer loop
      vertex 5.3 -2.02073 12.4
      vertex 4.72857 2.35064 13
      vertex 4.72857 -2.35064 13
    endloop
  endfacet
  facet normal 0.362069 0.627121 0.689656
    outer loop
      vertex 8.8 -4.70128 13
      vertex 8.8 -4.04145 12.4
      vertex 4.89524 -2.44686 13
    endloop
  endfacet
  facet normal 0.362071 0.627127 0.689649
    outer loop
      vertex 5.3 -2.02073 12.4
      vertex 4.89524 -2.44686 13
      vertex 8.8 -4.04145 12.4
    endloop
  endfacet
  facet normal 0.362053 0.62714 0.689647
    outer loop
      vertex 4.89524 -2.44686 13
      vertex 5.3 -2.02073 12.4
      vertex 4.72857 -2.35064 13
    endloop
  endfacet
  facet normal -0.362154 -0.627051 0.689675
    outer loop
      vertex 12.7048 2.44686 13
      vertex 12.3 2.02073 12.4
      vertex 12.8714 2.35064 13
    endloop
  endfacet
  facet normal -0.362065 -0.627117 0.689662
    outer loop
      vertex 12.3 2.02073 12.4
      vertex 12.7048 2.44686 13
      vertex 8.8 4.04145 12.4
    endloop
  endfacet
  facet normal 0.362069 -0.627121 0.689656
    outer loop
      vertex 8.8 4.04145 12.4
      vertex 8.8 4.70128 13
      vertex 4.89524 2.44686 13
    endloop
  endfacet
  facet normal -0.362066 -0.627122 0.689656
    outer loop
      vertex 12.7048 2.44686 13
      vertex 8.8 4.70128 13
      vertex 8.8 4.04145 12.4
    endloop
  endfacet
  facet normal -0.362154 0.627051 0.689675
    outer loop
      vertex 12.3 -2.02073 12.4
      vertex 12.7048 -2.44686 13
      vertex 12.8714 -2.35064 13
    endloop
  endfacet
  facet normal -0.362065 0.627117 0.689662
    outer loop
      vertex 12.7048 -2.44686 13
      vertex 12.3 -2.02073 12.4
      vertex 8.8 -4.04145 12.4
    endloop
  endfacet
  facet normal 0.362071 -0.627127 0.689649
    outer loop
      vertex 4.89524 2.44686 13
      vertex 5.3 2.02073 12.4
      vertex 8.8 4.04145 12.4
    endloop
  endfacet
  facet normal 0.362053 -0.62714 0.689647
    outer loop
      vertex 5.3 2.02073 12.4
      vertex 4.89524 2.44686 13
      vertex 4.72857 2.35064 13
    endloop
  endfacet
  facet normal -0.724155 0 0.689637
    outer loop
      vertex 12.3 -2.02073 12.4
      vertex 12.8714 2.35064 13
      vertex 12.3 2.02073 12.4
    endloop
  endfacet
  facet normal -0.724155 0 0.689637
    outer loop
      vertex 12.8714 2.35064 13
      vertex 12.3 -2.02073 12.4
      vertex 12.8714 -2.35064 13
    endloop
  endfacet
  facet normal 0.499999 -0.866026 0
    outer loop
      vertex 14.1 2.02073 1
      vertex 17.6 4.04145 12.4
      vertex 14.1 2.02073 12.4
    endloop
  endfacet
  facet normal 0.499999 -0.866026 0
    outer loop
      vertex 17.6 4.04145 12.4
      vertex 14.1 2.02073 1
      vertex 17.6 4.04145 1
    endloop
  endfacet
  facet normal -1 0 0
    outer loop
      vertex 21.1 -2.02073 1
      vertex 21.1 2.02073 12.4
      vertex 21.1 2.02073 1
    endloop
  endfacet
  facet normal -1 -0 0
    outer loop
      vertex 21.1 2.02073 12.4
      vertex 21.1 -2.02073 1
      vertex 21.1 -2.02073 12.4
    endloop
  endfacet
  facet normal 0.499999 0.866026 -0
    outer loop
      vertex 17.6 -4.04145 1
      vertex 14.1 -2.02073 12.4
      vertex 17.6 -4.04145 12.4
    endloop
  endfacet
  facet normal 0.499999 0.866026 0
    outer loop
      vertex 14.1 -2.02073 12.4
      vertex 17.6 -4.04145 1
      vertex 14.1 -2.02073 1
    endloop
  endfacet
  facet normal -0.499999 -0.866026 0
    outer loop
      vertex 17.6 4.04145 1
      vertex 21.1 2.02073 12.4
      vertex 17.6 4.04145 12.4
    endloop
  endfacet
  facet normal -0.499999 -0.866026 -0
    outer loop
      vertex 21.1 2.02073 12.4
      vertex 17.6 4.04145 1
      vertex 21.1 2.02073 1
    endloop
  endfacet
  facet normal -0.499999 0.866026 0
    outer loop
      vertex 21.1 -2.02073 1
      vertex 17.6 -4.04145 12.4
      vertex 21.1 -2.02073 12.4
    endloop
  endfacet
  facet normal -0.499999 0.866026 0
    outer loop
      vertex 17.6 -4.04145 12.4
      vertex 21.1 -2.02073 1
      vertex 17.6 -4.04145 1
    endloop
  endfacet
  facet normal 1 -0 0
    outer loop
      vertex 14.1 -2.02073 12.4
      vertex 14.1 2.02073 1
      vertex 14.1 2.02073 12.4
    endloop
  endfacet
  facet normal 1 0 0
    outer loop
      vertex 14.1 2.02073 1
      vertex 14.1 -2.02073 12.4
      vertex 14.1 -2.02073 1
    endloop
  endfacet
  facet normal 0 0 1
    outer loop
      vertex 17.6 4.04145 1
      vertex 21.1 -2.02073 1
      vertex 21.1 2.02073 1
    endloop
  endfacet
  facet normal 0 0 1
    outer loop
      vertex 17.6 4.04145 1
      vertex 17.6 -4.04145 1
      vertex 21.1 -2.02073 1
    endloop
  endfacet
  facet normal -0 0 1
    outer loop
      vertex 14.1 2.02073 1
      vertex 17.6 -4.04145 1
      vertex 17.6 4.04145 1
    endloop
  endfacet
  facet normal 0 0 1
    outer loop
      vertex 17.6 -4.04145 1
      vertex 14.1 2.02073 1
      vertex 14.1 -2.02073 1
    endloop
  endfacet
  facet normal -0.362066 0.627122 0.689656
    outer loop
      vertex 21.5048 -2.44686 13
      vertex 17.6 -4.04145 12.4
      vertex 17.6 -4.70128 13
    endloop
  endfacet
  facet normal 0.724155 0 0.689637
    outer loop
      vertex 13.5286 2.35064 13
      vertex 14.1 -2.02073 12.4
      vertex 14.1 2.02073 12.4
    endloop
  endfacet
  facet normal 0.724155 0 0.689637
    outer loop
      vertex 14.1 -2.02073 12.4
      vertex 13.5286 2.35064 13
      vertex 13.5286 -2.35064 13
    endloop
  endfacet
  facet normal 0.362066 0.627122 0.689656
    outer loop
      vertex 17.6 -4.70128 13
      vertex 17.6 -4.04145 12.4
      vertex 13.6952 -2.44686 13
    endloop
  endfacet
  facet normal 0.362065 0.627117 0.689662
    outer loop
      vertex 14.1 -2.02073 12.4
      vertex 13.6952 -2.44686 13
      vertex 17.6 -4.04145 12.4
    endloop
  endfacet
  facet normal 0.362154 0.627051 0.689675
    outer loop
      vertex 13.6952 -2.44686 13
      vertex 14.1 -2.02073 12.4
      vertex 13.5286 -2.35064 13
    endloop
  endfacet
  facet normal -0.362154 -0.627051 0.689675
    outer loop
      vertex 21.5048 2.44686 13
      vertex 21.1 2.02073 12.4
      vertex 21.6714 2.35064 13
    endloop
  endfacet
  facet normal -0.362065 -0.627117 0.689662
    outer loop
      vertex 21.1 2.02073 12.4
      vertex 21.5048 2.44686 13
      vertex 17.6 4.04145 12.4
    endloop
  endfacet
  facet normal 0.362066 -0.627122 0.689656
    outer loop
      vertex 17.6 4.04145 12.4
      vertex 17.6 4.70128 13
      vertex 13.6952 2.44686 13
    endloop
  endfacet
  facet normal -0.362066 -0.627122 0.689656
    outer loop
      vertex 21.5048 2.44686 13
      vertex 17.6 4.70128 13
      vertex 17.6 4.04145 12.4
    endloop
  endfacet
  facet normal -0.362154 0.627051 0.689675
    outer loop
      vertex 21.1 -2.02073 12.4
      vertex 21.5048 -2.44686 13
      vertex 21.6714 -2.35064 13
    endloop
  endfacet
  facet normal -0.362065 0.627117 0.689662
    outer loop
      vertex 21.5048 -2.44686 13
      vertex 21.1 -2.02073 12.4
      vertex 17.6 -4.04145 12.4
    endloop
  endfacet
  facet normal 0.362065 -0.627117 0.689662
    outer loop
      vertex 13.6952 2.44686 13
      vertex 14.1 2.02073 12.4
      vertex 17.6 4.04145 12.4
    endloop
  endfacet
  facet normal 0.362154 -0.627051 0.689675
    outer loop
      vertex 14.1 2.02073 12.4
      vertex 13.6952 2.44686 13
      vertex 13.5286 2.35064 13
    endloop
  endfacet
  facet normal -0.724155 0 0.689637
    outer loop
      vertex 21.1 -2.02073 12.4
      vertex 21.6714 2.35064 13
      vertex 21.1 2.02073 12.4
    endloop
  endfacet
  facet normal -0.724155 0 0.689637
    outer loop
      vertex 21.6714 2.35064 13
      vertex 21.1 -2.02073 12.4
      vertex 21.6714 -2.35064 13
    endloop
  endfacet
  facet normal 0.499999 -0.866026 0
    outer loop
      vertex 22.9 2.02073 1
      vertex 26.4 4.04145 12.4
      vertex 22.9 2.02073 12.4
    endloop
  endfacet
  facet normal 0.499999 -0.866026 0
    outer loop
      vertex 26.4 4.04145 12.4
      vertex 22.9 2.02073 1
      vertex 26.4 4.04145 1
    endloop
  endfacet
  facet normal -1 0 0
    outer loop
      vertex 29.9 -2.02073 1
      vertex 29.9 2.02073 12.4
      vertex 29.9 2.02073 1
    endloop
  endfacet
  facet normal -1 -0 0
    outer loop
      vertex 29.9 2.02073 12.4
      vertex 29.9 -2.02073 1
      vertex 29.9 -2.02073 12.4
    endloop
  endfacet
  facet normal 0.499999 0.866026 -0
    outer loop
      vertex 26.4 -4.04145 1
      vertex 22.9 -2.02073 12.4
      vertex 26.4 -4.04145 12.4
    endloop
  endfacet
  facet normal 0.499999 0.866026 0
    outer loop
      vertex 22.9 -2.02073 12.4
      vertex 26.4 -4.04145 1
      vertex 22.9 -2.02073 1
    endloop
  endfacet
  facet normal -0.499999 -0.866026 0
    outer loop
      vertex 26.4 4.04145 1
      vertex 29.9 2.02073 12.4
      vertex 26.4 4.04145 12.4
    endloop
  endfacet
  facet normal -0.499999 -0.866026 -0
    outer loop
      vertex 29.9 2.02073 12.4
      vertex 26.4 4.04145 1
      vertex 29.9 2.02073 1
    endloop
  endfacet
  facet normal -0.499999 0.866026 0
    outer loop
      vertex 29.9 -2.02073 1
      vertex 26.4 -4.04145 12.4
      vertex 29.9 -2.02073 12.4
    endloop
  endfacet
  facet normal -0.499999 0.866026 0
    outer loop
      vertex 26.4 -4.04145 12.4
      vertex 29.9 -2.02073 1
      vertex 26.4 -4.04145 1
    endloop
  endfacet
  facet normal 1 -0 0
    outer loop
      vertex 22.9 -2.02073 12.4
      vertex 22.9 2.02073 1
      vertex 22.9 2.02073 12.4
    endloop
  endfacet
  facet normal 1 0 0
    outer loop
      vertex 22.9 2.02073 1
      vertex 22.9 -2.02073 12.4
      vertex 22.9 -2.02073 1
    endloop
  endfacet
  facet normal 0 0 1
    outer loop
      vertex 26.4 4.04145 1
      vertex 29.9 -2.02073 1
      vertex 29.9 2.02073 1
    endloop
  endfacet
  facet normal 0 0 1
    outer loop
      vertex 26.4 4.04145 1
      vertex 26.4 -4.04145 1
      vertex 29.9 -2.02073 1
    endloop
  endfacet
  facet normal -0 0 1
    outer loop
      vertex 22.9 2.02073 1
      vertex 26.4 -4.04145 1
      vertex 26.4 4.04145 1
    endloop
  endfacet
  facet normal 0 0 1
    outer loop
      vertex 26.4 -4.04145 1
      vertex 22.9 2.02073 1
      vertex 22.9 -2.02073 1
    endloop
  endfacet
  facet normal -0.362066 0.627122 0.689656
    outer loop
      vertex 30.3048 -2.44686 13
      vertex 26.4 -4.04145 12.4
      vertex 26.4 -4.70128 13
    endloop
  endfacet
  facet normal 0.724155 0 0.689637
    outer loop
      vertex 22.3286 2.35064 13
      vertex 22.9 -2.02073 12.4
      vertex 22.9 2.02073 12.4
    endloop
  endfacet
  facet normal 0.724155 0 0.689637
    outer loop
      vertex 22.9 -2.02073 12.4
      vertex 22.3286 2.35064 13
      vertex 22.3286 -2.35064 13
    endloop
  endfacet
  facet normal 0.362066 0.627122 0.689656
    outer loop
      vertex 26.4 -4.70128 13
      vertex 26.4 -4.04145 12.4
      vertex 22.4952 -2.44686 13
    endloop
  endfacet
  facet normal 0.362065 0.627117 0.689662
    outer loop
      vertex 22.9 -2.02073 12.4
      vertex 22.4952 -2.44686 13
      vertex 26.4 -4.04145 12.4
    endloop
  endfacet
  facet normal 0.362154 0.627051 0.689675
    outer loop
      vertex 22.4952 -2.44686 13
      vertex 22.9 -2.02073 12.4
      vertex 22.3286 -2.35064 13
    endloop
  endfacet
  facet normal -0.362154 -0.627051 0.689675
    outer loop
      vertex 30.3048 2.44686 13
      vertex 29.9 2.02073 12.4
      vertex 30.4714 2.35064 13
    endloop
  endfacet
  facet normal -0.362065 -0.627117 0.689662
    outer loop
      vertex 29.9 2.02073 12.4
      vertex 30.3048 2.44686 13
      vertex 26.4 4.04145 12.4
    endloop
  endfacet
  facet normal 0.362066 -0.627122 0.689656
    outer loop
      vertex 26.4 4.04145 12.4
      vertex 26.4 4.70128 13
      vertex 22.4952 2.44686 13
    endloop
  endfacet
  facet normal -0.362066 -0.627122 0.689656
    outer loop
      vertex 30.3048 2.44686 13
      vertex 26.4 4.70128 13
      vertex 26.4 4.04145 12.4
    endloop
  endfacet
  facet normal -0.362154 0.627051 0.689675
    outer loop
      vertex 29.9 -2.02073 12.4
      vertex 30.3048 -2.44686 13
      vertex 30.4714 -2.35064 13
    endloop
  endfacet
  facet normal -0.362065 0.627117 0.689662
    outer loop
      vertex 30.3048 -2.44686 13
      vertex 29.9 -2.02073 12.4
      vertex 26.4 -4.04145 12.4
    endloop
  endfacet
  facet normal 0.362065 -0.627117 0.689662
    outer loop
      vertex 22.4952 2.44686 13
      vertex 22.9 2.02073 12.4
      vertex 26.4 4.04145 12.4
    endloop
  endfacet
  facet normal 0.362154 -0.627051 0.689675
    outer loop
      vertex 22.9 2.02073 12.4
      vertex 22.4952 2.44686 13
      vertex 22.3286 2.35064 13
    endloop
  endfacet
  facet normal -0.724155 0 0.689637
    outer loop
      vertex 29.9 -2.02073 12.4
      vertex 30.4714 2.35064 13
      vertex 29.9 2.02073 12.4
    endloop
  endfacet
  facet normal -0.724155 0 0.689637
    outer loop
      vertex 30.4714 2.35064 13
      vertex 29.9 -2.02073 12.4
      vertex 30.4714 -2.35064 13
    endloop
  endfacet
  facet normal 0.499999 -0.866026 0
    outer loop
      vertex 31.7 2.02073 1
      vertex 35.2 4.04145 12.4
      vertex 31.7 2.02073 12.4
    endloop
  endfacet
  facet normal 0.499999 -0.866026 0
    outer loop
      vertex 35.2 4.04145 12.4
      vertex 31.7 2.02073 1
      vertex 35.2 4.04145 1
    endloop
  endfacet
  facet normal -1 0 0
    outer loop
      vertex 38.7 -2.02073 1
      vertex 38.7 2.02073 12.4
      vertex 38.7 2.02073 1
    endloop
  endfacet
  facet normal -1 -0 0
    outer loop
      vertex 38.7 2.02073 12.4
      vertex 38.7 -2.02073 1
      vertex 38.7 -2.02073 12.4
    endloop
  endfacet
  facet normal 0.499999 0.866026 -0
    outer loop
      vertex 35.2 -4.04145 1
      vertex 31.7 -2.02073 12.4
      vertex 35.2 -4.04145 12.4
    endloop
  endfacet
  facet normal 0.499999 0.866026 0
    outer loop
      vertex 31.7 -2.02073 12.4
      vertex 35.2 -4.04145 1
      vertex 31.7 -2.02073 1
    endloop
  endfacet
  facet normal -0.499999 -0.866026 0
    outer loop
      vertex 35.2 4.04145 1
      vertex 38.7 2.02073 12.4
      vertex 35.2 4.04145 12.4
    endloop
  endfacet
  facet normal -0.499999 -0.866026 -0
    outer loop
      vertex 38.7 2.02073 12.4
      vertex 35.2 4.04145 1
      vertex 38.7 2.02073 1
    endloop
  endfacet
  facet normal -0.499999 0.866026 0
    outer loop
      vertex 38.7 -2.02073 1
      vertex 35.2 -4.04145 12.4
      vertex 38.7 -2.02073 12.4
    endloop
  endfacet
  facet normal -0.499999 0.866026 0
    outer loop
      vertex 35.2 -4.04145 12.4
      vertex 38.7 -2.02073 1
      vertex 35.2 -4.04145 1
    endloop
  endfacet
  facet normal 1 -0 0
    outer loop
      vertex 31.7 -2.02073 12.4
      vertex 31.7 2.02073 1
      vertex 31.7 2.02073 12.4
    endloop
  endfacet
  facet normal 1 0 0
    outer loop
      vertex 31.7 2.02073 1
      vertex 31.7 -2.02073 12.4
      vertex 31.7 -2.02073 1
    endloop
  endfacet
  facet normal 0 0 1
    outer loop
      vertex 35.2 4.04145 1
      vertex 38.7 -2.02073 1
      vertex 38.7 2.02073 1
    endloop
  endfacet
  facet normal 0 0 1
    outer loop
      vertex 35.2 4.04145 1
      vertex 35.2 -4.04145 1
      vertex 38.7 -2.02073 1
    endloop
  endfacet
  facet normal -0 0 1
    outer loop
      vertex 31.7 2.02073 1
      vertex 35.2 -4.04145 1
      vertex 35.2 4.04145 1
    endloop
  endfacet
  facet normal 0 0 1
    outer loop
      vertex 35.2 -4.04145 1
      vertex 31.7 2.02073 1
      vertex 31.7 -2.02073 1
    endloop
  endfacet
  facet normal -0.362066 0.627122 0.689656
    outer loop
      vertex 39.1048 -2.44686 13
      vertex 35.2 -4.04145 12.4
      vertex 35.2 -4.70128 13
    endloop
  endfacet
  facet normal 0.724155 0 0.689637
    outer loop
      vertex 31.1286 2.35064 13
      vertex 31.7 -2.02073 12.4
      vertex 31.7 2.02073 12.4
    endloop
  endfacet
  facet normal 0.724155 0 0.689637
    outer loop
      vertex 31.7 -2.02073 12.4
      vertex 31.1286 2.35064 13
      vertex 31.1286 -2.35064 13
    endloop
  endfacet
  facet normal 0.362066 0.627122 0.689656
    outer loop
      vertex 35.2 -4.70128 13
      vertex 35.2 -4.04145 12.4
      vertex 31.2952 -2.44686 13
    endloop
  endfacet
  facet normal 0.362065 0.627117 0.689662
    outer loop
      vertex 31.7 -2.02073 12.4
      vertex 31.2952 -2.44686 13
      vertex 35.2 -4.04145 12.4
    endloop
  endfacet
  facet normal 0.362154 0.627051 0.689675
    outer loop
      vertex 31.2952 -2.44686 13
      vertex 31.7 -2.02073 12.4
      vertex 31.1286 -2.35064 13
    endloop
  endfacet
  facet normal -0.362154 -0.627051 0.689675
    outer loop
      vertex 39.1048 2.44686 13
      vertex 38.7 2.02073 12.4
      vertex 39.2714 2.35064 13
    endloop
  endfacet
  facet normal -0.362065 -0.627117 0.689662
    outer loop
      vertex 38.7 2.02073 12.4
      vertex 39.1048 2.44686 13
      vertex 35.2 4.04145 12.4
    endloop
  endfacet
  facet normal 0.362066 -0.627122 0.689656
    outer loop
      vertex 35.2 4.04145 12.4
      vertex 35.2 4.70128 13
      vertex 31.2952 2.44686 13
    endloop
  endfacet
  facet normal -0.362066 -0.627122 0.689656
    outer loop
      vertex 39.1048 2.44686 13
      vertex 35.2 4.70128 13
      vertex 35.2 4.04145 12.4
    endloop
  endfacet
  facet normal -0.362154 0.627051 0.689675
    outer loop
      vertex 38.7 -2.02073 12.4
      vertex 39.1048 -2.44686 13
      vertex 39.2714 -2.35064 13
    endloop
  endfacet
  facet normal -0.362065 0.627117 0.689662
    outer loop
      vertex 39.1048 -2.44686 13
      vertex 38.7 -2.02073 12.4
      vertex 35.2 -4.04145 12.4
    endloop
  endfacet
  facet normal 0.362065 -0.627117 0.689662
    outer loop
      vertex 31.2952 2.44686 13
      vertex 31.7 2.02073 12.4
      vertex 35.2 4.04145 12.4
    endloop
  endfacet
  facet normal 0.362154 -0.627051 0.689675
    outer loop
      vertex 31.7 2.02073 12.4
      vertex 31.2952 2.44686 13
      vertex 31.1286 2.35064 13
    endloop
  endfacet
  facet normal -0.724155 0 0.689637
    outer loop
      vertex 38.7 -2.02073 12.4
      vertex 39.2714 2.35064 13
      vertex 38.7 2.02073 12.4
    endloop
  endfacet
  facet normal -0.724155 0 0.689637
    outer loop
      vertex 39.2714 2.35064 13
      vertex 38.7 -2.02073 12.4
      vertex 39.2714 -2.35064 13
    endloop
  endfacet
  facet normal 0.500004 -0.866023 0
    outer loop
      vertex -34.3 9.64175 1
      vertex -30.8 11.6625 12.4
      vertex -34.3 9.64175 12.4
    endloop
  endfacet
  facet normal 0.500004 -0.866023 0
    outer loop
      vertex -30.8 11.6625 12.4
      vertex -34.3 9.64175 1
      vertex -30.8 11.6625 1
    endloop
  endfacet
  facet normal -1 0 0
    outer loop
      vertex -27.3 5.6003 1
      vertex -27.3 9.64175 12.4
      vertex -27.3 9.64175 1
    endloop
  endfacet
  facet normal -1 -0 0
    outer loop
      vertex -27.3 9.64175 12.4
      vertex -27.3 5.6003 1
      vertex -27.3 5.6003 12.4
    endloop
  endfacet
  facet normal 0.500001 0.866025 -0
    outer loop
      vertex -30.8 3.57957 1
      vertex -34.3 5.6003 12.4
      vertex -30.8 3.57957 12.4
    endloop
  endfacet
  facet normal 0.500001 0.866025 0
    outer loop
      vertex -34.3 5.6003 12.4
      vertex -30.8 3.57957 1
      vertex -34.3 5.6003 1
    endloop
  endfacet
  facet normal -0.500004 -0.866023 0
    outer loop
      vertex -30.8 11.6625 1
      vertex -27.3 9.64175 12.4
      vertex -30.8 11.6625 12.4
    endloop
  endfacet
  facet normal -0.500004 -0.866023 -0
    outer loop
      vertex -27.3 9.64175 12.4
      vertex -30.8 11.6625 1
      vertex -27.3 9.64175 1
    endloop
  endfacet
  facet normal -0.500001 0.866025 0
    outer loop
      vertex -27.3 5.6003 1
      vertex -30.8 3.57957 12.4
      vertex -27.3 5.6003 12.4
    endloop
  endfacet
  facet normal -0.500001 0.866025 0
    outer loop
      vertex -30.8 3.57957 12.4
      vertex -27.3 5.6003 1
      vertex -30.8 3.57957 1
    endloop
  endfacet
  facet normal 1 -0 0
    outer loop
      vertex -34.3 5.6003 12.4
      vertex -34.3 9.64175 1
      vertex -34.3 9.64175 12.4
    endloop
  endfacet
  facet normal 1 0 0
    outer loop
      vertex -34.3 9.64175 1
      vertex -34.3 5.6003 12.4
      vertex -34.3 5.6003 1
    endloop
  endfacet
  facet normal 0 0 1
    outer loop
      vertex -30.8 11.6625 1
      vertex -27.3 5.6003 1
      vertex -27.3 9.64175 1
    endloop
  endfacet
  facet normal 0 0 1
    outer loop
      vertex -30.8 11.6625 1
      vertex -30.8 3.57957 1
      vertex -27.3 5.6003 1
    endloop
  endfacet
  facet normal -0 0 1
    outer loop
      vertex -34.3 9.64175 1
      vertex -30.8 3.57957 1
      vertex -30.8 11.6625 1
    endloop
  endfacet
  facet normal 0 0 1
    outer loop
      vertex -30.8 3.57957 1
      vertex -34.3 9.64175 1
      vertex -34.3 5.6003 1
    endloop
  endfacet
  facet normal -0.362066 0.627122 0.689656
    outer loop
      vertex -26.8952 5.17416 13
      vertex -30.8 3.57957 12.4
      vertex -30.8 2.91974 13
    endloop
  endfacet
  facet normal 0.724155 0 0.689637
    outer loop
      vertex -34.8714 9.97166 13
      vertex -34.3 5.6003 12.4
      vertex -34.3 9.64175 12.4
    endloop
  endfacet
  facet normal 0.724155 0 0.689637
    outer loop
      vertex -34.3 5.6003 12.4
      vertex -34.8714 9.97166 13
      vertex -34.8714 5.27038 13
    endloop
  endfacet
  facet normal 0.362066 0.627122 0.689656
    outer loop
      vertex -30.8 2.91974 13
      vertex -30.8 3.57957 12.4
      vertex -34.7048 5.17416 13
    endloop
  endfacet
  facet normal 0.362064 0.627111 0.689668
    outer loop
      vertex -34.3 5.6003 12.4
      vertex -34.7048 5.17416 13
      vertex -30.8 3.57957 12.4
    endloop
  endfacet
  facet normal 0.362151 0.627046 0.689681
    outer loop
      vertex -34.7048 5.17416 13
      vertex -34.3 5.6003 12.4
      vertex -34.8714 5.27038 13
    endloop
  endfacet
  facet normal -0.362201 -0.627003 0.689694
    outer loop
      vertex -26.8952 10.0679 13
      vertex -27.3 9.64175 12.4
      vertex -26.7286 9.97166 13
    endloop
  endfacet
  facet normal -0.362064 -0.627105 0.689673
    outer loop
      vertex -27.3 9.64175 12.4
      vertex -26.8952 10.0679 13
      vertex -30.8 11.6625 12.4
    endloop
  endfacet
  facet normal 0.362071 -0.627136 0.689641
    outer loop
      vertex -30.8 11.6625 12.4
      vertex -30.8 12.3223 13
      vertex -34.7048 10.0679 13
    endloop
  endfacet
  facet normal -0.362071 -0.627136 0.689641
    outer loop
      vertex -26.8952 10.0679 13
      vertex -30.8 12.3223 13
      vertex -30.8 11.6625 12.4
    endloop
  endfacet
  facet normal -0.362151 0.627046 0.689681
    outer loop
      vertex -27.3 5.6003 12.4
      vertex -26.8952 5.17416 13
      vertex -26.7286 5.27038 13
    endloop
  endfacet
  facet normal -0.362064 0.627111 0.689668
    outer loop
      vertex -26.8952 5.17416 13
      vertex -27.3 5.6003 12.4
      vertex -30.8 3.57957 12.4
    endloop
  endfacet
  facet normal 0.362064 -0.627105 0.689673
    outer loop
      vertex -34.7048 10.0679 13
      vertex -34.3 9.64175 12.4
      vertex -30.8 11.6625 12.4
    endloop
  endfacet
  facet normal 0.362201 -0.627003 0.689694
    outer loop
      vertex -34.3 9.64175 12.4
      vertex -34.7048 10.0679 13
      vertex -34.8714 9.97166 13
    endloop
  endfacet
  facet normal -0.724155 0 0.689637
    outer loop
      vertex -27.3 5.6003 12.4
      vertex -26.7286 9.97166 13
      vertex -27.3 9.64175 12.4
    endloop
  endfacet
  facet normal -0.724155 0 0.689637
    outer loop
      vertex -26.7286 9.97166 13
      vertex -27.3 5.6003 12.4
      vertex -26.7286 5.27038 13
    endloop
  endfacet
  facet normal 0.500004 -0.866023 0
    outer loop
      vertex -25.5 9.64175 1
      vertex -22 11.6625 12.4
      vertex -25.5 9.64175 12.4
    endloop
  endfacet
  facet normal 0.500004 -0.866023 0
    outer loop
      vertex -22 11.6625 12.4
      vertex -25.5 9.64175 1
      vertex -22 11.6625 1
    endloop
  endfacet
  facet normal -1 0 0
    outer loop
      vertex -18.5 5.6003 1
      vertex -18.5 9.64175 12.4
      vertex -18.5 9.64175 1
    endloop
  endfacet
  facet normal -1 -0 0
    outer loop
      vertex -18.5 9.64175 12.4
      vertex -18.5 5.6003 1
      vertex -18.5 5.6003 12.4
    endloop
  endfacet
  facet normal 0.500001 0.866025 -0
    outer loop
      vertex -22 3.57957 1
      vertex -25.5 5.6003 12.4
      vertex -22 3.57957 12.4
    endloop
  endfacet
  facet normal 0.500001 0.866025 0
    outer loop
      vertex -25.5 5.6003 12.4
      vertex -22 3.57957 1
      vertex -25.5 5.6003 1
    endloop
  endfacet
  facet normal -0.500004 -0.866023 0
    outer loop
      vertex -22 11.6625 1
      vertex -18.5 9.64175 12.4
      vertex -22 11.6625 12.4
    endloop
  endfacet
  facet normal -0.500004 -0.866023 -0
    outer loop
      vertex -18.5 9.64175 12.4
      vertex -22 11.6625 1
      vertex -18.5 9.64175 1
    endloop
  endfacet
  facet normal -0.500001 0.866025 0
    outer loop
      vertex -18.5 5.6003 1
      vertex -22 3.57957 12.4
      vertex -18.5 5.6003 12.4
    endloop
  endfacet
  facet normal -0.500001 0.866025 0
    outer loop
      vertex -22 3.57957 12.4
      vertex -18.5 5.6003 1
      vertex -22 3.57957 1
    endloop
  endfacet
  facet normal 1 -0 0
    outer loop
      vertex -25.5 5.6003 12.4
      vertex -25.5 9.64175 1
      vertex -25.5 9.64175 12.4
    endloop
  endfacet
  facet normal 1 0 0
    outer loop
      vertex -25.5 9.64175 1
      vertex -25.5 5.6003 12.4
      vertex -25.5 5.6003 1
    endloop
  endfacet
  facet normal 0 0 1
    outer loop
      vertex -22 11.6625 1
      vertex -18.5 5.6003 1
      vertex -18.5 9.64175 1
    endloop
  endfacet
  facet normal 0 0 1
    outer loop
      vertex -22 11.6625 1
      vertex -22 3.57957 1
      vertex -18.5 5.6003 1
    endloop
  endfacet
  facet normal -0 0 1
    outer loop
      vertex -25.5 9.64175 1
      vertex -22 3.57957 1
      vertex -22 11.6625 1
    endloop
  endfacet
  facet normal 0 0 1
    outer loop
      vertex -22 3.57957 1
      vertex -25.5 9.64175 1
      vertex -25.5 5.6003 1
    endloop
  endfacet
  facet normal -0.362066 0.627122 0.689656
    outer loop
      vertex -18.0952 5.17416 13
      vertex -22 3.57957 12.4
      vertex -22 2.91974 13
    endloop
  endfacet
  facet normal 0.724155 0 0.689637
    outer loop
      vertex -26.0714 9.97166 13
      vertex -25.5 5.6003 12.4
      vertex -25.5 9.64175 12.4
    endloop
  endfacet
  facet normal 0.724155 0 0.689637
    outer loop
      vertex -25.5 5.6003 12.4
      vertex -26.0714 9.97166 13
      vertex -26.0714 5.27038 13
    endloop
  endfacet
  facet normal 0.362066 0.627122 0.689656
    outer loop
      vertex -22 2.91974 13
      vertex -22 3.57957 12.4
      vertex -25.9048 5.17416 13
    endloop
  endfacet
  facet normal 0.362064 0.627111 0.689668
    outer loop
      vertex -25.5 5.6003 12.4
      vertex -25.9048 5.17416 13
      vertex -22 3.57957 12.4
    endloop
  endfacet
  facet normal 0.362151 0.627046 0.689681
    outer loop
      vertex -25.9048 5.17416 13
      vertex -25.5 5.6003 12.4
      vertex -26.0714 5.27038 13
    endloop
  endfacet
  facet normal -0.362201 -0.627003 0.689694
    outer loop
      vertex -18.0952 10.0679 13
      vertex -18.5 9.64175 12.4
      vertex -17.9286 9.97166 13
    endloop
  endfacet
  facet normal -0.362064 -0.627105 0.689673
    outer loop
      vertex -18.5 9.64175 12.4
      vertex -18.0952 10.0679 13
      vertex -22 11.6625 12.4
    endloop
  endfacet
  facet normal 0.362071 -0.627136 0.689641
    outer loop
      vertex -22 11.6625 12.4
      vertex -22 12.3223 13
      vertex -25.9048 10.0679 13
    endloop
  endfacet
  facet normal -0.362071 -0.627136 0.689641
    outer loop
      vertex -18.0952 10.0679 13
      vertex -22 12.3223 13
      vertex -22 11.6625 12.4
    endloop
  endfacet
  facet normal -0.362151 0.627046 0.689681
    outer loop
      vertex -18.5 5.6003 12.4
      vertex -18.0952 5.17416 13
      vertex -17.9286 5.27038 13
    endloop
  endfacet
  facet normal -0.362064 0.627111 0.689668
    outer loop
      vertex -18.0952 5.17416 13
      vertex -18.5 5.6003 12.4
      vertex -22 3.57957 12.4
    endloop
  endfacet
  facet normal 0.362064 -0.627105 0.689673
    outer loop
      vertex -25.9048 10.0679 13
      vertex -25.5 9.64175 12.4
      vertex -22 11.6625 12.4
    endloop
  endfacet
  facet normal 0.362201 -0.627003 0.689694
    outer loop
      vertex -25.5 9.64175 12.4
      vertex -25.9048 10.0679 13
      vertex -26.0714 9.97166 13
    endloop
  endfacet
  facet normal -0.724155 0 0.689637
    outer loop
      vertex -18.5 5.6003 12.4
      vertex -17.9286 9.97166 13
      vertex -18.5 9.64175 12.4
    endloop
  endfacet
  facet normal -0.724155 0 0.689637
    outer loop
      vertex -17.9286 9.97166 13
      vertex -18.5 5.6003 12.4
      vertex -17.9286 5.27038 13
    endloop
  endfacet
  facet normal 0.500004 -0.866023 0
    outer loop
      vertex -16.7 9.64175 1
      vertex -13.2 11.6625 12.4
      vertex -16.7 9.64175 12.4
    endloop
  endfacet
  facet normal 0.500004 -0.866023 0
    outer loop
      vertex -13.2 11.6625 12.4
      vertex -16.7 9.64175 1
      vertex -13.2 11.6625 1
    endloop
  endfacet
  facet normal -1 0 0
    outer loop
      vertex -9.7 5.6003 1
      vertex -9.7 9.64175 12.4
      vertex -9.7 9.64175 1
    endloop
  endfacet
  facet normal -1 -0 0
    outer loop
      vertex -9.7 9.64175 12.4
      vertex -9.7 5.6003 1
      vertex -9.7 5.6003 12.4
    endloop
  endfacet
  facet normal 0.500001 0.866025 -0
    outer loop
      vertex -13.2 3.57957 1
      vertex -16.7 5.6003 12.4
      vertex -13.2 3.57957 12.4
    endloop
  endfacet
  facet normal 0.500001 0.866025 0
    outer loop
      vertex -16.7 5.6003 12.4
      vertex -13.2 3.57957 1
      vertex -16.7 5.6003 1
    endloop
  endfacet
  facet normal -0.500004 -0.866023 0
    outer loop
      vertex -13.2 11.6625 1
      vertex -9.7 9.64175 12.4
      vertex -13.2 11.6625 12.4
    endloop
  endfacet
  facet normal -0.500004 -0.866023 -0
    outer loop
      vertex -9.7 9.64175 12.4
      vertex -13.2 11.6625 1
      vertex -9.7 9.64175 1
    endloop
  endfacet
  facet normal -0.500001 0.866025 0
    outer loop
      vertex -9.7 5.6003 1
      vertex -13.2 3.57957 12.4
      vertex -9.7 5.6003 12.4
    endloop
  endfacet
  facet normal -0.500001 0.866025 0
    outer loop
      vertex -13.2 3.57957 12.4
      vertex -9.7 5.6003 1
      vertex -13.2 3.57957 1
    endloop
  endfacet
  facet normal 1 -0 0
    outer loop
      vertex -16.7 5.6003 12.4
      vertex -16.7 9.64175 1
      vertex -16.7 9.64175 12.4
    endloop
  endfacet
  facet normal 1 0 0
    outer loop
      vertex -16.7 9.64175 1
      vertex -16.7 5.6003 12.4
      vertex -16.7 5.6003 1
    endloop
  endfacet
  facet normal 0 0 1
    outer loop
      vertex -13.2 11.6625 1
      vertex -9.7 5.6003 1
      vertex -9.7 9.64175 1
    endloop
  endfacet
  facet normal 0 0 1
    outer loop
      vertex -13.2 11.6625 1
      vertex -13.2 3.57957 1
      vertex -9.7 5.6003 1
    endloop
  endfacet
  facet normal -0 0 1
    outer loop
      vertex -16.7 9.64175 1
      vertex -13.2 3.57957 1
      vertex -13.2 11.6625 1
    endloop
  endfacet
  facet normal 0 0 1
    outer loop
      vertex -13.2 3.57957 1
      vertex -16.7 9.64175 1
      vertex -16.7 5.6003 1
    endloop
  endfacet
  facet normal -0.362069 0.627121 0.689656
    outer loop
      vertex -9.29524 5.17416 13
      vertex -13.2 3.57957 12.4
      vertex -13.2 2.91974 13
    endloop
  endfacet
  facet normal 0.724155 0 0.689637
    outer loop
      vertex -17.2714 9.97166 13
      vertex -16.7 5.6003 12.4
      vertex -16.7 9.64175 12.4
    endloop
  endfacet
  facet normal 0.724155 0 0.689637
    outer loop
      vertex -16.7 5.6003 12.4
      vertex -17.2714 9.97166 13
      vertex -17.2714 5.27038 13
    endloop
  endfacet
  facet normal 0.362066 0.627122 0.689656
    outer loop
      vertex -13.2 2.91974 13
      vertex -13.2 3.57957 12.4
      vertex -17.1048 5.17416 13
    endloop
  endfacet
  facet normal 0.362064 0.627111 0.689668
    outer loop
      vertex -16.7 5.6003 12.4
      vertex -17.1048 5.17416 13
      vertex -13.2 3.57957 12.4
    endloop
  endfacet
  facet normal 0.362151 0.627046 0.689681
    outer loop
      vertex -17.1048 5.17416 13
      vertex -16.7 5.6003 12.4
      vertex -17.2714 5.27038 13
    endloop
  endfacet
  facet normal -0.362101 -0.627092 0.689665
    outer loop
      vertex -9.29524 10.0679 13
      vertex -9.7 9.64175 12.4
      vertex -9.12857 9.97166 13
    endloop
  endfacet
  facet normal -0.36207 -0.627115 0.689661
    outer loop
      vertex -9.7 9.64175 12.4
      vertex -9.29524 10.0679 13
      vertex -13.2 11.6625 12.4
    endloop
  endfacet
  facet normal 0.362071 -0.627136 0.689641
    outer loop
      vertex -13.2 11.6625 12.4
      vertex -13.2 12.3223 13
      vertex -17.1048 10.0679 13
    endloop
  endfacet
  facet normal -0.362075 -0.627135 0.68964
    outer loop
      vertex -9.29524 10.0679 13
      vertex -13.2 12.3223 13
      vertex -13.2 11.6625 12.4
    endloop
  endfacet
  facet normal -0.362051 0.627136 0.689652
    outer loop
      vertex -9.7 5.6003 12.4
      vertex -9.29524 5.17416 13
      vertex -9.12857 5.27038 13
    endloop
  endfacet
  facet normal -0.36207 0.627122 0.689655
    outer loop
      vertex -9.29524 5.17416 13
      vertex -9.7 5.6003 12.4
      vertex -13.2 3.57957 12.4
    endloop
  endfacet
  facet normal 0.362064 -0.627105 0.689673
    outer loop
      vertex -17.1048 10.0679 13
      vertex -16.7 9.64175 12.4
      vertex -13.2 11.6625 12.4
    endloop
  endfacet
  facet normal 0.362201 -0.627003 0.689694
    outer loop
      vertex -16.7 9.64175 12.4
      vertex -17.1048 10.0679 13
      vertex -17.2714 9.97166 13
    endloop
  endfacet
  facet normal -0.724137 0 0.689656
    outer loop
      vertex -9.7 5.6003 12.4
      vertex -9.12857 9.97166 13
      vertex -9.7 9.64175 12.4
    endloop
  endfacet
  facet normal -0.724137 0 0.689656
    outer loop
      vertex -9.12857 9.97166 13
      vertex -9.7 5.6003 12.4
      vertex -9.12857 5.27038 13
    endloop
  endfacet
  facet normal 0.500004 -0.866023 0
    outer loop
      vertex -7.9 9.64175 1
      vertex -4.4 11.6625 12.4
      vertex -7.9 9.64175 12.4
    endloop
  endfacet
  facet normal 0.500004 -0.866023 0
    outer loop
      vertex -4.4 11.6625 12.4
      vertex -7.9 9.64175 1
      vertex -4.4 11.6625 1
    endloop
  endfacet
  facet normal -1 0 0
    outer loop
      vertex -0.9 5.6003 1
      vertex -0.9 9.64175 12.4
      vertex -0.9 9.64175 1
    endloop
  endfacet
  facet normal -1 -0 0
    outer loop
      vertex -0.9 9.64175 12.4
      vertex -0.9 5.6003 1
      vertex -0.9 5.6003 12.4
    endloop
  endfacet
  facet normal 0.500001 0.866025 -0
    outer loop
      vertex -4.4 3.57957 1
      vertex -7.9 5.6003 12.4
      vertex -4.4 3.57957 12.4
    endloop
  endfacet
  facet normal 0.500001 0.866025 0
    outer loop
      vertex -7.9 5.6003 12.4
      vertex -4.4 3.57957 1
      vertex -7.9 5.6003 1
    endloop
  endfacet
  facet normal -0.500004 -0.866023 0
    outer loop
      vertex -4.4 11.6625 1
      vertex -0.9 9.64175 12.4
      vertex -4.4 11.6625 12.4
    endloop
  endfacet
  facet normal -0.500004 -0.866023 -0
    outer loop
      vertex -0.9 9.64175 12.4
      vertex -4.4 11.6625 1
      vertex -0.9 9.64175 1
    endloop
  endfacet
  facet normal -0.500001 0.866025 0
    outer loop
      vertex -0.9 5.6003 1
      vertex -4.4 3.57957 12.4
      vertex -0.9 5.6003 12.4
    endloop
  endfacet
  facet normal -0.500001 0.866025 0
    outer loop
      vertex -4.4 3.57957 12.4
      vertex -0.9 5.6003 1
      vertex -4.4 3.57957 1
    endloop
  endfacet
  facet normal 1 -0 0
    outer loop
      vertex -7.9 5.6003 12.4
      vertex -7.9 9.64175 1
      vertex -7.9 9.64175 12.4
    endloop
  endfacet
  facet normal 1 0 0
    outer loop
      vertex -7.9 9.64175 1
      vertex -7.9 5.6003 12.4
      vertex -7.9 5.6003 1
    endloop
  endfacet
  facet normal 0 0 1
    outer loop
      vertex -4.4 11.6625 1
      vertex -0.9 5.6003 1
      vertex -0.9 9.64175 1
    endloop
  endfacet
  facet normal 0 0 1
    outer loop
      vertex -4.4 11.6625 1
      vertex -4.4 3.57957 1
      vertex -0.9 5.6003 1
    endloop
  endfacet
  facet normal -0 0 1
    outer loop
      vertex -7.9 9.64175 1
      vertex -4.4 3.57957 1
      vertex -4.4 11.6625 1
    endloop
  endfacet
  facet normal 0 0 1
    outer loop
      vertex -4.4 3.57957 1
      vertex -7.9 9.64175 1
      vertex -7.9 5.6003 1
    endloop
  endfacet
  facet normal -0.362069 0.627121 0.689656
    outer loop
      vertex -0.495237 5.17416 13
      vertex -4.4 3.57957 12.4
      vertex -4.4 2.91974 13
    endloop
  endfacet
  facet normal 0.724137 0 0.689656
    outer loop
      vertex -8.47143 9.97166 13
      vertex -7.9 5.6003 12.4
      vertex -7.9 9.64175 12.4
    endloop
  endfacet
  facet normal 0.724137 0 0.689656
    outer loop
      vertex -7.9 5.6003 12.4
      vertex -8.47143 9.97166 13
      vertex -8.47143 5.27038 13
    endloop
  endfacet
  facet normal 0.362069 0.627121 0.689656
    outer loop
      vertex -4.4 2.91974 13
      vertex -4.4 3.57957 12.4
      vertex -8.30476 5.17416 13
    endloop
  endfacet
  facet normal 0.36207 0.627122 0.689655
    outer loop
      vertex -7.9 5.6003 12.4
      vertex -8.30476 5.17416 13
      vertex -4.4 3.57957 12.4
    endloop
  endfacet
  facet normal 0.362051 0.627136 0.689652
    outer loop
      vertex -8.30476 5.17416 13
      vertex -7.9 5.6003 12.4
      vertex -8.47143 5.27038 13
    endloop
  endfacet
  facet normal -0.362108 -0.627086 0.689668
    outer loop
      vertex -0.495237 10.0679 13
      vertex -0.9 9.64175 12.4
      vertex -0.328572 9.97166 13
    endloop
  endfacet
  facet normal -0.362069 -0.627115 0.689662
    outer loop
      vertex -0.9 9.64175 12.4
      vertex -0.495237 10.0679 13
      vertex -4.4 11.6625 12.4
    endloop
  endfacet
  facet normal 0.362075 -0.627135 0.68964
    outer loop
      vertex -4.4 11.6625 12.4
      vertex -4.4 12.3223 13
      vertex -8.30476 10.0679 13
    endloop
  endfacet
  facet normal -0.362074 -0.627135 0.68964
    outer loop
      vertex -0.495237 10.0679 13
      vertex -4.4 12.3223 13
      vertex -4.4 11.6625 12.4
    endloop
  endfacet
  facet normal -0.362058 0.627129 0.689654
    outer loop
      vertex -0.9 5.6003 12.4
      vertex -0.495237 5.17416 13
      vertex -0.328572 5.27038 13
    endloop
  endfacet
  facet normal -0.362069 0.627121 0.689656
    outer loop
      vertex -0.495237 5.17416 13
      vertex -0.9 5.6003 12.4
      vertex -4.4 3.57957 12.4
    endloop
  endfacet
  facet normal 0.36207 -0.627115 0.689661
    outer loop
      vertex -8.30476 10.0679 13
      vertex -7.9 9.64175 12.4
      vertex -4.4 11.6625 12.4
    endloop
  endfacet
  facet normal 0.362101 -0.627092 0.689665
    outer loop
      vertex -7.9 9.64175 12.4
      vertex -8.30476 10.0679 13
      vertex -8.47143 9.97166 13
    endloop
  endfacet
  facet normal -0.724138 0 0.689655
    outer loop
      vertex -0.9 5.6003 12.4
      vertex -0.328572 9.97166 13
      vertex -0.9 9.64175 12.4
    endloop
  endfacet
  facet normal -0.724138 0 0.689655
    outer loop
      vertex -0.328572 9.97166 13
      vertex -0.9 5.6003 12.4
      vertex -0.328572 5.27038 13
    endloop
  endfacet
  facet normal 0.500004 -0.866023 0
    outer loop
      vertex 0.9 9.64175 1
      vertex 4.4 11.6625 12.4
      vertex 0.9 9.64175 12.4
    endloop
  endfacet
  facet normal 0.500004 -0.866023 0
    outer loop
      vertex 4.4 11.6625 12.4
      vertex 0.9 9.64175 1
      vertex 4.4 11.6625 1
    endloop
  endfacet
  facet normal -1 0 0
    outer loop
      vertex 7.9 5.6003 1
      vertex 7.9 9.64175 12.4
      vertex 7.9 9.64175 1
    endloop
  endfacet
  facet normal -1 -0 0
    outer loop
      vertex 7.9 9.64175 12.4
      vertex 7.9 5.6003 1
      vertex 7.9 5.6003 12.4
    endloop
  endfacet
  facet normal 0.500001 0.866025 -0
    outer loop
      vertex 4.4 3.57957 1
      vertex 0.9 5.6003 12.4
      vertex 4.4 3.57957 12.4
    endloop
  endfacet
  facet normal 0.500001 0.866025 0
    outer loop
      vertex 0.9 5.6003 12.4
      vertex 4.4 3.57957 1
      vertex 0.9 5.6003 1
    endloop
  endfacet
  facet normal -0.500004 -0.866023 0
    outer loop
      vertex 4.4 11.6625 1
      vertex 7.9 9.64175 12.4
      vertex 4.4 11.6625 12.4
    endloop
  endfacet
  facet normal -0.500004 -0.866023 -0
    outer loop
      vertex 7.9 9.64175 12.4
      vertex 4.4 11.6625 1
      vertex 7.9 9.64175 1
    endloop
  endfacet
  facet normal -0.500001 0.866025 0
    outer loop
      vertex 7.9 5.6003 1
      vertex 4.4 3.57957 12.4
      vertex 7.9 5.6003 12.4
    endloop
  endfacet
  facet normal -0.500001 0.866025 0
    outer loop
      vertex 4.4 3.57957 12.4
      vertex 7.9 5.6003 1
      vertex 4.4 3.57957 1
    endloop
  endfacet
  facet normal 1 -0 0
    outer loop
      vertex 0.9 5.6003 12.4
      vertex 0.9 9.64175 1
      vertex 0.9 9.64175 12.4
    endloop
  endfacet
  facet normal 1 0 0
    outer loop
      vertex 0.9 9.64175 1
      vertex 0.9 5.6003 12.4
      vertex 0.9 5.6003 1
    endloop
  endfacet
  facet normal 0 0 1
    outer loop
      vertex 4.4 11.6625 1
      vertex 7.9 5.6003 1
      vertex 7.9 9.64175 1
    endloop
  endfacet
  facet normal 0 0 1
    outer loop
      vertex 4.4 11.6625 1
      vertex 4.4 3.57957 1
      vertex 7.9 5.6003 1
    endloop
  endfacet
  facet normal -0 0 1
    outer loop
      vertex 0.9 9.64175 1
      vertex 4.4 3.57957 1
      vertex 4.4 11.6625 1
    endloop
  endfacet
  facet normal 0 0 1
    outer loop
      vertex 4.4 3.57957 1
      vertex 0.9 9.64175 1
      vertex 0.9 5.6003 1
    endloop
  endfacet
  facet normal -0.362069 0.627121 0.689656
    outer loop
      vertex 8.30476 5.17416 13
      vertex 4.4 3.57957 12.4
      vertex 4.4 2.91974 13
    endloop
  endfacet
  facet normal 0.724138 0 0.689655
    outer loop
      vertex 0.328572 9.97166 13
      vertex 0.9 5.6003 12.4
      vertex 0.9 9.64175 12.4
    endloop
  endfacet
  facet normal 0.724138 0 0.689655
    outer loop
      vertex 0.9 5.6003 12.4
      vertex 0.328572 9.97166 13
      vertex 0.328572 5.27038 13
    endloop
  endfacet
  facet normal 0.362069 0.627121 0.689656
    outer loop
      vertex 4.4 2.91974 13
      vertex 4.4 3.57957 12.4
      vertex 0.495237 5.17416 13
    endloop
  endfacet
  facet normal 0.362069 0.627121 0.689656
    outer loop
      vertex 0.9 5.6003 12.4
      vertex 0.495237 5.17416 13
      vertex 4.4 3.57957 12.4
    endloop
  endfacet
  facet normal 0.362058 0.627129 0.689654
    outer loop
      vertex 0.495237 5.17416 13
      vertex 0.9 5.6003 12.4
      vertex 0.328572 5.27038 13
    endloop
  endfacet
  facet normal -0.362101 -0.627092 0.689665
    outer loop
      vertex 8.30476 10.0679 13
      vertex 7.9 9.64175 12.4
      vertex 8.47143 9.97166 13
    endloop
  endfacet
  facet normal -0.36207 -0.627115 0.689661
    outer loop
      vertex 7.9 9.64175 12.4
      vertex 8.30476 10.0679 13
      vertex 4.4 11.6625 12.4
    endloop
  endfacet
  facet normal 0.362074 -0.627135 0.68964
    outer loop
      vertex 4.4 11.6625 12.4
      vertex 4.4 12.3223 13
      vertex 0.495237 10.0679 13
    endloop
  endfacet
  facet normal -0.362075 -0.627135 0.68964
    outer loop
      vertex 8.30476 10.0679 13
      vertex 4.4 12.3223 13
      vertex 4.4 11.6625 12.4
    endloop
  endfacet
  facet normal -0.362051 0.627136 0.689652
    outer loop
      vertex 7.9 5.6003 12.4
      vertex 8.30476 5.17416 13
      vertex 8.47143 5.27038 13
    endloop
  endfacet
  facet normal -0.36207 0.627122 0.689655
    outer loop
      vertex 8.30476 5.17416 13
      vertex 7.9 5.6003 12.4
      vertex 4.4 3.57957 12.4
    endloop
  endfacet
  facet normal 0.362069 -0.627115 0.689662
    outer loop
      vertex 0.495237 10.0679 13
      vertex 0.9 9.64175 12.4
      vertex 4.4 11.6625 12.4
    endloop
  endfacet
  facet normal 0.362108 -0.627086 0.689668
    outer loop
      vertex 0.9 9.64175 12.4
      vertex 0.495237 10.0679 13
      vertex 0.328572 9.97166 13
    endloop
  endfacet
  facet normal -0.724137 0 0.689656
    outer loop
      vertex 7.9 5.6003 12.4
      vertex 8.47143 9.97166 13
      vertex 7.9 9.64175 12.4
    endloop
  endfacet
  facet normal -0.724137 0 0.689656
    outer loop
      vertex 8.47143 9.97166 13
      vertex 7.9 5.6003 12.4
      vertex 8.47143 5.27038 13
    endloop
  endfacet
  facet normal 0.500004 -0.866023 0
    outer loop
      vertex 9.7 9.64175 1
      vertex 13.2 11.6625 12.4
      vertex 9.7 9.64175 12.4
    endloop
  endfacet
  facet normal 0.500004 -0.866023 0
    outer loop
      vertex 13.2 11.6625 12.4
      vertex 9.7 9.64175 1
      vertex 13.2 11.6625 1
    endloop
  endfacet
  facet normal -1 0 0
    outer loop
      vertex 16.7 5.6003 1
      vertex 16.7 9.64175 12.4
      vertex 16.7 9.64175 1
    endloop
  endfacet
  facet normal -1 -0 0
    outer loop
      vertex 16.7 9.64175 12.4
      vertex 16.7 5.6003 1
      vertex 16.7 5.6003 12.4
    endloop
  endfacet
  facet normal 0.500001 0.866025 -0
    outer loop
      vertex 13.2 3.57957 1
      vertex 9.7 5.6003 12.4
      vertex 13.2 3.57957 12.4
    endloop
  endfacet
  facet normal 0.500001 0.866025 0
    outer loop
      vertex 9.7 5.6003 12.4
      vertex 13.2 3.57957 1
      vertex 9.7 5.6003 1
    endloop
  endfacet
  facet normal -0.500004 -0.866023 0
    outer loop
      vertex 13.2 11.6625 1
      vertex 16.7 9.64175 12.4
      vertex 13.2 11.6625 12.4
    endloop
  endfacet
  facet normal -0.500004 -0.866023 -0
    outer loop
      vertex 16.7 9.64175 12.4
      vertex 13.2 11.6625 1
      vertex 16.7 9.64175 1
    endloop
  endfacet
  facet normal -0.500001 0.866025 0
    outer loop
      vertex 16.7 5.6003 1
      vertex 13.2 3.57957 12.4
      vertex 16.7 5.6003 12.4
    endloop
  endfacet
  facet normal -0.500001 0.866025 0
    outer loop
      vertex 13.2 3.57957 12.4
      vertex 16.7 5.6003 1
      vertex 13.2 3.57957 1
    endloop
  endfacet
  facet normal 1 -0 0
    outer loop
      vertex 9.7 5.6003 12.4
      vertex 9.7 9.64175 1
      vertex 9.7 9.64175 12.4
    endloop
  endfacet
  facet normal 1 0 0
    outer loop
      vertex 9.7 9.64175 1
      vertex 9.7 5.6003 12.4
      vertex 9.7 5.6003 1
    endloop
  endfacet
  facet normal 0 0 1
    outer loop
      vertex 13.2 11.6625 1
      vertex 16.7 5.6003 1
      vertex 16.7 9.64175 1
    endloop
  endfacet
  facet normal 0 0 1
    outer loop
      vertex 13.2 11.6625 1
      vertex 13.2 3.57957 1
      vertex 16.7 5.6003 1
    endloop
  endfacet
  facet normal -0 0 1
    outer loop
      vertex 9.7 9.64175 1
      vertex 13.2 3.57957 1
      vertex 13.2 11.6625 1
    endloop
  endfacet
  facet normal 0 0 1
    outer loop
      vertex 13.2 3.57957 1
      vertex 9.7 9.64175 1
      vertex 9.7 5.6003 1
    endloop
  endfacet
  facet normal -0.362066 0.627122 0.689656
    outer loop
      vertex 17.1048 5.17416 13
      vertex 13.2 3.57957 12.4
      vertex 13.2 2.91974 13
    endloop
  endfacet
  facet normal 0.724137 0 0.689656
    outer loop
      vertex 9.12857 9.97166 13
      vertex 9.7 5.6003 12.4
      vertex 9.7 9.64175 12.4
    endloop
  endfacet
  facet normal 0.724137 0 0.689656
    outer loop
      vertex 9.7 5.6003 12.4
      vertex 9.12857 9.97166 13
      vertex 9.12857 5.27038 13
    endloop
  endfacet
  facet normal 0.362069 0.627121 0.689656
    outer loop
      vertex 13.2 2.91974 13
      vertex 13.2 3.57957 12.4
      vertex 9.29524 5.17416 13
    endloop
  endfacet
  facet normal 0.36207 0.627122 0.689655
    outer loop
      vertex 9.7 5.6003 12.4
      vertex 9.29524 5.17416 13
      vertex 13.2 3.57957 12.4
    endloop
  endfacet
  facet normal 0.362051 0.627136 0.689652
    outer loop
      vertex 9.29524 5.17416 13
      vertex 9.7 5.6003 12.4
      vertex 9.12857 5.27038 13
    endloop
  endfacet
  facet normal -0.362201 -0.627003 0.689694
    outer loop
      vertex 17.1048 10.0679 13
      vertex 16.7 9.64175 12.4
      vertex 17.2714 9.97166 13
    endloop
  endfacet
  facet normal -0.362064 -0.627105 0.689673
    outer loop
      vertex 16.7 9.64175 12.4
      vertex 17.1048 10.0679 13
      vertex 13.2 11.6625 12.4
    endloop
  endfacet
  facet normal 0.362075 -0.627135 0.68964
    outer loop
      vertex 13.2 11.6625 12.4
      vertex 13.2 12.3223 13
      vertex 9.29524 10.0679 13
    endloop
  endfacet
  facet normal -0.362071 -0.627136 0.689641
    outer loop
      vertex 17.1048 10.0679 13
      vertex 13.2 12.3223 13
      vertex 13.2 11.6625 12.4
    endloop
  endfacet
  facet normal -0.362151 0.627046 0.689681
    outer loop
      vertex 16.7 5.6003 12.4
      vertex 17.1048 5.17416 13
      vertex 17.2714 5.27038 13
    endloop
  endfacet
  facet normal -0.362064 0.627111 0.689668
    outer loop
      vertex 17.1048 5.17416 13
      vertex 16.7 5.6003 12.4
      vertex 13.2 3.57957 12.4
    endloop
  endfacet
  facet normal 0.36207 -0.627115 0.689661
    outer loop
      vertex 9.29524 10.0679 13
      vertex 9.7 9.64175 12.4
      vertex 13.2 11.6625 12.4
    endloop
  endfacet
  facet normal 0.362101 -0.627092 0.689665
    outer loop
      vertex 9.7 9.64175 12.4
      vertex 9.29524 10.0679 13
      vertex 9.12857 9.97166 13
    endloop
  endfacet
  facet normal -0.724155 0 0.689637
    outer loop
      vertex 16.7 5.6003 12.4
      vertex 17.2714 9.97166 13
      vertex 16.7 9.64175 12.4
    endloop
  endfacet
  facet normal -0.724155 0 0.689637
    outer loop
      vertex 17.2714 9.97166 13
      vertex 16.7 5.6003 12.4
      vertex 17.2714 5.27038 13
    endloop
  endfacet
  facet normal 0.500004 -0.866023 0
    outer loop
      vertex 18.5 9.64175 1
      vertex 22 11.6625 12.4
      vertex 18.5 9.64175 12.4
    endloop
  endfacet
  facet normal 0.500004 -0.866023 0
    outer loop
      vertex 22 11.6625 12.4
      vertex 18.5 9.64175 1
      vertex 22 11.6625 1
    endloop
  endfacet
  facet normal -1 0 0
    outer loop
      vertex 25.5 5.6003 1
      vertex 25.5 9.64175 12.4
      vertex 25.5 9.64175 1
    endloop
  endfacet
  facet normal -1 -0 0
    outer loop
      vertex 25.5 9.64175 12.4
      vertex 25.5 5.6003 1
      vertex 25.5 5.6003 12.4
    endloop
  endfacet
  facet normal 0.500001 0.866025 -0
    outer loop
      vertex 22 3.57957 1
      vertex 18.5 5.6003 12.4
      vertex 22 3.57957 12.4
    endloop
  endfacet
  facet normal 0.500001 0.866025 0
    outer loop
      vertex 18.5 5.6003 12.4
      vertex 22 3.57957 1
      vertex 18.5 5.6003 1
    endloop
  endfacet
  facet normal -0.500004 -0.866023 0
    outer loop
      vertex 22 11.6625 1
      vertex 25.5 9.64175 12.4
      vertex 22 11.6625 12.4
    endloop
  endfacet
  facet normal -0.500004 -0.866023 -0
    outer loop
      vertex 25.5 9.64175 12.4
      vertex 22 11.6625 1
      vertex 25.5 9.64175 1
    endloop
  endfacet
  facet normal -0.500001 0.866025 0
    outer loop
      vertex 25.5 5.6003 1
      vertex 22 3.57957 12.4
      vertex 25.5 5.6003 12.4
    endloop
  endfacet
  facet normal -0.500001 0.866025 0
    outer loop
      vertex 22 3.57957 12.4
      vertex 25.5 5.6003 1
      vertex 22 3.57957 1
    endloop
  endfacet
  facet normal 1 -0 0
    outer loop
      vertex 18.5 5.6003 12.4
      vertex 18.5 9.64175 1
      vertex 18.5 9.64175 12.4
    endloop
  endfacet
  facet normal 1 0 0
    outer loop
      vertex 18.5 9.64175 1
      vertex 18.5 5.6003 12.4
      vertex 18.5 5.6003 1
    endloop
  endfacet
  facet normal 0 0 1
    outer loop
      vertex 22 11.6625 1
      vertex 25.5 5.6003 1
      vertex 25.5 9.64175 1
    endloop
  endfacet
  facet normal 0 0 1
    outer loop
      vertex 22 11.6625 1
      vertex 22 3.57957 1
      vertex 25.5 5.6003 1
    endloop
  endfacet
  facet normal -0 0 1
    outer loop
      vertex 18.5 9.64175 1
      vertex 22 3.57957 1
      vertex 22 11.6625 1
    endloop
  endfacet
  facet normal 0 0 1
    outer loop
      vertex 22 3.57957 1
      vertex 18.5 9.64175 1
      vertex 18.5 5.6003 1
    endloop
  endfacet
  facet normal -0.362066 0.627122 0.689656
    outer loop
      vertex 25.9048 5.17416 13
      vertex 22 3.57957 12.4
      vertex 22 2.91974 13
    endloop
  endfacet
  facet normal 0.724155 0 0.689637
    outer loop
      vertex 17.9286 9.97166 13
      vertex 18.5 5.6003 12.4
      vertex 18.5 9.64175 12.4
    endloop
  endfacet
  facet normal 0.724155 0 0.689637
    outer loop
      vertex 18.5 5.6003 12.4
      vertex 17.9286 9.97166 13
      vertex 17.9286 5.27038 13
    endloop
  endfacet
  facet normal 0.362066 0.627122 0.689656
    outer loop
      vertex 22 2.91974 13
      vertex 22 3.57957 12.4
      vertex 18.0952 5.17416 13
    endloop
  endfacet
  facet normal 0.362064 0.627111 0.689668
    outer loop
      vertex 18.5 5.6003 12.4
      vertex 18.0952 5.17416 13
      vertex 22 3.57957 12.4
    endloop
  endfacet
  facet normal 0.362151 0.627046 0.689681
    outer loop
      vertex 18.0952 5.17416 13
      vertex 18.5 5.6003 12.4
      vertex 17.9286 5.27038 13
    endloop
  endfacet
  facet normal -0.362201 -0.627003 0.689694
    outer loop
      vertex 25.9048 10.0679 13
      vertex 25.5 9.64175 12.4
      vertex 26.0714 9.97166 13
    endloop
  endfacet
  facet normal -0.362064 -0.627105 0.689673
    outer loop
      vertex 25.5 9.64175 12.4
      vertex 25.9048 10.0679 13
      vertex 22 11.6625 12.4
    endloop
  endfacet
  facet normal 0.362071 -0.627136 0.689641
    outer loop
      vertex 22 11.6625 12.4
      vertex 22 12.3223 13
      vertex 18.0952 10.0679 13
    endloop
  endfacet
  facet normal -0.362071 -0.627136 0.689641
    outer loop
      vertex 25.9048 10.0679 13
      vertex 22 12.3223 13
      vertex 22 11.6625 12.4
    endloop
  endfacet
  facet normal -0.362151 0.627046 0.689681
    outer loop
      vertex 25.5 5.6003 12.4
      vertex 25.9048 5.17416 13
      vertex 26.0714 5.27038 13
    endloop
  endfacet
  facet normal -0.362064 0.627111 0.689668
    outer loop
      vertex 25.9048 5.17416 13
      vertex 25.5 5.6003 12.4
      vertex 22 3.57957 12.4
    endloop
  endfacet
  facet normal 0.362064 -0.627105 0.689673
    outer loop
      vertex 18.0952 10.0679 13
      vertex 18.5 9.64175 12.4
      vertex 22 11.6625 12.4
    endloop
  endfacet
  facet normal 0.362201 -0.627003 0.689694
    outer loop
      vertex 18.5 9.64175 12.4
      vertex 18.0952 10.0679 13
      vertex 17.9286 9.97166 13
    endloop
  endfacet
  facet normal -0.724155 0 0.689637
    outer loop
      vertex 25.5 5.6003 12.4
      vertex 26.0714 9.97166 13
      vertex 25.5 9.64175 12.4
    endloop
  endfacet
  facet normal -0.724155 0 0.689637
    outer loop
      vertex 26.0714 9.97166 13
      vertex 25.5 5.6003 12.4
      vertex 26.0714 5.27038 13
    endloop
  endfacet
  facet normal 0.500004 -0.866023 0
    outer loop
      vertex 27.3 9.64175 1
      vertex 30.8 11.6625 12.4
      vertex 27.3 9.64175 12.4
    endloop
  endfacet
  facet normal 0.500004 -0.866023 0
    outer loop
      vertex 30.8 11.6625 12.4
      vertex 27.3 9.64175 1
      vertex 30.8 11.6625 1
    endloop
  endfacet
  facet normal -1 0 0
    outer loop
      vertex 34.3 5.6003 1
      vertex 34.3 9.64175 12.4
      vertex 34.3 9.64175 1
    endloop
  endfacet
  facet normal -1 -0 0
    outer loop
      vertex 34.3 9.64175 12.4
      vertex 34.3 5.6003 1
      vertex 34.3 5.6003 12.4
    endloop
  endfacet
  facet normal 0.500001 0.866025 -0
    outer loop
      vertex 30.8 3.57957 1
      vertex 27.3 5.6003 12.4
      vertex 30.8 3.57957 12.4
    endloop
  endfacet
  facet normal 0.500001 0.866025 0
    outer loop
      vertex 27.3 5.6003 12.4
      vertex 30.8 3.57957 1
      vertex 27.3 5.6003 1
    endloop
  endfacet
  facet normal -0.500004 -0.866023 0
    outer loop
      vertex 30.8 11.6625 1
      vertex 34.3 9.64175 12.4
      vertex 30.8 11.6625 12.4
    endloop
  endfacet
  facet normal -0.500004 -0.866023 -0
    outer loop
      vertex 34.3 9.64175 12.4
      vertex 30.8 11.6625 1
      vertex 34.3 9.64175 1
    endloop
  endfacet
  facet normal -0.500001 0.866025 0
    outer loop
      vertex 34.3 5.6003 1
      vertex 30.8 3.57957 12.4
      vertex 34.3 5.6003 12.4
    endloop
  endfacet
  facet normal -0.500001 0.866025 0
    outer loop
      vertex 30.8 3.57957 12.4
      vertex 34.3 5.6003 1
      vertex 30.8 3.57957 1
    endloop
  endfacet
  facet normal 1 -0 0
    outer loop
      vertex 27.3 5.6003 12.4
      vertex 27.3 9.64175 1
      vertex 27.3 9.64175 12.4
    endloop
  endfacet
  facet normal 1 0 0
    outer loop
      vertex 27.3 9.64175 1
      vertex 27.3 5.6003 12.4
      vertex 27.3 5.6003 1
    endloop
  endfacet
  facet normal 0 0 1
    outer loop
      vertex 30.8 11.6625 1
      vertex 34.3 5.6003 1
      vertex 34.3 9.64175 1
    endloop
  endfacet
  facet normal 0 0 1
    outer loop
      vertex 30.8 11.6625 1
      vertex 30.8 3.57957 1
      vertex 34.3 5.6003 1
    endloop
  endfacet
  facet normal -0 0 1
    outer loop
      vertex 27.3 9.64175 1
      vertex 30.8 3.57957 1
      vertex 30.8 11.6625 1
    endloop
  endfacet
  facet normal 0 0 1
    outer loop
      vertex 30.8 3.57957 1
      vertex 27.3 9.64175 1
      vertex 27.3 5.6003 1
    endloop
  endfacet
  facet normal -0.362066 0.627122 0.689656
    outer loop
      vertex 34.7048 5.17416 13
      vertex 30.8 3.57957 12.4
      vertex 30.8 2.91974 13
    endloop
  endfacet
  facet normal 0.724155 0 0.689637
    outer loop
      vertex 26.7286 9.97166 13
      vertex 27.3 5.6003 12.4
      vertex 27.3 9.64175 12.4
    endloop
  endfacet
  facet normal 0.724155 0 0.689637
    outer loop
      vertex 27.3 5.6003 12.4
      vertex 26.7286 9.97166 13
      vertex 26.7286 5.27038 13
    endloop
  endfacet
  facet normal 0.362066 0.627122 0.689656
    outer loop
      vertex 30.8 2.91974 13
      vertex 30.8 3.57957 12.4
      vertex 26.8952 5.17416 13
    endloop
  endfacet
  facet normal 0.362064 0.627111 0.689668
    outer loop
      vertex 27.3 5.6003 12.4
      vertex 26.8952 5.17416 13
      vertex 30.8 3.57957 12.4
    endloop
  endfacet
  facet normal 0.362151 0.627046 0.689681
    outer loop
      vertex 26.8952 5.17416 13
      vertex 27.3 5.6003 12.4
      vertex 26.7286 5.27038 13
    endloop
  endfacet
  facet normal -0.362201 -0.627003 0.689694
    outer loop
      vertex 34.7048 10.0679 13
      vertex 34.3 9.64175 12.4
      vertex 34.8714 9.97166 13
    endloop
  endfacet
  facet normal -0.362064 -0.627105 0.689673
    outer loop
      vertex 34.3 9.64175 12.4
      vertex 34.7048 10.0679 13
      vertex 30.8 11.6625 12.4
    endloop
  endfacet
  facet normal 0.362071 -0.627136 0.689641
    outer loop
      vertex 30.8 11.6625 12.4
      vertex 30.8 12.3223 13
      vertex 26.8952 10.0679 13
    endloop
  endfacet
  facet normal -0.362071 -0.627136 0.689641
    outer loop
      vertex 34.7048 10.0679 13
      vertex 30.8 12.3223 13
      vertex 30.8 11.6625 12.4
    endloop
  endfacet
  facet normal -0.362151 0.627046 0.689681
    outer loop
      vertex 34.3 5.6003 12.4
      vertex 34.7048 5.17416 13
      vertex 34.8714 5.27038 13
    endloop
  endfacet
  facet normal -0.362064 0.627111 0.689668
    outer loop
      vertex 34.7048 5.17416 13
      vertex 34.3 5.6003 12.4
      vertex 30.8 3.57957 12.4
    endloop
  endfacet
  facet normal 0.362064 -0.627105 0.689673
    outer loop
      vertex 26.8952 10.0679 13
      vertex 27.3 9.64175 12.4
      vertex 30.8 11.6625 12.4
    endloop
  endfacet
  facet normal 0.362201 -0.627003 0.689694
    outer loop
      vertex 27.3 9.64175 12.4
      vertex 26.8952 10.0679 13
      vertex 26.7286 9.97166 13
    endloop
  endfacet
  facet normal -0.724155 0 0.689637
    outer loop
      vertex 34.3 5.6003 12.4
      vertex 34.8714 9.97166 13
      vertex 34.3 9.64175 12.4
    endloop
  endfacet
  facet normal -0.724155 0 0.689637
    outer loop
      vertex 34.8714 9.97166 13
      vertex 34.3 5.6003 12.4
      vertex 34.8714 5.27038 13
    endloop
  endfacet
  facet normal 0.499995 -0.866028 0
    outer loop
      vertex -29.9 17.2628 1
      vertex -26.4 19.2835 12.4
      vertex -29.9 17.2628 12.4
    endloop
  endfacet
  facet normal 0.499995 -0.866028 0
    outer loop
      vertex -26.4 19.2835 12.4
      vertex -29.9 17.2628 1
      vertex -26.4 19.2835 1
    endloop
  endfacet
  facet normal -1 0 0
    outer loop
      vertex -22.9 13.2213 1
      vertex -22.9 17.2628 12.4
      vertex -22.9 17.2628 1
    endloop
  endfacet
  facet normal -1 -0 0
    outer loop
      vertex -22.9 17.2628 12.4
      vertex -22.9 13.2213 1
      vertex -22.9 13.2213 12.4
    endloop
  endfacet
  facet normal 0.499995 0.866028 -0
    outer loop
      vertex -26.4 11.2006 1
      vertex -29.9 13.2213 12.4
      vertex -26.4 11.2006 12.4
    endloop
  endfacet
  facet normal 0.499995 0.866028 0
    outer loop
      vertex -29.9 13.2213 12.4
      vertex -26.4 11.2006 1
      vertex -29.9 13.2213 1
    endloop
  endfacet
  facet normal -0.499995 -0.866028 0
    outer loop
      vertex -26.4 19.2835 1
      vertex -22.9 17.2628 12.4
      vertex -26.4 19.2835 12.4
    endloop
  endfacet
  facet normal -0.499995 -0.866028 -0
    outer loop
      vertex -22.9 17.2628 12.4
      vertex -26.4 19.2835 1
      vertex -22.9 17.2628 1
    endloop
  endfacet
  facet normal -0.499995 0.866028 0
    outer loop
      vertex -22.9 13.2213 1
      vertex -26.4 11.2006 12.4
      vertex -22.9 13.2213 12.4
    endloop
  endfacet
  facet normal -0.499995 0.866028 0
    outer loop
      vertex -26.4 11.2006 12.4
      vertex -22.9 13.2213 1
      vertex -26.4 11.2006 1
    endloop
  endfacet
  facet normal 1 -0 0
    outer loop
      vertex -29.9 13.2213 12.4
      vertex -29.9 17.2628 1
      vertex -29.9 17.2628 12.4
    endloop
  endfacet
  facet normal 1 0 0
    outer loop
      vertex -29.9 17.2628 1
      vertex -29.9 13.2213 12.4
      vertex -29.9 13.2213 1
    endloop
  endfacet
  facet normal 0 0 1
    outer loop
      vertex -26.4 19.2835 1
      vertex -22.9 13.2213 1
      vertex -22.9 17.2628 1
    endloop
  endfacet
  facet normal 0 0 1
    outer loop
      vertex -26.4 19.2835 1
      vertex -26.4 11.2006 1
      vertex -22.9 13.2213 1
    endloop
  endfacet
  facet normal -0 0 1
    outer loop
      vertex -29.9 17.2628 1
      vertex -26.4 11.2006 1
      vertex -26.4 19.2835 1
    endloop
  endfacet
  facet normal 0 0 1
    outer loop
      vertex -26.4 11.2006 1
      vertex -29.9 17.2628 1
      vertex -29.9 13.2213 1
    endloop
  endfacet
  facet normal -0.362071 0.627136 0.689641
    outer loop
      vertex -22.4952 12.7952 13
      vertex -26.4 11.2006 12.4
      vertex -26.4 10.5408 13
    endloop
  endfacet
  facet normal 0.724155 0 0.689637
    outer loop
      vertex -30.4714 17.5927 13
      vertex -29.9 13.2213 12.4
      vertex -29.9 17.2628 12.4
    endloop
  endfacet
  facet normal 0.724155 0 0.689637
    outer loop
      vertex -29.9 13.2213 12.4
      vertex -30.4714 17.5927 13
      vertex -30.4714 12.8914 13
    endloop
  endfacet
  facet normal 0.362071 0.627136 0.689641
    outer loop
      vertex -26.4 10.5408 13
      vertex -26.4 11.2006 12.4
      vertex -30.3048 12.7952 13
    endloop
  endfacet
  facet normal 0.36207 0.627132 0.689645
    outer loop
      vertex -29.9 13.2213 12.4
      vertex -30.3048 12.7952 13
      vertex -26.4 11.2006 12.4
    endloop
  endfacet
  facet normal 0.362109 0.627103 0.689651
    outer loop
      vertex -30.3048 12.7952 13
      vertex -29.9 13.2213 12.4
      vertex -30.4714 12.8914 13
    endloop
  endfacet
  facet normal -0.362109 -0.627103 0.689651
    outer loop
      vertex -22.4952 17.6889 13
      vertex -22.9 17.2628 12.4
      vertex -22.3286 17.5927 13
    endloop
  endfacet
  facet normal -0.36207 -0.627132 0.689645
    outer loop
      vertex -22.9 17.2628 12.4
      vertex -22.4952 17.6889 13
      vertex -26.4 19.2835 12.4
    endloop
  endfacet
  facet normal 0.362071 -0.627136 0.689641
    outer loop
      vertex -26.4 19.2835 12.4
      vertex -26.4 19.9433 13
      vertex -30.3048 17.6889 13
    endloop
  endfacet
  facet normal -0.362071 -0.627136 0.689641
    outer loop
      vertex -22.4952 17.6889 13
      vertex -26.4 19.9433 13
      vertex -26.4 19.2835 12.4
    endloop
  endfacet
  facet normal -0.362109 0.627103 0.689651
    outer loop
      vertex -22.9 13.2213 12.4
      vertex -22.4952 12.7952 13
      vertex -22.3286 12.8914 13
    endloop
  endfacet
  facet normal -0.36207 0.627132 0.689645
    outer loop
      vertex -22.4952 12.7952 13
      vertex -22.9 13.2213 12.4
      vertex -26.4 11.2006 12.4
    endloop
  endfacet
  facet normal 0.36207 -0.627132 0.689645
    outer loop
      vertex -30.3048 17.6889 13
      vertex -29.9 17.2628 12.4
      vertex -26.4 19.2835 12.4
    endloop
  endfacet
  facet normal 0.362109 -0.627103 0.689651
    outer loop
      vertex -29.9 17.2628 12.4
      vertex -30.3048 17.6889 13
      vertex -30.4714 17.5927 13
    endloop
  endfacet
  facet normal -0.724155 0 0.689637
    outer loop
      vertex -22.9 13.2213 12.4
      vertex -22.3286 17.5927 13
      vertex -22.9 17.2628 12.4
    endloop
  endfacet
  facet normal -0.724155 0 0.689637
    outer loop
      vertex -22.3286 17.5927 13
      vertex -22.9 13.2213 12.4
      vertex -22.3286 12.8914 13
    endloop
  endfacet
  facet normal 0.499995 -0.866028 0
    outer loop
      vertex -21.1 17.2628 1
      vertex -17.6 19.2835 12.4
      vertex -21.1 17.2628 12.4
    endloop
  endfacet
  facet normal 0.499995 -0.866028 0
    outer loop
      vertex -17.6 19.2835 12.4
      vertex -21.1 17.2628 1
      vertex -17.6 19.2835 1
    endloop
  endfacet
  facet normal -1 0 0
    outer loop
      vertex -14.1 13.2213 1
      vertex -14.1 17.2628 12.4
      vertex -14.1 17.2628 1
    endloop
  endfacet
  facet normal -1 -0 0
    outer loop
      vertex -14.1 17.2628 12.4
      vertex -14.1 13.2213 1
      vertex -14.1 13.2213 12.4
    endloop
  endfacet
  facet normal 0.499995 0.866028 -0
    outer loop
      vertex -17.6 11.2006 1
      vertex -21.1 13.2213 12.4
      vertex -17.6 11.2006 12.4
    endloop
  endfacet
  facet normal 0.499995 0.866028 0
    outer loop
      vertex -21.1 13.2213 12.4
      vertex -17.6 11.2006 1
      vertex -21.1 13.2213 1
    endloop
  endfacet
  facet normal -0.499995 -0.866028 0
    outer loop
      vertex -17.6 19.2835 1
      vertex -14.1 17.2628 12.4
      vertex -17.6 19.2835 12.4
    endloop
  endfacet
  facet normal -0.499995 -0.866028 -0
    outer loop
      vertex -14.1 17.2628 12.4
      vertex -17.6 19.2835 1
      vertex -14.1 17.2628 1
    endloop
  endfacet
  facet normal -0.499995 0.866028 0
    outer loop
      vertex -14.1 13.2213 1
      vertex -17.6 11.2006 12.4
      vertex -14.1 13.2213 12.4
    endloop
  endfacet
  facet normal -0.499995 0.866028 0
    outer loop
      vertex -17.6 11.2006 12.4
      vertex -14.1 13.2213 1
      vertex -17.6 11.2006 1
    endloop
  endfacet
  facet normal 1 -0 0
    outer loop
      vertex -21.1 13.2213 12.4
      vertex -21.1 17.2628 1
      vertex -21.1 17.2628 12.4
    endloop
  endfacet
  facet normal 1 0 0
    outer loop
      vertex -21.1 17.2628 1
      vertex -21.1 13.2213 12.4
      vertex -21.1 13.2213 1
    endloop
  endfacet
  facet normal 0 0 1
    outer loop
      vertex -17.6 19.2835 1
      vertex -14.1 13.2213 1
      vertex -14.1 17.2628 1
    endloop
  endfacet
  facet normal 0 0 1
    outer loop
      vertex -17.6 19.2835 1
      vertex -17.6 11.2006 1
      vertex -14.1 13.2213 1
    endloop
  endfacet
  facet normal -0 0 1
    outer loop
      vertex -21.1 17.2628 1
      vertex -17.6 11.2006 1
      vertex -17.6 19.2835 1
    endloop
  endfacet
  facet normal 0 0 1
    outer loop
      vertex -17.6 11.2006 1
      vertex -21.1 17.2628 1
      vertex -21.1 13.2213 1
    endloop
  endfacet
  facet normal -0.362071 0.627136 0.689641
    outer loop
      vertex -13.6952 12.7952 13
      vertex -17.6 11.2006 12.4
      vertex -17.6 10.5408 13
    endloop
  endfacet
  facet normal 0.724155 0 0.689637
    outer loop
      vertex -21.6714 17.5927 13
      vertex -21.1 13.2213 12.4
      vertex -21.1 17.2628 12.4
    endloop
  endfacet
  facet normal 0.724155 0 0.689637
    outer loop
      vertex -21.1 13.2213 12.4
      vertex -21.6714 17.5927 13
      vertex -21.6714 12.8914 13
    endloop
  endfacet
  facet normal 0.362071 0.627136 0.689641
    outer loop
      vertex -17.6 10.5408 13
      vertex -17.6 11.2006 12.4
      vertex -21.5048 12.7952 13
    endloop
  endfacet
  facet normal 0.36207 0.627132 0.689645
    outer loop
      vertex -21.1 13.2213 12.4
      vertex -21.5048 12.7952 13
      vertex -17.6 11.2006 12.4
    endloop
  endfacet
  facet normal 0.362109 0.627103 0.689651
    outer loop
      vertex -21.5048 12.7952 13
      vertex -21.1 13.2213 12.4
      vertex -21.6714 12.8914 13
    endloop
  endfacet
  facet normal -0.362109 -0.627103 0.689651
    outer loop
      vertex -13.6952 17.6889 13
      vertex -14.1 17.2628 12.4
      vertex -13.5286 17.5927 13
    endloop
  endfacet
  facet normal -0.36207 -0.627132 0.689645
    outer loop
      vertex -14.1 17.2628 12.4
      vertex -13.6952 17.6889 13
      vertex -17.6 19.2835 12.4
    endloop
  endfacet
  facet normal 0.362071 -0.627136 0.689641
    outer loop
      vertex -17.6 19.2835 12.4
      vertex -17.6 19.9433 13
      vertex -21.5048 17.6889 13
    endloop
  endfacet
  facet normal -0.362071 -0.627136 0.689641
    outer loop
      vertex -13.6952 17.6889 13
      vertex -17.6 19.9433 13
      vertex -17.6 19.2835 12.4
    endloop
  endfacet
  facet normal -0.362109 0.627103 0.689651
    outer loop
      vertex -14.1 13.2213 12.4
      vertex -13.6952 12.7952 13
      vertex -13.5286 12.8914 13
    endloop
  endfacet
  facet normal -0.36207 0.627132 0.689645
    outer loop
      vertex -13.6952 12.7952 13
      vertex -14.1 13.2213 12.4
      vertex -17.6 11.2006 12.4
    endloop
  endfacet
  facet normal 0.36207 -0.627132 0.689645
    outer loop
      vertex -21.5048 17.6889 13
      vertex -21.1 17.2628 12.4
      vertex -17.6 19.2835 12.4
    endloop
  endfacet
  facet normal 0.362109 -0.627103 0.689651
    outer loop
      vertex -21.1 17.2628 12.4
      vertex -21.5048 17.6889 13
      vertex -21.6714 17.5927 13
    endloop
  endfacet
  facet normal -0.724155 0 0.689637
    outer loop
      vertex -14.1 13.2213 12.4
      vertex -13.5286 17.5927 13
      vertex -14.1 17.2628 12.4
    endloop
  endfacet
  facet normal -0.724155 0 0.689637
    outer loop
      vertex -13.5286 17.5927 13
      vertex -14.1 13.2213 12.4
      vertex -13.5286 12.8914 13
    endloop
  endfacet
  facet normal 0.499995 -0.866028 0
    outer loop
      vertex -12.3 17.2628 1
      vertex -8.8 19.2835 12.4
      vertex -12.3 17.2628 12.4
    endloop
  endfacet
  facet normal 0.499995 -0.866028 0
    outer loop
      vertex -8.8 19.2835 12.4
      vertex -12.3 17.2628 1
      vertex -8.8 19.2835 1
    endloop
  endfacet
  facet normal -1 0 0
    outer loop
      vertex -5.3 13.2213 1
      vertex -5.3 17.2628 12.4
      vertex -5.3 17.2628 1
    endloop
  endfacet
  facet normal -1 -0 0
    outer loop
      vertex -5.3 17.2628 12.4
      vertex -5.3 13.2213 1
      vertex -5.3 13.2213 12.4
    endloop
  endfacet
  facet normal 0.499995 0.866028 -0
    outer loop
      vertex -8.8 11.2006 1
      vertex -12.3 13.2213 12.4
      vertex -8.8 11.2006 12.4
    endloop
  endfacet
  facet normal 0.499995 0.866028 0
    outer loop
      vertex -12.3 13.2213 12.4
      vertex -8.8 11.2006 1
      vertex -12.3 13.2213 1
    endloop
  endfacet
  facet normal -0.499995 -0.866028 0
    outer loop
      vertex -8.8 19.2835 1
      vertex -5.3 17.2628 12.4
      vertex -8.8 19.2835 12.4
    endloop
  endfacet
  facet normal -0.499995 -0.866028 -0
    outer loop
      vertex -5.3 17.2628 12.4
      vertex -8.8 19.2835 1
      vertex -5.3 17.2628 1
    endloop
  endfacet
  facet normal -0.499995 0.866028 0
    outer loop
      vertex -5.3 13.2213 1
      vertex -8.8 11.2006 12.4
      vertex -5.3 13.2213 12.4
    endloop
  endfacet
  facet normal -0.499995 0.866028 0
    outer loop
      vertex -8.8 11.2006 12.4
      vertex -5.3 13.2213 1
      vertex -8.8 11.2006 1
    endloop
  endfacet
  facet normal 1 -0 0
    outer loop
      vertex -12.3 13.2213 12.4
      vertex -12.3 17.2628 1
      vertex -12.3 17.2628 12.4
    endloop
  endfacet
  facet normal 1 0 0
    outer loop
      vertex -12.3 17.2628 1
      vertex -12.3 13.2213 12.4
      vertex -12.3 13.2213 1
    endloop
  endfacet
  facet normal 0 0 1
    outer loop
      vertex -8.8 19.2835 1
      vertex -5.3 13.2213 1
      vertex -5.3 17.2628 1
    endloop
  endfacet
  facet normal 0 0 1
    outer loop
      vertex -8.8 19.2835 1
      vertex -8.8 11.2006 1
      vertex -5.3 13.2213 1
    endloop
  endfacet
  facet normal -0 0 1
    outer loop
      vertex -12.3 17.2628 1
      vertex -8.8 11.2006 1
      vertex -8.8 19.2835 1
    endloop
  endfacet
  facet normal 0 0 1
    outer loop
      vertex -8.8 11.2006 1
      vertex -12.3 17.2628 1
      vertex -12.3 13.2213 1
    endloop
  endfacet
  facet normal -0.362075 0.627135 0.68964
    outer loop
      vertex -4.89524 12.7952 13
      vertex -8.8 11.2006 12.4
      vertex -8.8 10.5408 13
    endloop
  endfacet
  facet normal 0.724155 0 0.689637
    outer loop
      vertex -12.8714 17.5927 13
      vertex -12.3 13.2213 12.4
      vertex -12.3 17.2628 12.4
    endloop
  endfacet
  facet normal 0.724155 0 0.689637
    outer loop
      vertex -12.3 13.2213 12.4
      vertex -12.8714 17.5927 13
      vertex -12.8714 12.8914 13
    endloop
  endfacet
  facet normal 0.362071 0.627136 0.689641
    outer loop
      vertex -8.8 10.5408 13
      vertex -8.8 11.2006 12.4
      vertex -12.7048 12.7952 13
    endloop
  endfacet
  facet normal 0.36207 0.627132 0.689645
    outer loop
      vertex -12.3 13.2213 12.4
      vertex -12.7048 12.7952 13
      vertex -8.8 11.2006 12.4
    endloop
  endfacet
  facet normal 0.362109 0.627103 0.689651
    outer loop
      vertex -12.7048 12.7952 13
      vertex -12.3 13.2213 12.4
      vertex -12.8714 12.8914 13
    endloop
  endfacet
  facet normal -0.362008 -0.627193 0.689622
    outer loop
      vertex -4.89524 17.6889 13
      vertex -5.3 17.2628 12.4
      vertex -4.72857 17.5927 13
    endloop
  endfacet
  facet normal -0.362076 -0.627143 0.689632
    outer loop
      vertex -5.3 17.2628 12.4
      vertex -4.89524 17.6889 13
      vertex -8.8 19.2835 12.4
    endloop
  endfacet
  facet normal 0.362071 -0.627136 0.689641
    outer loop
      vertex -8.8 19.2835 12.4
      vertex -8.8 19.9433 13
      vertex -12.7048 17.6889 13
    endloop
  endfacet
  facet normal -0.362075 -0.627135 0.68964
    outer loop
      vertex -4.89524 17.6889 13
      vertex -8.8 19.9433 13
      vertex -8.8 19.2835 12.4
    endloop
  endfacet
  facet normal -0.362008 0.627193 0.689622
    outer loop
      vertex -5.3 13.2213 12.4
      vertex -4.89524 12.7952 13
      vertex -4.72857 12.8914 13
    endloop
  endfacet
  facet normal -0.362076 0.627143 0.689632
    outer loop
      vertex -4.89524 12.7952 13
      vertex -5.3 13.2213 12.4
      vertex -8.8 11.2006 12.4
    endloop
  endfacet
  facet normal 0.36207 -0.627132 0.689645
    outer loop
      vertex -12.7048 17.6889 13
      vertex -12.3 17.2628 12.4
      vertex -8.8 19.2835 12.4
    endloop
  endfacet
  facet normal 0.362109 -0.627103 0.689651
    outer loop
      vertex -12.3 17.2628 12.4
      vertex -12.7048 17.6889 13
      vertex -12.8714 17.5927 13
    endloop
  endfacet
  facet normal -0.724137 0 0.689656
    outer loop
      vertex -5.3 13.2213 12.4
      vertex -4.72857 17.5927 13
      vertex -5.3 17.2628 12.4
    endloop
  endfacet
  facet normal -0.724137 0 0.689656
    outer loop
      vertex -4.72857 17.5927 13
      vertex -5.3 13.2213 12.4
      vertex -4.72857 12.8914 13
    endloop
  endfacet
  facet normal 0.499995 -0.866028 0
    outer loop
      vertex -3.5 17.2628 1
      vertex 0 19.2835 12.4
      vertex -3.5 17.2628 12.4
    endloop
  endfacet
  facet normal 0.499995 -0.866028 0
    outer loop
      vertex 0 19.2835 12.4
      vertex -3.5 17.2628 1
      vertex 0 19.2835 1
    endloop
  endfacet
  facet normal -1 0 0
    outer loop
      vertex 3.5 13.2213 1
      vertex 3.5 17.2628 12.4
      vertex 3.5 17.2628 1
    endloop
  endfacet
  facet normal -1 -0 0
    outer loop
      vertex 3.5 17.2628 12.4
      vertex 3.5 13.2213 1
      vertex 3.5 13.2213 12.4
    endloop
  endfacet
  facet normal 0.499995 0.866028 -0
    outer loop
      vertex 0 11.2006 1
      vertex -3.5 13.2213 12.4
      vertex 0 11.2006 12.4
    endloop
  endfacet
  facet normal 0.499995 0.866028 0
    outer loop
      vertex -3.5 13.2213 12.4
      vertex 0 11.2006 1
      vertex -3.5 13.2213 1
    endloop
  endfacet
  facet normal -0.499995 -0.866028 0
    outer loop
      vertex 0 19.2835 1
      vertex 3.5 17.2628 12.4
      vertex 0 19.2835 12.4
    endloop
  endfacet
  facet normal -0.499995 -0.866028 -0
    outer loop
      vertex 3.5 17.2628 12.4
      vertex 0 19.2835 1
      vertex 3.5 17.2628 1
    endloop
  endfacet
  facet normal -0.499995 0.866028 0
    outer loop
      vertex 3.5 13.2213 1
      vertex 0 11.2006 12.4
      vertex 3.5 13.2213 12.4
    endloop
  endfacet
  facet normal -0.499995 0.866028 0
    outer loop
      vertex 0 11.2006 12.4
      vertex 3.5 13.2213 1
      vertex 0 11.2006 1
    endloop
  endfacet
  facet normal 1 -0 0
    outer loop
      vertex -3.5 13.2213 12.4
      vertex -3.5 17.2628 1
      vertex -3.5 17.2628 12.4
    endloop
  endfacet
  facet normal 1 0 0
    outer loop
      vertex -3.5 17.2628 1
      vertex -3.5 13.2213 12.4
      vertex -3.5 13.2213 1
    endloop
  endfacet
  facet normal 0 0 1
    outer loop
      vertex 0 19.2835 1
      vertex 3.5 13.2213 1
      vertex 3.5 17.2628 1
    endloop
  endfacet
  facet normal 0 0 1
    outer loop
      vertex 0 19.2835 1
      vertex 0 11.2006 1
      vertex 3.5 13.2213 1
    endloop
  endfacet
  facet normal -0 0 1
    outer loop
      vertex -3.5 17.2628 1
      vertex 0 11.2006 1
      vertex 0 19.2835 1
    endloop
  endfacet
  facet normal 0 0 1
    outer loop
      vertex 0 11.2006 1
      vertex -3.5 17.2628 1
      vertex -3.5 13.2213 1
    endloop
  endfacet
  facet normal -0.362075 0.627135 0.68964
    outer loop
      vertex 3.90476 12.7952 13
      vertex 0 11.2006 12.4
      vertex 0 10.5408 13
    endloop
  endfacet
  facet normal 0.724137 0 0.689656
    outer loop
      vertex -4.07143 17.5927 13
      vertex -3.5 13.2213 12.4
      vertex -3.5 17.2628 12.4
    endloop
  endfacet
  facet normal 0.724137 0 0.689656
    outer loop
      vertex -3.5 13.2213 12.4
      vertex -4.07143 17.5927 13
      vertex -4.07143 12.8914 13
    endloop
  endfacet
  facet normal 0.362075 0.627135 0.68964
    outer loop
      vertex 0 10.5408 13
      vertex 0 11.2006 12.4
      vertex -3.90476 12.7952 13
    endloop
  endfacet
  facet normal 0.362076 0.627143 0.689632
    outer loop
      vertex -3.5 13.2213 12.4
      vertex -3.90476 12.7952 13
      vertex 0 11.2006 12.4
    endloop
  endfacet
  facet normal 0.362008 0.627193 0.689622
    outer loop
      vertex -3.90476 12.7952 13
      vertex -3.5 13.2213 12.4
      vertex -4.07143 12.8914 13
    endloop
  endfacet
  facet normal -0.362008 -0.627193 0.689622
    outer loop
      vertex 3.90476 17.6889 13
      vertex 3.5 17.2628 12.4
      vertex 4.07143 17.5927 13
    endloop
  endfacet
  facet normal -0.362076 -0.627143 0.689632
    outer loop
      vertex 3.5 17.2628 12.4
      vertex 3.90476 17.6889 13
      vertex 0 19.2835 12.4
    endloop
  endfacet
  facet normal 0.362075 -0.627135 0.68964
    outer loop
      vertex 0 19.2835 12.4
      vertex 0 19.9433 13
      vertex -3.90476 17.6889 13
    endloop
  endfacet
  facet normal -0.362075 -0.627135 0.68964
    outer loop
      vertex 3.90476 17.6889 13
      vertex 0 19.9433 13
      vertex 0 19.2835 12.4
    endloop
  endfacet
  facet normal -0.362008 0.627193 0.689622
    outer loop
      vertex 3.5 13.2213 12.4
      vertex 3.90476 12.7952 13
      vertex 4.07143 12.8914 13
    endloop
  endfacet
  facet normal -0.362076 0.627143 0.689632
    outer loop
      vertex 3.90476 12.7952 13
      vertex 3.5 13.2213 12.4
      vertex 0 11.2006 12.4
    endloop
  endfacet
  facet normal 0.362076 -0.627143 0.689632
    outer loop
      vertex -3.90476 17.6889 13
      vertex -3.5 17.2628 12.4
      vertex 0 19.2835 12.4
    endloop
  endfacet
  facet normal 0.362008 -0.627193 0.689622
    outer loop
      vertex -3.5 17.2628 12.4
      vertex -3.90476 17.6889 13
      vertex -4.07143 17.5927 13
    endloop
  endfacet
  facet normal -0.724137 0 0.689656
    outer loop
      vertex 3.5 13.2213 12.4
      vertex 4.07143 17.5927 13
      vertex 3.5 17.2628 12.4
    endloop
  endfacet
  facet normal -0.724137 0 0.689656
    outer loop
      vertex 4.07143 17.5927 13
      vertex 3.5 13.2213 12.4
      vertex 4.07143 12.8914 13
    endloop
  endfacet
  facet normal 0.499995 -0.866028 0
    outer loop
      vertex 5.3 17.2628 1
      vertex 8.8 19.2835 12.4
      vertex 5.3 17.2628 12.4
    endloop
  endfacet
  facet normal 0.499995 -0.866028 0
    outer loop
      vertex 8.8 19.2835 12.4
      vertex 5.3 17.2628 1
      vertex 8.8 19.2835 1
    endloop
  endfacet
  facet normal -1 0 0
    outer loop
      vertex 12.3 13.2213 1
      vertex 12.3 17.2628 12.4
      vertex 12.3 17.2628 1
    endloop
  endfacet
  facet normal -1 -0 0
    outer loop
      vertex 12.3 17.2628 12.4
      vertex 12.3 13.2213 1
      vertex 12.3 13.2213 12.4
    endloop
  endfacet
  facet normal 0.499995 0.866028 -0
    outer loop
      vertex 8.8 11.2006 1
      vertex 5.3 13.2213 12.4
      vertex 8.8 11.2006 12.4
    endloop
  endfacet
  facet normal 0.499995 0.866028 0
    outer loop
      vertex 5.3 13.2213 12.4
      vertex 8.8 11.2006 1
      vertex 5.3 13.2213 1
    endloop
  endfacet
  facet normal -0.499995 -0.866028 0
    outer loop
      vertex 8.8 19.2835 1
      vertex 12.3 17.2628 12.4
      vertex 8.8 19.2835 12.4
    endloop
  endfacet
  facet normal -0.499995 -0.866028 -0
    outer loop
      vertex 12.3 17.2628 12.4
      vertex 8.8 19.2835 1
      vertex 12.3 17.2628 1
    endloop
  endfacet
  facet normal -0.499995 0.866028 0
    outer loop
      vertex 12.3 13.2213 1
      vertex 8.8 11.2006 12.4
      vertex 12.3 13.2213 12.4
    endloop
  endfacet
  facet normal -0.499995 0.866028 0
    outer loop
      vertex 8.8 11.2006 12.4
      vertex 12.3 13.2213 1
      vertex 8.8 11.2006 1
    endloop
  endfacet
  facet normal 1 -0 0
    outer loop
      vertex 5.3 13.2213 12.4
      vertex 5.3 17.2628 1
      vertex 5.3 17.2628 12.4
    endloop
  endfacet
  facet normal 1 0 0
    outer loop
      vertex 5.3 17.2628 1
      vertex 5.3 13.2213 12.4
      vertex 5.3 13.2213 1
    endloop
  endfacet
  facet normal 0 0 1
    outer loop
      vertex 8.8 19.2835 1
      vertex 12.3 13.2213 1
      vertex 12.3 17.2628 1
    endloop
  endfacet
  facet normal 0 0 1
    outer loop
      vertex 8.8 19.2835 1
      vertex 8.8 11.2006 1
      vertex 12.3 13.2213 1
    endloop
  endfacet
  facet normal -0 0 1
    outer loop
      vertex 5.3 17.2628 1
      vertex 8.8 11.2006 1
      vertex 8.8 19.2835 1
    endloop
  endfacet
  facet normal 0 0 1
    outer loop
      vertex 8.8 11.2006 1
      vertex 5.3 17.2628 1
      vertex 5.3 13.2213 1
    endloop
  endfacet
  facet normal -0.362071 0.627136 0.689641
    outer loop
      vertex 12.7048 12.7952 13
      vertex 8.8 11.2006 12.4
      vertex 8.8 10.5408 13
    endloop
  endfacet
  facet normal 0.724137 0 0.689656
    outer loop
      vertex 4.72857 17.5927 13
      vertex 5.3 13.2213 12.4
      vertex 5.3 17.2628 12.4
    endloop
  endfacet
  facet normal 0.724137 0 0.689656
    outer loop
      vertex 5.3 13.2213 12.4
      vertex 4.72857 17.5927 13
      vertex 4.72857 12.8914 13
    endloop
  endfacet
  facet normal 0.362075 0.627135 0.68964
    outer loop
      vertex 8.8 10.5408 13
      vertex 8.8 11.2006 12.4
      vertex 4.89524 12.7952 13
    endloop
  endfacet
  facet normal 0.362076 0.627143 0.689632
    outer loop
      vertex 5.3 13.2213 12.4
      vertex 4.89524 12.7952 13
      vertex 8.8 11.2006 12.4
    endloop
  endfacet
  facet normal 0.362008 0.627193 0.689622
    outer loop
      vertex 4.89524 12.7952 13
      vertex 5.3 13.2213 12.4
      vertex 4.72857 12.8914 13
    endloop
  endfacet
  facet normal -0.362109 -0.627103 0.689651
    outer loop
      vertex 12.7048 17.6889 13
      vertex 12.3 17.2628 12.4
      vertex 12.8714 17.5927 13
    endloop
  endfacet
  facet normal -0.36207 -0.627132 0.689645
    outer loop
      vertex 12.3 17.2628 12.4
      vertex 12.7048 17.6889 13
      vertex 8.8 19.2835 12.4
    endloop
  endfacet
  facet normal 0.362075 -0.627135 0.68964
    outer loop
      vertex 8.8 19.2835 12.4
      vertex 8.8 19.9433 13
      vertex 4.89524 17.6889 13
    endloop
  endfacet
  facet normal -0.362071 -0.627136 0.689641
    outer loop
      vertex 12.7048 17.6889 13
      vertex 8.8 19.9433 13
      vertex 8.8 19.2835 12.4
    endloop
  endfacet
  facet normal -0.362109 0.627103 0.689651
    outer loop
      vertex 12.3 13.2213 12.4
      vertex 12.7048 12.7952 13
      vertex 12.8714 12.8914 13
    endloop
  endfacet
  facet normal -0.36207 0.627132 0.689645
    outer loop
      vertex 12.7048 12.7952 13
      vertex 12.3 13.2213 12.4
      vertex 8.8 11.2006 12.4
    endloop
  endfacet
  facet normal 0.362076 -0.627143 0.689632
    outer loop
      vertex 4.89524 17.6889 13
      vertex 5.3 17.2628 12.4
      vertex 8.8 19.2835 12.4
    endloop
  endfacet
  facet normal 0.362008 -0.627193 0.689622
    outer loop
      vertex 5.3 17.2628 12.4
      vertex 4.89524 17.6889 13
      vertex 4.72857 17.5927 13
    endloop
  endfacet
  facet normal -0.724155 0 0.689637
    outer loop
      vertex 12.3 13.2213 12.4
      vertex 12.8714 17.5927 13
      vertex 12.3 17.2628 12.4
    endloop
  endfacet
  facet normal -0.724155 0 0.689637
    outer loop
      vertex 12.8714 17.5927 13
      vertex 12.3 13.2213 12.4
      vertex 12.8714 12.8914 13
    endloop
  endfacet
  facet normal 0.499995 -0.866028 0
    outer loop
      vertex 14.1 17.2628 1
      vertex 17.6 19.2835 12.4
      vertex 14.1 17.2628 12.4
    endloop
  endfacet
  facet normal 0.499995 -0.866028 0
    outer loop
      vertex 17.6 19.2835 12.4
      vertex 14.1 17.2628 1
      vertex 17.6 19.2835 1
    endloop
  endfacet
  facet normal -1 0 0
    outer loop
      vertex 21.1 13.2213 1
      vertex 21.1 17.2628 12.4
      vertex 21.1 17.2628 1
    endloop
  endfacet
  facet normal -1 -0 0
    outer loop
      vertex 21.1 17.2628 12.4
      vertex 21.1 13.2213 1
      vertex 21.1 13.2213 12.4
    endloop
  endfacet
  facet normal 0.499995 0.866028 -0
    outer loop
      vertex 17.6 11.2006 1
      vertex 14.1 13.2213 12.4
      vertex 17.6 11.2006 12.4
    endloop
  endfacet
  facet normal 0.499995 0.866028 0
    outer loop
      vertex 14.1 13.2213 12.4
      vertex 17.6 11.2006 1
      vertex 14.1 13.2213 1
    endloop
  endfacet
  facet normal -0.499995 -0.866028 0
    outer loop
      vertex 17.6 19.2835 1
      vertex 21.1 17.2628 12.4
      vertex 17.6 19.2835 12.4
    endloop
  endfacet
  facet normal -0.499995 -0.866028 -0
    outer loop
      vertex 21.1 17.2628 12.4
      vertex 17.6 19.2835 1
      vertex 21.1 17.2628 1
    endloop
  endfacet
  facet normal -0.499995 0.866028 0
    outer loop
      vertex 21.1 13.2213 1
      vertex 17.6 11.2006 12.4
      vertex 21.1 13.2213 12.4
    endloop
  endfacet
  facet normal -0.499995 0.866028 0
    outer loop
      vertex 17.6 11.2006 12.4
      vertex 21.1 13.2213 1
      vertex 17.6 11.2006 1
    endloop
  endfacet
  facet normal 1 -0 0
    outer loop
      vertex 14.1 13.2213 12.4
      vertex 14.1 17.2628 1
      vertex 14.1 17.2628 12.4
    endloop
  endfacet
  facet normal 1 0 0
    outer loop
      vertex 14.1 17.2628 1
      vertex 14.1 13.2213 12.4
      vertex 14.1 13.2213 1
    endloop
  endfacet
  facet normal 0 0 1
    outer loop
      vertex 17.6 19.2835 1
      vertex 21.1 13.2213 1
      vertex 21.1 17.2628 1
    endloop
  endfacet
  facet normal 0 0 1
    outer loop
      vertex 17.6 19.2835 1
      vertex 17.6 11.2006 1
      vertex 21.1 13.2213 1
    endloop
  endfacet
  facet normal -0 0 1
    outer loop
      vertex 14.1 17.2628 1
      vertex 17.6 11.2006 1
      vertex 17.6 19.2835 1
    endloop
  endfacet
  facet normal 0 0 1
    outer loop
      vertex 17.6 11.2006 1
      vertex 14.1 17.2628 1
      vertex 14.1 13.2213 1
    endloop
  endfacet
  facet normal -0.362071 0.627136 0.689641
    outer loop
      vertex 21.5048 12.7952 13
      vertex 17.6 11.2006 12.4
      vertex 17.6 10.5408 13
    endloop
  endfacet
  facet normal 0.724155 0 0.689637
    outer loop
      vertex 13.5286 17.5927 13
      vertex 14.1 13.2213 12.4
      vertex 14.1 17.2628 12.4
    endloop
  endfacet
  facet normal 0.724155 0 0.689637
    outer loop
      vertex 14.1 13.2213 12.4
      vertex 13.5286 17.5927 13
      vertex 13.5286 12.8914 13
    endloop
  endfacet
  facet normal 0.362071 0.627136 0.689641
    outer loop
      vertex 17.6 10.5408 13
      vertex 17.6 11.2006 12.4
      vertex 13.6952 12.7952 13
    endloop
  endfacet
  facet normal 0.36207 0.627132 0.689645
    outer loop
      vertex 14.1 13.2213 12.4
      vertex 13.6952 12.7952 13
      vertex 17.6 11.2006 12.4
    endloop
  endfacet
  facet normal 0.362109 0.627103 0.689651
    outer loop
      vertex 13.6952 12.7952 13
      vertex 14.1 13.2213 12.4
      vertex 13.5286 12.8914 13
    endloop
  endfacet
  facet normal -0.362109 -0.627103 0.689651
    outer loop
      vertex 21.5048 17.6889 13
      vertex 21.1 17.2628 12.4
      vertex 21.6714 17.5927 13
    endloop
  endfacet
  facet normal -0.36207 -0.627132 0.689645
    outer loop
      vertex 21.1 17.2628 12.4
      vertex 21.5048 17.6889 13
      vertex 17.6 19.2835 12.4
    endloop
  endfacet
  facet normal 0.362071 -0.627136 0.689641
    outer loop
      vertex 17.6 19.2835 12.4
      vertex 17.6 19.9433 13
      vertex 13.6952 17.6889 13
    endloop
  endfacet
  facet normal -0.362071 -0.627136 0.689641
    outer loop
      vertex 21.5048 17.6889 13
      vertex 17.6 19.9433 13
      vertex 17.6 19.2835 12.4
    endloop
  endfacet
  facet normal -0.362109 0.627103 0.689651
    outer loop
      vertex 21.1 13.2213 12.4
      vertex 21.5048 12.7952 13
      vertex 21.6714 12.8914 13
    endloop
  endfacet
  facet normal -0.36207 0.627132 0.689645
    outer loop
      vertex 21.5048 12.7952 13
      vertex 21.1 13.2213 12.4
      vertex 17.6 11.2006 12.4
    endloop
  endfacet
  facet normal 0.36207 -0.627132 0.689645
    outer loop
      vertex 13.6952 17.6889 13
      vertex 14.1 17.2628 12.4
      vertex 17.6 19.2835 12.4
    endloop
  endfacet
  facet normal 0.362109 -0.627103 0.689651
    outer loop
      vertex 14.1 17.2628 12.4
      vertex 13.6952 17.6889 13
      vertex 13.5286 17.5927 13
    endloop
  endfacet
  facet normal -0.724155 0 0.689637
    outer loop
      vertex 21.1 13.2213 12.4
      vertex 21.6714 17.5927 13
      vertex 21.1 17.2628 12.4
    endloop
  endfacet
  facet normal -0.724155 0 0.689637
    outer loop
      vertex 21.6714 17.5927 13
      vertex 21.1 13.2213 12.4
      vertex 21.6714 12.8914 13
    endloop
  endfacet
  facet normal 0.499995 -0.866028 0
    outer loop
      vertex 22.9 17.2628 1
      vertex 26.4 19.2835 12.4
      vertex 22.9 17.2628 12.4
    endloop
  endfacet
  facet normal 0.499995 -0.866028 0
    outer loop
      vertex 26.4 19.2835 12.4
      vertex 22.9 17.2628 1
      vertex 26.4 19.2835 1
    endloop
  endfacet
  facet normal -1 0 0
    outer loop
      vertex 29.9 13.2213 1
      vertex 29.9 17.2628 12.4
      vertex 29.9 17.2628 1
    endloop
  endfacet
  facet normal -1 -0 0
    outer loop
      vertex 29.9 17.2628 12.4
      vertex 29.9 13.2213 1
      vertex 29.9 13.2213 12.4
    endloop
  endfacet
  facet normal 0.499995 0.866028 -0
    outer loop
      vertex 26.4 11.2006 1
      vertex 22.9 13.2213 12.4
      vertex 26.4 11.2006 12.4
    endloop
  endfacet
  facet normal 0.499995 0.866028 0
    outer loop
      vertex 22.9 13.2213 12.4
      vertex 26.4 11.2006 1
      vertex 22.9 13.2213 1
    endloop
  endfacet
  facet normal -0.499995 -0.866028 0
    outer loop
      vertex 26.4 19.2835 1
      vertex 29.9 17.2628 12.4
      vertex 26.4 19.2835 12.4
    endloop
  endfacet
  facet normal -0.499995 -0.866028 -0
    outer loop
      vertex 29.9 17.2628 12.4
      vertex 26.4 19.2835 1
      vertex 29.9 17.2628 1
    endloop
  endfacet
  facet normal -0.499995 0.866028 0
    outer loop
      vertex 29.9 13.2213 1
      vertex 26.4 11.2006 12.4
      vertex 29.9 13.2213 12.4
    endloop
  endfacet
  facet normal -0.499995 0.866028 0
    outer loop
      vertex 26.4 11.2006 12.4
      vertex 29.9 13.2213 1
      vertex 26.4 11.2006 1
    endloop
  endfacet
  facet normal 1 -0 0
    outer loop
      vertex 22.9 13.2213 12.4
      vertex 22.9 17.2628 1
      vertex 22.9 17.2628 12.4
    endloop
  endfacet
  facet normal 1 0 0
    outer loop
      vertex 22.9 17.2628 1
      vertex 22.9 13.2213 12.4
      vertex 22.9 13.2213 1
    endloop
  endfacet
  facet normal 0 0 1
    outer loop
      vertex 26.4 19.2835 1
      vertex 29.9 13.2213 1
      vertex 29.9 17.2628 1
    endloop
  endfacet
  facet normal 0 0 1
    outer loop
      vertex 26.4 19.2835 1
      vertex 26.4 11.2006 1
      vertex 29.9 13.2213 1
    endloop
  endfacet
  facet normal -0 0 1
    outer loop
      vertex 22.9 17.2628 1
      vertex 26.4 11.2006 1
      vertex 26.4 19.2835 1
    endloop
  endfacet
  facet normal 0 0 1
    outer loop
      vertex 26.4 11.2006 1
      vertex 22.9 17.2628 1
      vertex 22.9 13.2213 1
    endloop
  endfacet
  facet normal -0.362071 0.627136 0.689641
    outer loop
      vertex 30.3048 12.7952 13
      vertex 26.4 11.2006 12.4
      vertex 26.4 10.5408 13
    endloop
  endfacet
  facet normal 0.724155 0 0.689637
    outer loop
      vertex 22.3286 17.5927 13
      vertex 22.9 13.2213 12.4
      vertex 22.9 17.2628 12.4
    endloop
  endfacet
  facet normal 0.724155 0 0.689637
    outer loop
      vertex 22.9 13.2213 12.4
      vertex 22.3286 17.5927 13
      vertex 22.3286 12.8914 13
    endloop
  endfacet
  facet normal 0.362071 0.627136 0.689641
    outer loop
      vertex 26.4 10.5408 13
      vertex 26.4 11.2006 12.4
      vertex 22.4952 12.7952 13
    endloop
  endfacet
  facet normal 0.36207 0.627132 0.689645
    outer loop
      vertex 22.9 13.2213 12.4
      vertex 22.4952 12.7952 13
      vertex 26.4 11.2006 12.4
    endloop
  endfacet
  facet normal 0.362109 0.627103 0.689651
    outer loop
      vertex 22.4952 12.7952 13
      vertex 22.9 13.2213 12.4
      vertex 22.3286 12.8914 13
    endloop
  endfacet
  facet normal -0.362109 -0.627103 0.689651
    outer loop
      vertex 30.3048 17.6889 13
      vertex 29.9 17.2628 12.4
      vertex 30.4714 17.5927 13
    endloop
  endfacet
  facet normal -0.36207 -0.627132 0.689645
    outer loop
      vertex 29.9 17.2628 12.4
      vertex 30.3048 17.6889 13
      vertex 26.4 19.2835 12.4
    endloop
  endfacet
  facet normal 0.362071 -0.627136 0.689641
    outer loop
      vertex 26.4 19.2835 12.4
      vertex 26.4 19.9433 13
      vertex 22.4952 17.6889 13
    endloop
  endfacet
  facet normal -0.362071 -0.627136 0.689641
    outer loop
      vertex 30.3048 17.6889 13
      vertex 26.4 19.9433 13
      vertex 26.4 19.2835 12.4
    endloop
  endfacet
  facet normal -0.362109 0.627103 0.689651
    outer loop
      vertex 29.9 13.2213 12.4
      vertex 30.3048 12.7952 13
      vertex 30.4714 12.8914 13
    endloop
  endfacet
  facet normal -0.36207 0.627132 0.689645
    outer loop
      vertex 30.3048 12.7952 13
      vertex 29.9 13.2213 12.4
      vertex 26.4 11.2006 12.4
    endloop
  endfacet
  facet normal 0.36207 -0.627132 0.689645
    outer loop
      vertex 22.4952 17.6889 13
      vertex 22.9 17.2628 12.4
      vertex 26.4 19.2835 12.4
    endloop
  endfacet
  facet normal 0.362109 -0.627103 0.689651
    outer loop
      vertex 22.9 17.2628 12.4
      vertex 22.4952 17.6889 13
      vertex 22.3286 17.5927 13
    endloop
  endfacet
  facet normal -0.724155 0 0.689637
    outer loop
      vertex 29.9 13.2213 12.4
      vertex 30.4714 17.5927 13
      vertex 29.9 17.2628 12.4
    endloop
  endfacet
  facet normal -0.724155 0 0.689637
    outer loop
      vertex 30.4714 17.5927 13
      vertex 29.9 13.2213 12.4
      vertex 30.4714 12.8914 13
    endloop
  endfacet
  facet normal 0.499995 -0.866028 0
    outer loop
      vertex -25.5 24.8838 1
      vertex -22 26.9045 12.4
      vertex -25.5 24.8838 12.4
    endloop
  endfacet
  facet normal 0.499995 -0.866028 0
    outer loop
      vertex -22 26.9045 12.4
      vertex -25.5 24.8838 1
      vertex -22 26.9045 1
    endloop
  endfacet
  facet normal -1 0 0
    outer loop
      vertex -18.5 20.8423 1
      vertex -18.5 24.8838 12.4
      vertex -18.5 24.8838 1
    endloop
  endfacet
  facet normal -1 -0 0
    outer loop
      vertex -18.5 24.8838 12.4
      vertex -18.5 20.8423 1
      vertex -18.5 20.8423 12.4
    endloop
  endfacet
  facet normal 0.499995 0.866028 -0
    outer loop
      vertex -22 18.8216 1
      vertex -25.5 20.8423 12.4
      vertex -22 18.8216 12.4
    endloop
  endfacet
  facet normal 0.499995 0.866028 0
    outer loop
      vertex -25.5 20.8423 12.4
      vertex -22 18.8216 1
      vertex -25.5 20.8423 1
    endloop
  endfacet
  facet normal -0.499995 -0.866028 0
    outer loop
      vertex -22 26.9045 1
      vertex -18.5 24.8838 12.4
      vertex -22 26.9045 12.4
    endloop
  endfacet
  facet normal -0.499995 -0.866028 -0
    outer loop
      vertex -18.5 24.8838 12.4
      vertex -22 26.9045 1
      vertex -18.5 24.8838 1
    endloop
  endfacet
  facet normal -0.499995 0.866028 0
    outer loop
      vertex -18.5 20.8423 1
      vertex -22 18.8216 12.4
      vertex -18.5 20.8423 12.4
    endloop
  endfacet
  facet normal -0.499995 0.866028 0
    outer loop
      vertex -22 18.8216 12.4
      vertex -18.5 20.8423 1
      vertex -22 18.8216 1
    endloop
  endfacet
  facet normal 1 -0 0
    outer loop
      vertex -25.5 20.8423 12.4
      vertex -25.5 24.8838 1
      vertex -25.5 24.8838 12.4
    endloop
  endfacet
  facet normal 1 0 0
    outer loop
      vertex -25.5 24.8838 1
      vertex -25.5 20.8423 12.4
      vertex -25.5 20.8423 1
    endloop
  endfacet
  facet normal 0 0 1
    outer loop
      vertex -22 26.9045 1
      vertex -18.5 20.8423 1
      vertex -18.5 24.8838 1
    endloop
  endfacet
  facet normal 0 0 1
    outer loop
      vertex -22 26.9045 1
      vertex -22 18.8216 1
      vertex -18.5 20.8423 1
    endloop
  endfacet
  facet normal -0 0 1
    outer loop
      vertex -25.5 24.8838 1
      vertex -22 18.8216 1
      vertex -22 26.9045 1
    endloop
  endfacet
  facet normal 0 0 1
    outer loop
      vertex -22 18.8216 1
      vertex -25.5 24.8838 1
      vertex -25.5 20.8423 1
    endloop
  endfacet
  facet normal -0.362071 0.627136 0.689641
    outer loop
      vertex -18.0952 20.4162 13
      vertex -22 18.8216 12.4
      vertex -22 18.1618 13
    endloop
  endfacet
  facet normal 0.724155 0 0.689637
    outer loop
      vertex -26.0714 25.2137 13
      vertex -25.5 20.8423 12.4
      vertex -25.5 24.8838 12.4
    endloop
  endfacet
  facet normal 0.724155 0 0.689637
    outer loop
      vertex -25.5 20.8423 12.4
      vertex -26.0714 25.2137 13
      vertex -26.0714 20.5124 13
    endloop
  endfacet
  facet normal 0.362071 0.627136 0.689641
    outer loop
      vertex -22 18.1618 13
      vertex -22 18.8216 12.4
      vertex -25.9048 20.4162 13
    endloop
  endfacet
  facet normal 0.36207 0.627132 0.689645
    outer loop
      vertex -25.5 20.8423 12.4
      vertex -25.9048 20.4162 13
      vertex -22 18.8216 12.4
    endloop
  endfacet
  facet normal 0.362109 0.627103 0.689651
    outer loop
      vertex -25.9048 20.4162 13
      vertex -25.5 20.8423 12.4
      vertex -26.0714 20.5124 13
    endloop
  endfacet
  facet normal -0.362109 -0.627103 0.689651
    outer loop
      vertex -18.0952 25.3099 13
      vertex -18.5 24.8838 12.4
      vertex -17.9286 25.2137 13
    endloop
  endfacet
  facet normal -0.36207 -0.627132 0.689645
    outer loop
      vertex -18.5 24.8838 12.4
      vertex -18.0952 25.3099 13
      vertex -22 26.9045 12.4
    endloop
  endfacet
  facet normal 0.362059 -0.627087 0.689692
    outer loop
      vertex -22 26.9045 12.4
      vertex -22 27.5644 13
      vertex -25.9048 25.3099 13
    endloop
  endfacet
  facet normal -0.362059 -0.627087 0.689692
    outer loop
      vertex -18.0952 25.3099 13
      vertex -22 27.5644 13
      vertex -22 26.9045 12.4
    endloop
  endfacet
  facet normal -0.362109 0.627103 0.689651
    outer loop
      vertex -18.5 20.8423 12.4
      vertex -18.0952 20.4162 13
      vertex -17.9286 20.5124 13
    endloop
  endfacet
  facet normal -0.36207 0.627132 0.689645
    outer loop
      vertex -18.0952 20.4162 13
      vertex -18.5 20.8423 12.4
      vertex -22 18.8216 12.4
    endloop
  endfacet
  facet normal 0.36207 -0.627132 0.689645
    outer loop
      vertex -25.9048 25.3099 13
      vertex -25.5 24.8838 12.4
      vertex -22 26.9045 12.4
    endloop
  endfacet
  facet normal 0.362109 -0.627103 0.689651
    outer loop
      vertex -25.5 24.8838 12.4
      vertex -25.9048 25.3099 13
      vertex -26.0714 25.2137 13
    endloop
  endfacet
  facet normal -0.724155 0 0.689637
    outer loop
      vertex -18.5 20.8423 12.4
      vertex -17.9286 25.2137 13
      vertex -18.5 24.8838 12.4
    endloop
  endfacet
  facet normal -0.724155 0 0.689637
    outer loop
      vertex -17.9286 25.2137 13
      vertex -18.5 20.8423 12.4
      vertex -17.9286 20.5124 13
    endloop
  endfacet
  facet normal 0.499995 -0.866028 0
    outer loop
      vertex -16.7 24.8838 1
      vertex -13.2 26.9045 12.4
      vertex -16.7 24.8838 12.4
    endloop
  endfacet
  facet normal 0.499995 -0.866028 0
    outer loop
      vertex -13.2 26.9045 12.4
      vertex -16.7 24.8838 1
      vertex -13.2 26.9045 1
    endloop
  endfacet
  facet normal -1 0 0
    outer loop
      vertex -9.7 20.8423 1
      vertex -9.7 24.8838 12.4
      vertex -9.7 24.8838 1
    endloop
  endfacet
  facet normal -1 -0 0
    outer loop
      vertex -9.7 24.8838 12.4
      vertex -9.7 20.8423 1
      vertex -9.7 20.8423 12.4
    endloop
  endfacet
  facet normal 0.499995 0.866028 -0
    outer loop
      vertex -13.2 18.8216 1
      vertex -16.7 20.8423 12.4
      vertex -13.2 18.8216 12.4
    endloop
  endfacet
  facet normal 0.499995 0.866028 0
    outer loop
      vertex -16.7 20.8423 12.4
      vertex -13.2 18.8216 1
      vertex -16.7 20.8423 1
    endloop
  endfacet
  facet normal -0.499995 -0.866028 0
    outer loop
      vertex -13.2 26.9045 1
      vertex -9.7 24.8838 12.4
      vertex -13.2 26.9045 12.4
    endloop
  endfacet
  facet normal -0.499995 -0.866028 -0
    outer loop
      vertex -9.7 24.8838 12.4
      vertex -13.2 26.9045 1
      vertex -9.7 24.8838 1
    endloop
  endfacet
  facet normal -0.499995 0.866028 0
    outer loop
      vertex -9.7 20.8423 1
      vertex -13.2 18.8216 12.4
      vertex -9.7 20.8423 12.4
    endloop
  endfacet
  facet normal -0.499995 0.866028 0
    outer loop
      vertex -13.2 18.8216 12.4
      vertex -9.7 20.8423 1
      vertex -13.2 18.8216 1
    endloop
  endfacet
  facet normal 1 -0 0
    outer loop
      vertex -16.7 20.8423 12.4
      vertex -16.7 24.8838 1
      vertex -16.7 24.8838 12.4
    endloop
  endfacet
  facet normal 1 0 0
    outer loop
      vertex -16.7 24.8838 1
      vertex -16.7 20.8423 12.4
      vertex -16.7 20.8423 1
    endloop
  endfacet
  facet normal 0 0 1
    outer loop
      vertex -13.2 26.9045 1
      vertex -9.7 20.8423 1
      vertex -9.7 24.8838 1
    endloop
  endfacet
  facet normal 0 0 1
    outer loop
      vertex -13.2 26.9045 1
      vertex -13.2 18.8216 1
      vertex -9.7 20.8423 1
    endloop
  endfacet
  facet normal -0 0 1
    outer loop
      vertex -16.7 24.8838 1
      vertex -13.2 18.8216 1
      vertex -13.2 26.9045 1
    endloop
  endfacet
  facet normal 0 0 1
    outer loop
      vertex -13.2 18.8216 1
      vertex -16.7 24.8838 1
      vertex -16.7 20.8423 1
    endloop
  endfacet
  facet normal -0.362075 0.627135 0.68964
    outer loop
      vertex -9.29524 20.4162 13
      vertex -13.2 18.8216 12.4
      vertex -13.2 18.1618 13
    endloop
  endfacet
  facet normal 0.724155 0 0.689637
    outer loop
      vertex -17.2714 25.2137 13
      vertex -16.7 20.8423 12.4
      vertex -16.7 24.8838 12.4
    endloop
  endfacet
  facet normal 0.724155 0 0.689637
    outer loop
      vertex -16.7 20.8423 12.4
      vertex -17.2714 25.2137 13
      vertex -17.2714 20.5124 13
    endloop
  endfacet
  facet normal 0.362071 0.627136 0.689641
    outer loop
      vertex -13.2 18.1618 13
      vertex -13.2 18.8216 12.4
      vertex -17.1048 20.4162 13
    endloop
  endfacet
  facet normal 0.36207 0.627132 0.689645
    outer loop
      vertex -16.7 20.8423 12.4
      vertex -17.1048 20.4162 13
      vertex -13.2 18.8216 12.4
    endloop
  endfacet
  facet normal 0.362109 0.627103 0.689651
    outer loop
      vertex -17.1048 20.4162 13
      vertex -16.7 20.8423 12.4
      vertex -17.2714 20.5124 13
    endloop
  endfacet
  facet normal -0.362008 -0.627193 0.689622
    outer loop
      vertex -9.29524 25.3099 13
      vertex -9.7 24.8838 12.4
      vertex -9.12857 25.2137 13
    endloop
  endfacet
  facet normal -0.362076 -0.627143 0.689632
    outer loop
      vertex -9.7 24.8838 12.4
      vertex -9.29524 25.3099 13
      vertex -13.2 26.9045 12.4
    endloop
  endfacet
  facet normal 0.362059 -0.627087 0.689692
    outer loop
      vertex -13.2 26.9045 12.4
      vertex -13.2 27.5644 13
      vertex -17.1048 25.3099 13
    endloop
  endfacet
  facet normal -0.362062 -0.627087 0.689691
    outer loop
      vertex -9.29524 25.3099 13
      vertex -13.2 27.5644 13
      vertex -13.2 26.9045 12.4
    endloop
  endfacet
  facet normal -0.362008 0.627193 0.689622
    outer loop
      vertex -9.7 20.8423 12.4
      vertex -9.29524 20.4162 13
      vertex -9.12857 20.5124 13
    endloop
  endfacet
  facet normal -0.362076 0.627143 0.689632
    outer loop
      vertex -9.29524 20.4162 13
      vertex -9.7 20.8423 12.4
      vertex -13.2 18.8216 12.4
    endloop
  endfacet
  facet normal 0.36207 -0.627132 0.689645
    outer loop
      vertex -17.1048 25.3099 13
      vertex -16.7 24.8838 12.4
      vertex -13.2 26.9045 12.4
    endloop
  endfacet
  facet normal 0.362109 -0.627103 0.689651
    outer loop
      vertex -16.7 24.8838 12.4
      vertex -17.1048 25.3099 13
      vertex -17.2714 25.2137 13
    endloop
  endfacet
  facet normal -0.724137 0 0.689656
    outer loop
      vertex -9.7 20.8423 12.4
      vertex -9.12857 25.2137 13
      vertex -9.7 24.8838 12.4
    endloop
  endfacet
  facet normal -0.724137 0 0.689656
    outer loop
      vertex -9.12857 25.2137 13
      vertex -9.7 20.8423 12.4
      vertex -9.12857 20.5124 13
    endloop
  endfacet
  facet normal 0.499995 -0.866028 0
    outer loop
      vertex -7.9 24.8838 1
      vertex -4.4 26.9045 12.4
      vertex -7.9 24.8838 12.4
    endloop
  endfacet
  facet normal 0.499995 -0.866028 0
    outer loop
      vertex -4.4 26.9045 12.4
      vertex -7.9 24.8838 1
      vertex -4.4 26.9045 1
    endloop
  endfacet
  facet normal -1 0 0
    outer loop
      vertex -0.9 20.8423 1
      vertex -0.9 24.8838 12.4
      vertex -0.9 24.8838 1
    endloop
  endfacet
  facet normal -1 -0 0
    outer loop
      vertex -0.9 24.8838 12.4
      vertex -0.9 20.8423 1
      vertex -0.9 20.8423 12.4
    endloop
  endfacet
  facet normal 0.499995 0.866028 -0
    outer loop
      vertex -4.4 18.8216 1
      vertex -7.9 20.8423 12.4
      vertex -4.4 18.8216 12.4
    endloop
  endfacet
  facet normal 0.499995 0.866028 0
    outer loop
      vertex -7.9 20.8423 12.4
      vertex -4.4 18.8216 1
      vertex -7.9 20.8423 1
    endloop
  endfacet
  facet normal -0.499995 -0.866028 0
    outer loop
      vertex -4.4 26.9045 1
      vertex -0.9 24.8838 12.4
      vertex -4.4 26.9045 12.4
    endloop
  endfacet
  facet normal -0.499995 -0.866028 -0
    outer loop
      vertex -0.9 24.8838 12.4
      vertex -4.4 26.9045 1
      vertex -0.9 24.8838 1
    endloop
  endfacet
  facet normal -0.499995 0.866028 0
    outer loop
      vertex -0.9 20.8423 1
      vertex -4.4 18.8216 12.4
      vertex -0.9 20.8423 12.4
    endloop
  endfacet
  facet normal -0.499995 0.866028 0
    outer loop
      vertex -4.4 18.8216 12.4
      vertex -0.9 20.8423 1
      vertex -4.4 18.8216 1
    endloop
  endfacet
  facet normal 1 -0 0
    outer loop
      vertex -7.9 20.8423 12.4
      vertex -7.9 24.8838 1
      vertex -7.9 24.8838 12.4
    endloop
  endfacet
  facet normal 1 0 0
    outer loop
      vertex -7.9 24.8838 1
      vertex -7.9 20.8423 12.4
      vertex -7.9 20.8423 1
    endloop
  endfacet
  facet normal 0 0 1
    outer loop
      vertex -4.4 26.9045 1
      vertex -0.9 20.8423 1
      vertex -0.9 24.8838 1
    endloop
  endfacet
  facet normal 0 0 1
    outer loop
      vertex -4.4 26.9045 1
      vertex -4.4 18.8216 1
      vertex -0.9 20.8423 1
    endloop
  endfacet
  facet normal -0 0 1
    outer loop
      vertex -7.9 24.8838 1
      vertex -4.4 18.8216 1
      vertex -4.4 26.9045 1
    endloop
  endfacet
  facet normal 0 0 1
    outer loop
      vertex -4.4 18.8216 1
      vertex -7.9 24.8838 1
      vertex -7.9 20.8423 1
    endloop
  endfacet
  facet normal -0.362074 0.627135 0.68964
    outer loop
      vertex -0.495237 20.4162 13
      vertex -4.4 18.8216 12.4
      vertex -4.4 18.1618 13
    endloop
  endfacet
  facet normal 0.724137 0 0.689656
    outer loop
      vertex -8.47143 25.2137 13
      vertex -7.9 20.8423 12.4
      vertex -7.9 24.8838 12.4
    endloop
  endfacet
  facet normal 0.724137 0 0.689656
    outer loop
      vertex -7.9 20.8423 12.4
      vertex -8.47143 25.2137 13
      vertex -8.47143 20.5124 13
    endloop
  endfacet
  facet normal 0.362075 0.627135 0.68964
    outer loop
      vertex -4.4 18.1618 13
      vertex -4.4 18.8216 12.4
      vertex -8.30476 20.4162 13
    endloop
  endfacet
  facet normal 0.362076 0.627143 0.689632
    outer loop
      vertex -7.9 20.8423 12.4
      vertex -8.30476 20.4162 13
      vertex -4.4 18.8216 12.4
    endloop
  endfacet
  facet normal 0.362008 0.627193 0.689622
    outer loop
      vertex -8.30476 20.4162 13
      vertex -7.9 20.8423 12.4
      vertex -8.47143 20.5124 13
    endloop
  endfacet
  facet normal -0.362016 -0.627186 0.689624
    outer loop
      vertex -0.495237 25.3099 13
      vertex -0.9 24.8838 12.4
      vertex -0.328572 25.2137 13
    endloop
  endfacet
  facet normal -0.362076 -0.627142 0.689633
    outer loop
      vertex -0.9 24.8838 12.4
      vertex -0.495237 25.3099 13
      vertex -4.4 26.9045 12.4
    endloop
  endfacet
  facet normal 0.362062 -0.627087 0.689691
    outer loop
      vertex -4.4 26.9045 12.4
      vertex -4.4 27.5644 13
      vertex -8.30476 25.3099 13
    endloop
  endfacet
  facet normal -0.362062 -0.627087 0.689691
    outer loop
      vertex -0.495237 25.3099 13
      vertex -4.4 27.5644 13
      vertex -4.4 26.9045 12.4
    endloop
  endfacet
  facet normal -0.362016 0.627186 0.689624
    outer loop
      vertex -0.9 20.8423 12.4
      vertex -0.495237 20.4162 13
      vertex -0.328572 20.5124 13
    endloop
  endfacet
  facet normal -0.362076 0.627142 0.689633
    outer loop
      vertex -0.495237 20.4162 13
      vertex -0.9 20.8423 12.4
      vertex -4.4 18.8216 12.4
    endloop
  endfacet
  facet normal 0.362076 -0.627143 0.689632
    outer loop
      vertex -8.30476 25.3099 13
      vertex -7.9 24.8838 12.4
      vertex -4.4 26.9045 12.4
    endloop
  endfacet
  facet normal 0.362008 -0.627193 0.689622
    outer loop
      vertex -7.9 24.8838 12.4
      vertex -8.30476 25.3099 13
      vertex -8.47143 25.2137 13
    endloop
  endfacet
  facet normal -0.724138 0 0.689655
    outer loop
      vertex -0.9 20.8423 12.4
      vertex -0.328572 25.2137 13
      vertex -0.9 24.8838 12.4
    endloop
  endfacet
  facet normal -0.724138 0 0.689655
    outer loop
      vertex -0.328572 25.2137 13
      vertex -0.9 20.8423 12.4
      vertex -0.328572 20.5124 13
    endloop
  endfacet
  facet normal 0.499995 -0.866028 0
    outer loop
      vertex 0.9 24.8838 1
      vertex 4.4 26.9045 12.4
      vertex 0.9 24.8838 12.4
    endloop
  endfacet
  facet normal 0.499995 -0.866028 0
    outer loop
      vertex 4.4 26.9045 12.4
      vertex 0.9 24.8838 1
      vertex 4.4 26.9045 1
    endloop
  endfacet
  facet normal -1 0 0
    outer loop
      vertex 7.9 20.8423 1
      vertex 7.9 24.8838 12.4
      vertex 7.9 24.8838 1
    endloop
  endfacet
  facet normal -1 -0 0
    outer loop
      vertex 7.9 24.8838 12.4
      vertex 7.9 20.8423 1
      vertex 7.9 20.8423 12.4
    endloop
  endfacet
  facet normal 0.499995 0.866028 -0
    outer loop
      vertex 4.4 18.8216 1
      vertex 0.9 20.8423 12.4
      vertex 4.4 18.8216 12.4
    endloop
  endfacet
  facet normal 0.499995 0.866028 0
    outer loop
      vertex 0.9 20.8423 12.4
      vertex 4.4 18.8216 1
      vertex 0.9 20.8423 1
    endloop
  endfacet
  facet normal -0.499995 -0.866028 0
    outer loop
      vertex 4.4 26.9045 1
      vertex 7.9 24.8838 12.4
      vertex 4.4 26.9045 12.4
    endloop
  endfacet
  facet normal -0.499995 -0.866028 -0
    outer loop
      vertex 7.9 24.8838 12.4
      vertex 4.4 26.9045 1
      vertex 7.9 24.8838 1
    endloop
  endfacet
  facet normal -0.499995 0.866028 0
    outer loop
      vertex 7.9 20.8423 1
      vertex 4.4 18.8216 12.4
      vertex 7.9 20.8423 12.4
    endloop
  endfacet
  facet normal -0.499995 0.866028 0
    outer loop
      vertex 4.4 18.8216 12.4
      vertex 7.9 20.8423 1
      vertex 4.4 18.8216 1
    endloop
  endfacet
  facet normal 1 -0 0
    outer loop
      vertex 0.9 20.8423 12.4
      vertex 0.9 24.8838 1
      vertex 0.9 24.8838 12.4
    endloop
  endfacet
  facet normal 1 0 0
    outer loop
      vertex 0.9 24.8838 1
      vertex 0.9 20.8423 12.4
      vertex 0.9 20.8423 1
    endloop
  endfacet
  facet normal 0 0 1
    outer loop
      vertex 4.4 26.9045 1
      vertex 7.9 20.8423 1
      vertex 7.9 24.8838 1
    endloop
  endfacet
  facet normal 0 0 1
    outer loop
      vertex 4.4 26.9045 1
      vertex 4.4 18.8216 1
      vertex 7.9 20.8423 1
    endloop
  endfacet
  facet normal -0 0 1
    outer loop
      vertex 0.9 24.8838 1
      vertex 4.4 18.8216 1
      vertex 4.4 26.9045 1
    endloop
  endfacet
  facet normal 0 0 1
    outer loop
      vertex 4.4 18.8216 1
      vertex 0.9 24.8838 1
      vertex 0.9 20.8423 1
    endloop
  endfacet
  facet normal -0.362075 0.627135 0.68964
    outer loop
      vertex 8.30476 20.4162 13
      vertex 4.4 18.8216 12.4
      vertex 4.4 18.1618 13
    endloop
  endfacet
  facet normal 0.724138 0 0.689655
    outer loop
      vertex 0.328572 25.2137 13
      vertex 0.9 20.8423 12.4
      vertex 0.9 24.8838 12.4
    endloop
  endfacet
  facet normal 0.724138 0 0.689655
    outer loop
      vertex 0.9 20.8423 12.4
      vertex 0.328572 25.2137 13
      vertex 0.328572 20.5124 13
    endloop
  endfacet
  facet normal 0.362074 0.627135 0.68964
    outer loop
      vertex 4.4 18.1618 13
      vertex 4.4 18.8216 12.4
      vertex 0.495237 20.4162 13
    endloop
  endfacet
  facet normal 0.362076 0.627142 0.689633
    outer loop
      vertex 0.9 20.8423 12.4
      vertex 0.495237 20.4162 13
      vertex 4.4 18.8216 12.4
    endloop
  endfacet
  facet normal 0.362016 0.627186 0.689624
    outer loop
      vertex 0.495237 20.4162 13
      vertex 0.9 20.8423 12.4
      vertex 0.328572 20.5124 13
    endloop
  endfacet
  facet normal -0.362008 -0.627193 0.689622
    outer loop
      vertex 8.30476 25.3099 13
      vertex 7.9 24.8838 12.4
      vertex 8.47143 25.2137 13
    endloop
  endfacet
  facet normal -0.362076 -0.627143 0.689632
    outer loop
      vertex 7.9 24.8838 12.4
      vertex 8.30476 25.3099 13
      vertex 4.4 26.9045 12.4
    endloop
  endfacet
  facet normal 0.362062 -0.627087 0.689691
    outer loop
      vertex 4.4 26.9045 12.4
      vertex 4.4 27.5644 13
      vertex 0.495237 25.3099 13
    endloop
  endfacet
  facet normal -0.362062 -0.627087 0.689691
    outer loop
      vertex 8.30476 25.3099 13
      vertex 4.4 27.5644 13
      vertex 4.4 26.9045 12.4
    endloop
  endfacet
  facet normal -0.362008 0.627193 0.689622
    outer loop
      vertex 7.9 20.8423 12.4
      vertex 8.30476 20.4162 13
      vertex 8.47143 20.5124 13
    endloop
  endfacet
  facet normal -0.362076 0.627143 0.689632
    outer loop
      vertex 8.30476 20.4162 13
      vertex 7.9 20.8423 12.4
      vertex 4.4 18.8216 12.4
    endloop
  endfacet
  facet normal 0.362076 -0.627142 0.689633
    outer loop
      vertex 0.495237 25.3099 13
      vertex 0.9 24.8838 12.4
      vertex 4.4 26.9045 12.4
    endloop
  endfacet
  facet normal 0.362016 -0.627186 0.689624
    outer loop
      vertex 0.9 24.8838 12.4
      vertex 0.495237 25.3099 13
      vertex 0.328572 25.2137 13
    endloop
  endfacet
  facet normal -0.724137 0 0.689656
    outer loop
      vertex 7.9 20.8423 12.4
      vertex 8.47143 25.2137 13
      vertex 7.9 24.8838 12.4
    endloop
  endfacet
  facet normal -0.724137 0 0.689656
    outer loop
      vertex 8.47143 25.2137 13
      vertex 7.9 20.8423 12.4
      vertex 8.47143 20.5124 13
    endloop
  endfacet
  facet normal 0.499995 -0.866028 0
    outer loop
      vertex 9.7 24.8838 1
      vertex 13.2 26.9045 12.4
      vertex 9.7 24.8838 12.4
    endloop
  endfacet
  facet normal 0.499995 -0.866028 0
    outer loop
      vertex 13.2 26.9045 12.4
      vertex 9.7 24.8838 1
      vertex 13.2 26.9045 1
    endloop
  endfacet
  facet normal -1 0 0
    outer loop
      vertex 16.7 20.8423 1
      vertex 16.7 24.8838 12.4
      vertex 16.7 24.8838 1
    endloop
  endfacet
  facet normal -1 -0 0
    outer loop
      vertex 16.7 24.8838 12.4
      vertex 16.7 20.8423 1
      vertex 16.7 20.8423 12.4
    endloop
  endfacet
  facet normal 0.499995 0.866028 -0
    outer loop
      vertex 13.2 18.8216 1
      vertex 9.7 20.8423 12.4
      vertex 13.2 18.8216 12.4
    endloop
  endfacet
  facet normal 0.499995 0.866028 0
    outer loop
      vertex 9.7 20.8423 12.4
      vertex 13.2 18.8216 1
      vertex 9.7 20.8423 1
    endloop
  endfacet
  facet normal -0.499995 -0.866028 0
    outer loop
      vertex 13.2 26.9045 1
      vertex 16.7 24.8838 12.4
      vertex 13.2 26.9045 12.4
    endloop
  endfacet
  facet normal -0.499995 -0.866028 -0
    outer loop
      vertex 16.7 24.8838 12.4
      vertex 13.2 26.9045 1
      vertex 16.7 24.8838 1
    endloop
  endfacet
  facet normal -0.499995 0.866028 0
    outer loop
      vertex 16.7 20.8423 1
      vertex 13.2 18.8216 12.4
      vertex 16.7 20.8423 12.4
    endloop
  endfacet
  facet normal -0.499995 0.866028 0
    outer loop
      vertex 13.2 18.8216 12.4
      vertex 16.7 20.8423 1
      vertex 13.2 18.8216 1
    endloop
  endfacet
  facet normal 1 -0 0
    outer loop
      vertex 9.7 20.8423 12.4
      vertex 9.7 24.8838 1
      vertex 9.7 24.8838 12.4
    endloop
  endfacet
  facet normal 1 0 0
    outer loop
      vertex 9.7 24.8838 1
      vertex 9.7 20.8423 12.4
      vertex 9.7 20.8423 1
    endloop
  endfacet
  facet normal 0 0 1
    outer loop
      vertex 13.2 26.9045 1
      vertex 16.7 20.8423 1
      vertex 16.7 24.8838 1
    endloop
  endfacet
  facet normal 0 0 1
    outer loop
      vertex 13.2 26.9045 1
      vertex 13.2 18.8216 1
      vertex 16.7 20.8423 1
    endloop
  endfacet
  facet normal -0 0 1
    outer loop
      vertex 9.7 24.8838 1
      vertex 13.2 18.8216 1
      vertex 13.2 26.9045 1
    endloop
  endfacet
  facet normal 0 0 1
    outer loop
      vertex 13.2 18.8216 1
      vertex 9.7 24.8838 1
      vertex 9.7 20.8423 1
    endloop
  endfacet
  facet normal -0.362071 0.627136 0.689641
    outer loop
      vertex 17.1048 20.4162 13
      vertex 13.2 18.8216 12.4
      vertex 13.2 18.1618 13
    endloop
  endfacet
  facet normal 0.724137 0 0.689656
    outer loop
      vertex 9.12857 25.2137 13
      vertex 9.7 20.8423 12.4
      vertex 9.7 24.8838 12.4
    endloop
  endfacet
  facet normal 0.724137 0 0.689656
    outer loop
      vertex 9.7 20.8423 12.4
      vertex 9.12857 25.2137 13
      vertex 9.12857 20.5124 13
    endloop
  endfacet
  facet normal 0.362075 0.627135 0.68964
    outer loop
      vertex 13.2 18.1618 13
      vertex 13.2 18.8216 12.4
      vertex 9.29524 20.4162 13
    endloop
  endfacet
  facet normal 0.362076 0.627143 0.689632
    outer loop
      vertex 9.7 20.8423 12.4
      vertex 9.29524 20.4162 13
      vertex 13.2 18.8216 12.4
    endloop
  endfacet
  facet normal 0.362008 0.627193 0.689622
    outer loop
      vertex 9.29524 20.4162 13
      vertex 9.7 20.8423 12.4
      vertex 9.12857 20.5124 13
    endloop
  endfacet
  facet normal -0.362109 -0.627103 0.689651
    outer loop
      vertex 17.1048 25.3099 13
      vertex 16.7 24.8838 12.4
      vertex 17.2714 25.2137 13
    endloop
  endfacet
  facet normal -0.36207 -0.627132 0.689645
    outer loop
      vertex 16.7 24.8838 12.4
      vertex 17.1048 25.3099 13
      vertex 13.2 26.9045 12.4
    endloop
  endfacet
  facet normal 0.362062 -0.627087 0.689691
    outer loop
      vertex 13.2 26.9045 12.4
      vertex 13.2 27.5644 13
      vertex 9.29524 25.3099 13
    endloop
  endfacet
  facet normal -0.362059 -0.627087 0.689692
    outer loop
      vertex 17.1048 25.3099 13
      vertex 13.2 27.5644 13
      vertex 13.2 26.9045 12.4
    endloop
  endfacet
  facet normal -0.362109 0.627103 0.689651
    outer loop
      vertex 16.7 20.8423 12.4
      vertex 17.1048 20.4162 13
      vertex 17.2714 20.5124 13
    endloop
  endfacet
  facet normal -0.36207 0.627132 0.689645
    outer loop
      vertex 17.1048 20.4162 13
      vertex 16.7 20.8423 12.4
      vertex 13.2 18.8216 12.4
    endloop
  endfacet
  facet normal 0.362076 -0.627143 0.689632
    outer loop
      vertex 9.29524 25.3099 13
      vertex 9.7 24.8838 12.4
      vertex 13.2 26.9045 12.4
    endloop
  endfacet
  facet normal 0.362008 -0.627193 0.689622
    outer loop
      vertex 9.7 24.8838 12.4
      vertex 9.29524 25.3099 13
      vertex 9.12857 25.2137 13
    endloop
  endfacet
  facet normal -0.724155 0 0.689637
    outer loop
      vertex 16.7 20.8423 12.4
      vertex 17.2714 25.2137 13
      vertex 16.7 24.8838 12.4
    endloop
  endfacet
  facet normal -0.724155 0 0.689637
    outer loop
      vertex 17.2714 25.2137 13
      vertex 16.7 20.8423 12.4
      vertex 17.2714 20.5124 13
    endloop
  endfacet
  facet normal 0.499995 -0.866028 0
    outer loop
      vertex 18.5 24.8838 1
      vertex 22 26.9045 12.4
      vertex 18.5 24.8838 12.4
    endloop
  endfacet
  facet normal 0.499995 -0.866028 0
    outer loop
      vertex 22 26.9045 12.4
      vertex 18.5 24.8838 1
      vertex 22 26.9045 1
    endloop
  endfacet
  facet normal -1 0 0
    outer loop
      vertex 25.5 20.8423 1
      vertex 25.5 24.8838 12.4
      vertex 25.5 24.8838 1
    endloop
  endfacet
  facet normal -1 -0 0
    outer loop
      vertex 25.5 24.8838 12.4
      vertex 25.5 20.8423 1
      vertex 25.5 20.8423 12.4
    endloop
  endfacet
  facet normal 0.499995 0.866028 -0
    outer loop
      vertex 22 18.8216 1
      vertex 18.5 20.8423 12.4
      vertex 22 18.8216 12.4
    endloop
  endfacet
  facet normal 0.499995 0.866028 0
    outer loop
      vertex 18.5 20.8423 12.4
      vertex 22 18.8216 1
      vertex 18.5 20.8423 1
    endloop
  endfacet
  facet normal -0.499995 -0.866028 0
    outer loop
      vertex 22 26.9045 1
      vertex 25.5 24.8838 12.4
      vertex 22 26.9045 12.4
    endloop
  endfacet
  facet normal -0.499995 -0.866028 -0
    outer loop
      vertex 25.5 24.8838 12.4
      vertex 22 26.9045 1
      vertex 25.5 24.8838 1
    endloop
  endfacet
  facet normal -0.499995 0.866028 0
    outer loop
      vertex 25.5 20.8423 1
      vertex 22 18.8216 12.4
      vertex 25.5 20.8423 12.4
    endloop
  endfacet
  facet normal -0.499995 0.866028 0
    outer loop
      vertex 22 18.8216 12.4
      vertex 25.5 20.8423 1
      vertex 22 18.8216 1
    endloop
  endfacet
  facet normal 1 -0 0
    outer loop
      vertex 18.5 20.8423 12.4
      vertex 18.5 24.8838 1
      vertex 18.5 24.8838 12.4
    endloop
  endfacet
  facet normal 1 0 0
    outer loop
      vertex 18.5 24.8838 1
      vertex 18.5 20.8423 12.4
      vertex 18.5 20.8423 1
    endloop
  endfacet
  facet normal 0 0 1
    outer loop
      vertex 22 26.9045 1
      vertex 25.5 20.8423 1
      vertex 25.5 24.8838 1
    endloop
  endfacet
  facet normal 0 0 1
    outer loop
      vertex 22 26.9045 1
      vertex 22 18.8216 1
      vertex 25.5 20.8423 1
    endloop
  endfacet
  facet normal -0 0 1
    outer loop
      vertex 18.5 24.8838 1
      vertex 22 18.8216 1
      vertex 22 26.9045 1
    endloop
  endfacet
  facet normal 0 0 1
    outer loop
      vertex 22 18.8216 1
      vertex 18.5 24.8838 1
      vertex 18.5 20.8423 1
    endloop
  endfacet
  facet normal -0.362071 0.627136 0.689641
    outer loop
      vertex 25.9048 20.4162 13
      vertex 22 18.8216 12.4
      vertex 22 18.1618 13
    endloop
  endfacet
  facet normal 0.724155 0 0.689637
    outer loop
      vertex 17.9286 25.2137 13
      vertex 18.5 20.8423 12.4
      vertex 18.5 24.8838 12.4
    endloop
  endfacet
  facet normal 0.724155 0 0.689637
    outer loop
      vertex 18.5 20.8423 12.4
      vertex 17.9286 25.2137 13
      vertex 17.9286 20.5124 13
    endloop
  endfacet
  facet normal 0.362071 0.627136 0.689641
    outer loop
      vertex 22 18.1618 13
      vertex 22 18.8216 12.4
      vertex 18.0952 20.4162 13
    endloop
  endfacet
  facet normal 0.36207 0.627132 0.689645
    outer loop
      vertex 18.5 20.8423 12.4
      vertex 18.0952 20.4162 13
      vertex 22 18.8216 12.4
    endloop
  endfacet
  facet normal 0.362109 0.627103 0.689651
    outer loop
      vertex 18.0952 20.4162 13
      vertex 18.5 20.8423 12.4
      vertex 17.9286 20.5124 13
    endloop
  endfacet
  facet normal -0.362109 -0.627103 0.689651
    outer loop
      vertex 25.9048 25.3099 13
      vertex 25.5 24.8838 12.4
      vertex 26.0714 25.2137 13
    endloop
  endfacet
  facet normal -0.36207 -0.627132 0.689645
    outer loop
      vertex 25.5 24.8838 12.4
      vertex 25.9048 25.3099 13
      vertex 22 26.9045 12.4
    endloop
  endfacet
  facet normal 0.362059 -0.627087 0.689692
    outer loop
      vertex 22 26.9045 12.4
      vertex 22 27.5644 13
      vertex 18.0952 25.3099 13
    endloop
  endfacet
  facet normal -0.362059 -0.627087 0.689692
    outer loop
      vertex 25.9048 25.3099 13
      vertex 22 27.5644 13
      vertex 22 26.9045 12.4
    endloop
  endfacet
  facet normal -0.362109 0.627103 0.689651
    outer loop
      vertex 25.5 20.8423 12.4
      vertex 25.9048 20.4162 13
      vertex 26.0714 20.5124 13
    endloop
  endfacet
  facet normal -0.36207 0.627132 0.689645
    outer loop
      vertex 25.9048 20.4162 13
      vertex 25.5 20.8423 12.4
      vertex 22 18.8216 12.4
    endloop
  endfacet
  facet normal 0.36207 -0.627132 0.689645
    outer loop
      vertex 18.0952 25.3099 13
      vertex 18.5 24.8838 12.4
      vertex 22 26.9045 12.4
    endloop
  endfacet
  facet normal 0.362109 -0.627103 0.689651
    outer loop
      vertex 18.5 24.8838 12.4
      vertex 18.0952 25.3099 13
      vertex 17.9286 25.2137 13
    endloop
  endfacet
  facet normal -0.724155 0 0.689637
    outer loop
      vertex 25.5 20.8423 12.4
      vertex 26.0714 25.2137 13
      vertex 25.5 24.8838 12.4
    endloop
  endfacet
  facet normal -0.724155 0 0.689637
    outer loop
      vertex 26.0714 25.2137 13
      vertex 25.5 20.8423 12.4
      vertex 26.0714 20.5124 13
    endloop
  endfacet
endsolid OpenSCAD_Model
