solid OpenSCAD_Model
  facet normal 0 1 -0
    outer loop
      vertex 9 24.6528 0.37
      vertex -9 24.6528 0.4
      vertex 9 24.6528 0.4
    endloop
  endfacet
  facet normal 0 1 0
    outer loop
      vertex -9 24.6528 0.4
      vertex 9 24.6528 0.37
      vertex -9 24.6528 0.37
    endloop
  endfacet
  facet normal 1 -0 0
    outer loop
      vertex 25.85 -4.5322 0.4
      vertex 25.85 4.5322 0.37
      vertex 25.85 4.5322 0.4
    endloop
  endfacet
  facet normal 1 0 0
    outer loop
      vertex 25.85 4.5322 0.37
      vertex 25.85 -4.5322 0.4
      vertex 25.85 -4.5322 0.37
    endloop
  endfacet
  facet normal -0.339499 0.588024 -0.734144
    outer loop
      vertex -16.45 19.8897 0
      vertex -16.85 20.1207 0.37
      vertex -9 24.191 0
    endloop
  endfacet
  facet normal 0.679042 0 -0.734099
    outer loop
      vertex 25.45 -4.30125 0
      vertex 25.85 4.5322 0.37
      vertex 25.85 -4.5322 0.37
    endloop
  endfacet
  facet normal 0.679042 0 -0.734099
    outer loop
      vertex 25.85 4.5322 0.37
      vertex 25.45 -4.30125 0
      vertex 25.45 4.30125 0
    endloop
  endfacet
  facet normal 0.339499 -0.588024 -0.734144
    outer loop
      vertex 16.85 -20.1207 0.37
      vertex 9 -24.191 0
      vertex 16.45 -19.8897 0
    endloop
  endfacet
  facet normal 0.541441 -0.3126 -0.780463
    outer loop
      vertex 16.85 -20.1207 0.37
      vertex 25.45 -4.30125 0
      vertex 25.85 -4.5322 0.37
    endloop
  endfacet
  facet normal 0.541423 -0.312591 -0.78048
    outer loop
      vertex 25.45 -4.30125 0
      vertex 16.85 -20.1207 0.37
      vertex 16.45 -19.8897 0
    endloop
  endfacet
  facet normal -0.339499 -0.588024 -0.734144
    outer loop
      vertex -9 -24.191 0
      vertex -16.85 -20.1207 0.37
      vertex -16.45 -19.8897 0
    endloop
  endfacet
  facet normal -0.339546 0.588124 -0.734043
    outer loop
      vertex -9 24.191 0
      vertex -16.85 20.1207 0.37
      vertex -9 24.6528 0.37
    endloop
  endfacet
  facet normal 0.499992 0.86603 -0
    outer loop
      vertex 16.85 20.1207 0.37
      vertex 9 24.6528 0.4
      vertex 16.85 20.1207 0.4
    endloop
  endfacet
  facet normal 0.499992 0.86603 0
    outer loop
      vertex 9 24.6528 0.4
      vertex 16.85 20.1207 0.37
      vertex 9 24.6528 0.37
    endloop
  endfacet
  facet normal 0.541441 0.3126 -0.780463
    outer loop
      vertex 25.45 4.30125 0
      vertex 16.85 20.1207 0.37
      vertex 25.85 4.5322 0.37
    endloop
  endfacet
  facet normal 0.541423 0.312591 -0.78048
    outer loop
      vertex 16.85 20.1207 0.37
      vertex 25.45 4.30125 0
      vertex 16.45 19.8897 0
    endloop
  endfacet
  facet normal -0.339546 -0.588124 -0.734043
    outer loop
      vertex -9 -24.6528 0.37
      vertex -16.85 -20.1207 0.37
      vertex -9 -24.191 0
    endloop
  endfacet
  facet normal 0.339546 -0.588124 -0.734043
    outer loop
      vertex 16.85 -20.1207 0.37
      vertex 9 -24.6528 0.37
      vertex 9 -24.191 0
    endloop
  endfacet
  facet normal -0.499992 0.86603 0
    outer loop
      vertex -9 24.6528 0.37
      vertex -16.85 20.1207 0.4
      vertex -9 24.6528 0.4
    endloop
  endfacet
  facet normal -0.499992 0.86603 0
    outer loop
      vertex -16.85 20.1207 0.4
      vertex -9 24.6528 0.37
      vertex -16.85 20.1207 0.37
    endloop
  endfacet
  facet normal -1 0 0
    outer loop
      vertex -25.85 -4.5322 0.37
      vertex -25.85 4.5322 0.4
      vertex -25.85 4.5322 0.37
    endloop
  endfacet
  facet normal -1 -0 0
    outer loop
      vertex -25.85 4.5322 0.4
      vertex -25.85 -4.5322 0.37
      vertex -25.85 -4.5322 0.4
    endloop
  endfacet
  facet normal -0.866026 -0.499999 0
    outer loop
      vertex -16.85 -20.1207 0.37
      vertex -25.85 -4.5322 0.4
      vertex -25.85 -4.5322 0.37
    endloop
  endfacet
  facet normal -0.866026 -0.499999 0
    outer loop
      vertex -25.85 -4.5322 0.4
      vertex -16.85 -20.1207 0.37
      vertex -16.85 -20.1207 0.4
    endloop
  endfacet
  facet normal -0.866026 0.499999 0
    outer loop
      vertex -25.85 4.5322 0.37
      vertex -16.85 20.1207 0.4
      vertex -16.85 20.1207 0.37
    endloop
  endfacet
  facet normal -0.866026 0.499999 0
    outer loop
      vertex -16.85 20.1207 0.4
      vertex -25.85 4.5322 0.37
      vertex -25.85 4.5322 0.4
    endloop
  endfacet
  facet normal -0.499992 -0.86603 0
    outer loop
      vertex -16.85 -20.1207 0.37
      vertex -9 -24.6528 0.4
      vertex -16.85 -20.1207 0.4
    endloop
  endfacet
  facet normal -0.499992 -0.86603 -0
    outer loop
      vertex -9 -24.6528 0.4
      vertex -16.85 -20.1207 0.37
      vertex -9 -24.6528 0.37
    endloop
  endfacet
  facet normal -0.541423 0.312591 -0.78048
    outer loop
      vertex -25.45 4.30125 0
      vertex -16.85 20.1207 0.37
      vertex -16.45 19.8897 0
    endloop
  endfacet
  facet normal -0.541441 0.3126 -0.780463
    outer loop
      vertex -16.85 20.1207 0.37
      vertex -25.45 4.30125 0
      vertex -25.85 4.5322 0.37
    endloop
  endfacet
  facet normal 0.499992 -0.86603 0
    outer loop
      vertex 9 -24.6528 0.37
      vertex 16.85 -20.1207 0.4
      vertex 9 -24.6528 0.4
    endloop
  endfacet
  facet normal 0.499992 -0.86603 0
    outer loop
      vertex 16.85 -20.1207 0.4
      vertex 9 -24.6528 0.37
      vertex 16.85 -20.1207 0.37
    endloop
  endfacet
  facet normal 0.866026 0.499999 0
    outer loop
      vertex 25.85 4.5322 0.4
      vertex 16.85 20.1207 0.37
      vertex 16.85 20.1207 0.4
    endloop
  endfacet
  facet normal 0.866026 0.499999 0
    outer loop
      vertex 16.85 20.1207 0.37
      vertex 25.85 4.5322 0.4
      vertex 25.85 4.5322 0.37
    endloop
  endfacet
  facet normal -0.541423 -0.312591 -0.78048
    outer loop
      vertex -16.85 -20.1207 0.37
      vertex -25.45 -4.30125 0
      vertex -16.45 -19.8897 0
    endloop
  endfacet
  facet normal -0.541441 -0.3126 -0.780463
    outer loop
      vertex -25.45 -4.30125 0
      vertex -16.85 -20.1207 0.37
      vertex -25.85 -4.5322 0.37
    endloop
  endfacet
  facet normal 0 -1 0
    outer loop
      vertex -9 -24.6528 0.37
      vertex 9 -24.6528 0.4
      vertex -9 -24.6528 0.4
    endloop
  endfacet
  facet normal 0 -1 -0
    outer loop
      vertex 9 -24.6528 0.4
      vertex -9 -24.6528 0.37
      vertex 9 -24.6528 0.37
    endloop
  endfacet
  facet normal 0 -0.625272 -0.780407
    outer loop
      vertex -9 -24.6528 0.37
      vertex 9 -24.191 0
      vertex 9 -24.6528 0.37
    endloop
  endfacet
  facet normal -0 -0.625272 -0.780407
    outer loop
      vertex 9 -24.191 0
      vertex -9 -24.6528 0.37
      vertex -9 -24.191 0
    endloop
  endfacet
  facet normal -0.679042 0 -0.734099
    outer loop
      vertex -25.85 -4.5322 0.37
      vertex -25.45 4.30125 0
      vertex -25.45 -4.30125 0
    endloop
  endfacet
  facet normal -0.679042 0 -0.734099
    outer loop
      vertex -25.45 4.30125 0
      vertex -25.85 -4.5322 0.37
      vertex -25.85 4.5322 0.37
    endloop
  endfacet
  facet normal 0 0.625272 -0.780407
    outer loop
      vertex -9 24.191 0
      vertex 9 24.6528 0.37
      vertex 9 24.191 0
    endloop
  endfacet
  facet normal 0 0.625272 -0.780407
    outer loop
      vertex 9 24.6528 0.37
      vertex -9 24.191 0
      vertex -9 24.6528 0.37
    endloop
  endfacet
  facet normal 0.866026 -0.499999 0
    outer loop
      vertex 16.85 -20.1207 0.4
      vertex 25.85 -4.5322 0.37
      vertex 25.85 -4.5322 0.4
    endloop
  endfacet
  facet normal 0.866026 -0.499999 0
    outer loop
      vertex 25.85 -4.5322 0.37
      vertex 16.85 -20.1207 0.4
      vertex 16.85 -20.1207 0.37
    endloop
  endfacet
  facet normal 0 0 -1
    outer loop
      vertex -16.7627 2.10185 0
      vertex -13.4794 5.3553 0
      vertex -15.5372 0 0
    endloop
  endfacet
  facet normal 0 0 -1
    outer loop
      vertex -25.45 4.30125 0
      vertex -15.6328 9.02559 0
      vertex -15.6225 6.59262 0
    endloop
  endfacet
  facet normal -0 0 -1
    outer loop
      vertex -13.4794 5.3553 0
      vertex -16.7627 2.10185 0
      vertex -15.6225 6.59262 0
    endloop
  endfacet
  facet normal 0 0 -1
    outer loop
      vertex -19.2373 2.10185 0
      vertex -15.6225 6.59262 0
      vertex -16.7627 2.10185 0
    endloop
  endfacet
  facet normal 0 0 -1
    outer loop
      vertex -25.45 4.30125 0
      vertex -15.6225 6.59262 0
      vertex -19.2373 2.10185 0
    endloop
  endfacet
  facet normal 0 0 -1
    outer loop
      vertex -25.45 4.30125 0
      vertex -19.2373 2.10185 0
      vertex -20.4627 0 0
    endloop
  endfacet
  facet normal 0 0 -1
    outer loop
      vertex -25.45 4.30125 0
      vertex -20.4627 0 0
      vertex -25.45 -4.30125 0
    endloop
  endfacet
  facet normal -0 0 -1
    outer loop
      vertex -15.6328 9.02559 0
      vertex -25.45 4.30125 0
      vertex -16.45 19.8897 0
    endloop
  endfacet
  facet normal 0 0 -1
    outer loop
      vertex -13.4794 5.3553 0
      vertex -10.2194 2.10185 0
      vertex -11.4359 0 0
    endloop
  endfacet
  facet normal 0 0 -1
    outer loop
      vertex -15.5372 0 0
      vertex -11.4359 0 0
      vertex -13.4794 -5.3553 0
    endloop
  endfacet
  facet normal 0 -0 -1
    outer loop
      vertex -13.4794 5.3553 0
      vertex -11.4359 0 0
      vertex -15.5372 0 0
    endloop
  endfacet
  facet normal 0 0 -1
    outer loop
      vertex -10.2194 2.10185 0
      vertex -13.4794 5.3553 0
      vertex -11.3672 6.56285 0
    endloop
  endfacet
  facet normal 0 0 -1
    outer loop
      vertex -16.7627 -2.10185 0
      vertex -13.4794 -5.3553 0
      vertex -15.6225 -6.59262 0
    endloop
  endfacet
  facet normal 0 0 -1
    outer loop
      vertex -25.45 -4.30125 0
      vertex -15.6328 -9.02559 0
      vertex -16.45 -19.8897 0
    endloop
  endfacet
  facet normal 0 0 -1
    outer loop
      vertex -15.6328 -9.02559 0
      vertex -25.45 -4.30125 0
      vertex -15.6225 -6.59262 0
    endloop
  endfacet
  facet normal 0 0 -1
    outer loop
      vertex -13.4794 -5.3553 0
      vertex -16.7627 -2.10185 0
      vertex -15.5372 0 0
    endloop
  endfacet
  facet normal 0 0 -1
    outer loop
      vertex -15.6225 -6.59262 0
      vertex -19.2373 -2.10185 0
      vertex -16.7627 -2.10185 0
    endloop
  endfacet
  facet normal 0 0 -1
    outer loop
      vertex -15.6225 -6.59262 0
      vertex -25.45 -4.30125 0
      vertex -19.2373 -2.10185 0
    endloop
  endfacet
  facet normal -0 0 -1
    outer loop
      vertex -19.2373 -2.10185 0
      vertex -25.45 -4.30125 0
      vertex -20.4627 0 0
    endloop
  endfacet
  facet normal 0 0 -1
    outer loop
      vertex -13.4794 -5.3553 0
      vertex -10.2194 -2.10185 0
      vertex -11.3672 -6.56285 0
    endloop
  endfacet
  facet normal -0 0 -1
    outer loop
      vertex -10.2194 -2.10185 0
      vertex -13.4794 -5.3553 0
      vertex -11.4359 0 0
    endloop
  endfacet
  facet normal 0 0 -1
    outer loop
      vertex -11.3775 8.99582 0
      vertex -5.71794 9.90376 0
      vertex -6.92996 7.79935 0
    endloop
  endfacet
  facet normal 0 0 -1
    outer loop
      vertex -5.71794 9.90376 0
      vertex -7.76863 13.4556 0
      vertex -6.56108 15.5678 0
    endloop
  endfacet
  facet normal 0 0 -1
    outer loop
      vertex -2.10185 -14.3511 0
      vertex -7.76863 -13.4556 0
      vertex -5.71794 -9.90376 0
    endloop
  endfacet
  facet normal 0 0 -1
    outer loop
      vertex -11.3775 -8.99582 0
      vertex -5.71794 -9.90376 0
      vertex -7.76863 -13.4556 0
    endloop
  endfacet
  facet normal 0 0 -1
    outer loop
      vertex -2.10185 1.2135 0
      vertex -7.78058 2.10185 0
      vertex -5.71054 5.68724 0
    endloop
  endfacet
  facet normal 0 0 -1
    outer loop
      vertex -11.3672 6.56285 0
      vertex -5.71054 5.68724 0
      vertex -7.78058 2.10185 0
    endloop
  endfacet
  facet normal 0 0 -1
    outer loop
      vertex -5.71054 5.68724 0
      vertex -11.3672 6.56285 0
      vertex -6.92996 7.79935 0
    endloop
  endfacet
  facet normal -0 0 -1
    outer loop
      vertex -5.71794 9.90376 0
      vertex -11.3775 8.99582 0
      vertex -7.76863 13.4556 0
    endloop
  endfacet
  facet normal 0 0 -1
    outer loop
      vertex -11.3672 6.56285 0
      vertex -7.78058 2.10185 0
      vertex -10.2194 2.10185 0
    endloop
  endfacet
  facet normal -0 0 -1
    outer loop
      vertex -6.92996 7.79935 0
      vertex -11.3672 6.56285 0
      vertex -11.3775 8.99582 0
    endloop
  endfacet
  facet normal -0 0 -1
    outer loop
      vertex -7.76863 13.4556 0
      vertex -11.3775 8.99582 0
      vertex -10.2016 13.466 0
    endloop
  endfacet
  facet normal 0 0 -1
    outer loop
      vertex -13.5206 10.2331 0
      vertex -10.2016 13.466 0
      vertex -11.3775 8.99582 0
    endloop
  endfacet
  facet normal -0 0 -1
    outer loop
      vertex -10.2016 13.466 0
      vertex -13.5206 10.2331 0
      vertex -11.4389 15.6091 0
    endloop
  endfacet
  facet normal 0 0 -1
    outer loop
      vertex -3.28204 -5.68468 0
      vertex 0 -2.427 0
      vertex -2.07002 -7.78909 0
    endloop
  endfacet
  facet normal 0 0 -1
    outer loop
      vertex -5.71054 -5.68724 0
      vertex -2.10185 -1.2135 0
      vertex -3.28204 -5.68468 0
    endloop
  endfacet
  facet normal -0 0 -1
    outer loop
      vertex 0 -2.427 0
      vertex -3.28204 -5.68468 0
      vertex -2.10185 -1.2135 0
    endloop
  endfacet
  facet normal 0 0 -1
    outer loop
      vertex -3.28944 9.9012 0
      vertex 0 13.1257 0
      vertex -2.07002 7.78909 0
    endloop
  endfacet
  facet normal 0 0 -1
    outer loop
      vertex -5.71794 9.90376 0
      vertex -2.10185 14.3511 0
      vertex -3.28944 9.9012 0
    endloop
  endfacet
  facet normal -0 0 -1
    outer loop
      vertex 0 13.1257 0
      vertex -3.28944 9.9012 0
      vertex -2.10185 14.3511 0
    endloop
  endfacet
  facet normal 0 0 -1
    outer loop
      vertex 0 13.1257 0
      vertex 3.28944 9.9012 0
      vertex 2.07002 7.78909 0
    endloop
  endfacet
  facet normal 0 0 -1
    outer loop
      vertex -2.07002 7.78909 0
      vertex 2.07002 7.78909 0
      vertex 0 2.427 0
    endloop
  endfacet
  facet normal 0 -0 -1
    outer loop
      vertex 0 13.1257 0
      vertex 2.07002 7.78909 0
      vertex -2.07002 7.78909 0
    endloop
  endfacet
  facet normal 0 0 -1
    outer loop
      vertex 3.28944 9.9012 0
      vertex 0 13.1257 0
      vertex 2.10185 14.3511 0
    endloop
  endfacet
  facet normal 0 0 -1
    outer loop
      vertex -3.28204 5.68468 0
      vertex 0 2.427 0
      vertex -2.10185 1.2135 0
    endloop
  endfacet
  facet normal 0 0 -1
    outer loop
      vertex -2.10185 -1.2135 0
      vertex -6.5641 0 0
      vertex -2.10185 1.2135 0
    endloop
  endfacet
  facet normal 0 0 -1
    outer loop
      vertex 0 2.427 0
      vertex -3.28204 5.68468 0
      vertex -2.07002 7.78909 0
    endloop
  endfacet
  facet normal 0 0 -1
    outer loop
      vertex -7.78058 -2.10185 0
      vertex -2.10185 -1.2135 0
      vertex -5.71054 -5.68724 0
    endloop
  endfacet
  facet normal 0 0 -1
    outer loop
      vertex -7.78058 2.10185 0
      vertex -2.10185 1.2135 0
      vertex -6.5641 0 0
    endloop
  endfacet
  facet normal 0 0 -1
    outer loop
      vertex -2.10185 1.2135 0
      vertex -5.71054 5.68724 0
      vertex -3.28204 5.68468 0
    endloop
  endfacet
  facet normal 0 0 -1
    outer loop
      vertex -11.3672 -6.56285 0
      vertex -5.71054 -5.68724 0
      vertex -6.92996 -7.79935 0
    endloop
  endfacet
  facet normal 0 0 -1
    outer loop
      vertex -5.71794 -9.90376 0
      vertex -11.3775 -8.99582 0
      vertex -6.92996 -7.79935 0
    endloop
  endfacet
  facet normal -0 0 -1
    outer loop
      vertex -2.10185 -1.2135 0
      vertex -7.78058 -2.10185 0
      vertex -6.5641 0 0
    endloop
  endfacet
  facet normal 0 0 -1
    outer loop
      vertex -11.3775 -8.99582 0
      vertex -7.76863 -13.4556 0
      vertex -10.2016 -13.466 0
    endloop
  endfacet
  facet normal 0 -0 -1
    outer loop
      vertex -11.3672 -6.56285 0
      vertex -6.92996 -7.79935 0
      vertex -11.3775 -8.99582 0
    endloop
  endfacet
  facet normal -0 0 -1
    outer loop
      vertex -7.78058 -2.10185 0
      vertex -11.3672 -6.56285 0
      vertex -10.2194 -2.10185 0
    endloop
  endfacet
  facet normal -0 0 -1
    outer loop
      vertex -5.71054 -5.68724 0
      vertex -11.3672 -6.56285 0
      vertex -7.78058 -2.10185 0
    endloop
  endfacet
  facet normal 0 0 -1
    outer loop
      vertex -13.5206 -10.2331 0
      vertex -10.2016 -13.466 0
      vertex -11.4389 -15.6091 0
    endloop
  endfacet
  facet normal 0 0 -1
    outer loop
      vertex -10.2016 -13.466 0
      vertex -13.5206 -10.2331 0
      vertex -11.3775 -8.99582 0
    endloop
  endfacet
  facet normal -0 0 -1
    outer loop
      vertex 5.71794 -9.90376 0
      vertex 2.10185 -14.3511 0
      vertex 3.28944 -9.9012 0
    endloop
  endfacet
  facet normal 0 0 -1
    outer loop
      vertex 0 -13.1257 0
      vertex 3.28944 -9.9012 0
      vertex 2.10185 -14.3511 0
    endloop
  endfacet
  facet normal -0 0 -1
    outer loop
      vertex 3.28944 -9.9012 0
      vertex 0 -13.1257 0
      vertex 2.07002 -7.78909 0
    endloop
  endfacet
  facet normal 0 0 -1
    outer loop
      vertex 5.71054 5.68724 0
      vertex 2.10185 1.2135 0
      vertex 3.28204 5.68468 0
    endloop
  endfacet
  facet normal 0 0 -1
    outer loop
      vertex 0 2.427 0
      vertex 3.28204 5.68468 0
      vertex 2.10185 1.2135 0
    endloop
  endfacet
  facet normal -0 0 -1
    outer loop
      vertex 3.28204 5.68468 0
      vertex 0 2.427 0
      vertex 2.07002 7.78909 0
    endloop
  endfacet
  facet normal 0 0 -1
    outer loop
      vertex 2.10185 -14.3511 0
      vertex 7.76863 -13.4556 0
      vertex 6.56108 -15.5678 0
    endloop
  endfacet
  facet normal 0 0 -1
    outer loop
      vertex 7.76863 -13.4556 0
      vertex 5.71794 -9.90376 0
      vertex 6.92996 -7.79935 0
    endloop
  endfacet
  facet normal 0 0 -1
    outer loop
      vertex 11.3775 8.99582 0
      vertex 5.71794 9.90376 0
      vertex 7.76863 13.4556 0
    endloop
  endfacet
  facet normal 0 0 -1
    outer loop
      vertex 2.10185 14.3511 0
      vertex 7.76863 13.4556 0
      vertex 5.71794 9.90376 0
    endloop
  endfacet
  facet normal 0 0 -1
    outer loop
      vertex 10.2016 13.466 0
      vertex 13.5206 10.2331 0
      vertex 11.3775 8.99582 0
    endloop
  endfacet
  facet normal 0 0 -1
    outer loop
      vertex 7.78058 2.10185 0
      vertex 11.3672 6.56285 0
      vertex 10.2194 2.10185 0
    endloop
  endfacet
  facet normal 0 0 -1
    outer loop
      vertex 11.3672 6.56285 0
      vertex 6.92996 7.79935 0
      vertex 11.3775 8.99582 0
    endloop
  endfacet
  facet normal 0 0 -1
    outer loop
      vertex 13.5206 10.2331 0
      vertex 10.2016 13.466 0
      vertex 11.4389 15.6091 0
    endloop
  endfacet
  facet normal 0 0 -1
    outer loop
      vertex 5.71054 5.68724 0
      vertex 11.3672 6.56285 0
      vertex 7.78058 2.10185 0
    endloop
  endfacet
  facet normal 0 0 -1
    outer loop
      vertex 5.71794 9.90376 0
      vertex 11.3775 8.99582 0
      vertex 6.92996 7.79935 0
    endloop
  endfacet
  facet normal 0 0 -1
    outer loop
      vertex 11.3775 8.99582 0
      vertex 7.76863 13.4556 0
      vertex 10.2016 13.466 0
    endloop
  endfacet
  facet normal 0 0 -1
    outer loop
      vertex 2.10185 1.2135 0
      vertex 7.78058 2.10185 0
      vertex 6.5641 0 0
    endloop
  endfacet
  facet normal 0 0 -1
    outer loop
      vertex 7.78058 -2.10185 0
      vertex 2.10185 -1.2135 0
      vertex 6.5641 0 0
    endloop
  endfacet
  facet normal -0 0 -1
    outer loop
      vertex 11.3672 6.56285 0
      vertex 5.71054 5.68724 0
      vertex 6.92996 7.79935 0
    endloop
  endfacet
  facet normal 0 0 -1
    outer loop
      vertex 2.10185 -1.2135 0
      vertex 5.71054 -5.68724 0
      vertex 3.28204 -5.68468 0
    endloop
  endfacet
  facet normal 0 0 -1
    outer loop
      vertex 2.10185 1.2135 0
      vertex 6.5641 0 0
      vertex 2.10185 -1.2135 0
    endloop
  endfacet
  facet normal -0 0 -1
    outer loop
      vertex 7.78058 2.10185 0
      vertex 2.10185 1.2135 0
      vertex 5.71054 5.68724 0
    endloop
  endfacet
  facet normal 0 0 -1
    outer loop
      vertex 0 -2.427 0
      vertex 3.28204 -5.68468 0
      vertex 2.07002 -7.78909 0
    endloop
  endfacet
  facet normal 0 0 -1
    outer loop
      vertex -2.07002 -7.78909 0
      vertex 2.07002 -7.78909 0
      vertex 0 -13.1257 0
    endloop
  endfacet
  facet normal 0 -0 -1
    outer loop
      vertex 0 -2.427 0
      vertex 2.07002 -7.78909 0
      vertex -2.07002 -7.78909 0
    endloop
  endfacet
  facet normal 0 0 -1
    outer loop
      vertex 3.28204 -5.68468 0
      vertex 0 -2.427 0
      vertex 2.10185 -1.2135 0
    endloop
  endfacet
  facet normal 0 0 -1
    outer loop
      vertex -3.28944 -9.9012 0
      vertex 0 -13.1257 0
      vertex -2.10185 -14.3511 0
    endloop
  endfacet
  facet normal 0 0 -1
    outer loop
      vertex 0 -13.1257 0
      vertex -3.28944 -9.9012 0
      vertex -2.07002 -7.78909 0
    endloop
  endfacet
  facet normal 0 0 -1
    outer loop
      vertex 10.2016 -13.466 0
      vertex 13.5206 -10.2331 0
      vertex 11.4389 -15.6091 0
    endloop
  endfacet
  facet normal 0 0 -1
    outer loop
      vertex 6.92996 -7.79935 0
      vertex 11.3672 -6.56285 0
      vertex 11.3775 -8.99582 0
    endloop
  endfacet
  facet normal -0 0 -1
    outer loop
      vertex 13.5206 -10.2331 0
      vertex 10.2016 -13.466 0
      vertex 11.3775 -8.99582 0
    endloop
  endfacet
  facet normal 0 0 -1
    outer loop
      vertex 7.76863 -13.4556 0
      vertex 11.3775 -8.99582 0
      vertex 10.2016 -13.466 0
    endloop
  endfacet
  facet normal 0 0 -1
    outer loop
      vertex 5.71054 -5.68724 0
      vertex 11.3672 -6.56285 0
      vertex 6.92996 -7.79935 0
    endloop
  endfacet
  facet normal -0 0 -1
    outer loop
      vertex 11.3775 -8.99582 0
      vertex 7.76863 -13.4556 0
      vertex 6.92996 -7.79935 0
    endloop
  endfacet
  facet normal 0 0 -1
    outer loop
      vertex 11.3672 -6.56285 0
      vertex 7.78058 -2.10185 0
      vertex 10.2194 -2.10185 0
    endloop
  endfacet
  facet normal 0 0 -1
    outer loop
      vertex 11.3672 -6.56285 0
      vertex 5.71054 -5.68724 0
      vertex 7.78058 -2.10185 0
    endloop
  endfacet
  facet normal 0 0 -1
    outer loop
      vertex 2.10185 -1.2135 0
      vertex 7.78058 -2.10185 0
      vertex 5.71054 -5.68724 0
    endloop
  endfacet
  facet normal 0 0 -1
    outer loop
      vertex 10.2194 2.10185 0
      vertex 13.4794 5.3553 0
      vertex 11.4359 0 0
    endloop
  endfacet
  facet normal -0 0 -1
    outer loop
      vertex 13.4794 5.3553 0
      vertex 10.2194 2.10185 0
      vertex 11.3672 6.56285 0
    endloop
  endfacet
  facet normal 0 0 -1
    outer loop
      vertex 16.45 -19.8897 0
      vertex 13.5206 -10.2331 0
      vertex 15.6328 -9.02559 0
    endloop
  endfacet
  facet normal 0 0 -1
    outer loop
      vertex 16.45 -19.8897 0
      vertex 11.4389 -15.6091 0
      vertex 13.5206 -10.2331 0
    endloop
  endfacet
  facet normal 0 0 -1
    outer loop
      vertex 16.45 -19.8897 0
      vertex 10.2314 -17.7213 0
      vertex 11.4389 -15.6091 0
    endloop
  endfacet
  facet normal 0 0 -1
    outer loop
      vertex 9 -24.191 0
      vertex 10.2314 -17.7213 0
      vertex 16.45 -19.8897 0
    endloop
  endfacet
  facet normal 0 0 -1
    outer loop
      vertex 9 -24.191 0
      vertex 7.7984 -17.7109 0
      vertex 10.2314 -17.7213 0
    endloop
  endfacet
  facet normal 0 0 -1
    outer loop
      vertex 2.10185 -16.8258 0
      vertex 7.7984 -17.7109 0
      vertex 9 -24.191 0
    endloop
  endfacet
  facet normal -0 0 -1
    outer loop
      vertex 7.76863 -13.4556 0
      vertex 2.10185 -14.3511 0
      vertex 5.71794 -9.90376 0
    endloop
  endfacet
  facet normal 0 0 -1
    outer loop
      vertex 7.7984 -17.7109 0
      vertex 2.10185 -16.8258 0
      vertex 6.56108 -15.5678 0
    endloop
  endfacet
  facet normal 0 0 -1
    outer loop
      vertex 2.10185 -14.3511 0
      vertex 6.56108 -15.5678 0
      vertex 2.10185 -16.8258 0
    endloop
  endfacet
  facet normal 0 0 -1
    outer loop
      vertex 9 -24.191 0
      vertex 0 -18.0512 0
      vertex 2.10185 -16.8258 0
    endloop
  endfacet
  facet normal 0 0 -1
    outer loop
      vertex -9 -24.191 0
      vertex 0 -18.0512 0
      vertex 9 -24.191 0
    endloop
  endfacet
  facet normal 0 0 -1
    outer loop
      vertex -6.56108 -15.5678 0
      vertex -2.10185 -14.3511 0
      vertex -2.10185 -16.8258 0
    endloop
  endfacet
  facet normal 0 0 -1
    outer loop
      vertex -7.76863 -13.4556 0
      vertex -2.10185 -14.3511 0
      vertex -6.56108 -15.5678 0
    endloop
  endfacet
  facet normal 0 0 -1
    outer loop
      vertex -2.10185 -14.3511 0
      vertex -5.71794 -9.90376 0
      vertex -3.28944 -9.9012 0
    endloop
  endfacet
  facet normal -0 0 -1
    outer loop
      vertex 0 -18.0512 0
      vertex -9 -24.191 0
      vertex -2.10185 -16.8258 0
    endloop
  endfacet
  facet normal -0 0 -1
    outer loop
      vertex -2.10185 -16.8258 0
      vertex -7.7984 -17.7109 0
      vertex -6.56108 -15.5678 0
    endloop
  endfacet
  facet normal 0 0 -1
    outer loop
      vertex -2.10185 -16.8258 0
      vertex -9 -24.191 0
      vertex -7.7984 -17.7109 0
    endloop
  endfacet
  facet normal 0 0 -1
    outer loop
      vertex -9 -24.191 0
      vertex -10.2314 -17.7213 0
      vertex -7.7984 -17.7109 0
    endloop
  endfacet
  facet normal 0 0 -1
    outer loop
      vertex -16.45 -19.8897 0
      vertex -10.2314 -17.7213 0
      vertex -9 -24.191 0
    endloop
  endfacet
  facet normal -0 0 -1
    outer loop
      vertex -10.2314 -17.7213 0
      vertex -16.45 -19.8897 0
      vertex -11.4389 -15.6091 0
    endloop
  endfacet
  facet normal -0 0 -1
    outer loop
      vertex -11.4389 -15.6091 0
      vertex -16.45 -19.8897 0
      vertex -13.5206 -10.2331 0
    endloop
  endfacet
  facet normal -0 0 -1
    outer loop
      vertex -13.5206 -10.2331 0
      vertex -16.45 -19.8897 0
      vertex -15.6328 -9.02559 0
    endloop
  endfacet
  facet normal 0 0 -1
    outer loop
      vertex 25.45 -4.30125 0
      vertex 20.4627 0 0
      vertex 25.45 4.30125 0
    endloop
  endfacet
  facet normal 0 0 -1
    outer loop
      vertex 25.45 -4.30125 0
      vertex 19.2373 -2.10185 0
      vertex 20.4627 0 0
    endloop
  endfacet
  facet normal 0 0 -1
    outer loop
      vertex 15.6225 -6.59262 0
      vertex 19.2373 -2.10185 0
      vertex 25.45 -4.30125 0
    endloop
  endfacet
  facet normal 0 0 -1
    outer loop
      vertex 15.6328 -9.02559 0
      vertex 25.45 -4.30125 0
      vertex 16.45 -19.8897 0
    endloop
  endfacet
  facet normal 0 0 -1
    outer loop
      vertex 15.6225 -6.59262 0
      vertex 25.45 -4.30125 0
      vertex 15.6328 -9.02559 0
    endloop
  endfacet
  facet normal -0 0 -1
    outer loop
      vertex 19.2373 -2.10185 0
      vertex 15.6225 -6.59262 0
      vertex 16.7627 -2.10185 0
    endloop
  endfacet
  facet normal 0 0 -1
    outer loop
      vertex 13.4794 -5.3553 0
      vertex 16.7627 -2.10185 0
      vertex 15.6225 -6.59262 0
    endloop
  endfacet
  facet normal -0 0 -1
    outer loop
      vertex 16.7627 -2.10185 0
      vertex 13.4794 -5.3553 0
      vertex 15.5372 0 0
    endloop
  endfacet
  facet normal 0 0 -1
    outer loop
      vertex 19.2373 2.10185 0
      vertex 25.45 4.30125 0
      vertex 20.4627 0 0
    endloop
  endfacet
  facet normal 0 0 -1
    outer loop
      vertex 15.6225 6.59262 0
      vertex 19.2373 2.10185 0
      vertex 16.7627 2.10185 0
    endloop
  endfacet
  facet normal 0 0 -1
    outer loop
      vertex 19.2373 2.10185 0
      vertex 15.6225 6.59262 0
      vertex 25.45 4.30125 0
    endloop
  endfacet
  facet normal 0 0 -1
    outer loop
      vertex 25.45 4.30125 0
      vertex 15.6328 9.02559 0
      vertex 16.45 19.8897 0
    endloop
  endfacet
  facet normal 0 0 -1
    outer loop
      vertex 25.45 4.30125 0
      vertex 15.6225 6.59262 0
      vertex 15.6328 9.02559 0
    endloop
  endfacet
  facet normal 0 0 -1
    outer loop
      vertex 13.4794 5.3553 0
      vertex 16.7627 2.10185 0
      vertex 15.5372 0 0
    endloop
  endfacet
  facet normal 0 0 -1
    outer loop
      vertex 11.4359 0 0
      vertex 15.5372 0 0
      vertex 13.4794 -5.3553 0
    endloop
  endfacet
  facet normal 0 -0 -1
    outer loop
      vertex 13.4794 5.3553 0
      vertex 15.5372 0 0
      vertex 11.4359 0 0
    endloop
  endfacet
  facet normal 0 0 -1
    outer loop
      vertex 16.7627 2.10185 0
      vertex 13.4794 5.3553 0
      vertex 15.6225 6.59262 0
    endloop
  endfacet
  facet normal 0 0 -1
    outer loop
      vertex 10.2194 -2.10185 0
      vertex 13.4794 -5.3553 0
      vertex 11.3672 -6.56285 0
    endloop
  endfacet
  facet normal 0 0 -1
    outer loop
      vertex 13.4794 -5.3553 0
      vertex 10.2194 -2.10185 0
      vertex 11.4359 0 0
    endloop
  endfacet
  facet normal 0 0 -1
    outer loop
      vertex 13.5206 10.2331 0
      vertex 16.45 19.8897 0
      vertex 15.6328 9.02559 0
    endloop
  endfacet
  facet normal 0 0 -1
    outer loop
      vertex 11.4389 15.6091 0
      vertex 16.45 19.8897 0
      vertex 13.5206 10.2331 0
    endloop
  endfacet
  facet normal 0 0 -1
    outer loop
      vertex 10.2314 17.7213 0
      vertex 16.45 19.8897 0
      vertex 11.4389 15.6091 0
    endloop
  endfacet
  facet normal 0 0 -1
    outer loop
      vertex 10.2314 17.7213 0
      vertex 9 24.191 0
      vertex 16.45 19.8897 0
    endloop
  endfacet
  facet normal 0 0 -1
    outer loop
      vertex 7.7984 17.7109 0
      vertex 9 24.191 0
      vertex 10.2314 17.7213 0
    endloop
  endfacet
  facet normal 0 0 -1
    outer loop
      vertex 2.10185 16.8258 0
      vertex 7.7984 17.7109 0
      vertex 6.56108 15.5678 0
    endloop
  endfacet
  facet normal 0 0 -1
    outer loop
      vertex 2.10185 14.3511 0
      vertex 5.71794 9.90376 0
      vertex 3.28944 9.9012 0
    endloop
  endfacet
  facet normal 0 0 -1
    outer loop
      vertex 7.76863 13.4556 0
      vertex 2.10185 14.3511 0
      vertex 6.56108 15.5678 0
    endloop
  endfacet
  facet normal 0 0 -1
    outer loop
      vertex 2.10185 16.8258 0
      vertex 6.56108 15.5678 0
      vertex 2.10185 14.3511 0
    endloop
  endfacet
  facet normal -0 0 -1
    outer loop
      vertex 7.7984 17.7109 0
      vertex 2.10185 16.8258 0
      vertex 9 24.191 0
    endloop
  endfacet
  facet normal 0 0 -1
    outer loop
      vertex 0 18.0512 0
      vertex 9 24.191 0
      vertex 2.10185 16.8258 0
    endloop
  endfacet
  facet normal 0 0 -1
    outer loop
      vertex -9 24.191 0
      vertex 0 18.0512 0
      vertex -2.10185 16.8258 0
    endloop
  endfacet
  facet normal -0 0 -1
    outer loop
      vertex -2.10185 14.3511 0
      vertex -5.71794 9.90376 0
      vertex -6.56108 15.5678 0
    endloop
  endfacet
  facet normal 0 0 -1
    outer loop
      vertex -2.10185 14.3511 0
      vertex -6.56108 15.5678 0
      vertex -2.10185 16.8258 0
    endloop
  endfacet
  facet normal 0 0 -1
    outer loop
      vertex -7.7984 17.7109 0
      vertex -2.10185 16.8258 0
      vertex -6.56108 15.5678 0
    endloop
  endfacet
  facet normal 0 0 -1
    outer loop
      vertex -9 24.191 0
      vertex -2.10185 16.8258 0
      vertex -7.7984 17.7109 0
    endloop
  endfacet
  facet normal 0 0 -1
    outer loop
      vertex 0 18.0512 0
      vertex -9 24.191 0
      vertex 9 24.191 0
    endloop
  endfacet
  facet normal 0 0 -1
    outer loop
      vertex -10.2314 17.7213 0
      vertex -9 24.191 0
      vertex -7.7984 17.7109 0
    endloop
  endfacet
  facet normal 0 0 -1
    outer loop
      vertex -16.45 19.8897 0
      vertex -10.2314 17.7213 0
      vertex -11.4389 15.6091 0
    endloop
  endfacet
  facet normal 0 0 -1
    outer loop
      vertex -16.45 19.8897 0
      vertex -11.4389 15.6091 0
      vertex -13.5206 10.2331 0
    endloop
  endfacet
  facet normal 0 0 -1
    outer loop
      vertex -16.45 19.8897 0
      vertex -13.5206 10.2331 0
      vertex -15.6328 9.02559 0
    endloop
  endfacet
  facet normal 0 0 -1
    outer loop
      vertex -10.2314 17.7213 0
      vertex -16.45 19.8897 0
      vertex -9 24.191 0
    endloop
  endfacet
  facet normal 0.339499 0.588024 -0.734144
    outer loop
      vertex 16.45 19.8897 0
      vertex 9 24.191 0
      vertex 16.85 20.1207 0.37
    endloop
  endfacet
  facet normal 0.339546 0.588124 -0.734043
    outer loop
      vertex 16.85 20.1207 0.37
      vertex 9 24.191 0
      vertex 9 24.6528 0.37
    endloop
  endfacet
  facet normal -0.000144364 0.999987 -0.00515006
    outer loop
      vertex -9 24.6528 0.4
      vertex -9.00491 24.6614 2.07
      vertex 0 24.6627 2.07
    endloop
  endfacet
  facet normal -0.000144366 -1 0
    outer loop
      vertex -9.00491 -24.6614 2.07
      vertex 0 -24.6627 2.1
      vertex -9.00491 -24.6614 2.1
    endloop
  endfacet
  facet normal -0.000144366 -1 -0
    outer loop
      vertex 0 -24.6627 2.1
      vertex -9.00491 -24.6614 2.07
      vertex 0 -24.6627 2.07
    endloop
  endfacet
  facet normal 0.865943 -0.500117 -0.0050863
    outer loop
      vertex 16.8549 -20.1292 2.07
      vertex 16.85 -20.1207 0.4
      vertex 21.3585 -12.3313 2.07
    endloop
  endfacet
  facet normal -0.499992 -0.86601 -0.00587488
    outer loop
      vertex -16.85 -20.1207 0.4
      vertex -9.00491 -24.6614 2.07
      vertex -16.8549 -20.1292 2.07
    endloop
  endfacet
  facet normal -0.499983 -0.866015 -0.00592973
    outer loop
      vertex -9.00491 -24.6614 2.07
      vertex -16.85 -20.1207 0.4
      vertex -9 -24.6528 0.4
    endloop
  endfacet
  facet normal -1 0 0
    outer loop
      vertex -25.8598 -4.5322 2.07
      vertex -25.8598 4.5322 2.1
      vertex -25.8598 4.5322 2.07
    endloop
  endfacet
  facet normal -1 -0 0
    outer loop
      vertex -25.8598 4.5322 2.1
      vertex -25.8598 -4.5322 2.07
      vertex -25.8598 -4.5322 2.1
    endloop
  endfacet
  facet normal -0.865954 0.500123 0
    outer loop
      vertex -21.3585 12.3313 2.07
      vertex -16.8549 20.1292 2.1
      vertex -16.8549 20.1292 2.07
    endloop
  endfacet
  facet normal -0.865954 0.500123 0
    outer loop
      vertex -16.8549 20.1292 2.1
      vertex -21.3585 12.3313 2.07
      vertex -21.3585 12.3313 2.1
    endloop
  endfacet
  facet normal -0.866087 0.499868 -0.00508243
    outer loop
      vertex -25.85 4.5322 0.4
      vertex -25.8598 4.5322 2.07
      vertex -21.3585 12.3313 2.07
    endloop
  endfacet
  facet normal 0.866011 -0.49999 -0.00585991
    outer loop
      vertex 21.3585 -12.3313 2.07
      vertex 16.85 -20.1207 0.4
      vertex 25.85 -4.5322 0.4
    endloop
  endfacet
  facet normal 0.866011 0.49999 -0.00585991
    outer loop
      vertex 25.85 4.5322 0.4
      vertex 16.85 20.1207 0.4
      vertex 21.3585 12.3313 2.07
    endloop
  endfacet
  facet normal -0.866011 0.49999 -0.00585991
    outer loop
      vertex -16.85 20.1207 0.4
      vertex -25.85 4.5322 0.4
      vertex -21.3585 12.3313 2.07
    endloop
  endfacet
  facet normal 0.865954 0.500123 0
    outer loop
      vertex 21.3585 12.3313 2.1
      vertex 16.8549 20.1292 2.07
      vertex 16.8549 20.1292 2.1
    endloop
  endfacet
  facet normal 0.865954 0.500123 0
    outer loop
      vertex 16.8549 20.1292 2.07
      vertex 21.3585 12.3313 2.1
      vertex 21.3585 12.3313 2.07
    endloop
  endfacet
  facet normal 0.499992 0.86601 -0.00587488
    outer loop
      vertex 16.85 20.1207 0.4
      vertex 9.00491 24.6614 2.07
      vertex 16.8549 20.1292 2.07
    endloop
  endfacet
  facet normal 0.499983 0.866015 -0.00592973
    outer loop
      vertex 9.00491 24.6614 2.07
      vertex 16.85 20.1207 0.4
      vertex 9 24.6528 0.4
    endloop
  endfacet
  facet normal -0.866087 -0.499868 -0.00508243
    outer loop
      vertex -21.3585 -12.3313 2.07
      vertex -25.8598 -4.5322 2.07
      vertex -25.85 -4.5322 0.4
    endloop
  endfacet
  facet normal 0.866087 0.499868 -0.00508243
    outer loop
      vertex 25.85 4.5322 0.4
      vertex 21.3585 12.3313 2.07
      vertex 25.8598 4.5322 2.07
    endloop
  endfacet
  facet normal 0 0.999982 -0.00592804
    outer loop
      vertex 9 24.6528 0.4
      vertex -9 24.6528 0.4
      vertex 0 24.6627 2.07
    endloop
  endfacet
  facet normal -0.500001 0.866025 0
    outer loop
      vertex -9.00491 24.6614 2.07
      vertex -16.8549 20.1292 2.1
      vertex -9.00491 24.6614 2.1
    endloop
  endfacet
  facet normal -0.500001 0.866025 0
    outer loop
      vertex -16.8549 20.1292 2.1
      vertex -9.00491 24.6614 2.07
      vertex -16.8549 20.1292 2.07
    endloop
  endfacet
  facet normal -0.866098 0.499874 0
    outer loop
      vertex -25.8598 4.5322 2.07
      vertex -21.3585 12.3313 2.1
      vertex -21.3585 12.3313 2.07
    endloop
  endfacet
  facet normal -0.866098 0.499874 0
    outer loop
      vertex -21.3585 12.3313 2.1
      vertex -25.8598 4.5322 2.07
      vertex -25.8598 4.5322 2.1
    endloop
  endfacet
  facet normal 0.866087 -0.499868 -0.00508243
    outer loop
      vertex 25.8598 -4.5322 2.07
      vertex 21.3585 -12.3313 2.07
      vertex 25.85 -4.5322 0.4
    endloop
  endfacet
  facet normal -0.865943 -0.500117 -0.0050863
    outer loop
      vertex -16.8549 -20.1292 2.07
      vertex -21.3585 -12.3313 2.07
      vertex -16.85 -20.1207 0.4
    endloop
  endfacet
  facet normal 0.000144366 1 -0
    outer loop
      vertex 9.00491 24.6614 2.07
      vertex 0 24.6627 2.1
      vertex 9.00491 24.6614 2.1
    endloop
  endfacet
  facet normal 0.000144366 1 0
    outer loop
      vertex 0 24.6627 2.1
      vertex 9.00491 24.6614 2.07
      vertex 0 24.6627 2.07
    endloop
  endfacet
  facet normal 0.999983 0 -0.00586816
    outer loop
      vertex 25.8598 -4.5322 2.07
      vertex 25.85 4.5322 0.4
      vertex 25.8598 4.5322 2.07
    endloop
  endfacet
  facet normal 0.999983 0 -0.00586816
    outer loop
      vertex 25.85 4.5322 0.4
      vertex 25.8598 -4.5322 2.07
      vertex 25.85 -4.5322 0.4
    endloop
  endfacet
  facet normal 0.865954 -0.500123 0
    outer loop
      vertex 16.8549 -20.1292 2.1
      vertex 21.3585 -12.3313 2.07
      vertex 21.3585 -12.3313 2.1
    endloop
  endfacet
  facet normal 0.865954 -0.500123 0
    outer loop
      vertex 21.3585 -12.3313 2.07
      vertex 16.8549 -20.1292 2.1
      vertex 16.8549 -20.1292 2.07
    endloop
  endfacet
  facet normal 0.866098 0.499874 0
    outer loop
      vertex 25.8598 4.5322 2.1
      vertex 21.3585 12.3313 2.07
      vertex 21.3585 12.3313 2.1
    endloop
  endfacet
  facet normal 0.866098 0.499874 0
    outer loop
      vertex 21.3585 12.3313 2.07
      vertex 25.8598 4.5322 2.1
      vertex 25.8598 4.5322 2.07
    endloop
  endfacet
  facet normal -0.866011 -0.49999 -0.00585991
    outer loop
      vertex -21.3585 -12.3313 2.07
      vertex -25.85 -4.5322 0.4
      vertex -16.85 -20.1207 0.4
    endloop
  endfacet
  facet normal -0.999983 0 -0.00586816
    outer loop
      vertex -25.85 -4.5322 0.4
      vertex -25.8598 4.5322 2.07
      vertex -25.85 4.5322 0.4
    endloop
  endfacet
  facet normal -0.999983 -0 -0.00586816
    outer loop
      vertex -25.8598 4.5322 2.07
      vertex -25.85 -4.5322 0.4
      vertex -25.8598 -4.5322 2.07
    endloop
  endfacet
  facet normal -0.865943 0.500117 -0.0050863
    outer loop
      vertex -16.85 20.1207 0.4
      vertex -21.3585 12.3313 2.07
      vertex -16.8549 20.1292 2.07
    endloop
  endfacet
  facet normal -0.499992 0.86601 -0.00592973
    outer loop
      vertex -9 24.6528 0.4
      vertex -16.8549 20.1292 2.07
      vertex -9.00491 24.6614 2.07
    endloop
  endfacet
  facet normal -0.499983 0.866015 -0.00587488
    outer loop
      vertex -16.8549 20.1292 2.07
      vertex -9 24.6528 0.4
      vertex -16.85 20.1207 0.4
    endloop
  endfacet
  facet normal -0.000144366 1 0
    outer loop
      vertex 0 24.6627 2.07
      vertex -9.00491 24.6614 2.1
      vertex 0 24.6627 2.1
    endloop
  endfacet
  facet normal -0.000144366 1 0
    outer loop
      vertex -9.00491 24.6614 2.1
      vertex 0 24.6627 2.07
      vertex -9.00491 24.6614 2.07
    endloop
  endfacet
  facet normal 0.500001 0.866025 -0
    outer loop
      vertex 16.8549 20.1292 2.07
      vertex 9.00491 24.6614 2.1
      vertex 16.8549 20.1292 2.1
    endloop
  endfacet
  facet normal 0.500001 0.866025 0
    outer loop
      vertex 9.00491 24.6614 2.1
      vertex 16.8549 20.1292 2.07
      vertex 9.00491 24.6614 2.07
    endloop
  endfacet
  facet normal 0.000144364 0.999987 -0.00515006
    outer loop
      vertex 9 24.6528 0.4
      vertex 0 24.6627 2.07
      vertex 9.00491 24.6614 2.07
    endloop
  endfacet
  facet normal 0.865943 0.500117 -0.0050863
    outer loop
      vertex 21.3585 12.3313 2.07
      vertex 16.85 20.1207 0.4
      vertex 16.8549 20.1292 2.07
    endloop
  endfacet
  facet normal 1 -0 0
    outer loop
      vertex 25.8598 -4.5322 2.1
      vertex 25.8598 4.5322 2.07
      vertex 25.8598 4.5322 2.1
    endloop
  endfacet
  facet normal 1 0 0
    outer loop
      vertex 25.8598 4.5322 2.07
      vertex 25.8598 -4.5322 2.1
      vertex 25.8598 -4.5322 2.07
    endloop
  endfacet
  facet normal 0.866098 -0.499874 0
    outer loop
      vertex 21.3585 -12.3313 2.1
      vertex 25.8598 -4.5322 2.07
      vertex 25.8598 -4.5322 2.1
    endloop
  endfacet
  facet normal 0.866098 -0.499874 0
    outer loop
      vertex 25.8598 -4.5322 2.07
      vertex 21.3585 -12.3313 2.1
      vertex 21.3585 -12.3313 2.07
    endloop
  endfacet
  facet normal -0.500001 -0.866025 0
    outer loop
      vertex -16.8549 -20.1292 2.07
      vertex -9.00491 -24.6614 2.1
      vertex -16.8549 -20.1292 2.1
    endloop
  endfacet
  facet normal -0.500001 -0.866025 -0
    outer loop
      vertex -9.00491 -24.6614 2.1
      vertex -16.8549 -20.1292 2.07
      vertex -9.00491 -24.6614 2.07
    endloop
  endfacet
  facet normal 0 0 -1
    outer loop
      vertex 25.8641 -4.5322 2.1
      vertex 25.8598 -4.5322 2.1
      vertex 25.8641 4.5322 2.1
    endloop
  endfacet
  facet normal 0 0 -1
    outer loop
      vertex 21.3622 -12.3335 2.1
      vertex 25.8598 -4.5322 2.1
      vertex 25.8641 -4.5322 2.1
    endloop
  endfacet
  facet normal 0 0 -1
    outer loop
      vertex 21.3622 -12.3335 2.1
      vertex 21.3585 -12.3313 2.1
      vertex 25.8598 -4.5322 2.1
    endloop
  endfacet
  facet normal 0 0 -1
    outer loop
      vertex 16.8549 -20.1292 2.1
      vertex 21.3622 -12.3335 2.1
      vertex 16.857 -20.1328 2.1
    endloop
  endfacet
  facet normal -0 0 -1
    outer loop
      vertex 21.3622 -12.3335 2.1
      vertex 16.8549 -20.1292 2.1
      vertex 21.3585 -12.3313 2.1
    endloop
  endfacet
  facet normal 0 0 -1
    outer loop
      vertex 9.00702 -24.665 2.1
      vertex 16.8549 -20.1292 2.1
      vertex 16.857 -20.1328 2.1
    endloop
  endfacet
  facet normal 0 0 -1
    outer loop
      vertex 9.00702 -24.665 2.1
      vertex 9.00491 -24.6614 2.1
      vertex 16.8549 -20.1292 2.1
    endloop
  endfacet
  facet normal 0 0 -1
    outer loop
      vertex 0 -24.6669 2.1
      vertex 9.00491 -24.6614 2.1
      vertex 9.00702 -24.665 2.1
    endloop
  endfacet
  facet normal 0 0 -1
    outer loop
      vertex 0 -24.6669 2.1
      vertex 0 -24.6627 2.1
      vertex 9.00491 -24.6614 2.1
    endloop
  endfacet
  facet normal 0 0 -1
    outer loop
      vertex 0 -24.6669 2.1
      vertex -9.00491 -24.6614 2.1
      vertex 0 -24.6627 2.1
    endloop
  endfacet
  facet normal 0 0 -1
    outer loop
      vertex -9.00702 -24.665 2.1
      vertex -9.00491 -24.6614 2.1
      vertex 0 -24.6669 2.1
    endloop
  endfacet
  facet normal 0 0 -1
    outer loop
      vertex -9.00702 -24.665 2.1
      vertex -16.8549 -20.1292 2.1
      vertex -9.00491 -24.6614 2.1
    endloop
  endfacet
  facet normal 0 0 -1
    outer loop
      vertex -16.857 -20.1328 2.1
      vertex -16.8549 -20.1292 2.1
      vertex -9.00702 -24.665 2.1
    endloop
  endfacet
  facet normal 0 0 -1
    outer loop
      vertex -21.3622 -12.3335 2.1
      vertex -16.8549 -20.1292 2.1
      vertex -16.857 -20.1328 2.1
    endloop
  endfacet
  facet normal 0 0 -1
    outer loop
      vertex -16.8549 -20.1292 2.1
      vertex -21.3622 -12.3335 2.1
      vertex -21.3585 -12.3313 2.1
    endloop
  endfacet
  facet normal 0 0 -1
    outer loop
      vertex -21.3622 -12.3335 2.1
      vertex -25.8598 -4.5322 2.1
      vertex -21.3585 -12.3313 2.1
    endloop
  endfacet
  facet normal 0 0 -1
    outer loop
      vertex -25.8598 -4.5322 2.1
      vertex -25.8641 -4.5322 2.1
      vertex -25.8598 4.5322 2.1
    endloop
  endfacet
  facet normal 0 0 -1
    outer loop
      vertex -25.8641 -4.5322 2.1
      vertex -25.8598 -4.5322 2.1
      vertex -21.3622 -12.3335 2.1
    endloop
  endfacet
  facet normal 0 0 -1
    outer loop
      vertex 25.8598 4.5322 2.1
      vertex 25.8641 4.5322 2.1
      vertex 25.8598 -4.5322 2.1
    endloop
  endfacet
  facet normal 0 0 -1
    outer loop
      vertex 25.8598 4.5322 2.1
      vertex 21.3622 12.3335 2.1
      vertex 25.8641 4.5322 2.1
    endloop
  endfacet
  facet normal 0 0 -1
    outer loop
      vertex 21.3585 12.3313 2.1
      vertex 21.3622 12.3335 2.1
      vertex 25.8598 4.5322 2.1
    endloop
  endfacet
  facet normal 0 0 -1
    outer loop
      vertex 16.8549 20.1292 2.1
      vertex 21.3622 12.3335 2.1
      vertex 21.3585 12.3313 2.1
    endloop
  endfacet
  facet normal 0 0 -1
    outer loop
      vertex 21.3622 12.3335 2.1
      vertex 16.8549 20.1292 2.1
      vertex 16.857 20.1328 2.1
    endloop
  endfacet
  facet normal 0 0 -1
    outer loop
      vertex 16.8549 20.1292 2.1
      vertex 9.00702 24.665 2.1
      vertex 16.857 20.1328 2.1
    endloop
  endfacet
  facet normal 0 0 -1
    outer loop
      vertex 9.00491 24.6614 2.1
      vertex 9.00702 24.665 2.1
      vertex 16.8549 20.1292 2.1
    endloop
  endfacet
  facet normal 0 0 -1
    outer loop
      vertex 0 24.6669 2.1
      vertex 9.00491 24.6614 2.1
      vertex 0 24.6627 2.1
    endloop
  endfacet
  facet normal 0 0 -1
    outer loop
      vertex 9.00491 24.6614 2.1
      vertex 0 24.6669 2.1
      vertex 9.00702 24.665 2.1
    endloop
  endfacet
  facet normal 0 0 -1
    outer loop
      vertex -9.00491 24.6614 2.1
      vertex 0 24.6669 2.1
      vertex 0 24.6627 2.1
    endloop
  endfacet
  facet normal 0 0 -1
    outer loop
      vertex -9.00491 24.6614 2.1
      vertex -9.00702 24.665 2.1
      vertex 0 24.6669 2.1
    endloop
  endfacet
  facet normal 0 0 -1
    outer loop
      vertex -16.8549 20.1292 2.1
      vertex -9.00702 24.665 2.1
      vertex -9.00491 24.6614 2.1
    endloop
  endfacet
  facet normal 0 0 -1
    outer loop
      vertex -16.8549 20.1292 2.1
      vertex -16.857 20.1328 2.1
      vertex -9.00702 24.665 2.1
    endloop
  endfacet
  facet normal 0 0 -1
    outer loop
      vertex -21.3622 12.3335 2.1
      vertex -16.8549 20.1292 2.1
      vertex -21.3585 12.3313 2.1
    endloop
  endfacet
  facet normal -0 0 -1
    outer loop
      vertex -16.8549 20.1292 2.1
      vertex -21.3622 12.3335 2.1
      vertex -16.857 20.1328 2.1
    endloop
  endfacet
  facet normal 0 0 -1
    outer loop
      vertex -25.8598 4.5322 2.1
      vertex -21.3622 12.3335 2.1
      vertex -21.3585 12.3313 2.1
    endloop
  endfacet
  facet normal 0 0 -1
    outer loop
      vertex -25.8598 4.5322 2.1
      vertex -25.8641 4.5322 2.1
      vertex -21.3622 12.3335 2.1
    endloop
  endfacet
  facet normal 0 0 -1
    outer loop
      vertex -25.8641 4.5322 2.1
      vertex -25.8598 4.5322 2.1
      vertex -25.8641 -4.5322 2.1
    endloop
  endfacet
  facet normal -0.865954 -0.500123 0
    outer loop
      vertex -16.8549 -20.1292 2.07
      vertex -21.3585 -12.3313 2.1
      vertex -21.3585 -12.3313 2.07
    endloop
  endfacet
  facet normal -0.865954 -0.500123 0
    outer loop
      vertex -21.3585 -12.3313 2.1
      vertex -16.8549 -20.1292 2.07
      vertex -16.8549 -20.1292 2.1
    endloop
  endfacet
  facet normal 0.500001 -0.866025 0
    outer loop
      vertex 9.00491 -24.6614 2.07
      vertex 16.8549 -20.1292 2.1
      vertex 9.00491 -24.6614 2.1
    endloop
  endfacet
  facet normal 0.500001 -0.866025 0
    outer loop
      vertex 16.8549 -20.1292 2.1
      vertex 9.00491 -24.6614 2.07
      vertex 16.8549 -20.1292 2.07
    endloop
  endfacet
  facet normal 0.499992 -0.86601 -0.00592973
    outer loop
      vertex 9 -24.6528 0.4
      vertex 16.8549 -20.1292 2.07
      vertex 9.00491 -24.6614 2.07
    endloop
  endfacet
  facet normal 0.499983 -0.866015 -0.00587488
    outer loop
      vertex 16.8549 -20.1292 2.07
      vertex 9 -24.6528 0.4
      vertex 16.85 -20.1207 0.4
    endloop
  endfacet
  facet normal -0.866098 -0.499874 0
    outer loop
      vertex -21.3585 -12.3313 2.07
      vertex -25.8598 -4.5322 2.1
      vertex -25.8598 -4.5322 2.07
    endloop
  endfacet
  facet normal -0.866098 -0.499874 0
    outer loop
      vertex -25.8598 -4.5322 2.1
      vertex -21.3585 -12.3313 2.07
      vertex -21.3585 -12.3313 2.1
    endloop
  endfacet
  facet normal -0.000144364 -0.999987 -0.00515006
    outer loop
      vertex 0 -24.6627 2.07
      vertex -9.00491 -24.6614 2.07
      vertex -9 -24.6528 0.4
    endloop
  endfacet
  facet normal 0 -0.999982 -0.00592804
    outer loop
      vertex 0 -24.6627 2.07
      vertex -9 -24.6528 0.4
      vertex 9 -24.6528 0.4
    endloop
  endfacet
  facet normal 0.000144364 -0.999987 -0.00515006
    outer loop
      vertex 9.00491 -24.6614 2.07
      vertex 0 -24.6627 2.07
      vertex 9 -24.6528 0.4
    endloop
  endfacet
  facet normal 0.000144366 -1 0
    outer loop
      vertex 0 -24.6627 2.07
      vertex 9.00491 -24.6614 2.1
      vertex 0 -24.6627 2.1
    endloop
  endfacet
  facet normal 0.000144366 -1 0
    outer loop
      vertex 9.00491 -24.6614 2.1
      vertex 0 -24.6627 2.07
      vertex 9.00491 -24.6614 2.07
    endloop
  endfacet
  facet normal -0.86613 -0.499818 0
    outer loop
      vertex -21.3622 -12.3335 2.1
      vertex -25.8641 -4.5322 2.13
      vertex -25.8641 -4.5322 2.1
    endloop
  endfacet
  facet normal -0.86613 -0.499818 0
    outer loop
      vertex -25.8641 -4.5322 2.13
      vertex -21.3622 -12.3335 2.1
      vertex -21.3622 -12.3335 2.13
    endloop
  endfacet
  facet normal -0.438277 0.75912 0.4813
    outer loop
      vertex -9.00702 24.665 2.13
      vertex -16.3182 19.8923 3
      vertex -9.06816 24.0781 3
    endloop
  endfacet
  facet normal 0.438283 -0.759127 0.481284
    outer loop
      vertex 16.3182 -19.8923 3
      vertex 9.00702 -24.665 2.13
      vertex 16.857 -20.1328 2.13
    endloop
  endfacet
  facet normal 0.717162 -0.415983 0.559139
    outer loop
      vertex 20.8681 -12.0482 3
      vertex 16.3182 -19.8923 3
      vertex 16.857 -20.1328 2.13
    endloop
  endfacet
  facet normal -0.724273 0.417957 0.548398
    outer loop
      vertex -21.3622 12.3335 2.13
      vertex -25.8641 4.5322 2.13
      vertex -20.8681 12.0482 3
    endloop
  endfacet
  facet normal -0.438283 0.759127 0.481284
    outer loop
      vertex -9.00702 24.665 2.13
      vertex -16.857 20.1328 2.13
      vertex -16.3182 19.8923 3
    endloop
  endfacet
  facet normal 0.724094 -0.418267 0.548398
    outer loop
      vertex 20.8681 -12.0482 3
      vertex 16.857 -20.1328 2.13
      vertex 21.3622 -12.3335 2.13
    endloop
  endfacet
  facet normal 0.86613 -0.499818 0
    outer loop
      vertex 21.3622 -12.3335 2.13
      vertex 25.8641 -4.5322 2.1
      vertex 25.8641 -4.5322 2.13
    endloop
  endfacet
  facet normal 0.86613 -0.499818 0
    outer loop
      vertex 25.8641 -4.5322 2.1
      vertex 21.3622 -12.3335 2.13
      vertex 21.3622 -12.3335 2.1
    endloop
  endfacet
  facet normal -0.500001 0.866025 0
    outer loop
      vertex -9.00702 24.665 2.1
      vertex -16.857 20.1328 2.13
      vertex -9.00702 24.665 2.13
    endloop
  endfacet
  facet normal -0.500001 0.866025 0
    outer loop
      vertex -16.857 20.1328 2.13
      vertex -9.00702 24.665 2.1
      vertex -16.857 20.1328 2.1
    endloop
  endfacet
  facet normal -0.718787 -0.413057 0.559222
    outer loop
      vertex -25.3863 -4.18579 3
      vertex -25.8641 -4.5322 2.13
      vertex -20.8681 -12.0482 3
    endloop
  endfacet
  facet normal -0.865916 -0.500189 0
    outer loop
      vertex -16.857 -20.1328 2.1
      vertex -21.3622 -12.3335 2.13
      vertex -21.3622 -12.3335 2.1
    endloop
  endfacet
  facet normal -0.865916 -0.500189 0
    outer loop
      vertex -21.3622 -12.3335 2.13
      vertex -16.857 -20.1328 2.1
      vertex -16.857 -20.1328 2.13
    endloop
  endfacet
  facet normal 0.438277 0.75912 0.4813
    outer loop
      vertex 16.3182 19.8923 3
      vertex 9.00702 24.665 2.13
      vertex 9.06816 24.0781 3
    endloop
  endfacet
  facet normal 1 -0 0
    outer loop
      vertex 25.8641 -4.5322 2.13
      vertex 25.8641 4.5322 2.1
      vertex 25.8641 4.5322 2.13
    endloop
  endfacet
  facet normal 1 0 0
    outer loop
      vertex 25.8641 4.5322 2.1
      vertex 25.8641 -4.5322 2.13
      vertex 25.8641 -4.5322 2.1
    endloop
  endfacet
  facet normal -0.000210947 -1 0
    outer loop
      vertex -9.00702 -24.665 2.1
      vertex 0 -24.6669 2.13
      vertex -9.00702 -24.665 2.13
    endloop
  endfacet
  facet normal -0.000210947 -1 -0
    outer loop
      vertex 0 -24.6669 2.13
      vertex -9.00702 -24.665 2.1
      vertex 0 -24.6669 2.1
    endloop
  endfacet
  facet normal 0 0 -1
    outer loop
      vertex 25.3905 -4.18579 3
      vertex 25.3863 -4.18579 3
      vertex 25.3905 4.18579 3
    endloop
  endfacet
  facet normal 0 0 -1
    outer loop
      vertex 20.8717 -12.0503 3
      vertex 25.3863 -4.18579 3
      vertex 25.3905 -4.18579 3
    endloop
  endfacet
  facet normal 0 0 -1
    outer loop
      vertex 20.8717 -12.0503 3
      vertex 20.8681 -12.0482 3
      vertex 25.3863 -4.18579 3
    endloop
  endfacet
  facet normal 0 0 -1
    outer loop
      vertex 16.3182 -19.8923 3
      vertex 20.8717 -12.0503 3
      vertex 16.3203 -19.8959 3
    endloop
  endfacet
  facet normal -0 0 -1
    outer loop
      vertex 20.8717 -12.0503 3
      vertex 16.3182 -19.8923 3
      vertex 20.8681 -12.0482 3
    endloop
  endfacet
  facet normal 0 0 -1
    outer loop
      vertex 9.07027 -24.0818 3
      vertex 16.3182 -19.8923 3
      vertex 16.3203 -19.8959 3
    endloop
  endfacet
  facet normal 0 0 -1
    outer loop
      vertex 9.07027 -24.0818 3
      vertex 9.06816 -24.0781 3
      vertex 16.3182 -19.8923 3
    endloop
  endfacet
  facet normal 0 0 -1
    outer loop
      vertex 0 -24.1006 3
      vertex 9.06816 -24.0781 3
      vertex 9.07027 -24.0818 3
    endloop
  endfacet
  facet normal 0 0 -1
    outer loop
      vertex 0 -24.1006 3
      vertex 0 -24.0963 3
      vertex 9.06816 -24.0781 3
    endloop
  endfacet
  facet normal 0 0 -1
    outer loop
      vertex 0 -24.1006 3
      vertex -9.06816 -24.0781 3
      vertex 0 -24.0963 3
    endloop
  endfacet
  facet normal 0 0 -1
    outer loop
      vertex -9.07027 -24.0818 3
      vertex -9.06816 -24.0781 3
      vertex 0 -24.1006 3
    endloop
  endfacet
  facet normal 0 0 -1
    outer loop
      vertex -9.07027 -24.0818 3
      vertex -16.3182 -19.8923 3
      vertex -9.06816 -24.0781 3
    endloop
  endfacet
  facet normal 0 0 -1
    outer loop
      vertex -16.3203 -19.8959 3
      vertex -16.3182 -19.8923 3
      vertex -9.07027 -24.0818 3
    endloop
  endfacet
  facet normal 0 0 -1
    outer loop
      vertex -20.8717 -12.0503 3
      vertex -16.3182 -19.8923 3
      vertex -16.3203 -19.8959 3
    endloop
  endfacet
  facet normal 0 0 -1
    outer loop
      vertex -16.3182 -19.8923 3
      vertex -20.8717 -12.0503 3
      vertex -20.8681 -12.0482 3
    endloop
  endfacet
  facet normal 0 0 -1
    outer loop
      vertex -20.8717 -12.0503 3
      vertex -25.3863 -4.18579 3
      vertex -20.8681 -12.0482 3
    endloop
  endfacet
  facet normal 0 0 -1
    outer loop
      vertex -25.3863 -4.18579 3
      vertex -25.3905 -4.18579 3
      vertex -25.3863 4.18579 3
    endloop
  endfacet
  facet normal 0 0 -1
    outer loop
      vertex -25.3905 -4.18579 3
      vertex -25.3863 -4.18579 3
      vertex -20.8717 -12.0503 3
    endloop
  endfacet
  facet normal 0 0 -1
    outer loop
      vertex 25.3863 4.18579 3
      vertex 25.3905 4.18579 3
      vertex 25.3863 -4.18579 3
    endloop
  endfacet
  facet normal 0 0 -1
    outer loop
      vertex 25.3863 4.18579 3
      vertex 20.8717 12.0503 3
      vertex 25.3905 4.18579 3
    endloop
  endfacet
  facet normal 0 0 -1
    outer loop
      vertex 20.8681 12.0482 3
      vertex 20.8717 12.0503 3
      vertex 25.3863 4.18579 3
    endloop
  endfacet
  facet normal 0 0 -1
    outer loop
      vertex 16.3182 19.8923 3
      vertex 20.8717 12.0503 3
      vertex 20.8681 12.0482 3
    endloop
  endfacet
  facet normal 0 0 -1
    outer loop
      vertex 20.8717 12.0503 3
      vertex 16.3182 19.8923 3
      vertex 16.3203 19.8959 3
    endloop
  endfacet
  facet normal 0 0 -1
    outer loop
      vertex 16.3182 19.8923 3
      vertex 9.07027 24.0818 3
      vertex 16.3203 19.8959 3
    endloop
  endfacet
  facet normal 0 0 -1
    outer loop
      vertex 9.06816 24.0781 3
      vertex 9.07027 24.0818 3
      vertex 16.3182 19.8923 3
    endloop
  endfacet
  facet normal 0 0 -1
    outer loop
      vertex 0 24.1006 3
      vertex 9.06816 24.0781 3
      vertex 0 24.0963 3
    endloop
  endfacet
  facet normal 0 0 -1
    outer loop
      vertex 9.06816 24.0781 3
      vertex 0 24.1006 3
      vertex 9.07027 24.0818 3
    endloop
  endfacet
  facet normal 0 0 -1
    outer loop
      vertex -9.06816 24.0781 3
      vertex 0 24.1006 3
      vertex 0 24.0963 3
    endloop
  endfacet
  facet normal 0 0 -1
    outer loop
      vertex -9.06816 24.0781 3
      vertex -9.07027 24.0818 3
      vertex 0 24.1006 3
    endloop
  endfacet
  facet normal 0 0 -1
    outer loop
      vertex -16.3182 19.8923 3
      vertex -9.07027 24.0818 3
      vertex -9.06816 24.0781 3
    endloop
  endfacet
  facet normal 0 0 -1
    outer loop
      vertex -16.3182 19.8923 3
      vertex -16.3203 19.8959 3
      vertex -9.07027 24.0818 3
    endloop
  endfacet
  facet normal 0 0 -1
    outer loop
      vertex -20.8717 12.0503 3
      vertex -16.3182 19.8923 3
      vertex -20.8681 12.0482 3
    endloop
  endfacet
  facet normal -0 0 -1
    outer loop
      vertex -16.3182 19.8923 3
      vertex -20.8717 12.0503 3
      vertex -16.3203 19.8959 3
    endloop
  endfacet
  facet normal 0 0 -1
    outer loop
      vertex -25.3863 4.18579 3
      vertex -20.8717 12.0503 3
      vertex -20.8681 12.0482 3
    endloop
  endfacet
  facet normal 0 0 -1
    outer loop
      vertex -25.3863 4.18579 3
      vertex -25.3905 4.18579 3
      vertex -20.8717 12.0503 3
    endloop
  endfacet
  facet normal 0 0 -1
    outer loop
      vertex -25.3905 4.18579 3
      vertex -25.3863 4.18579 3
      vertex -25.3905 -4.18579 3
    endloop
  endfacet
  facet normal -0.438283 -0.759127 0.481284
    outer loop
      vertex -16.3182 -19.8923 3
      vertex -16.857 -20.1328 2.13
      vertex -9.00702 -24.665 2.13
    endloop
  endfacet
  facet normal -0.000176393 0.836197 0.54843
    outer loop
      vertex 0 24.6669 2.13
      vertex -9.00702 24.665 2.13
      vertex 0 24.0963 3
    endloop
  endfacet
  facet normal 0.865916 0.500189 0
    outer loop
      vertex 21.3622 12.3335 2.13
      vertex 16.857 20.1328 2.1
      vertex 16.857 20.1328 2.13
    endloop
  endfacet
  facet normal 0.865916 0.500189 0
    outer loop
      vertex 16.857 20.1328 2.1
      vertex 21.3622 12.3335 2.13
      vertex 21.3622 12.3335 2.1
    endloop
  endfacet
  facet normal -0.718787 0.413057 0.559222
    outer loop
      vertex -20.8681 12.0482 3
      vertex -25.8641 4.5322 2.13
      vertex -25.3863 4.18579 3
    endloop
  endfacet
  facet normal -0.500001 -0.866025 0
    outer loop
      vertex -16.857 -20.1328 2.1
      vertex -9.00702 -24.665 2.13
      vertex -16.857 -20.1328 2.13
    endloop
  endfacet
  facet normal -0.500001 -0.866025 -0
    outer loop
      vertex -9.00702 -24.665 2.13
      vertex -16.857 -20.1328 2.1
      vertex -9.00702 -24.665 2.1
    endloop
  endfacet
  facet normal -0.000176393 -0.836197 0.54843
    outer loop
      vertex 0 -24.0963 3
      vertex -9.00702 -24.665 2.13
      vertex 0 -24.6669 2.13
    endloop
  endfacet
  facet normal -0.86613 0.499818 0
    outer loop
      vertex -25.8641 4.5322 2.1
      vertex -21.3622 12.3335 2.13
      vertex -21.3622 12.3335 2.1
    endloop
  endfacet
  facet normal -0.86613 0.499818 0
    outer loop
      vertex -21.3622 12.3335 2.13
      vertex -25.8641 4.5322 2.1
      vertex -25.8641 4.5322 2.13
    endloop
  endfacet
  facet normal 0.876514 -0 0.481377
    outer loop
      vertex 25.3863 -4.18579 3
      vertex 25.8641 4.5322 2.13
      vertex 25.3863 4.18579 3
    endloop
  endfacet
  facet normal 0.876514 0 0.481377
    outer loop
      vertex 25.8641 4.5322 2.13
      vertex 25.3863 -4.18579 3
      vertex 25.8641 -4.5322 2.13
    endloop
  endfacet
  facet normal 0.500001 0.866025 -0
    outer loop
      vertex 16.857 20.1328 2.1
      vertex 9.00702 24.665 2.13
      vertex 16.857 20.1328 2.13
    endloop
  endfacet
  facet normal 0.500001 0.866025 0
    outer loop
      vertex 9.00702 24.665 2.13
      vertex 16.857 20.1328 2.1
      vertex 9.00702 24.665 2.1
    endloop
  endfacet
  facet normal 0.718787 -0.413057 0.559222
    outer loop
      vertex 25.3863 -4.18579 3
      vertex 20.8681 -12.0482 3
      vertex 25.8641 -4.5322 2.13
    endloop
  endfacet
  facet normal 0.718787 0.413057 0.559222
    outer loop
      vertex 25.8641 4.5322 2.13
      vertex 20.8681 12.0482 3
      vertex 25.3863 4.18579 3
    endloop
  endfacet
  facet normal 0.86613 0.499818 0
    outer loop
      vertex 25.8641 4.5322 2.13
      vertex 21.3622 12.3335 2.1
      vertex 21.3622 12.3335 2.13
    endloop
  endfacet
  facet normal 0.86613 0.499818 0
    outer loop
      vertex 21.3622 12.3335 2.1
      vertex 25.8641 4.5322 2.13
      vertex 25.8641 4.5322 2.1
    endloop
  endfacet
  facet normal 0.724273 0.417957 0.548398
    outer loop
      vertex 21.3622 12.3335 2.13
      vertex 20.8681 12.0482 3
      vertex 25.8641 4.5322 2.13
    endloop
  endfacet
  facet normal -0.724094 0.418267 0.548398
    outer loop
      vertex -16.857 20.1328 2.13
      vertex -21.3622 12.3335 2.13
      vertex -20.8681 12.0482 3
    endloop
  endfacet
  facet normal 0.500001 -0.866025 0
    outer loop
      vertex 9.00702 -24.665 2.1
      vertex 16.857 -20.1328 2.13
      vertex 9.00702 -24.665 2.13
    endloop
  endfacet
  facet normal 0.500001 -0.866025 0
    outer loop
      vertex 16.857 -20.1328 2.13
      vertex 9.00702 -24.665 2.1
      vertex 16.857 -20.1328 2.1
    endloop
  endfacet
  facet normal -0.876514 0 0.481377
    outer loop
      vertex -25.8641 4.5322 2.13
      vertex -25.3863 -4.18579 3
      vertex -25.3863 4.18579 3
    endloop
  endfacet
  facet normal -0.876514 0 0.481377
    outer loop
      vertex -25.3863 -4.18579 3
      vertex -25.8641 4.5322 2.13
      vertex -25.8641 -4.5322 2.13
    endloop
  endfacet
  facet normal -0.865916 0.500189 0
    outer loop
      vertex -21.3622 12.3335 2.1
      vertex -16.857 20.1328 2.13
      vertex -16.857 20.1328 2.1
    endloop
  endfacet
  facet normal -0.865916 0.500189 0
    outer loop
      vertex -16.857 20.1328 2.13
      vertex -21.3622 12.3335 2.1
      vertex -21.3622 12.3335 2.13
    endloop
  endfacet
  facet normal -0.724273 -0.417957 0.548398
    outer loop
      vertex -20.8681 -12.0482 3
      vertex -25.8641 -4.5322 2.13
      vertex -21.3622 -12.3335 2.13
    endloop
  endfacet
  facet normal -1 0 0
    outer loop
      vertex -25.8641 -4.5322 2.1
      vertex -25.8641 4.5322 2.13
      vertex -25.8641 4.5322 2.1
    endloop
  endfacet
  facet normal -1 -0 0
    outer loop
      vertex -25.8641 4.5322 2.13
      vertex -25.8641 -4.5322 2.1
      vertex -25.8641 -4.5322 2.13
    endloop
  endfacet
  facet normal 0.000176393 -0.836197 0.54843
    outer loop
      vertex 0 -24.0963 3
      vertex 0 -24.6669 2.13
      vertex 9.00702 -24.665 2.13
    endloop
  endfacet
  facet normal -0.438277 -0.75912 0.4813
    outer loop
      vertex -9.06816 -24.0781 3
      vertex -16.3182 -19.8923 3
      vertex -9.00702 -24.665 2.13
    endloop
  endfacet
  facet normal -0.00166393 0.829056 0.559163
    outer loop
      vertex -9.00702 24.665 2.13
      vertex -9.06816 24.0781 3
      vertex 0 24.0963 3
    endloop
  endfacet
  facet normal 0.438283 0.759127 0.481284
    outer loop
      vertex 16.857 20.1328 2.13
      vertex 9.00702 24.665 2.13
      vertex 16.3182 19.8923 3
    endloop
  endfacet
  facet normal -0.724094 -0.418267 0.548398
    outer loop
      vertex -20.8681 -12.0482 3
      vertex -21.3622 -12.3335 2.13
      vertex -16.857 -20.1328 2.13
    endloop
  endfacet
  facet normal 0.724273 -0.417957 0.548398
    outer loop
      vertex 25.8641 -4.5322 2.13
      vertex 20.8681 -12.0482 3
      vertex 21.3622 -12.3335 2.13
    endloop
  endfacet
  facet normal -0.717162 0.415983 0.559139
    outer loop
      vertex -16.857 20.1328 2.13
      vertex -20.8681 12.0482 3
      vertex -16.3182 19.8923 3
    endloop
  endfacet
  facet normal 0.724094 0.418267 0.548398
    outer loop
      vertex 21.3622 12.3335 2.13
      vertex 16.857 20.1328 2.13
      vertex 20.8681 12.0482 3
    endloop
  endfacet
  facet normal 0.865916 -0.500189 0
    outer loop
      vertex 16.857 -20.1328 2.13
      vertex 21.3622 -12.3335 2.1
      vertex 21.3622 -12.3335 2.13
    endloop
  endfacet
  facet normal 0.865916 -0.500189 0
    outer loop
      vertex 21.3622 -12.3335 2.1
      vertex 16.857 -20.1328 2.13
      vertex 16.857 -20.1328 2.1
    endloop
  endfacet
  facet normal -0.00166393 -0.829056 0.559163
    outer loop
      vertex 0 -24.0963 3
      vertex -9.06816 -24.0781 3
      vertex -9.00702 -24.665 2.13
    endloop
  endfacet
  facet normal 0.717162 0.415983 0.559139
    outer loop
      vertex 16.857 20.1328 2.13
      vertex 16.3182 19.8923 3
      vertex 20.8681 12.0482 3
    endloop
  endfacet
  facet normal 0.00166393 -0.829056 0.559163
    outer loop
      vertex 9.06816 -24.0781 3
      vertex 0 -24.0963 3
      vertex 9.00702 -24.665 2.13
    endloop
  endfacet
  facet normal 0.438277 -0.75912 0.4813
    outer loop
      vertex 9.06816 -24.0781 3
      vertex 9.00702 -24.665 2.13
      vertex 16.3182 -19.8923 3
    endloop
  endfacet
  facet normal 0.000210947 1 -0
    outer loop
      vertex 9.00702 24.665 2.1
      vertex 0 24.6669 2.13
      vertex 9.00702 24.665 2.13
    endloop
  endfacet
  facet normal 0.000210947 1 0
    outer loop
      vertex 0 24.6669 2.13
      vertex 9.00702 24.665 2.1
      vertex 0 24.6669 2.1
    endloop
  endfacet
  facet normal 0.000176393 0.836197 0.54843
    outer loop
      vertex 0 24.6669 2.13
      vertex 0 24.0963 3
      vertex 9.00702 24.665 2.13
    endloop
  endfacet
  facet normal -0.717162 -0.415983 0.559139
    outer loop
      vertex -16.3182 -19.8923 3
      vertex -20.8681 -12.0482 3
      vertex -16.857 -20.1328 2.13
    endloop
  endfacet
  facet normal 0.000210947 -1 0
    outer loop
      vertex 0 -24.6669 2.1
      vertex 9.00702 -24.665 2.13
      vertex 0 -24.6669 2.13
    endloop
  endfacet
  facet normal 0.000210947 -1 0
    outer loop
      vertex 9.00702 -24.665 2.13
      vertex 0 -24.6669 2.1
      vertex 9.00702 -24.665 2.1
    endloop
  endfacet
  facet normal 0.00166393 0.829056 0.559163
    outer loop
      vertex 9.00702 24.665 2.13
      vertex 0 24.0963 3
      vertex 9.06816 24.0781 3
    endloop
  endfacet
  facet normal -0.000210947 1 0
    outer loop
      vertex 0 24.6669 2.1
      vertex -9.00702 24.665 2.13
      vertex 0 24.6669 2.13
    endloop
  endfacet
  facet normal -0.000210947 1 0
    outer loop
      vertex -9.00702 24.665 2.13
      vertex 0 24.6669 2.1
      vertex -9.00702 24.665 2.1
    endloop
  endfacet
  facet normal -0.875711 -0.482835 0
    outer loop
      vertex -21.9878 -12.6947 12.17
      vertex -26.6793 -4.18579 12.2
      vertex -26.6793 -4.18579 12.17
    endloop
  endfacet
  facet normal -0.875711 -0.482835 0
    outer loop
      vertex -26.6793 -4.18579 12.2
      vertex -21.9878 -12.6947 12.17
      vertex -21.9878 -12.6947 12.2
    endloop
  endfacet
  facet normal -0.856002 0.516973 0
    outer loop
      vertex -21.9878 12.6947 12.17
      vertex -16.9646 21.0121 12.2
      vertex -16.9646 21.0121 12.17
    endloop
  endfacet
  facet normal -0.856002 0.516973 0
    outer loop
      vertex -16.9646 21.0121 12.2
      vertex -21.9878 12.6947 12.17
      vertex -21.9878 12.6947 12.2
    endloop
  endfacet
  facet normal 0.495135 -0.857604 -0.13913
    outer loop
      vertex 16.0305 -21.394 11.2
      vertex 9.71465 -25.1978 12.17
      vertex 10.5125 -24.5798 11.2
    endloop
  endfacet
  facet normal 0.4951 -0.857618 -0.139167
    outer loop
      vertex 9.71465 -25.1978 12.17
      vertex 10.2697 -24.1592 7.74426
      vertex 10.5125 -24.5798 11.2
    endloop
  endfacet
  facet normal 0.495111 -0.857612 -0.139164
    outer loop
      vertex 9.07027 -24.0818 3
      vertex 10.2697 -24.1592 7.74426
      vertex 9.71465 -25.1978 12.17
    endloop
  endfacet
  facet normal 0.495195 -0.85756 -0.139184
    outer loop
      vertex 10.2697 -24.1592 7.74426
      vertex 9.07027 -24.0818 3
      vertex 10.5107 -23.5216 4.67324
    endloop
  endfacet
  facet normal 0.49513 -0.857602 -0.139157
    outer loop
      vertex 9.71465 -25.1978 12.17
      vertex 16.0305 -21.394 11.2
      vertex 16.9646 -21.0121 12.17
    endloop
  endfacet
  facet normal 0.495303 -0.857467 -0.139377
    outer loop
      vertex 16.9646 -21.0121 12.17
      vertex 16.0305 -21.394 11.2
      vertex 16.0217 -21.3787 11.0746
    endloop
  endfacet
  facet normal 0.499995 0.866029 -0
    outer loop
      vertex 16.9646 21.0121 12.17
      vertex 9.71465 25.1978 12.2
      vertex 16.9646 21.0121 12.2
    endloop
  endfacet
  facet normal 0.499995 0.866029 0
    outer loop
      vertex 9.71465 25.1978 12.2
      vertex 16.9646 21.0121 12.17
      vertex 9.71465 25.1978 12.17
    endloop
  endfacet
  facet normal -0.0195612 -0.992325 -0.122102
    outer loop
      vertex -9.71465 -25.1978 12.17
      vertex -8.43346 -25.1037 11.2
      vertex 0 -25.3893 12.17
    endloop
  endfacet
  facet normal -0.0195923 -0.992319 -0.122143
    outer loop
      vertex -9.71465 -25.1978 12.17
      vertex -8.42811 -24.6647 7.6326
      vertex -8.43346 -25.1037 11.2
    endloop
  endfacet
  facet normal -0.0195932 -0.992319 -0.122143
    outer loop
      vertex -9.07027 -24.0818 3
      vertex -8.42811 -24.6647 7.6326
      vertex -9.71465 -25.1978 12.17
    endloop
  endfacet
  facet normal -0.0196651 -0.99233 -0.122044
    outer loop
      vertex -7.95221 -24.2849 4.47124
      vertex -9.07027 -24.0818 3
      vertex -7.61767 -24.2912 4.46856
    endloop
  endfacet
  facet normal -0.0195184 -0.992319 -0.122154
    outer loop
      vertex -8.42811 -24.6647 7.6326
      vertex -9.07027 -24.0818 3
      vertex -7.95221 -24.2849 4.47124
    endloop
  endfacet
  facet normal -0.0195576 -0.992321 -0.122133
    outer loop
      vertex -1.00535 -25.2501 11.2
      vertex 0 -25.3893 12.17
      vertex -8.43346 -25.1037 11.2
    endloop
  endfacet
  facet normal -0.0194982 -0.992315 -0.122193
    outer loop
      vertex 0 -25.3893 12.17
      vertex -1.00535 -25.2501 11.2
      vertex -1.00528 -25.2444 11.1537
    endloop
  endfacet
  facet normal -0.00205698 0.990269 -0.139154
    outer loop
      vertex 0 25.3893 12.17
      vertex -0.999316 24.7552 7.67229
      vertex -1.00528 25.2444 11.1537
    endloop
  endfacet
  facet normal -0.00199898 0.990267 -0.139167
    outer loop
      vertex 0 24.1006 3
      vertex -0.999316 24.7552 7.67229
      vertex 0 25.3893 12.17
    endloop
  endfacet
  facet normal -0.00210217 0.990264 -0.139188
    outer loop
      vertex -0.999316 24.7552 7.67229
      vertex 0 24.1006 3
      vertex -1.52673 24.3128 4.53277
    endloop
  endfacet
  facet normal -0.00204563 0.990272 -0.139133
    outer loop
      vertex 0 24.1006 3
      vertex -6.4042 24.2955 4.48135
      vertex -1.52673 24.3128 4.53277
    endloop
  endfacet
  facet normal -0.00205253 0.990267 -0.139162
    outer loop
      vertex -9.07027 24.0818 3
      vertex -6.4042 24.2955 4.48135
      vertex 0 24.1006 3
    endloop
  endfacet
  facet normal -0.00204209 0.990265 -0.139181
    outer loop
      vertex -6.4042 24.2955 4.48135
      vertex -9.07027 24.0818 3
      vertex -7.61767 24.2912 4.46856
    endloop
  endfacet
  facet normal -0.0197087 0.999806 0
    outer loop
      vertex 0 25.3893 12.17
      vertex -9.71465 25.1978 12.2
      vertex 0 25.3893 12.2
    endloop
  endfacet
  facet normal -0.0197087 0.999806 0
    outer loop
      vertex -9.71465 25.1978 12.2
      vertex 0 25.3893 12.17
      vertex -9.71465 25.1978 12.17
    endloop
  endfacet
  facet normal 0.869167 -0.479194 -0.122157
    outer loop
      vertex 26.6793 -4.18579 12.17
      vertex 25.5743 -5.03337 7.63262
      vertex 25.3905 -4.18579 3
    endloop
  endfacet
  facet normal 0.869163 -0.479201 -0.122155
    outer loop
      vertex 26.6793 -4.18579 12.17
      vertex 25.9572 -5.24825 11.2
      vertex 25.5743 -5.03337 7.63262
    endloop
  endfacet
  facet normal 0.869156 -0.479221 -0.122129
    outer loop
      vertex 21.9878 -12.6947 12.17
      vertex 25.9572 -5.24825 11.2
      vertex 26.6793 -4.18579 12.17
    endloop
  endfacet
  facet normal 0.869148 -0.479223 -0.122177
    outer loop
      vertex 25.9572 -5.24825 11.2
      vertex 21.9878 -12.6947 12.17
      vertex 22.3699 -11.7544 11.2
    endloop
  endfacet
  facet normal 0.869147 -0.479228 -0.122163
    outer loop
      vertex 25.0074 -5.25564 4.47125
      vertex 25.3905 -4.18579 3
      vertex 25.5743 -5.03337 7.63262
    endloop
  endfacet
  facet normal 0.869214 -0.479129 -0.122073
    outer loop
      vertex 25.3905 -4.18579 3
      vertex 25.0074 -5.25564 4.47125
      vertex 24.8456 -5.54849 4.46858
    endloop
  endfacet
  facet normal 0.868768 -0.479744 -0.122832
    outer loop
      vertex 22.3649 -11.7516 11.1537
      vertex 22.3699 -11.7544 11.2
      vertex 21.9878 -12.6947 12.17
    endloop
  endfacet
  facet normal 0.495122 0.857604 -0.139175
    outer loop
      vertex 16.9646 21.0121 12.17
      vertex 15.7876 20.9734 7.7443
      vertex 16.0217 21.3787 11.0746
    endloop
  endfacet
  facet normal 0.495133 0.857597 -0.139178
    outer loop
      vertex 16.3203 19.8959 3
      vertex 15.7876 20.9734 7.7443
      vertex 16.9646 21.0121 12.17
    endloop
  endfacet
  facet normal 0.495144 0.857596 -0.139143
    outer loop
      vertex 9.07027 24.0818 3
      vertex 11.6877 22.8219 4.54891
      vertex 16.3203 19.8959 3
    endloop
  endfacet
  facet normal 0.495136 0.857597 -0.139168
    outer loop
      vertex 15.0877 20.8589 4.54892
      vertex 16.3203 19.8959 3
      vertex 11.6877 22.8219 4.54891
    endloop
  endfacet
  facet normal 0.495125 0.857601 -0.13918
    outer loop
      vertex 15.7876 20.9734 7.7443
      vertex 16.3203 19.8959 3
      vertex 15.0877 20.8589 4.54892
    endloop
  endfacet
  facet normal 0.494993 0.857714 -0.138958
    outer loop
      vertex 10.5205 23.4958 4.5489
      vertex 9.07027 24.0818 3
      vertex 10.5107 23.5216 4.67324
    endloop
  endfacet
  facet normal 0.495146 0.857595 -0.139147
    outer loop
      vertex 11.6877 22.8219 4.54891
      vertex 9.07027 24.0818 3
      vertex 10.5205 23.4958 4.5489
    endloop
  endfacet
  facet normal -0.858616 0.493365 -0.139174
    outer loop
      vertex -21.9383 11.5121 7.67236
      vertex -21.9878 12.6947 12.17
      vertex -20.8717 12.0503 3
    endloop
  endfacet
  facet normal -0.85866 0.493293 -0.139156
    outer loop
      vertex -21.9878 12.6947 12.17
      vertex -21.9383 11.5121 7.67236
      vertex -22.3649 11.7516 11.1537
    endloop
  endfacet
  facet normal -0.858625 0.493348 -0.139178
    outer loop
      vertex -20.8717 12.0503 3
      vertex -21.8189 10.8342 4.53278
      vertex -21.9383 11.5121 7.67236
    endloop
  endfacet
  facet normal -0.858621 0.493358 -0.139168
    outer loop
      vertex -20.8717 12.0503 3
      vertex -24.2426 6.60158 4.48137
      vertex -21.8189 10.8342 4.53278
    endloop
  endfacet
  facet normal -0.858621 0.493348 -0.139204
    outer loop
      vertex -25.3905 4.18579 3
      vertex -24.2426 6.60158 4.48137
      vertex -20.8717 12.0503 3
    endloop
  endfacet
  facet normal -0.858627 0.493341 -0.139189
    outer loop
      vertex -24.2426 6.60158 4.48137
      vertex -25.3905 4.18579 3
      vertex -24.8456 5.54849 4.46858
    endloop
  endfacet
  facet normal -0.856546 -0.49695 -0.139174
    outer loop
      vertex -20.8717 -12.0503 3
      vertex -20.9389 -13.243 7.67237
      vertex -21.9878 -12.6947 12.17
    endloop
  endfacet
  facet normal -0.856553 -0.496938 -0.139171
    outer loop
      vertex -20.8717 -12.0503 3
      vertex -20.2921 -13.4786 4.53278
      vertex -20.9389 -13.243 7.67237
    endloop
  endfacet
  facet normal -0.856575 -0.49691 -0.139137
    outer loop
      vertex -20.8717 -12.0503 3
      vertex -17.8384 -17.6939 4.48138
      vertex -20.2921 -13.4786 4.53278
    endloop
  endfacet
  facet normal -0.856569 -0.496914 -0.139163
    outer loop
      vertex -16.3203 -19.8959 3
      vertex -17.8384 -17.6939 4.48138
      vertex -20.8717 -12.0503 3
    endloop
  endfacet
  facet normal -0.856559 -0.496949 -0.139101
    outer loop
      vertex -17.8384 -17.6939 4.48138
      vertex -16.3203 -19.8959 3
      vertex -17.2279 -18.7426 4.46859
    endloop
  endfacet
  facet normal -0.856584 -0.49688 -0.139191
    outer loop
      vertex -21.9878 -12.6947 12.17
      vertex -20.9389 -13.243 7.67237
      vertex -21.3597 -13.4928 11.1537
    endloop
  endfacet
  facet normal -0.49513 -0.857602 -0.139157
    outer loop
      vertex -16.9646 -21.0121 12.17
      vertex -16.0305 -21.394 11.2
      vertex -9.71465 -25.1978 12.17
    endloop
  endfacet
  facet normal -0.495303 -0.857467 -0.139377
    outer loop
      vertex -16.0305 -21.394 11.2
      vertex -16.9646 -21.0121 12.17
      vertex -16.0217 -21.3787 11.0746
    endloop
  endfacet
  facet normal -0.495135 -0.857604 -0.13913
    outer loop
      vertex -10.5125 -24.5798 11.2
      vertex -9.71465 -25.1978 12.17
      vertex -16.0305 -21.394 11.2
    endloop
  endfacet
  facet normal -0.4951 -0.857618 -0.139167
    outer loop
      vertex -10.2697 -24.1592 7.74426
      vertex -9.71465 -25.1978 12.17
      vertex -10.5125 -24.5798 11.2
    endloop
  endfacet
  facet normal -0.495195 -0.85756 -0.139184
    outer loop
      vertex -9.07027 -24.0818 3
      vertex -10.2697 -24.1592 7.74426
      vertex -10.5107 -23.5216 4.67324
    endloop
  endfacet
  facet normal -0.495111 -0.857612 -0.139164
    outer loop
      vertex -10.2697 -24.1592 7.74426
      vertex -9.07027 -24.0818 3
      vertex -9.71465 -25.1978 12.17
    endloop
  endfacet
  facet normal -0.849603 0.513086 -0.122138
    outer loop
      vertex -16.9646 21.0121 12.17
      vertex -17.1462 19.6313 7.63266
      vertex -17.5237 19.8554 11.2
    endloop
  endfacet
  facet normal -0.849627 0.51304 -0.122167
    outer loop
      vertex -16.3203 19.8959 3
      vertex -17.0552 19.0292 4.47126
      vertex -17.1462 19.6313 7.63266
    endloop
  endfacet
  facet normal -0.849601 0.513092 -0.122123
    outer loop
      vertex -17.0552 19.0292 4.47126
      vertex -16.3203 19.8959 3
      vertex -17.2279 18.7426 4.46859
    endloop
  endfacet
  facet normal -0.849575 0.513129 -0.122152
    outer loop
      vertex -17.1462 19.6313 7.63266
      vertex -16.9646 21.0121 12.17
      vertex -16.3203 19.8959 3
    endloop
  endfacet
  facet normal -0.849592 0.513106 -0.122132
    outer loop
      vertex -21.9878 12.6947 12.17
      vertex -17.5237 19.8554 11.2
      vertex -21.3646 13.4957 11.2
    endloop
  endfacet
  facet normal -0.849591 0.513101 -0.122162
    outer loop
      vertex -17.5237 19.8554 11.2
      vertex -21.9878 12.6947 12.17
      vertex -16.9646 21.0121 12.17
    endloop
  endfacet
  facet normal -0.84956 0.513177 -0.122053
    outer loop
      vertex -21.9878 12.6947 12.17
      vertex -21.3646 13.4957 11.2
      vertex -21.3597 13.4928 11.1537
    endloop
  endfacet
  facet normal -0.0195576 0.992321 -0.122133
    outer loop
      vertex -8.43346 25.1037 11.2
      vertex 0 25.3893 12.17
      vertex -1.00535 25.2501 11.2
    endloop
  endfacet
  facet normal -0.0194982 0.992315 -0.122193
    outer loop
      vertex -1.00535 25.2501 11.2
      vertex 0 25.3893 12.17
      vertex -1.00528 25.2444 11.1537
    endloop
  endfacet
  facet normal -0.0195612 0.992325 -0.122102
    outer loop
      vertex 0 25.3893 12.17
      vertex -8.43346 25.1037 11.2
      vertex -9.71465 25.1978 12.17
    endloop
  endfacet
  facet normal -0.0195923 0.992319 -0.122143
    outer loop
      vertex -8.42811 24.6647 7.6326
      vertex -9.71465 25.1978 12.17
      vertex -8.43346 25.1037 11.2
    endloop
  endfacet
  facet normal -0.0195184 0.992319 -0.122154
    outer loop
      vertex -9.07027 24.0818 3
      vertex -8.42811 24.6647 7.6326
      vertex -7.95221 24.2849 4.47124
    endloop
  endfacet
  facet normal -0.0195932 0.992319 -0.122143
    outer loop
      vertex -8.42811 24.6647 7.6326
      vertex -9.07027 24.0818 3
      vertex -9.71465 25.1978 12.17
    endloop
  endfacet
  facet normal -0.0196651 0.99233 -0.122044
    outer loop
      vertex -9.07027 24.0818 3
      vertex -7.95221 24.2849 4.47124
      vertex -7.61767 24.2912 4.46856
    endloop
  endfacet
  facet normal 0.856584 0.49688 -0.139191
    outer loop
      vertex 21.3597 13.4928 11.1537
      vertex 21.9878 12.6947 12.17
      vertex 20.9389 13.243 7.67237
    endloop
  endfacet
  facet normal 0.856559 0.496949 -0.139101
    outer loop
      vertex 17.8384 17.6939 4.48138
      vertex 16.3203 19.8959 3
      vertex 17.2279 18.7426 4.46859
    endloop
  endfacet
  facet normal 0.856575 0.49691 -0.139137
    outer loop
      vertex 20.8717 12.0503 3
      vertex 17.8384 17.6939 4.48138
      vertex 20.2921 13.4786 4.53278
    endloop
  endfacet
  facet normal 0.856546 0.49695 -0.139174
    outer loop
      vertex 20.8717 12.0503 3
      vertex 20.9389 13.243 7.67237
      vertex 21.9878 12.6947 12.17
    endloop
  endfacet
  facet normal 0.856569 0.496914 -0.139163
    outer loop
      vertex 17.8384 17.6939 4.48138
      vertex 20.8717 12.0503 3
      vertex 16.3203 19.8959 3
    endloop
  endfacet
  facet normal 0.856553 0.496938 -0.139171
    outer loop
      vertex 20.9389 13.243 7.67237
      vertex 20.8717 12.0503 3
      vertex 20.2921 13.4786 4.53278
    endloop
  endfacet
  facet normal 0.849603 0.513086 -0.122138
    outer loop
      vertex 17.1462 19.6313 7.63266
      vertex 16.9646 21.0121 12.17
      vertex 17.5237 19.8554 11.2
    endloop
  endfacet
  facet normal 0.849591 0.513101 -0.122162
    outer loop
      vertex 21.9878 12.6947 12.17
      vertex 17.5237 19.8554 11.2
      vertex 16.9646 21.0121 12.17
    endloop
  endfacet
  facet normal 0.84956 0.513177 -0.122053
    outer loop
      vertex 21.3646 13.4957 11.2
      vertex 21.9878 12.6947 12.17
      vertex 21.3597 13.4928 11.1537
    endloop
  endfacet
  facet normal 0.849592 0.513106 -0.122132
    outer loop
      vertex 17.5237 19.8554 11.2
      vertex 21.9878 12.6947 12.17
      vertex 21.3646 13.4957 11.2
    endloop
  endfacet
  facet normal 0.849575 0.513129 -0.122152
    outer loop
      vertex 16.9646 21.0121 12.17
      vertex 17.1462 19.6313 7.63266
      vertex 16.3203 19.8959 3
    endloop
  endfacet
  facet normal 0.849627 0.51304 -0.122167
    outer loop
      vertex 17.0552 19.0292 4.47126
      vertex 16.3203 19.8959 3
      vertex 17.1462 19.6313 7.63266
    endloop
  endfacet
  facet normal 0.849601 0.513092 -0.122123
    outer loop
      vertex 16.3203 19.8959 3
      vertex 17.0552 19.0292 4.47126
      vertex 17.2279 18.7426 4.46859
    endloop
  endfacet
  facet normal -0.990267 1.2424e-05 -0.139177
    outer loop
      vertex -25.3905 4.18579 3
      vertex -26.0573 3.18579 7.74429
      vertex -26.6793 4.18579 12.17
    endloop
  endfacet
  facet normal -0.990267 2.06212e-06 -0.13918
    outer loop
      vertex -25.3905 4.18579 3
      vertex -25.6082 2.63687 4.54892
      vertex -26.0573 3.18579 7.74429
    endloop
  endfacet
  facet normal -0.990267 0 -0.139182
    outer loop
      vertex -25.3905 4.18579 3
      vertex -25.6082 -2.63687 4.54892
      vertex -25.6082 2.63687 4.54892
    endloop
  endfacet
  facet normal -0.990267 -1.2424e-05 -0.139177
    outer loop
      vertex -26.6793 -4.18579 12.17
      vertex -26.0573 -3.18579 7.74429
      vertex -25.3905 -4.18579 3
    endloop
  endfacet
  facet normal -0.990267 -2.06212e-06 -0.13918
    outer loop
      vertex -25.6082 -2.63687 4.54892
      vertex -25.3905 -4.18579 3
      vertex -26.0573 -3.18579 7.74429
    endloop
  endfacet
  facet normal -0.990267 0 -0.139182
    outer loop
      vertex -25.3905 -4.18579 3
      vertex -25.6082 -2.63687 4.54892
      vertex -25.3905 4.18579 3
    endloop
  endfacet
  facet normal -0.990267 3.31627e-05 -0.139182
    outer loop
      vertex -26.543 3.18579 11.2
      vertex -26.6793 4.18579 12.17
      vertex -26.0573 3.18579 7.74429
    endloop
  endfacet
  facet normal -0.990272 0 -0.139148
    outer loop
      vertex -26.543 -3.18579 11.2
      vertex -26.6793 4.18579 12.17
      vertex -26.543 3.18579 11.2
    endloop
  endfacet
  facet normal -0.990272 0 -0.139148
    outer loop
      vertex -26.543 -3.18579 11.2
      vertex -26.6793 -4.18579 12.17
      vertex -26.6793 4.18579 12.17
    endloop
  endfacet
  facet normal -0.990267 -3.31627e-05 -0.139182
    outer loop
      vertex -26.0573 -3.18579 7.74429
      vertex -26.6793 -4.18579 12.17
      vertex -26.543 -3.18579 11.2
    endloop
  endfacet
  facet normal 0.85866 0.493293 -0.139156
    outer loop
      vertex 21.9383 11.5121 7.67236
      vertex 21.9878 12.6947 12.17
      vertex 22.3649 11.7516 11.1537
    endloop
  endfacet
  facet normal 0.858616 0.493365 -0.139174
    outer loop
      vertex 21.9878 12.6947 12.17
      vertex 21.9383 11.5121 7.67236
      vertex 20.8717 12.0503 3
    endloop
  endfacet
  facet normal 0.858625 0.493348 -0.139178
    outer loop
      vertex 21.8189 10.8342 4.53278
      vertex 20.8717 12.0503 3
      vertex 21.9383 11.5121 7.67236
    endloop
  endfacet
  facet normal 0.858621 0.493358 -0.139168
    outer loop
      vertex 24.2426 6.60158 4.48137
      vertex 20.8717 12.0503 3
      vertex 21.8189 10.8342 4.53278
    endloop
  endfacet
  facet normal 0.858627 0.493341 -0.139189
    outer loop
      vertex 25.3905 4.18579 3
      vertex 24.2426 6.60158 4.48137
      vertex 24.8456 5.54849 4.46858
    endloop
  endfacet
  facet normal 0.858621 0.493348 -0.139204
    outer loop
      vertex 24.2426 6.60158 4.48137
      vertex 25.3905 4.18579 3
      vertex 20.8717 12.0503 3
    endloop
  endfacet
  facet normal 0.0195612 0.992325 -0.122102
    outer loop
      vertex 9.71465 25.1978 12.17
      vertex 8.43346 25.1037 11.2
      vertex 0 25.3893 12.17
    endloop
  endfacet
  facet normal 0.0195923 0.992319 -0.122143
    outer loop
      vertex 9.71465 25.1978 12.17
      vertex 8.42811 24.6647 7.6326
      vertex 8.43346 25.1037 11.2
    endloop
  endfacet
  facet normal 0.0195932 0.992319 -0.122143
    outer loop
      vertex 9.07027 24.0818 3
      vertex 8.42811 24.6647 7.6326
      vertex 9.71465 25.1978 12.17
    endloop
  endfacet
  facet normal 0.0196651 0.99233 -0.122044
    outer loop
      vertex 7.95221 24.2849 4.47124
      vertex 9.07027 24.0818 3
      vertex 7.61767 24.2912 4.46856
    endloop
  endfacet
  facet normal 0.0195184 0.992319 -0.122154
    outer loop
      vertex 8.42811 24.6647 7.6326
      vertex 9.07027 24.0818 3
      vertex 7.95221 24.2849 4.47124
    endloop
  endfacet
  facet normal 0.0195576 0.992321 -0.122133
    outer loop
      vertex 1.00535 25.2501 11.2
      vertex 0 25.3893 12.17
      vertex 8.43346 25.1037 11.2
    endloop
  endfacet
  facet normal 0.0194982 0.992315 -0.122193
    outer loop
      vertex 0 25.3893 12.17
      vertex 1.00535 25.2501 11.2
      vertex 1.00528 25.2444 11.1537
    endloop
  endfacet
  facet normal -0.856559 0.496949 -0.139101
    outer loop
      vertex -16.3203 19.8959 3
      vertex -17.8384 17.6939 4.48138
      vertex -17.2279 18.7426 4.46859
    endloop
  endfacet
  facet normal -0.856569 0.496914 -0.139163
    outer loop
      vertex -20.8717 12.0503 3
      vertex -17.8384 17.6939 4.48138
      vertex -16.3203 19.8959 3
    endloop
  endfacet
  facet normal -0.856553 0.496938 -0.139171
    outer loop
      vertex -20.8717 12.0503 3
      vertex -20.9389 13.243 7.67237
      vertex -20.2921 13.4786 4.53278
    endloop
  endfacet
  facet normal -0.856546 0.49695 -0.139174
    outer loop
      vertex -20.9389 13.243 7.67237
      vertex -20.8717 12.0503 3
      vertex -21.9878 12.6947 12.17
    endloop
  endfacet
  facet normal -0.856575 0.49691 -0.139137
    outer loop
      vertex -17.8384 17.6939 4.48138
      vertex -20.8717 12.0503 3
      vertex -20.2921 13.4786 4.53278
    endloop
  endfacet
  facet normal -0.856584 0.49688 -0.139191
    outer loop
      vertex -21.3597 13.4928 11.1537
      vertex -20.9389 13.243 7.67237
      vertex -21.9878 12.6947 12.17
    endloop
  endfacet
  facet normal -0.856002 -0.516973 0
    outer loop
      vertex -16.9646 -21.0121 12.17
      vertex -21.9878 -12.6947 12.2
      vertex -21.9878 -12.6947 12.17
    endloop
  endfacet
  facet normal -0.856002 -0.516973 0
    outer loop
      vertex -21.9878 -12.6947 12.2
      vertex -16.9646 -21.0121 12.17
      vertex -16.9646 -21.0121 12.2
    endloop
  endfacet
  facet normal 0.858627 -0.493341 -0.139189
    outer loop
      vertex 24.2426 -6.60158 4.48137
      vertex 25.3905 -4.18579 3
      vertex 24.8456 -5.54849 4.46858
    endloop
  endfacet
  facet normal 0.858621 -0.493358 -0.139168
    outer loop
      vertex 20.8717 -12.0503 3
      vertex 24.2426 -6.60158 4.48137
      vertex 21.8189 -10.8342 4.53278
    endloop
  endfacet
  facet normal 0.858621 -0.493348 -0.139204
    outer loop
      vertex 24.2426 -6.60158 4.48137
      vertex 20.8717 -12.0503 3
      vertex 25.3905 -4.18579 3
    endloop
  endfacet
  facet normal 0.858625 -0.493348 -0.139178
    outer loop
      vertex 21.9383 -11.5121 7.67236
      vertex 20.8717 -12.0503 3
      vertex 21.8189 -10.8342 4.53278
    endloop
  endfacet
  facet normal 0.85866 -0.493293 -0.139156
    outer loop
      vertex 21.9878 -12.6947 12.17
      vertex 21.9383 -11.5121 7.67236
      vertex 22.3649 -11.7516 11.1537
    endloop
  endfacet
  facet normal 0.858616 -0.493365 -0.139174
    outer loop
      vertex 21.9383 -11.5121 7.67236
      vertex 21.9878 -12.6947 12.17
      vertex 20.8717 -12.0503 3
    endloop
  endfacet
  facet normal 0.00205698 -0.990269 -0.139154
    outer loop
      vertex 0 -25.3893 12.17
      vertex 0.999316 -24.7552 7.67229
      vertex 1.00528 -25.2444 11.1537
    endloop
  endfacet
  facet normal 0.00199898 -0.990267 -0.139167
    outer loop
      vertex 0 -24.1006 3
      vertex 0.999316 -24.7552 7.67229
      vertex 0 -25.3893 12.17
    endloop
  endfacet
  facet normal 0.00210217 -0.990264 -0.139188
    outer loop
      vertex 0.999316 -24.7552 7.67229
      vertex 0 -24.1006 3
      vertex 1.52673 -24.3128 4.53277
    endloop
  endfacet
  facet normal 0.00204563 -0.990272 -0.139133
    outer loop
      vertex 0 -24.1006 3
      vertex 6.4042 -24.2955 4.48135
      vertex 1.52673 -24.3128 4.53277
    endloop
  endfacet
  facet normal 0.00205253 -0.990267 -0.139162
    outer loop
      vertex 9.07027 -24.0818 3
      vertex 6.4042 -24.2955 4.48135
      vertex 0 -24.1006 3
    endloop
  endfacet
  facet normal 0.00204209 -0.990265 -0.139181
    outer loop
      vertex 6.4042 -24.2955 4.48135
      vertex 9.07027 -24.0818 3
      vertex 7.61767 -24.2912 4.46856
    endloop
  endfacet
  facet normal -0.869147 0.479228 -0.122163
    outer loop
      vertex -25.0074 5.25564 4.47125
      vertex -25.3905 4.18579 3
      vertex -25.5743 5.03337 7.63262
    endloop
  endfacet
  facet normal -0.869214 0.479129 -0.122073
    outer loop
      vertex -25.3905 4.18579 3
      vertex -25.0074 5.25564 4.47125
      vertex -24.8456 5.54849 4.46858
    endloop
  endfacet
  facet normal -0.868768 0.479744 -0.122832
    outer loop
      vertex -21.9878 12.6947 12.17
      vertex -22.3649 11.7516 11.1537
      vertex -22.3699 11.7544 11.2
    endloop
  endfacet
  facet normal -0.869148 0.479223 -0.122177
    outer loop
      vertex -25.9572 5.24825 11.2
      vertex -21.9878 12.6947 12.17
      vertex -22.3699 11.7544 11.2
    endloop
  endfacet
  facet normal -0.869167 0.479194 -0.122157
    outer loop
      vertex -26.6793 4.18579 12.17
      vertex -25.5743 5.03337 7.63262
      vertex -25.3905 4.18579 3
    endloop
  endfacet
  facet normal -0.869156 0.479221 -0.122129
    outer loop
      vertex -25.9572 5.24825 11.2
      vertex -26.6793 4.18579 12.17
      vertex -21.9878 12.6947 12.17
    endloop
  endfacet
  facet normal -0.869163 0.479201 -0.122155
    outer loop
      vertex -25.5743 5.03337 7.63262
      vertex -26.6793 4.18579 12.17
      vertex -25.9572 5.24825 11.2
    endloop
  endfacet
  facet normal 0.869148 0.479223 -0.122177
    outer loop
      vertex 21.9878 12.6947 12.17
      vertex 25.9572 5.24825 11.2
      vertex 22.3699 11.7544 11.2
    endloop
  endfacet
  facet normal 0.869163 0.479201 -0.122155
    outer loop
      vertex 25.9572 5.24825 11.2
      vertex 26.6793 4.18579 12.17
      vertex 25.5743 5.03337 7.63262
    endloop
  endfacet
  facet normal 0.869156 0.479221 -0.122129
    outer loop
      vertex 26.6793 4.18579 12.17
      vertex 25.9572 5.24825 11.2
      vertex 21.9878 12.6947 12.17
    endloop
  endfacet
  facet normal 0.868768 0.479744 -0.122832
    outer loop
      vertex 21.9878 12.6947 12.17
      vertex 22.3699 11.7544 11.2
      vertex 22.3649 11.7516 11.1537
    endloop
  endfacet
  facet normal 0.869167 0.479194 -0.122157
    outer loop
      vertex 25.3905 4.18579 3
      vertex 25.5743 5.03337 7.63262
      vertex 26.6793 4.18579 12.17
    endloop
  endfacet
  facet normal 0.869214 0.479129 -0.122073
    outer loop
      vertex 25.0074 5.25564 4.47125
      vertex 25.3905 4.18579 3
      vertex 24.8456 5.54849 4.46858
    endloop
  endfacet
  facet normal 0.869147 0.479228 -0.122163
    outer loop
      vertex 25.5743 5.03337 7.63262
      vertex 25.3905 4.18579 3
      vertex 25.0074 5.25564 4.47125
    endloop
  endfacet
  facet normal 0.856002 0.516973 0
    outer loop
      vertex 21.9878 12.6947 12.2
      vertex 16.9646 21.0121 12.17
      vertex 16.9646 21.0121 12.2
    endloop
  endfacet
  facet normal 0.856002 0.516973 0
    outer loop
      vertex 16.9646 21.0121 12.17
      vertex 21.9878 12.6947 12.2
      vertex 21.9878 12.6947 12.17
    endloop
  endfacet
  facet normal 0.875711 0.482835 0
    outer loop
      vertex 26.6793 4.18579 12.2
      vertex 21.9878 12.6947 12.17
      vertex 21.9878 12.6947 12.2
    endloop
  endfacet
  facet normal 0.875711 0.482835 0
    outer loop
      vertex 21.9878 12.6947 12.17
      vertex 26.6793 4.18579 12.2
      vertex 26.6793 4.18579 12.17
    endloop
  endfacet
  facet normal -0.495122 -0.857604 -0.139175
    outer loop
      vertex -16.9646 -21.0121 12.17
      vertex -15.7876 -20.9734 7.7443
      vertex -16.0217 -21.3787 11.0746
    endloop
  endfacet
  facet normal -0.495133 -0.857597 -0.139178
    outer loop
      vertex -16.3203 -19.8959 3
      vertex -15.7876 -20.9734 7.7443
      vertex -16.9646 -21.0121 12.17
    endloop
  endfacet
  facet normal -0.495144 -0.857596 -0.139143
    outer loop
      vertex -9.07027 -24.0818 3
      vertex -11.6877 -22.8219 4.54891
      vertex -16.3203 -19.8959 3
    endloop
  endfacet
  facet normal -0.495136 -0.857597 -0.139168
    outer loop
      vertex -15.0877 -20.8589 4.54892
      vertex -16.3203 -19.8959 3
      vertex -11.6877 -22.8219 4.54891
    endloop
  endfacet
  facet normal -0.495125 -0.857601 -0.13918
    outer loop
      vertex -15.7876 -20.9734 7.7443
      vertex -16.3203 -19.8959 3
      vertex -15.0877 -20.8589 4.54892
    endloop
  endfacet
  facet normal -0.494993 -0.857714 -0.138958
    outer loop
      vertex -10.5205 -23.4958 4.5489
      vertex -9.07027 -24.0818 3
      vertex -10.5107 -23.5216 4.67324
    endloop
  endfacet
  facet normal -0.495146 -0.857595 -0.139147
    outer loop
      vertex -11.6877 -22.8219 4.54891
      vertex -9.07027 -24.0818 3
      vertex -10.5205 -23.4958 4.5489
    endloop
  endfacet
  facet normal 0.875711 -0.482835 0
    outer loop
      vertex 21.9878 -12.6947 12.2
      vertex 26.6793 -4.18579 12.17
      vertex 26.6793 -4.18579 12.2
    endloop
  endfacet
  facet normal 0.875711 -0.482835 0
    outer loop
      vertex 26.6793 -4.18579 12.17
      vertex 21.9878 -12.6947 12.2
      vertex 21.9878 -12.6947 12.17
    endloop
  endfacet
  facet normal 0.499995 -0.866029 0
    outer loop
      vertex 9.71465 -25.1978 12.17
      vertex 16.9646 -21.0121 12.2
      vertex 9.71465 -25.1978 12.2
    endloop
  endfacet
  facet normal 0.499995 -0.866029 0
    outer loop
      vertex 16.9646 -21.0121 12.2
      vertex 9.71465 -25.1978 12.17
      vertex 16.9646 -21.0121 12.17
    endloop
  endfacet
  facet normal 0.00205698 0.990269 -0.139154
    outer loop
      vertex 0.999316 24.7552 7.67229
      vertex 0 25.3893 12.17
      vertex 1.00528 25.2444 11.1537
    endloop
  endfacet
  facet normal 0.00210217 0.990264 -0.139188
    outer loop
      vertex 0 24.1006 3
      vertex 0.999316 24.7552 7.67229
      vertex 1.52673 24.3128 4.53277
    endloop
  endfacet
  facet normal 0.00204209 0.990265 -0.139181
    outer loop
      vertex 9.07027 24.0818 3
      vertex 6.4042 24.2955 4.48135
      vertex 7.61767 24.2912 4.46856
    endloop
  endfacet
  facet normal 0.00205253 0.990267 -0.139162
    outer loop
      vertex 0 24.1006 3
      vertex 6.4042 24.2955 4.48135
      vertex 9.07027 24.0818 3
    endloop
  endfacet
  facet normal 0.00199898 0.990267 -0.139167
    outer loop
      vertex 0.999316 24.7552 7.67229
      vertex 0 24.1006 3
      vertex 0 25.3893 12.17
    endloop
  endfacet
  facet normal 0.00204563 0.990272 -0.139133
    outer loop
      vertex 6.4042 24.2955 4.48135
      vertex 0 24.1006 3
      vertex 1.52673 24.3128 4.53277
    endloop
  endfacet
  facet normal 0.49513 0.857602 -0.139157
    outer loop
      vertex 16.9646 21.0121 12.17
      vertex 16.0305 21.394 11.2
      vertex 9.71465 25.1978 12.17
    endloop
  endfacet
  facet normal 0.495303 0.857467 -0.139377
    outer loop
      vertex 16.0305 21.394 11.2
      vertex 16.9646 21.0121 12.17
      vertex 16.0217 21.3787 11.0746
    endloop
  endfacet
  facet normal 0.495135 0.857604 -0.13913
    outer loop
      vertex 10.5125 24.5798 11.2
      vertex 9.71465 25.1978 12.17
      vertex 16.0305 21.394 11.2
    endloop
  endfacet
  facet normal 0.4951 0.857618 -0.139167
    outer loop
      vertex 10.2697 24.1592 7.74426
      vertex 9.71465 25.1978 12.17
      vertex 10.5125 24.5798 11.2
    endloop
  endfacet
  facet normal 0.495195 0.85756 -0.139184
    outer loop
      vertex 9.07027 24.0818 3
      vertex 10.2697 24.1592 7.74426
      vertex 10.5107 23.5216 4.67324
    endloop
  endfacet
  facet normal 0.495111 0.857612 -0.139164
    outer loop
      vertex 10.2697 24.1592 7.74426
      vertex 9.07027 24.0818 3
      vertex 9.71465 25.1978 12.17
    endloop
  endfacet
  facet normal 0.0197087 0.999806 -0
    outer loop
      vertex 9.71465 25.1978 12.17
      vertex 0 25.3893 12.2
      vertex 9.71465 25.1978 12.2
    endloop
  endfacet
  facet normal 0.0197087 0.999806 0
    outer loop
      vertex 0 25.3893 12.2
      vertex 9.71465 25.1978 12.17
      vertex 0 25.3893 12.17
    endloop
  endfacet
  facet normal -0.495135 0.857604 -0.13913
    outer loop
      vertex -16.0305 21.394 11.2
      vertex -9.71465 25.1978 12.17
      vertex -10.5125 24.5798 11.2
    endloop
  endfacet
  facet normal -0.4951 0.857618 -0.139167
    outer loop
      vertex -9.71465 25.1978 12.17
      vertex -10.2697 24.1592 7.74426
      vertex -10.5125 24.5798 11.2
    endloop
  endfacet
  facet normal -0.495111 0.857612 -0.139164
    outer loop
      vertex -9.07027 24.0818 3
      vertex -10.2697 24.1592 7.74426
      vertex -9.71465 25.1978 12.17
    endloop
  endfacet
  facet normal -0.495195 0.85756 -0.139184
    outer loop
      vertex -10.2697 24.1592 7.74426
      vertex -9.07027 24.0818 3
      vertex -10.5107 23.5216 4.67324
    endloop
  endfacet
  facet normal -0.49513 0.857602 -0.139157
    outer loop
      vertex -9.71465 25.1978 12.17
      vertex -16.0305 21.394 11.2
      vertex -16.9646 21.0121 12.17
    endloop
  endfacet
  facet normal -0.495303 0.857467 -0.139377
    outer loop
      vertex -16.9646 21.0121 12.17
      vertex -16.0305 21.394 11.2
      vertex -16.0217 21.3787 11.0746
    endloop
  endfacet
  facet normal -0.849575 -0.513129 -0.122152
    outer loop
      vertex -16.9646 -21.0121 12.17
      vertex -17.1462 -19.6313 7.63266
      vertex -16.3203 -19.8959 3
    endloop
  endfacet
  facet normal -0.849627 -0.51304 -0.122167
    outer loop
      vertex -17.0552 -19.0292 4.47126
      vertex -16.3203 -19.8959 3
      vertex -17.1462 -19.6313 7.63266
    endloop
  endfacet
  facet normal -0.849601 -0.513092 -0.122123
    outer loop
      vertex -16.3203 -19.8959 3
      vertex -17.0552 -19.0292 4.47126
      vertex -17.2279 -18.7426 4.46859
    endloop
  endfacet
  facet normal -0.84956 -0.513177 -0.122053
    outer loop
      vertex -21.3646 -13.4957 11.2
      vertex -21.9878 -12.6947 12.17
      vertex -21.3597 -13.4928 11.1537
    endloop
  endfacet
  facet normal -0.849592 -0.513106 -0.122132
    outer loop
      vertex -17.5237 -19.8554 11.2
      vertex -21.9878 -12.6947 12.17
      vertex -21.3646 -13.4957 11.2
    endloop
  endfacet
  facet normal -0.849591 -0.513101 -0.122162
    outer loop
      vertex -17.5237 -19.8554 11.2
      vertex -16.9646 -21.0121 12.17
      vertex -21.9878 -12.6947 12.17
    endloop
  endfacet
  facet normal -0.849603 -0.513086 -0.122138
    outer loop
      vertex -17.1462 -19.6313 7.63266
      vertex -16.9646 -21.0121 12.17
      vertex -17.5237 -19.8554 11.2
    endloop
  endfacet
  facet normal -0.00205698 -0.990269 -0.139154
    outer loop
      vertex -0.999316 -24.7552 7.67229
      vertex 0 -25.3893 12.17
      vertex -1.00528 -25.2444 11.1537
    endloop
  endfacet
  facet normal -0.00210217 -0.990264 -0.139188
    outer loop
      vertex 0 -24.1006 3
      vertex -0.999316 -24.7552 7.67229
      vertex -1.52673 -24.3128 4.53277
    endloop
  endfacet
  facet normal -0.00204209 -0.990265 -0.139181
    outer loop
      vertex -9.07027 -24.0818 3
      vertex -6.4042 -24.2955 4.48135
      vertex -7.61767 -24.2912 4.46856
    endloop
  endfacet
  facet normal -0.00205253 -0.990267 -0.139162
    outer loop
      vertex 0 -24.1006 3
      vertex -6.4042 -24.2955 4.48135
      vertex -9.07027 -24.0818 3
    endloop
  endfacet
  facet normal -0.00199898 -0.990267 -0.139167
    outer loop
      vertex -0.999316 -24.7552 7.67229
      vertex 0 -24.1006 3
      vertex 0 -25.3893 12.17
    endloop
  endfacet
  facet normal -0.00204563 -0.990272 -0.139133
    outer loop
      vertex -6.4042 -24.2955 4.48135
      vertex 0 -24.1006 3
      vertex -1.52673 -24.3128 4.53277
    endloop
  endfacet
  facet normal -0.875711 0.482835 0
    outer loop
      vertex -26.6793 4.18579 12.17
      vertex -21.9878 12.6947 12.2
      vertex -21.9878 12.6947 12.17
    endloop
  endfacet
  facet normal -0.875711 0.482835 0
    outer loop
      vertex -21.9878 12.6947 12.2
      vertex -26.6793 4.18579 12.17
      vertex -26.6793 4.18579 12.2
    endloop
  endfacet
  facet normal 0.990267 3.31627e-05 -0.139182
    outer loop
      vertex 26.0573 3.18579 7.74429
      vertex 26.6793 4.18579 12.17
      vertex 26.543 3.18579 11.2
    endloop
  endfacet
  facet normal 0.990272 0 -0.139148
    outer loop
      vertex 26.6793 4.18579 12.17
      vertex 26.543 -3.18579 11.2
      vertex 26.543 3.18579 11.2
    endloop
  endfacet
  facet normal 0.990267 -3.31627e-05 -0.139182
    outer loop
      vertex 26.543 -3.18579 11.2
      vertex 26.6793 -4.18579 12.17
      vertex 26.0573 -3.18579 7.74429
    endloop
  endfacet
  facet normal 0.990272 0 -0.139148
    outer loop
      vertex 26.6793 -4.18579 12.17
      vertex 26.543 -3.18579 11.2
      vertex 26.6793 4.18579 12.17
    endloop
  endfacet
  facet normal 0.990267 1.2424e-05 -0.139177
    outer loop
      vertex 26.6793 4.18579 12.17
      vertex 26.0573 3.18579 7.74429
      vertex 25.3905 4.18579 3
    endloop
  endfacet
  facet normal 0.990267 2.06212e-06 -0.13918
    outer loop
      vertex 25.6082 2.63687 4.54892
      vertex 25.3905 4.18579 3
      vertex 26.0573 3.18579 7.74429
    endloop
  endfacet
  facet normal 0.990267 0 -0.139182
    outer loop
      vertex 25.6082 -2.63687 4.54892
      vertex 25.3905 4.18579 3
      vertex 25.6082 2.63687 4.54892
    endloop
  endfacet
  facet normal 0.990267 -1.2424e-05 -0.139177
    outer loop
      vertex 25.3905 -4.18579 3
      vertex 26.0573 -3.18579 7.74429
      vertex 26.6793 -4.18579 12.17
    endloop
  endfacet
  facet normal 0.990267 0 -0.139182
    outer loop
      vertex 25.6082 -2.63687 4.54892
      vertex 25.3905 -4.18579 3
      vertex 25.3905 4.18579 3
    endloop
  endfacet
  facet normal 0.990267 -2.06212e-06 -0.13918
    outer loop
      vertex 26.0573 -3.18579 7.74429
      vertex 25.3905 -4.18579 3
      vertex 25.6082 -2.63687 4.54892
    endloop
  endfacet
  facet normal -0.0197087 -0.999806 0
    outer loop
      vertex -9.71465 -25.1978 12.17
      vertex 0 -25.3893 12.2
      vertex -9.71465 -25.1978 12.2
    endloop
  endfacet
  facet normal -0.0197087 -0.999806 -0
    outer loop
      vertex 0 -25.3893 12.2
      vertex -9.71465 -25.1978 12.17
      vertex 0 -25.3893 12.17
    endloop
  endfacet
  facet normal 0.84956 -0.513177 -0.122053
    outer loop
      vertex 21.9878 -12.6947 12.17
      vertex 21.3646 -13.4957 11.2
      vertex 21.3597 -13.4928 11.1537
    endloop
  endfacet
  facet normal 0.849592 -0.513106 -0.122132
    outer loop
      vertex 21.9878 -12.6947 12.17
      vertex 17.5237 -19.8554 11.2
      vertex 21.3646 -13.4957 11.2
    endloop
  endfacet
  facet normal 0.849575 -0.513129 -0.122152
    outer loop
      vertex 17.1462 -19.6313 7.63266
      vertex 16.9646 -21.0121 12.17
      vertex 16.3203 -19.8959 3
    endloop
  endfacet
  facet normal 0.849591 -0.513101 -0.122162
    outer loop
      vertex 16.9646 -21.0121 12.17
      vertex 17.5237 -19.8554 11.2
      vertex 21.9878 -12.6947 12.17
    endloop
  endfacet
  facet normal 0.849601 -0.513092 -0.122123
    outer loop
      vertex 17.0552 -19.0292 4.47126
      vertex 16.3203 -19.8959 3
      vertex 17.2279 -18.7426 4.46859
    endloop
  endfacet
  facet normal 0.849627 -0.51304 -0.122167
    outer loop
      vertex 17.1462 -19.6313 7.63266
      vertex 16.3203 -19.8959 3
      vertex 17.0552 -19.0292 4.47126
    endloop
  endfacet
  facet normal 0.849603 -0.513086 -0.122138
    outer loop
      vertex 16.9646 -21.0121 12.17
      vertex 17.1462 -19.6313 7.63266
      vertex 17.5237 -19.8554 11.2
    endloop
  endfacet
  facet normal 0.494993 -0.857714 -0.138958
    outer loop
      vertex 10.5107 -23.5216 4.67324
      vertex 9.07027 -24.0818 3
      vertex 10.5205 -23.4958 4.5489
    endloop
  endfacet
  facet normal 0.495122 -0.857604 -0.139175
    outer loop
      vertex 15.7876 -20.9734 7.7443
      vertex 16.9646 -21.0121 12.17
      vertex 16.0217 -21.3787 11.0746
    endloop
  endfacet
  facet normal 0.495125 -0.857601 -0.13918
    outer loop
      vertex 16.3203 -19.8959 3
      vertex 15.7876 -20.9734 7.7443
      vertex 15.0877 -20.8589 4.54892
    endloop
  endfacet
  facet normal 0.495146 -0.857595 -0.139147
    outer loop
      vertex 9.07027 -24.0818 3
      vertex 11.6877 -22.8219 4.54891
      vertex 10.5205 -23.4958 4.5489
    endloop
  endfacet
  facet normal 0.495144 -0.857596 -0.139143
    outer loop
      vertex 16.3203 -19.8959 3
      vertex 11.6877 -22.8219 4.54891
      vertex 9.07027 -24.0818 3
    endloop
  endfacet
  facet normal 0.495133 -0.857597 -0.139178
    outer loop
      vertex 15.7876 -20.9734 7.7443
      vertex 16.3203 -19.8959 3
      vertex 16.9646 -21.0121 12.17
    endloop
  endfacet
  facet normal 0.495136 -0.857597 -0.139168
    outer loop
      vertex 11.6877 -22.8219 4.54891
      vertex 16.3203 -19.8959 3
      vertex 15.0877 -20.8589 4.54892
    endloop
  endfacet
  facet normal -0.499995 -0.866029 0
    outer loop
      vertex -16.9646 -21.0121 12.17
      vertex -9.71465 -25.1978 12.2
      vertex -16.9646 -21.0121 12.2
    endloop
  endfacet
  facet normal -0.499995 -0.866029 -0
    outer loop
      vertex -9.71465 -25.1978 12.2
      vertex -16.9646 -21.0121 12.17
      vertex -9.71465 -25.1978 12.17
    endloop
  endfacet
  facet normal -0.494993 0.857714 -0.138958
    outer loop
      vertex -10.5107 23.5216 4.67324
      vertex -9.07027 24.0818 3
      vertex -10.5205 23.4958 4.5489
    endloop
  endfacet
  facet normal -0.495122 0.857604 -0.139175
    outer loop
      vertex -15.7876 20.9734 7.7443
      vertex -16.9646 21.0121 12.17
      vertex -16.0217 21.3787 11.0746
    endloop
  endfacet
  facet normal -0.495125 0.857601 -0.13918
    outer loop
      vertex -16.3203 19.8959 3
      vertex -15.7876 20.9734 7.7443
      vertex -15.0877 20.8589 4.54892
    endloop
  endfacet
  facet normal -0.495146 0.857595 -0.139147
    outer loop
      vertex -9.07027 24.0818 3
      vertex -11.6877 22.8219 4.54891
      vertex -10.5205 23.4958 4.5489
    endloop
  endfacet
  facet normal -0.495144 0.857596 -0.139143
    outer loop
      vertex -16.3203 19.8959 3
      vertex -11.6877 22.8219 4.54891
      vertex -9.07027 24.0818 3
    endloop
  endfacet
  facet normal -0.495133 0.857597 -0.139178
    outer loop
      vertex -15.7876 20.9734 7.7443
      vertex -16.3203 19.8959 3
      vertex -16.9646 21.0121 12.17
    endloop
  endfacet
  facet normal -0.495136 0.857597 -0.139168
    outer loop
      vertex -11.6877 22.8219 4.54891
      vertex -16.3203 19.8959 3
      vertex -15.0877 20.8589 4.54892
    endloop
  endfacet
  facet normal -1 0 0
    outer loop
      vertex -26.6793 -4.18579 12.17
      vertex -26.6793 4.18579 12.2
      vertex -26.6793 4.18579 12.17
    endloop
  endfacet
  facet normal -1 -0 0
    outer loop
      vertex -26.6793 4.18579 12.2
      vertex -26.6793 -4.18579 12.17
      vertex -26.6793 -4.18579 12.2
    endloop
  endfacet
  facet normal 0.856002 -0.516973 0
    outer loop
      vertex 16.9646 -21.0121 12.2
      vertex 21.9878 -12.6947 12.17
      vertex 21.9878 -12.6947 12.2
    endloop
  endfacet
  facet normal 0.856002 -0.516973 0
    outer loop
      vertex 21.9878 -12.6947 12.17
      vertex 16.9646 -21.0121 12.2
      vertex 16.9646 -21.0121 12.17
    endloop
  endfacet
  facet normal 0 0 -1
    outer loop
      vertex 26.6835 -4.18579 12.2
      vertex 26.6793 -4.18579 12.2
      vertex 26.6835 4.18579 12.2
    endloop
  endfacet
  facet normal 0 0 -1
    outer loop
      vertex 21.9915 -12.6968 12.2
      vertex 26.6793 -4.18579 12.2
      vertex 26.6835 -4.18579 12.2
    endloop
  endfacet
  facet normal 0 0 -1
    outer loop
      vertex 21.9915 -12.6968 12.2
      vertex 21.9878 -12.6947 12.2
      vertex 26.6793 -4.18579 12.2
    endloop
  endfacet
  facet normal 0 0 -1
    outer loop
      vertex 16.9646 -21.0121 12.2
      vertex 21.9915 -12.6968 12.2
      vertex 16.9668 -21.0157 12.2
    endloop
  endfacet
  facet normal -0 0 -1
    outer loop
      vertex 21.9915 -12.6968 12.2
      vertex 16.9646 -21.0121 12.2
      vertex 21.9878 -12.6947 12.2
    endloop
  endfacet
  facet normal 0 0 -1
    outer loop
      vertex 9.71675 -25.2015 12.2
      vertex 16.9646 -21.0121 12.2
      vertex 16.9668 -21.0157 12.2
    endloop
  endfacet
  facet normal 0 0 -1
    outer loop
      vertex 9.71675 -25.2015 12.2
      vertex 9.71465 -25.1978 12.2
      vertex 16.9646 -21.0121 12.2
    endloop
  endfacet
  facet normal 0 0 -1
    outer loop
      vertex 0 -25.3935 12.2
      vertex 9.71465 -25.1978 12.2
      vertex 9.71675 -25.2015 12.2
    endloop
  endfacet
  facet normal 0 0 -1
    outer loop
      vertex 0 -25.3935 12.2
      vertex 0 -25.3893 12.2
      vertex 9.71465 -25.1978 12.2
    endloop
  endfacet
  facet normal 0 0 -1
    outer loop
      vertex 0 -25.3935 12.2
      vertex -9.71465 -25.1978 12.2
      vertex 0 -25.3893 12.2
    endloop
  endfacet
  facet normal 0 0 -1
    outer loop
      vertex -9.71675 -25.2015 12.2
      vertex -9.71465 -25.1978 12.2
      vertex 0 -25.3935 12.2
    endloop
  endfacet
  facet normal 0 0 -1
    outer loop
      vertex -9.71675 -25.2015 12.2
      vertex -16.9646 -21.0121 12.2
      vertex -9.71465 -25.1978 12.2
    endloop
  endfacet
  facet normal 0 0 -1
    outer loop
      vertex -16.9668 -21.0157 12.2
      vertex -16.9646 -21.0121 12.2
      vertex -9.71675 -25.2015 12.2
    endloop
  endfacet
  facet normal 0 0 -1
    outer loop
      vertex -21.9915 -12.6968 12.2
      vertex -16.9646 -21.0121 12.2
      vertex -16.9668 -21.0157 12.2
    endloop
  endfacet
  facet normal 0 0 -1
    outer loop
      vertex -16.9646 -21.0121 12.2
      vertex -21.9915 -12.6968 12.2
      vertex -21.9878 -12.6947 12.2
    endloop
  endfacet
  facet normal 0 0 -1
    outer loop
      vertex -21.9915 -12.6968 12.2
      vertex -26.6793 -4.18579 12.2
      vertex -21.9878 -12.6947 12.2
    endloop
  endfacet
  facet normal 0 0 -1
    outer loop
      vertex -26.6793 -4.18579 12.2
      vertex -26.6835 -4.18579 12.2
      vertex -26.6793 4.18579 12.2
    endloop
  endfacet
  facet normal 0 0 -1
    outer loop
      vertex -26.6835 -4.18579 12.2
      vertex -26.6793 -4.18579 12.2
      vertex -21.9915 -12.6968 12.2
    endloop
  endfacet
  facet normal 0 0 -1
    outer loop
      vertex 26.6793 4.18579 12.2
      vertex 26.6835 4.18579 12.2
      vertex 26.6793 -4.18579 12.2
    endloop
  endfacet
  facet normal 0 0 -1
    outer loop
      vertex 26.6793 4.18579 12.2
      vertex 21.9915 12.6968 12.2
      vertex 26.6835 4.18579 12.2
    endloop
  endfacet
  facet normal 0 0 -1
    outer loop
      vertex 21.9878 12.6947 12.2
      vertex 21.9915 12.6968 12.2
      vertex 26.6793 4.18579 12.2
    endloop
  endfacet
  facet normal 0 0 -1
    outer loop
      vertex 16.9646 21.0121 12.2
      vertex 21.9915 12.6968 12.2
      vertex 21.9878 12.6947 12.2
    endloop
  endfacet
  facet normal 0 0 -1
    outer loop
      vertex 21.9915 12.6968 12.2
      vertex 16.9646 21.0121 12.2
      vertex 16.9668 21.0157 12.2
    endloop
  endfacet
  facet normal 0 0 -1
    outer loop
      vertex 16.9646 21.0121 12.2
      vertex 9.71675 25.2015 12.2
      vertex 16.9668 21.0157 12.2
    endloop
  endfacet
  facet normal 0 0 -1
    outer loop
      vertex 9.71465 25.1978 12.2
      vertex 9.71675 25.2015 12.2
      vertex 16.9646 21.0121 12.2
    endloop
  endfacet
  facet normal 0 0 -1
    outer loop
      vertex 0 25.3935 12.2
      vertex 9.71465 25.1978 12.2
      vertex 0 25.3893 12.2
    endloop
  endfacet
  facet normal 0 0 -1
    outer loop
      vertex 9.71465 25.1978 12.2
      vertex 0 25.3935 12.2
      vertex 9.71675 25.2015 12.2
    endloop
  endfacet
  facet normal 0 0 -1
    outer loop
      vertex -9.71465 25.1978 12.2
      vertex 0 25.3935 12.2
      vertex 0 25.3893 12.2
    endloop
  endfacet
  facet normal 0 0 -1
    outer loop
      vertex -9.71465 25.1978 12.2
      vertex -9.71675 25.2015 12.2
      vertex 0 25.3935 12.2
    endloop
  endfacet
  facet normal 0 0 -1
    outer loop
      vertex -16.9646 21.0121 12.2
      vertex -9.71675 25.2015 12.2
      vertex -9.71465 25.1978 12.2
    endloop
  endfacet
  facet normal 0 0 -1
    outer loop
      vertex -16.9646 21.0121 12.2
      vertex -16.9668 21.0157 12.2
      vertex -9.71675 25.2015 12.2
    endloop
  endfacet
  facet normal 0 0 -1
    outer loop
      vertex -21.9915 12.6968 12.2
      vertex -16.9646 21.0121 12.2
      vertex -21.9878 12.6947 12.2
    endloop
  endfacet
  facet normal -0 0 -1
    outer loop
      vertex -16.9646 21.0121 12.2
      vertex -21.9915 12.6968 12.2
      vertex -16.9668 21.0157 12.2
    endloop
  endfacet
  facet normal 0 0 -1
    outer loop
      vertex -26.6793 4.18579 12.2
      vertex -21.9915 12.6968 12.2
      vertex -21.9878 12.6947 12.2
    endloop
  endfacet
  facet normal 0 0 -1
    outer loop
      vertex -26.6793 4.18579 12.2
      vertex -26.6835 4.18579 12.2
      vertex -21.9915 12.6968 12.2
    endloop
  endfacet
  facet normal 0 0 -1
    outer loop
      vertex -26.6835 4.18579 12.2
      vertex -26.6793 4.18579 12.2
      vertex -26.6835 -4.18579 12.2
    endloop
  endfacet
  facet normal 1 -0 0
    outer loop
      vertex 26.6793 -4.18579 12.2
      vertex 26.6793 4.18579 12.17
      vertex 26.6793 4.18579 12.2
    endloop
  endfacet
  facet normal 1 0 0
    outer loop
      vertex 26.6793 4.18579 12.17
      vertex 26.6793 -4.18579 12.2
      vertex 26.6793 -4.18579 12.17
    endloop
  endfacet
  facet normal 0.0197087 -0.999806 0
    outer loop
      vertex 0 -25.3893 12.17
      vertex 9.71465 -25.1978 12.2
      vertex 0 -25.3893 12.2
    endloop
  endfacet
  facet normal 0.0197087 -0.999806 0
    outer loop
      vertex 9.71465 -25.1978 12.2
      vertex 0 -25.3893 12.17
      vertex 9.71465 -25.1978 12.17
    endloop
  endfacet
  facet normal 0.0195576 -0.992321 -0.122133
    outer loop
      vertex 8.43346 -25.1037 11.2
      vertex 0 -25.3893 12.17
      vertex 1.00535 -25.2501 11.2
    endloop
  endfacet
  facet normal 0.0194982 -0.992315 -0.122193
    outer loop
      vertex 1.00535 -25.2501 11.2
      vertex 0 -25.3893 12.17
      vertex 1.00528 -25.2444 11.1537
    endloop
  endfacet
  facet normal 0.0195612 -0.992325 -0.122102
    outer loop
      vertex 0 -25.3893 12.17
      vertex 8.43346 -25.1037 11.2
      vertex 9.71465 -25.1978 12.17
    endloop
  endfacet
  facet normal 0.0195923 -0.992319 -0.122143
    outer loop
      vertex 8.42811 -24.6647 7.6326
      vertex 9.71465 -25.1978 12.17
      vertex 8.43346 -25.1037 11.2
    endloop
  endfacet
  facet normal 0.0195184 -0.992319 -0.122154
    outer loop
      vertex 9.07027 -24.0818 3
      vertex 8.42811 -24.6647 7.6326
      vertex 7.95221 -24.2849 4.47124
    endloop
  endfacet
  facet normal 0.0195932 -0.992319 -0.122143
    outer loop
      vertex 8.42811 -24.6647 7.6326
      vertex 9.07027 -24.0818 3
      vertex 9.71465 -25.1978 12.17
    endloop
  endfacet
  facet normal 0.0196651 -0.99233 -0.122044
    outer loop
      vertex 9.07027 -24.0818 3
      vertex 7.95221 -24.2849 4.47124
      vertex 7.61767 -24.2912 4.46856
    endloop
  endfacet
  facet normal 0.856584 -0.49688 -0.139191
    outer loop
      vertex 21.9878 -12.6947 12.17
      vertex 21.3597 -13.4928 11.1537
      vertex 20.9389 -13.243 7.67237
    endloop
  endfacet
  facet normal 0.856546 -0.49695 -0.139174
    outer loop
      vertex 20.9389 -13.243 7.67237
      vertex 20.8717 -12.0503 3
      vertex 21.9878 -12.6947 12.17
    endloop
  endfacet
  facet normal 0.856553 -0.496938 -0.139171
    outer loop
      vertex 20.2921 -13.4786 4.53278
      vertex 20.8717 -12.0503 3
      vertex 20.9389 -13.243 7.67237
    endloop
  endfacet
  facet normal 0.856575 -0.49691 -0.139137
    outer loop
      vertex 17.8384 -17.6939 4.48138
      vertex 20.8717 -12.0503 3
      vertex 20.2921 -13.4786 4.53278
    endloop
  endfacet
  facet normal 0.856559 -0.496949 -0.139101
    outer loop
      vertex 16.3203 -19.8959 3
      vertex 17.8384 -17.6939 4.48138
      vertex 17.2279 -18.7426 4.46859
    endloop
  endfacet
  facet normal 0.856569 -0.496914 -0.139163
    outer loop
      vertex 17.8384 -17.6939 4.48138
      vertex 16.3203 -19.8959 3
      vertex 20.8717 -12.0503 3
    endloop
  endfacet
  facet normal -0.499995 0.866029 0
    outer loop
      vertex -9.71465 25.1978 12.17
      vertex -16.9646 21.0121 12.2
      vertex -9.71465 25.1978 12.2
    endloop
  endfacet
  facet normal -0.499995 0.866029 0
    outer loop
      vertex -16.9646 21.0121 12.2
      vertex -9.71465 25.1978 12.17
      vertex -16.9646 21.0121 12.17
    endloop
  endfacet
  facet normal -0.868768 -0.479744 -0.122832
    outer loop
      vertex -22.3649 -11.7516 11.1537
      vertex -21.9878 -12.6947 12.17
      vertex -22.3699 -11.7544 11.2
    endloop
  endfacet
  facet normal -0.869167 -0.479194 -0.122157
    outer loop
      vertex -25.3905 -4.18579 3
      vertex -25.5743 -5.03337 7.63262
      vertex -26.6793 -4.18579 12.17
    endloop
  endfacet
  facet normal -0.869147 -0.479228 -0.122163
    outer loop
      vertex -25.3905 -4.18579 3
      vertex -25.0074 -5.25564 4.47125
      vertex -25.5743 -5.03337 7.63262
    endloop
  endfacet
  facet normal -0.869214 -0.479129 -0.122073
    outer loop
      vertex -25.0074 -5.25564 4.47125
      vertex -25.3905 -4.18579 3
      vertex -24.8456 -5.54849 4.46858
    endloop
  endfacet
  facet normal -0.869163 -0.479201 -0.122155
    outer loop
      vertex -25.9572 -5.24825 11.2
      vertex -26.6793 -4.18579 12.17
      vertex -25.5743 -5.03337 7.63262
    endloop
  endfacet
  facet normal -0.869148 -0.479223 -0.122177
    outer loop
      vertex -21.9878 -12.6947 12.17
      vertex -25.9572 -5.24825 11.2
      vertex -22.3699 -11.7544 11.2
    endloop
  endfacet
  facet normal -0.869156 -0.479221 -0.122129
    outer loop
      vertex -25.9572 -5.24825 11.2
      vertex -21.9878 -12.6947 12.17
      vertex -26.6793 -4.18579 12.17
    endloop
  endfacet
  facet normal -0.858627 -0.493341 -0.139189
    outer loop
      vertex -25.3905 -4.18579 3
      vertex -24.2426 -6.60158 4.48137
      vertex -24.8456 -5.54849 4.46858
    endloop
  endfacet
  facet normal -0.858621 -0.493348 -0.139204
    outer loop
      vertex -20.8717 -12.0503 3
      vertex -24.2426 -6.60158 4.48137
      vertex -25.3905 -4.18579 3
    endloop
  endfacet
  facet normal -0.858621 -0.493358 -0.139168
    outer loop
      vertex -24.2426 -6.60158 4.48137
      vertex -20.8717 -12.0503 3
      vertex -21.8189 -10.8342 4.53278
    endloop
  endfacet
  facet normal -0.858625 -0.493348 -0.139178
    outer loop
      vertex -20.8717 -12.0503 3
      vertex -21.9383 -11.5121 7.67236
      vertex -21.8189 -10.8342 4.53278
    endloop
  endfacet
  facet normal -0.858616 -0.493365 -0.139174
    outer loop
      vertex -21.9878 -12.6947 12.17
      vertex -21.9383 -11.5121 7.67236
      vertex -20.8717 -12.0503 3
    endloop
  endfacet
  facet normal -0.85866 -0.493293 -0.139156
    outer loop
      vertex -21.9383 -11.5121 7.67236
      vertex -21.9878 -12.6947 12.17
      vertex -22.3649 -11.7516 11.1537
    endloop
  endfacet
  facet normal -0.0166236 -0.841291 0.540327
    outer loop
      vertex 0 -24.2567 14
      vertex -9.71675 -25.2015 12.23
      vertex 0 -25.3935 12.23
    endloop
  endfacet
  facet normal 0.720239 0.435031 0.540374
    outer loop
      vertex 21.9915 12.6968 12.23
      vertex 16.9668 21.0157 12.23
      vertex 21.0069 12.1283 14
    endloop
  endfacet
  facet normal -0.0166236 0.841291 0.540327
    outer loop
      vertex 0 25.3935 12.23
      vertex -9.71675 25.2015 12.23
      vertex 0 24.2567 14
    endloop
  endfacet
  facet normal 0.499998 -0.866026 0
    outer loop
      vertex 9.71675 -25.2015 12.2
      vertex 16.9668 -21.0157 12.23
      vertex 9.71675 -25.2015 12.23
    endloop
  endfacet
  facet normal 0.499998 -0.866026 0
    outer loop
      vertex 16.9668 -21.0157 12.23
      vertex 9.71675 -25.2015 12.2
      vertex 16.9668 -21.0157 12.2
    endloop
  endfacet
  facet normal -0.732381 -0.400772 0.550454
    outer loop
      vertex -25.7323 -3.49297 14
      vertex -26.6835 -4.18579 12.23
      vertex -21.0069 -12.1283 14
    endloop
  endfacet
  facet normal -1 0 0
    outer loop
      vertex -26.6835 -4.18579 12.2
      vertex -26.6835 4.18579 12.23
      vertex -26.6835 4.18579 12.2
    endloop
  endfacet
  facet normal -1 -0 0
    outer loop
      vertex -26.6835 4.18579 12.23
      vertex -26.6835 -4.18579 12.2
      vertex -26.6835 -4.18579 12.23
    endloop
  endfacet
  facet normal 0.440432 -0.76284 0.473387
    outer loop
      vertex 9.84113 -24.0313 14
      vertex 9.71675 -25.2015 12.23
      vertex 15.8911 -20.5383 14
    endloop
  endfacet
  facet normal -0.0197558 0.999805 0
    outer loop
      vertex 0 25.3935 12.2
      vertex -9.71675 25.2015 12.23
      vertex 0 25.3935 12.23
    endloop
  endfacet
  facet normal -0.0197558 0.999805 0
    outer loop
      vertex -9.71675 25.2015 12.23
      vertex 0 25.3935 12.2
      vertex -9.71675 25.2015 12.2
    endloop
  endfacet
  facet normal 0.87574 0.482783 0
    outer loop
      vertex 26.6835 4.18579 12.23
      vertex 21.9915 12.6968 12.2
      vertex 21.9915 12.6968 12.23
    endloop
  endfacet
  facet normal 0.87574 0.482783 0
    outer loop
      vertex 21.9915 12.6968 12.2
      vertex 26.6835 4.18579 12.23
      vertex 26.6835 4.18579 12.2
    endloop
  endfacet
  facet normal -0.499998 -0.866026 0
    outer loop
      vertex -16.9668 -21.0157 12.2
      vertex -9.71675 -25.2015 12.23
      vertex -16.9668 -21.0157 12.23
    endloop
  endfacet
  facet normal -0.499998 -0.866026 -0
    outer loop
      vertex -9.71675 -25.2015 12.23
      vertex -16.9668 -21.0157 12.2
      vertex -9.71675 -25.2015 12.2
    endloop
  endfacet
  facet normal 0.73687 0.406226 0.540374
    outer loop
      vertex 21.9915 12.6968 12.23
      vertex 21.0069 12.1283 14
      vertex 26.6835 4.18579 12.23
    endloop
  endfacet
  facet normal 0.0166236 0.841291 0.540327
    outer loop
      vertex 0 25.3935 12.23
      vertex 0 24.2567 14
      vertex 9.71675 25.2015 12.23
    endloop
  endfacet
  facet normal -0.0191165 0.834641 0.550463
    outer loop
      vertex -9.71675 25.2015 12.23
      vertex -9.84113 24.0313 14
      vertex 0 24.2567 14
    endloop
  endfacet
  facet normal -0.720239 -0.435031 0.540374
    outer loop
      vertex -21.0069 -12.1283 14
      vertex -21.9915 -12.6968 12.23
      vertex -16.9668 -21.0157 12.23
    endloop
  endfacet
  facet normal 0.713246 0.433867 0.55049
    outer loop
      vertex 16.9668 21.0157 12.23
      vertex 15.8911 20.5383 14
      vertex 21.0069 12.1283 14
    endloop
  endfacet
  facet normal -0.499998 0.866026 0
    outer loop
      vertex -9.71675 25.2015 12.2
      vertex -16.9668 21.0157 12.23
      vertex -9.71675 25.2015 12.23
    endloop
  endfacet
  facet normal -0.499998 0.866026 0
    outer loop
      vertex -16.9668 21.0157 12.23
      vertex -9.71675 25.2015 12.2
      vertex -16.9668 21.0157 12.2
    endloop
  endfacet
  facet normal 0.440432 0.76284 0.473387
    outer loop
      vertex 15.8911 20.5383 14
      vertex 9.71675 25.2015 12.23
      vertex 9.84113 24.0313 14
    endloop
  endfacet
  facet normal 0.0191165 0.834641 0.550463
    outer loop
      vertex 9.71675 25.2015 12.23
      vertex 0 24.2567 14
      vertex 9.84113 24.0313 14
    endloop
  endfacet
  facet normal 1 -0 0
    outer loop
      vertex 26.6835 -4.18579 12.23
      vertex 26.6835 4.18579 12.2
      vertex 26.6835 4.18579 12.23
    endloop
  endfacet
  facet normal 1 0 0
    outer loop
      vertex 26.6835 4.18579 12.2
      vertex 26.6835 -4.18579 12.23
      vertex 26.6835 -4.18579 12.2
    endloop
  endfacet
  facet normal 0.732381 0.400772 0.550454
    outer loop
      vertex 26.6835 4.18579 12.23
      vertex 21.0069 12.1283 14
      vertex 25.7323 3.49297 14
    endloop
  endfacet
  facet normal -0.87574 0.482783 0
    outer loop
      vertex -26.6835 4.18579 12.2
      vertex -21.9915 12.6968 12.23
      vertex -21.9915 12.6968 12.2
    endloop
  endfacet
  facet normal -0.87574 0.482783 0
    outer loop
      vertex -21.9915 12.6968 12.23
      vertex -26.6835 4.18579 12.2
      vertex -26.6835 4.18579 12.23
    endloop
  endfacet
  facet normal -0.0191165 -0.834641 0.550463
    outer loop
      vertex 0 -24.2567 14
      vertex -9.84113 -24.0313 14
      vertex -9.71675 -25.2015 12.23
    endloop
  endfacet
  facet normal 0.732381 -0.400772 0.550454
    outer loop
      vertex 25.7323 -3.49297 14
      vertex 21.0069 -12.1283 14
      vertex 26.6835 -4.18579 12.23
    endloop
  endfacet
  facet normal -0.73687 -0.406226 0.540374
    outer loop
      vertex -21.0069 -12.1283 14
      vertex -26.6835 -4.18579 12.23
      vertex -21.9915 -12.6968 12.23
    endloop
  endfacet
  facet normal 0.0166236 -0.841291 0.540327
    outer loop
      vertex 0 -24.2567 14
      vertex 0 -25.3935 12.23
      vertex 9.71675 -25.2015 12.23
    endloop
  endfacet
  facet normal 0.855975 0.517017 0
    outer loop
      vertex 21.9915 12.6968 12.23
      vertex 16.9668 21.0157 12.2
      vertex 16.9668 21.0157 12.23
    endloop
  endfacet
  facet normal 0.855975 0.517017 0
    outer loop
      vertex 16.9668 21.0157 12.2
      vertex 21.9915 12.6968 12.23
      vertex 21.9915 12.6968 12.2
    endloop
  endfacet
  facet normal -0.440432 0.76284 0.473387
    outer loop
      vertex -9.71675 25.2015 12.23
      vertex -15.8911 20.5383 14
      vertex -9.84113 24.0313 14
    endloop
  endfacet
  facet normal 0.0197558 0.999805 -0
    outer loop
      vertex 9.71675 25.2015 12.2
      vertex 0 25.3935 12.23
      vertex 9.71675 25.2015 12.23
    endloop
  endfacet
  facet normal 0.0197558 0.999805 0
    outer loop
      vertex 0 25.3935 12.23
      vertex 9.71675 25.2015 12.2
      vertex 0 25.3935 12.2
    endloop
  endfacet
  facet normal -0.0197558 -0.999805 0
    outer loop
      vertex -9.71675 -25.2015 12.2
      vertex 0 -25.3935 12.23
      vertex -9.71675 -25.2015 12.23
    endloop
  endfacet
  facet normal -0.0197558 -0.999805 -0
    outer loop
      vertex 0 -25.3935 12.23
      vertex -9.71675 -25.2015 12.2
      vertex 0 -25.3935 12.2
    endloop
  endfacet
  facet normal -0.855975 -0.517017 0
    outer loop
      vertex -16.9668 -21.0157 12.2
      vertex -21.9915 -12.6968 12.23
      vertex -21.9915 -12.6968 12.2
    endloop
  endfacet
  facet normal -0.855975 -0.517017 0
    outer loop
      vertex -21.9915 -12.6968 12.23
      vertex -16.9668 -21.0157 12.2
      vertex -16.9668 -21.0157 12.23
    endloop
  endfacet
  facet normal 0.713246 -0.433867 0.55049
    outer loop
      vertex 21.0069 -12.1283 14
      vertex 15.8911 -20.5383 14
      vertex 16.9668 -21.0157 12.23
    endloop
  endfacet
  facet normal 0.880861 -0 0.473376
    outer loop
      vertex 25.7323 -3.49297 14
      vertex 26.6835 4.18579 12.23
      vertex 25.7323 3.49297 14
    endloop
  endfacet
  facet normal 0.880861 0 0.473376
    outer loop
      vertex 26.6835 4.18579 12.23
      vertex 25.7323 -3.49297 14
      vertex 26.6835 -4.18579 12.23
    endloop
  endfacet
  facet normal 0.855975 -0.517017 0
    outer loop
      vertex 16.9668 -21.0157 12.23
      vertex 21.9915 -12.6968 12.2
      vertex 21.9915 -12.6968 12.23
    endloop
  endfacet
  facet normal 0.855975 -0.517017 0
    outer loop
      vertex 21.9915 -12.6968 12.2
      vertex 16.9668 -21.0157 12.23
      vertex 16.9668 -21.0157 12.2
    endloop
  endfacet
  facet normal -0.713246 -0.433867 0.55049
    outer loop
      vertex -15.8911 -20.5383 14
      vertex -21.0069 -12.1283 14
      vertex -16.9668 -21.0157 12.23
    endloop
  endfacet
  facet normal -0.44042 -0.762833 0.47341
    outer loop
      vertex -15.8911 -20.5383 14
      vertex -16.9668 -21.0157 12.23
      vertex -9.71675 -25.2015 12.23
    endloop
  endfacet
  facet normal 0.0191165 -0.834641 0.550463
    outer loop
      vertex 9.84113 -24.0313 14
      vertex 0 -24.2567 14
      vertex 9.71675 -25.2015 12.23
    endloop
  endfacet
  facet normal 0.73687 -0.406226 0.540374
    outer loop
      vertex 26.6835 -4.18579 12.23
      vertex 21.0069 -12.1283 14
      vertex 21.9915 -12.6968 12.23
    endloop
  endfacet
  facet normal 0.87574 -0.482783 0
    outer loop
      vertex 21.9915 -12.6968 12.23
      vertex 26.6835 -4.18579 12.2
      vertex 26.6835 -4.18579 12.23
    endloop
  endfacet
  facet normal 0.87574 -0.482783 0
    outer loop
      vertex 26.6835 -4.18579 12.2
      vertex 21.9915 -12.6968 12.23
      vertex 21.9915 -12.6968 12.2
    endloop
  endfacet
  facet normal 0.499998 0.866026 -0
    outer loop
      vertex 16.9668 21.0157 12.2
      vertex 9.71675 25.2015 12.23
      vertex 16.9668 21.0157 12.23
    endloop
  endfacet
  facet normal 0.499998 0.866026 0
    outer loop
      vertex 9.71675 25.2015 12.23
      vertex 16.9668 21.0157 12.2
      vertex 9.71675 25.2015 12.2
    endloop
  endfacet
  facet normal -0.855975 0.517017 0
    outer loop
      vertex -21.9915 12.6968 12.2
      vertex -16.9668 21.0157 12.23
      vertex -16.9668 21.0157 12.2
    endloop
  endfacet
  facet normal -0.855975 0.517017 0
    outer loop
      vertex -16.9668 21.0157 12.23
      vertex -21.9915 12.6968 12.2
      vertex -21.9915 12.6968 12.23
    endloop
  endfacet
  facet normal -0.713246 0.433867 0.55049
    outer loop
      vertex -16.9668 21.0157 12.23
      vertex -21.0069 12.1283 14
      vertex -15.8911 20.5383 14
    endloop
  endfacet
  facet normal 0.44042 0.762833 0.47341
    outer loop
      vertex 16.9668 21.0157 12.23
      vertex 9.71675 25.2015 12.23
      vertex 15.8911 20.5383 14
    endloop
  endfacet
  facet normal -0.87574 -0.482783 0
    outer loop
      vertex -21.9915 -12.6968 12.2
      vertex -26.6835 -4.18579 12.23
      vertex -26.6835 -4.18579 12.2
    endloop
  endfacet
  facet normal -0.87574 -0.482783 0
    outer loop
      vertex -26.6835 -4.18579 12.23
      vertex -21.9915 -12.6968 12.2
      vertex -21.9915 -12.6968 12.23
    endloop
  endfacet
  facet normal -0.732381 0.400772 0.550454
    outer loop
      vertex -21.0069 12.1283 14
      vertex -26.6835 4.18579 12.23
      vertex -25.7323 3.49297 14
    endloop
  endfacet
  facet normal -0.440432 -0.76284 0.473387
    outer loop
      vertex -9.84113 -24.0313 14
      vertex -15.8911 -20.5383 14
      vertex -9.71675 -25.2015 12.23
    endloop
  endfacet
  facet normal 0.0197558 -0.999805 0
    outer loop
      vertex 0 -25.3935 12.2
      vertex 9.71675 -25.2015 12.23
      vertex 0 -25.3935 12.23
    endloop
  endfacet
  facet normal 0.0197558 -0.999805 0
    outer loop
      vertex 9.71675 -25.2015 12.23
      vertex 0 -25.3935 12.2
      vertex 9.71675 -25.2015 12.2
    endloop
  endfacet
  facet normal 0.720239 -0.435031 0.540374
    outer loop
      vertex 21.0069 -12.1283 14
      vertex 16.9668 -21.0157 12.23
      vertex 21.9915 -12.6968 12.23
    endloop
  endfacet
  facet normal -0.44042 0.762833 0.47341
    outer loop
      vertex -9.71675 25.2015 12.23
      vertex -16.9668 21.0157 12.23
      vertex -15.8911 20.5383 14
    endloop
  endfacet
  facet normal 0.44042 -0.762833 0.47341
    outer loop
      vertex 15.8911 -20.5383 14
      vertex 9.71675 -25.2015 12.23
      vertex 16.9668 -21.0157 12.23
    endloop
  endfacet
  facet normal -0.880861 0 0.473376
    outer loop
      vertex -26.6835 4.18579 12.23
      vertex -25.7323 -3.49297 14
      vertex -25.7323 3.49297 14
    endloop
  endfacet
  facet normal -0.880861 0 0.473376
    outer loop
      vertex -25.7323 -3.49297 14
      vertex -26.6835 4.18579 12.23
      vertex -26.6835 -4.18579 12.23
    endloop
  endfacet
  facet normal -0.73687 0.406226 0.540374
    outer loop
      vertex -21.9915 12.6968 12.23
      vertex -26.6835 4.18579 12.23
      vertex -21.0069 12.1283 14
    endloop
  endfacet
  facet normal -0.720239 0.435031 0.540374
    outer loop
      vertex -16.9668 21.0157 12.23
      vertex -21.9915 12.6968 12.23
      vertex -21.0069 12.1283 14
    endloop
  endfacet
  facet normal 0 0 1
    outer loop
      vertex 20.9566 -4.74026 14
      vertex 18.4307 -5.16736 14
      vertex 19.7008 -9.90762 14
    endloop
  endfacet
  facet normal 0 0 1
    outer loop
      vertex 16.2164 -3.47011 14
      vertex 18.4307 -5.16736 14
      vertex 20.9566 -4.74026 14
    endloop
  endfacet
  facet normal -0 0 1
    outer loop
      vertex 14.5794 -1.27015 14
      vertex 16.2164 -3.47011 14
      vertex 14.9462 1.27015 14
    endloop
  endfacet
  facet normal 0 0 1
    outer loop
      vertex 16.2164 -3.47011 14
      vertex 13.6904 -3.89721 14
      vertex 18.4307 -5.16736 14
    endloop
  endfacet
  facet normal 0 0 1
    outer loop
      vertex 14.5794 -1.27015 14
      vertex 13.6904 -3.89721 14
      vertex 16.2164 -3.47011 14
    endloop
  endfacet
  facet normal 0 0 1
    outer loop
      vertex 11.1093 -4.74026 14
      vertex 13.6904 -3.89721 14
      vertex 14.5794 -1.27015 14
    endloop
  endfacet
  facet normal -0 0 1
    outer loop
      vertex 11.1093 -4.74026 14
      vertex 10.2203 -7.36732 14
      vertex 13.6904 -3.89721 14
    endloop
  endfacet
  facet normal 0 0 1
    outer loop
      vertex 10.2203 -7.36732 14
      vertex 8.38967 -5.05082 14
      vertex 9.65982 -9.79108 14
    endloop
  endfacet
  facet normal 0 0 1
    outer loop
      vertex 11.1093 -4.74026 14
      vertex 8.38967 -5.05082 14
      vertex 10.2203 -7.36732 14
    endloop
  endfacet
  facet normal 0 0 1
    outer loop
      vertex 6.36901 -3.47011 14
      vertex 8.38967 -5.05082 14
      vertex 11.1093 -4.74026 14
    endloop
  endfacet
  facet normal -0 0 1
    outer loop
      vertex 4.74026 -1.27015 14
      vertex 6.36901 -3.47011 14
      vertex 5.09886 1.27015 14
    endloop
  endfacet
  facet normal 0 0 1
    outer loop
      vertex 6.36901 -3.47011 14
      vertex 3.64941 -3.78067 14
      vertex 8.38967 -5.05082 14
    endloop
  endfacet
  facet normal 0 0 1
    outer loop
      vertex 4.74026 -1.27015 14
      vertex 3.64941 -3.78067 14
      vertex 6.36901 -3.47011 14
    endloop
  endfacet
  facet normal 0 0 1
    outer loop
      vertex 1.27015 -4.74026 14
      vertex 3.64941 -3.78067 14
      vertex 4.74026 -1.27015 14
    endloop
  endfacet
  facet normal -0 0 1
    outer loop
      vertex 1.27015 -4.74026 14
      vertex 0.179301 -7.25078 14
      vertex 3.64941 -3.78067 14
    endloop
  endfacet
  facet normal 0 0 1
    outer loop
      vertex 0.179301 -7.25078 14
      vertex -1.44945 -5.05082 14
      vertex -0.179301 -9.79108 14
    endloop
  endfacet
  facet normal 0 0 1
    outer loop
      vertex 1.27015 -4.74026 14
      vertex -1.44945 -5.05082 14
      vertex 0.179301 -7.25078 14
    endloop
  endfacet
  facet normal 0 0 1
    outer loop
      vertex -3.47011 -3.47011 14
      vertex -1.44945 -5.05082 14
      vertex 1.27015 -4.74026 14
    endloop
  endfacet
  facet normal -0 0 1
    outer loop
      vertex -5.09886 -1.27015 14
      vertex -3.47011 -3.47011 14
      vertex -4.74026 1.27015 14
    endloop
  endfacet
  facet normal 0 0 1
    outer loop
      vertex -3.47011 -3.47011 14
      vertex -6.18971 -3.78067 14
      vertex -1.44945 -5.05082 14
    endloop
  endfacet
  facet normal 0 0 1
    outer loop
      vertex -5.09886 -1.27015 14
      vertex -6.18971 -3.78067 14
      vertex -3.47011 -3.47011 14
    endloop
  endfacet
  facet normal 0 0 1
    outer loop
      vertex -8.56897 -4.74026 14
      vertex -6.18971 -3.78067 14
      vertex -5.09886 -1.27015 14
    endloop
  endfacet
  facet normal -0 0 1
    outer loop
      vertex -8.56897 -4.74026 14
      vertex -9.65982 -7.25078 14
      vertex -6.18971 -3.78067 14
    endloop
  endfacet
  facet normal 0 0 1
    outer loop
      vertex -9.65982 -7.25078 14
      vertex -11.4904 -5.16736 14
      vertex -10.2203 -9.90762 14
    endloop
  endfacet
  facet normal 0 0 1
    outer loop
      vertex -8.56897 -4.74026 14
      vertex -11.4904 -5.16736 14
      vertex -9.65982 -7.25078 14
    endloop
  endfacet
  facet normal 0 0 1
    outer loop
      vertex -13.3092 -3.47011 14
      vertex -11.4904 -5.16736 14
      vertex -8.56897 -4.74026 14
    endloop
  endfacet
  facet normal -0 0 1
    outer loop
      vertex -14.9462 -1.27015 14
      vertex -13.3092 -3.47011 14
      vertex -14.5794 1.27015 14
    endloop
  endfacet
  facet normal 0 0 1
    outer loop
      vertex -13.3092 -3.47011 14
      vertex -16.2307 -3.89721 14
      vertex -11.4904 -5.16736 14
    endloop
  endfacet
  facet normal 0 0 1
    outer loop
      vertex -14.9462 -1.27015 14
      vertex -16.2307 -3.89721 14
      vertex -13.3092 -3.47011 14
    endloop
  endfacet
  facet normal 0 0 1
    outer loop
      vertex -18.4163 -4.74026 14
      vertex -16.2307 -3.89721 14
      vertex -14.9462 -1.27015 14
    endloop
  endfacet
  facet normal -0 0 1
    outer loop
      vertex -18.4163 -4.74026 14
      vertex -19.7008 -7.36732 14
      vertex -16.2307 -3.89721 14
    endloop
  endfacet
  facet normal 0 0 1
    outer loop
      vertex -23.1566 -3.47011 14
      vertex -19.7008 -7.36732 14
      vertex -18.4163 -4.74026 14
    endloop
  endfacet
  facet normal -0 0 1
    outer loop
      vertex -25.7323 -3.49297 14
      vertex -19.7008 -7.36732 14
      vertex -23.1566 -3.47011 14
    endloop
  endfacet
  facet normal 0 0 1
    outer loop
      vertex -25.7323 -3.49297 14
      vertex -23.1566 -3.47011 14
      vertex -24.4267 1.27015 14
    endloop
  endfacet
  facet normal 0 0 1
    outer loop
      vertex -25.7323 -3.49297 14
      vertex -24.4267 1.27015 14
      vertex -25.7323 3.49297 14
    endloop
  endfacet
  facet normal 0 0 1
    outer loop
      vertex -19.7008 -7.36732 14
      vertex -25.7323 -3.49297 14
      vertex -21.0069 -12.1283 14
    endloop
  endfacet
  facet normal 0 0 1
    outer loop
      vertex 21.0069 12.1283 14
      vertex 18.4307 12.1076 14
      vertex 19.7008 7.36732 14
    endloop
  endfacet
  facet normal 0 0 1
    outer loop
      vertex 15.8911 20.5383 14
      vertex 18.4307 12.1076 14
      vertex 21.0069 12.1283 14
    endloop
  endfacet
  facet normal -0 0 1
    outer loop
      vertex 14.5835 15.7789 14
      vertex 18.4307 12.1076 14
      vertex 15.8911 20.5383 14
    endloop
  endfacet
  facet normal 0 0 1
    outer loop
      vertex 14.5835 15.7789 14
      vertex 13.6904 13.3777 14
      vertex 18.4307 12.1076 14
    endloop
  endfacet
  facet normal 0 0 1
    outer loop
      vertex 11.1134 12.3087 14
      vertex 13.6904 13.3777 14
      vertex 14.5835 15.7789 14
    endloop
  endfacet
  facet normal -0 0 1
    outer loop
      vertex 11.1134 12.3087 14
      vertex 10.2203 9.90762 14
      vertex 13.6904 13.3777 14
    endloop
  endfacet
  facet normal 0 0 1
    outer loop
      vertex 10.2203 9.90762 14
      vertex 8.38967 11.991 14
      vertex 9.65982 7.25078 14
    endloop
  endfacet
  facet normal 0 0 1
    outer loop
      vertex 11.1134 12.3087 14
      vertex 8.38967 11.991 14
      vertex 10.2203 9.90762 14
    endloop
  endfacet
  facet normal 0 0 1
    outer loop
      vertex 6.37313 13.5789 14
      vertex 8.38967 11.991 14
      vertex 11.1134 12.3087 14
    endloop
  endfacet
  facet normal -0 0 1
    outer loop
      vertex 4.74026 16.0048 14
      vertex 6.37313 13.5789 14
      vertex 5.10299 18.3191 14
    endloop
  endfacet
  facet normal 0 0 1
    outer loop
      vertex 6.37313 13.5789 14
      vertex 3.64941 13.2612 14
      vertex 8.38967 11.991 14
    endloop
  endfacet
  facet normal 0 0 1
    outer loop
      vertex 4.74026 16.0048 14
      vertex 3.64941 13.2612 14
      vertex 6.37313 13.5789 14
    endloop
  endfacet
  facet normal 0 0 1
    outer loop
      vertex 1.27015 12.5347 14
      vertex 3.64941 13.2612 14
      vertex 4.74026 16.0048 14
    endloop
  endfacet
  facet normal -0 0 1
    outer loop
      vertex 1.27015 12.5347 14
      vertex 0.179301 9.79108 14
      vertex 3.64941 13.2612 14
    endloop
  endfacet
  facet normal 0 0 1
    outer loop
      vertex 0.179301 9.79108 14
      vertex -1.44945 11.991 14
      vertex -0.179301 7.25078 14
    endloop
  endfacet
  facet normal 0 0 1
    outer loop
      vertex 1.27015 12.5347 14
      vertex -1.44945 11.991 14
      vertex 0.179301 9.79108 14
    endloop
  endfacet
  facet normal 0 0 1
    outer loop
      vertex -3.47011 13.8048 14
      vertex -1.44945 11.991 14
      vertex 1.27015 12.5347 14
    endloop
  endfacet
  facet normal -0 0 1
    outer loop
      vertex -5.10299 15.7789 14
      vertex -3.47011 13.8048 14
      vertex -4.74026 18.5451 14
    endloop
  endfacet
  facet normal 0 0 1
    outer loop
      vertex -3.47011 13.8048 14
      vertex -6.18971 13.2612 14
      vertex -1.44945 11.991 14
    endloop
  endfacet
  facet normal 0 0 1
    outer loop
      vertex -5.10299 15.7789 14
      vertex -6.18971 13.2612 14
      vertex -3.47011 13.8048 14
    endloop
  endfacet
  facet normal 0 0 1
    outer loop
      vertex -8.5731 12.3087 14
      vertex -6.18971 13.2612 14
      vertex -5.10299 15.7789 14
    endloop
  endfacet
  facet normal -0 0 1
    outer loop
      vertex -8.5731 12.3087 14
      vertex -9.65982 9.79108 14
      vertex -6.18971 13.2612 14
    endloop
  endfacet
  facet normal 0 0 1
    outer loop
      vertex -9.65982 9.79108 14
      vertex -11.4904 12.1076 14
      vertex -10.2203 7.36732 14
    endloop
  endfacet
  facet normal 0 0 1
    outer loop
      vertex -8.5731 12.3087 14
      vertex -11.4904 12.1076 14
      vertex -9.65982 9.79108 14
    endloop
  endfacet
  facet normal 0 0 1
    outer loop
      vertex -13.3134 13.5789 14
      vertex -11.4904 12.1076 14
      vertex -8.5731 12.3087 14
    endloop
  endfacet
  facet normal 0 0 1
    outer loop
      vertex -16.2307 13.3777 14
      vertex -14.5835 18.3191 14
      vertex -15.8911 20.5383 14
    endloop
  endfacet
  facet normal 0 0 1
    outer loop
      vertex -13.3134 13.5789 14
      vertex -16.2307 13.3777 14
      vertex -11.4904 12.1076 14
    endloop
  endfacet
  facet normal 0 0 1
    outer loop
      vertex -14.5835 18.3191 14
      vertex -16.2307 13.3777 14
      vertex -13.3134 13.5789 14
    endloop
  endfacet
  facet normal 0 0 1
    outer loop
      vertex -21.0069 12.1283 14
      vertex -16.2307 13.3777 14
      vertex -15.8911 20.5383 14
    endloop
  endfacet
  facet normal 0 0 1
    outer loop
      vertex -16.2307 13.3777 14
      vertex -21.0069 12.1283 14
      vertex -19.7008 9.90762 14
    endloop
  endfacet
  facet normal 0 0 1
    outer loop
      vertex -25.7323 3.49297 14
      vertex -19.7008 9.90762 14
      vertex -21.0069 12.1283 14
    endloop
  endfacet
  facet normal 0 0 1
    outer loop
      vertex -19.7008 9.90762 14
      vertex -25.7323 3.49297 14
      vertex -20.9566 4.74026 14
    endloop
  endfacet
  facet normal 0 0 1
    outer loop
      vertex -20.9566 4.74026 14
      vertex -25.7323 3.49297 14
      vertex -24.4267 1.27015 14
    endloop
  endfacet
  facet normal 0 0 1
    outer loop
      vertex 25.7323 3.49297 14
      vertex 24.4267 -1.27015 14
      vertex 25.7323 -3.49297 14
    endloop
  endfacet
  facet normal 0 0 1
    outer loop
      vertex 25.7323 3.49297 14
      vertex 23.1566 3.47011 14
      vertex 24.4267 -1.27015 14
    endloop
  endfacet
  facet normal -0 0 1
    outer loop
      vertex 19.7008 7.36732 14
      vertex 25.7323 3.49297 14
      vertex 21.0069 12.1283 14
    endloop
  endfacet
  facet normal 0 0 1
    outer loop
      vertex 25.7323 3.49297 14
      vertex 19.7008 7.36732 14
      vertex 23.1566 3.47011 14
    endloop
  endfacet
  facet normal 0 0 1
    outer loop
      vertex 19.7008 7.36732 14
      vertex 18.4163 4.74026 14
      vertex 23.1566 3.47011 14
    endloop
  endfacet
  facet normal 0 0 1
    outer loop
      vertex 16.2307 3.89721 14
      vertex 18.4163 4.74026 14
      vertex 19.7008 7.36732 14
    endloop
  endfacet
  facet normal -0 0 1
    outer loop
      vertex 16.2307 3.89721 14
      vertex 14.9462 1.27015 14
      vertex 18.4163 4.74026 14
    endloop
  endfacet
  facet normal 0 0 1
    outer loop
      vertex 14.9462 1.27015 14
      vertex 13.3092 3.47011 14
      vertex 14.5794 -1.27015 14
    endloop
  endfacet
  facet normal 0 0 1
    outer loop
      vertex 16.2307 3.89721 14
      vertex 13.3092 3.47011 14
      vertex 14.9462 1.27015 14
    endloop
  endfacet
  facet normal 0 0 1
    outer loop
      vertex 11.4904 5.16736 14
      vertex 13.3092 3.47011 14
      vertex 16.2307 3.89721 14
    endloop
  endfacet
  facet normal -0 0 1
    outer loop
      vertex 9.65982 7.25078 14
      vertex 11.4904 5.16736 14
      vertex 10.2203 9.90762 14
    endloop
  endfacet
  facet normal 0 0 1
    outer loop
      vertex 11.4904 5.16736 14
      vertex 8.56897 4.74026 14
      vertex 13.3092 3.47011 14
    endloop
  endfacet
  facet normal 0 0 1
    outer loop
      vertex 9.65982 7.25078 14
      vertex 8.56897 4.74026 14
      vertex 11.4904 5.16736 14
    endloop
  endfacet
  facet normal 0 0 1
    outer loop
      vertex 6.18971 3.78067 14
      vertex 8.56897 4.74026 14
      vertex 9.65982 7.25078 14
    endloop
  endfacet
  facet normal -0 0 1
    outer loop
      vertex 6.18971 3.78067 14
      vertex 5.09886 1.27015 14
      vertex 8.56897 4.74026 14
    endloop
  endfacet
  facet normal 0 0 1
    outer loop
      vertex 5.09886 1.27015 14
      vertex 3.47011 3.47011 14
      vertex 4.74026 -1.27015 14
    endloop
  endfacet
  facet normal 0 0 1
    outer loop
      vertex 6.18971 3.78067 14
      vertex 3.47011 3.47011 14
      vertex 5.09886 1.27015 14
    endloop
  endfacet
  facet normal 0 0 1
    outer loop
      vertex 1.44945 5.05082 14
      vertex 3.47011 3.47011 14
      vertex 6.18971 3.78067 14
    endloop
  endfacet
  facet normal -0 0 1
    outer loop
      vertex -0.179301 7.25078 14
      vertex 1.44945 5.05082 14
      vertex 0.179301 9.79108 14
    endloop
  endfacet
  facet normal 0 0 1
    outer loop
      vertex 1.44945 5.05082 14
      vertex -1.27015 4.74026 14
      vertex 3.47011 3.47011 14
    endloop
  endfacet
  facet normal 0 0 1
    outer loop
      vertex -0.179301 7.25078 14
      vertex -1.27015 4.74026 14
      vertex 1.44945 5.05082 14
    endloop
  endfacet
  facet normal 0 0 1
    outer loop
      vertex -3.64941 3.78067 14
      vertex -1.27015 4.74026 14
      vertex -0.179301 7.25078 14
    endloop
  endfacet
  facet normal -0 0 1
    outer loop
      vertex -3.64941 3.78067 14
      vertex -4.74026 1.27015 14
      vertex -1.27015 4.74026 14
    endloop
  endfacet
  facet normal 0 0 1
    outer loop
      vertex -4.74026 1.27015 14
      vertex -6.36901 3.47011 14
      vertex -5.09886 -1.27015 14
    endloop
  endfacet
  facet normal 0 0 1
    outer loop
      vertex -3.64941 3.78067 14
      vertex -6.36901 3.47011 14
      vertex -4.74026 1.27015 14
    endloop
  endfacet
  facet normal 0 0 1
    outer loop
      vertex -8.38967 5.05082 14
      vertex -6.36901 3.47011 14
      vertex -3.64941 3.78067 14
    endloop
  endfacet
  facet normal -0 0 1
    outer loop
      vertex -10.2203 7.36732 14
      vertex -8.38967 5.05082 14
      vertex -9.65982 9.79108 14
    endloop
  endfacet
  facet normal 0 0 1
    outer loop
      vertex -8.38967 5.05082 14
      vertex -11.1093 4.74026 14
      vertex -6.36901 3.47011 14
    endloop
  endfacet
  facet normal 0 0 1
    outer loop
      vertex -10.2203 7.36732 14
      vertex -11.1093 4.74026 14
      vertex -8.38967 5.05082 14
    endloop
  endfacet
  facet normal 0 0 1
    outer loop
      vertex -13.6904 3.89721 14
      vertex -11.1093 4.74026 14
      vertex -10.2203 7.36732 14
    endloop
  endfacet
  facet normal -0 0 1
    outer loop
      vertex -13.6904 3.89721 14
      vertex -14.5794 1.27015 14
      vertex -11.1093 4.74026 14
    endloop
  endfacet
  facet normal 0 0 1
    outer loop
      vertex -14.5794 1.27015 14
      vertex -16.2164 3.47011 14
      vertex -14.9462 -1.27015 14
    endloop
  endfacet
  facet normal 0 0 1
    outer loop
      vertex -13.6904 3.89721 14
      vertex -16.2164 3.47011 14
      vertex -14.5794 1.27015 14
    endloop
  endfacet
  facet normal 0 0 1
    outer loop
      vertex -18.4307 5.16736 14
      vertex -16.2164 3.47011 14
      vertex -13.6904 3.89721 14
    endloop
  endfacet
  facet normal 0 0 1
    outer loop
      vertex -18.4307 5.16736 14
      vertex -20.9566 4.74026 14
      vertex -16.2164 3.47011 14
    endloop
  endfacet
  facet normal 0 0 1
    outer loop
      vertex -20.9566 4.74026 14
      vertex -18.4307 5.16736 14
      vertex -19.7008 9.90762 14
    endloop
  endfacet
  facet normal 0 0 1
    outer loop
      vertex 20.9566 -4.74026 14
      vertex 25.7323 -3.49297 14
      vertex 24.4267 -1.27015 14
    endloop
  endfacet
  facet normal 0 0 1
    outer loop
      vertex 19.7008 -9.90762 14
      vertex 25.7323 -3.49297 14
      vertex 20.9566 -4.74026 14
    endloop
  endfacet
  facet normal 0 0 1
    outer loop
      vertex 25.7323 -3.49297 14
      vertex 19.7008 -9.90762 14
      vertex 21.0069 -12.1283 14
    endloop
  endfacet
  facet normal 0 0 1
    outer loop
      vertex 16.2307 -13.3777 14
      vertex 21.0069 -12.1283 14
      vertex 19.7008 -9.90762 14
    endloop
  endfacet
  facet normal -0 0 1
    outer loop
      vertex 16.2307 -13.3777 14
      vertex 15.8911 -20.5383 14
      vertex 21.0069 -12.1283 14
    endloop
  endfacet
  facet normal 0 0 1
    outer loop
      vertex 16.2307 -13.3777 14
      vertex 14.5835 -18.3191 14
      vertex 15.8911 -20.5383 14
    endloop
  endfacet
  facet normal 0 0 1
    outer loop
      vertex 16.2307 -13.3777 14
      vertex 13.3134 -13.5789 14
      vertex 14.5835 -18.3191 14
    endloop
  endfacet
  facet normal 0 0 1
    outer loop
      vertex 11.4904 -12.1076 14
      vertex 13.3134 -13.5789 14
      vertex 16.2307 -13.3777 14
    endloop
  endfacet
  facet normal -0 0 1
    outer loop
      vertex 9.65982 -9.79108 14
      vertex 11.4904 -12.1076 14
      vertex 10.2203 -7.36732 14
    endloop
  endfacet
  facet normal 0 0 1
    outer loop
      vertex 11.4904 -12.1076 14
      vertex 8.5731 -12.3087 14
      vertex 13.3134 -13.5789 14
    endloop
  endfacet
  facet normal 0 0 1
    outer loop
      vertex 9.65982 -9.79108 14
      vertex 8.5731 -12.3087 14
      vertex 11.4904 -12.1076 14
    endloop
  endfacet
  facet normal 0 0 1
    outer loop
      vertex 6.18971 -13.2612 14
      vertex 8.5731 -12.3087 14
      vertex 9.65982 -9.79108 14
    endloop
  endfacet
  facet normal -0 0 1
    outer loop
      vertex 6.18971 -13.2612 14
      vertex 5.10299 -15.7789 14
      vertex 8.5731 -12.3087 14
    endloop
  endfacet
  facet normal 0 0 1
    outer loop
      vertex 5.10299 -15.7789 14
      vertex 3.47011 -13.8048 14
      vertex 4.74026 -18.5451 14
    endloop
  endfacet
  facet normal 0 0 1
    outer loop
      vertex 6.18971 -13.2612 14
      vertex 3.47011 -13.8048 14
      vertex 5.10299 -15.7789 14
    endloop
  endfacet
  facet normal 0 0 1
    outer loop
      vertex 1.44945 -11.991 14
      vertex 3.47011 -13.8048 14
      vertex 6.18971 -13.2612 14
    endloop
  endfacet
  facet normal -0 0 1
    outer loop
      vertex -0.179301 -9.79108 14
      vertex 1.44945 -11.991 14
      vertex 0.179301 -7.25078 14
    endloop
  endfacet
  facet normal 0 0 1
    outer loop
      vertex 1.44945 -11.991 14
      vertex -1.27015 -12.5347 14
      vertex 3.47011 -13.8048 14
    endloop
  endfacet
  facet normal 0 0 1
    outer loop
      vertex -0.179301 -9.79108 14
      vertex -1.27015 -12.5347 14
      vertex 1.44945 -11.991 14
    endloop
  endfacet
  facet normal 0 0 1
    outer loop
      vertex -3.64941 -13.2612 14
      vertex -1.27015 -12.5347 14
      vertex -0.179301 -9.79108 14
    endloop
  endfacet
  facet normal -0 0 1
    outer loop
      vertex -3.64941 -13.2612 14
      vertex -4.74026 -16.0048 14
      vertex -1.27015 -12.5347 14
    endloop
  endfacet
  facet normal 0 0 1
    outer loop
      vertex -4.74026 -16.0048 14
      vertex -6.37313 -13.5789 14
      vertex -5.10299 -18.3191 14
    endloop
  endfacet
  facet normal 0 0 1
    outer loop
      vertex -3.64941 -13.2612 14
      vertex -6.37313 -13.5789 14
      vertex -4.74026 -16.0048 14
    endloop
  endfacet
  facet normal 0 0 1
    outer loop
      vertex -8.38967 -11.991 14
      vertex -6.37313 -13.5789 14
      vertex -3.64941 -13.2612 14
    endloop
  endfacet
  facet normal -0 0 1
    outer loop
      vertex -10.2203 -9.90762 14
      vertex -8.38967 -11.991 14
      vertex -9.65982 -7.25078 14
    endloop
  endfacet
  facet normal 0 0 1
    outer loop
      vertex -8.38967 -11.991 14
      vertex -11.1134 -12.3087 14
      vertex -6.37313 -13.5789 14
    endloop
  endfacet
  facet normal 0 0 1
    outer loop
      vertex -10.2203 -9.90762 14
      vertex -11.1134 -12.3087 14
      vertex -8.38967 -11.991 14
    endloop
  endfacet
  facet normal 0 0 1
    outer loop
      vertex -13.6904 -13.3777 14
      vertex -11.1134 -12.3087 14
      vertex -10.2203 -9.90762 14
    endloop
  endfacet
  facet normal -0 0 1
    outer loop
      vertex -13.6904 -13.3777 14
      vertex -14.5835 -15.7789 14
      vertex -11.1134 -12.3087 14
    endloop
  endfacet
  facet normal 0 0 1
    outer loop
      vertex -18.4307 -12.1076 14
      vertex -14.5835 -15.7789 14
      vertex -13.6904 -13.3777 14
    endloop
  endfacet
  facet normal 0 0 1
    outer loop
      vertex -18.4307 -12.1076 14
      vertex -15.8911 -20.5383 14
      vertex -14.5835 -15.7789 14
    endloop
  endfacet
  facet normal 0 0 1
    outer loop
      vertex -18.4307 -12.1076 14
      vertex -21.0069 -12.1283 14
      vertex -15.8911 -20.5383 14
    endloop
  endfacet
  facet normal 0 0 1
    outer loop
      vertex -21.0069 -12.1283 14
      vertex -18.4307 -12.1076 14
      vertex -19.7008 -7.36732 14
    endloop
  endfacet
  facet normal 0 0 1
    outer loop
      vertex 15.8911 20.5383 14
      vertex 13.3134 20.5191 14
      vertex 14.5835 15.7789 14
    endloop
  endfacet
  facet normal 0 0 1
    outer loop
      vertex 9.84113 24.0313 14
      vertex 13.3134 20.5191 14
      vertex 15.8911 20.5383 14
    endloop
  endfacet
  facet normal 0 0 1
    outer loop
      vertex 9.84113 24.0313 14
      vertex 8.5731 21.7893 14
      vertex 13.3134 20.5191 14
    endloop
  endfacet
  facet normal 0 0 1
    outer loop
      vertex 3.47011 20.7451 14
      vertex 8.5731 21.7893 14
      vertex 9.84113 24.0313 14
    endloop
  endfacet
  facet normal 0 0 1
    outer loop
      vertex 5.10299 18.3191 14
      vertex 3.47011 20.7451 14
      vertex 4.74026 16.0048 14
    endloop
  endfacet
  facet normal 0 0 1
    outer loop
      vertex 8.5731 21.7893 14
      vertex 3.47011 20.7451 14
      vertex 5.10299 18.3191 14
    endloop
  endfacet
  facet normal 0 0 1
    outer loop
      vertex 0 24.2567 14
      vertex 3.47011 20.7451 14
      vertex 9.84113 24.0313 14
    endloop
  endfacet
  facet normal 0 0 1
    outer loop
      vertex 0 24.2567 14
      vertex -1.27015 22.0152 14
      vertex 3.47011 20.7451 14
    endloop
  endfacet
  facet normal -0 0 1
    outer loop
      vertex -9.84113 24.0313 14
      vertex -1.27015 22.0152 14
      vertex 0 24.2567 14
    endloop
  endfacet
  facet normal 0 0 1
    outer loop
      vertex -4.74026 18.5451 14
      vertex -6.37313 20.5191 14
      vertex -5.10299 15.7789 14
    endloop
  endfacet
  facet normal 0 0 1
    outer loop
      vertex -1.27015 22.0152 14
      vertex -6.37313 20.5191 14
      vertex -4.74026 18.5451 14
    endloop
  endfacet
  facet normal 0 0 1
    outer loop
      vertex -1.27015 22.0152 14
      vertex -9.84113 24.0313 14
      vertex -6.37313 20.5191 14
    endloop
  endfacet
  facet normal 0 0 1
    outer loop
      vertex -9.84113 24.0313 14
      vertex -11.1134 21.7893 14
      vertex -6.37313 20.5191 14
    endloop
  endfacet
  facet normal 0 0 1
    outer loop
      vertex -15.8911 20.5383 14
      vertex -11.1134 21.7893 14
      vertex -9.84113 24.0313 14
    endloop
  endfacet
  facet normal 0 0 1
    outer loop
      vertex -11.1134 21.7893 14
      vertex -15.8911 20.5383 14
      vertex -14.5835 18.3191 14
    endloop
  endfacet
  facet normal 0 0 1
    outer loop
      vertex 11.1134 -21.7893 14
      vertex 15.8911 -20.5383 14
      vertex 14.5835 -18.3191 14
    endloop
  endfacet
  facet normal -0 0 1
    outer loop
      vertex 11.1134 -21.7893 14
      vertex 9.84113 -24.0313 14
      vertex 15.8911 -20.5383 14
    endloop
  endfacet
  facet normal 0 0 1
    outer loop
      vertex 6.37313 -20.5191 14
      vertex 9.84113 -24.0313 14
      vertex 11.1134 -21.7893 14
    endloop
  endfacet
  facet normal -0 0 1
    outer loop
      vertex 4.74026 -18.5451 14
      vertex 6.37313 -20.5191 14
      vertex 5.10299 -15.7789 14
    endloop
  endfacet
  facet normal 0 0 1
    outer loop
      vertex 1.27015 -22.0152 14
      vertex 6.37313 -20.5191 14
      vertex 4.74026 -18.5451 14
    endloop
  endfacet
  facet normal -0 0 1
    outer loop
      vertex 1.27015 -22.0152 14
      vertex 9.84113 -24.0313 14
      vertex 6.37313 -20.5191 14
    endloop
  endfacet
  facet normal 0 0 1
    outer loop
      vertex 1.27015 -22.0152 14
      vertex 0 -24.2567 14
      vertex 9.84113 -24.0313 14
    endloop
  endfacet
  facet normal 0 0 1
    outer loop
      vertex -3.47011 -20.7451 14
      vertex 0 -24.2567 14
      vertex 1.27015 -22.0152 14
    endloop
  endfacet
  facet normal -0 0 1
    outer loop
      vertex -5.10299 -18.3191 14
      vertex -3.47011 -20.7451 14
      vertex -4.74026 -16.0048 14
    endloop
  endfacet
  facet normal 0 0 1
    outer loop
      vertex -8.5731 -21.7893 14
      vertex -3.47011 -20.7451 14
      vertex -5.10299 -18.3191 14
    endloop
  endfacet
  facet normal 0 0 1
    outer loop
      vertex -9.84113 -24.0313 14
      vertex -3.47011 -20.7451 14
      vertex -8.5731 -21.7893 14
    endloop
  endfacet
  facet normal 0 0 1
    outer loop
      vertex -3.47011 -20.7451 14
      vertex -9.84113 -24.0313 14
      vertex 0 -24.2567 14
    endloop
  endfacet
  facet normal 0 0 1
    outer loop
      vertex -13.3134 -20.5191 14
      vertex -9.84113 -24.0313 14
      vertex -8.5731 -21.7893 14
    endloop
  endfacet
  facet normal 0 0 1
    outer loop
      vertex -13.3134 -20.5191 14
      vertex -15.8911 -20.5383 14
      vertex -9.84113 -24.0313 14
    endloop
  endfacet
  facet normal 0 0 1
    outer loop
      vertex -15.8911 -20.5383 14
      vertex -13.3134 -20.5191 14
      vertex -14.5835 -15.7789 14
    endloop
  endfacet
  facet normal -0.85759 -0.500012 -0.12053
    outer loop
      vertex -13.923 0 2.03
      vertex -16.083 1.0631 12.9885
      vertex -15.77 3.16786 2.03
    endloop
  endfacet
  facet normal -0.857566 -0.500056 -0.120521
    outer loop
      vertex -16.083 1.0631 12.9885
      vertex -13.923 0 2.03
      vertex -15.8298 0.571588 13.2262
    endloop
  endfacet
  facet normal -0.857591 -0.500012 -0.120528
    outer loop
      vertex -15.8298 0.571588 13.2262
      vertex -13.923 0 2.03
      vertex -15.5354 0 13.5027
    endloop
  endfacet
  facet normal -0.857615 0.499972 -0.120522
    outer loop
      vertex -15.77 -3.16786 2.03
      vertex -16.6511 -2.08304 12.8
      vertex -16.0776 -1.0993 12.8
    endloop
  endfacet
  facet normal -0.857649 0.499913 -0.120519
    outer loop
      vertex -15.9636 -3.5 2.03
      vertex -16.6511 -2.08304 12.8
      vertex -15.77 -3.16786 2.03
    endloop
  endfacet
  facet normal -0.857601 0.499995 -0.120527
    outer loop
      vertex -16.6511 -2.08304 12.8
      vertex -15.9636 -3.5 2.03
      vertex -17.5705 -3.5 13.4638
    endloop
  endfacet
  facet normal -0.857648 -0.499912 -0.120534
    outer loop
      vertex -17.1848 2.99832 12.8
      vertex -15.9636 3.5 2.03
      vertex -15.77 3.16786 2.03
    endloop
  endfacet
  facet normal -0.857584 -0.500023 -0.120529
    outer loop
      vertex -15.9636 3.5 2.03
      vertex -17.2875 3.13263 12.9738
      vertex -17.5685 3.5 13.4491
    endloop
  endfacet
  facet normal -0.857683 -0.499851 -0.120536
    outer loop
      vertex -15.9636 3.5 2.03
      vertex -17.1848 2.99832 12.8
      vertex -17.2875 3.13263 12.9738
    endloop
  endfacet
  facet normal -0.857584 -0.500023 -0.120528
    outer loop
      vertex -15.77 3.16786 2.03
      vertex -16.2836 1.45268 12.8
      vertex -17.1848 2.99832 12.8
    endloop
  endfacet
  facet normal -0.857643 -0.499924 -0.120515
    outer loop
      vertex -16.2836 1.45268 12.8
      vertex -15.77 3.16786 2.03
      vertex -16.083 1.0631 12.9885
    endloop
  endfacet
  facet normal -0.857554 0.500076 -0.120523
    outer loop
      vertex -13.923 0 2.03
      vertex -15.699 -0.409489 12.9677
      vertex -15.5354 0 13.5027
    endloop
  endfacet
  facet normal -0.857522 0.500131 -0.120515
    outer loop
      vertex -13.923 0 2.03
      vertex -15.7503 -0.537858 12.8
      vertex -15.699 -0.409489 12.9677
    endloop
  endfacet
  facet normal -0.857619 0.49996 -0.12054
    outer loop
      vertex -13.923 0 2.03
      vertex -16.0776 -1.0993 12.8
      vertex -15.7503 -0.537858 12.8
    endloop
  endfacet
  facet normal -0.85759 0.500012 -0.120529
    outer loop
      vertex -16.0776 -1.0993 12.8
      vertex -13.923 0 2.03
      vertex -15.77 -3.16786 2.03
    endloop
  endfacet
  facet normal 0.857618 -0.499963 0.120533
    outer loop
      vertex -22.3845 2.08304 12.8
      vertex -20.0448 3.5 2.03
      vertex -21.6515 3.5 13.462
    endloop
  endfacet
  facet normal 0.857592 -0.500009 0.120524
    outer loop
      vertex -22.0854 0 2.03
      vertex -22.3845 2.08304 12.8
      vertex -23.2854 0.537858 12.8
    endloop
  endfacet
  facet normal 0.85759 -0.500013 0.120524
    outer loop
      vertex -22.0854 0 2.03
      vertex -23.2854 0.537858 12.8
      vertex -23.6974 0 13.5002
    endloop
  endfacet
  facet normal 0.857596 -0.500003 0.120523
    outer loop
      vertex -22.3845 2.08304 12.8
      vertex -22.0854 0 2.03
      vertex -20.0448 3.5 2.03
    endloop
  endfacet
  facet normal 0 1 0
    outer loop
      vertex -20.0448 -3.5 2.03
      vertex -18.0681 -3.5 12.8
      vertex -15.9636 -3.5 2.03
    endloop
  endfacet
  facet normal 0 1 0
    outer loop
      vertex -15.9636 -3.5 2.03
      vertex -18.0681 -3.5 12.8
      vertex -17.5705 -3.5 13.4638
    endloop
  endfacet
  facet normal 0 1 -0
    outer loop
      vertex -20.0448 -3.5 2.03
      vertex -21.0248 -3.5 13.206
      vertex -19.9786 -3.5 12.8
    endloop
  endfacet
  facet normal 0 1 0
    outer loop
      vertex -18.0681 -3.5 12.8
      vertex -20.0448 -3.5 2.03
      vertex -19.9786 -3.5 12.8
    endloop
  endfacet
  facet normal 0 1 0
    outer loop
      vertex -21.0248 -3.5 13.206
      vertex -20.0448 -3.5 2.03
      vertex -21.6496 -3.5 13.4484
    endloop
  endfacet
  facet normal 0.857611 0.499977 0.120527
    outer loop
      vertex -22.7521 -1.45268 12.8
      vertex -22.0854 0 2.03
      vertex -23.6974 0 13.5002
    endloop
  endfacet
  facet normal 0.857585 0.500023 0.120523
    outer loop
      vertex -20.0448 -3.5 2.03
      vertex -22.7521 -1.45268 12.8
      vertex -21.8509 -2.99832 12.8
    endloop
  endfacet
  facet normal 0.857628 0.499946 0.120534
    outer loop
      vertex -20.0448 -3.5 2.03
      vertex -21.8509 -2.99832 12.8
      vertex -21.7969 -3.13288 12.9739
    endloop
  endfacet
  facet normal 0.857648 0.49991 0.120538
    outer loop
      vertex -20.0448 -3.5 2.03
      vertex -21.7969 -3.13288 12.9739
      vertex -21.6496 -3.5 13.4484
    endloop
  endfacet
  facet normal 0.857595 0.500003 0.12053
    outer loop
      vertex -22.7521 -1.45268 12.8
      vertex -20.0448 -3.5 2.03
      vertex -22.0854 0 2.03
    endloop
  endfacet
  facet normal 0 -1 0
    outer loop
      vertex -20.9676 3.5 12.8
      vertex -20.0448 3.5 2.03
      vertex -19.0571 3.5 12.8
    endloop
  endfacet
  facet normal 0 -1 0
    outer loop
      vertex -20.0448 3.5 2.03
      vertex -20.9676 3.5 12.8
      vertex -21.6515 3.5 13.462
    endloop
  endfacet
  facet normal 0 -1 0
    outer loop
      vertex -15.9636 3.5 2.03
      vertex -19.0571 3.5 12.8
      vertex -20.0448 3.5 2.03
    endloop
  endfacet
  facet normal 0 -1 0
    outer loop
      vertex -19.0571 3.5 12.8
      vertex -15.9636 3.5 2.03
      vertex -18.126 3.5 13.206
    endloop
  endfacet
  facet normal 0 -1 0
    outer loop
      vertex -18.126 3.5 13.206
      vertex -15.9636 3.5 2.03
      vertex -17.5685 3.5 13.4491
    endloop
  endfacet
  facet normal -0.624765 0.624763 0.468337
    outer loop
      vertex -14.9462 -1.27015 13.99
      vertex -15.6141 -1.046 12.8
      vertex -18.4163 -4.74026 13.99
    endloop
  endfacet
  facet normal -0.222575 -0.83062 0.510422
    outer loop
      vertex -19.0571 3.5 12.8
      vertex -20.9566 4.74026 13.99
      vertex -20.5638 3.90374 12.8
    endloop
  endfacet
  facet normal -0.222569 -0.830617 0.510429
    outer loop
      vertex -20.9566 4.74026 13.99
      vertex -19.0571 3.5 12.8
      vertex -18.126 3.5 13.206
    endloop
  endfacet
  facet normal -0.222549 -0.830641 0.5104
    outer loop
      vertex -17.1848 2.99832 12.8
      vertex -16.6601 2.85774 12.8
      vertex -17.2875 3.13263 12.9738
    endloop
  endfacet
  facet normal -0.866231 -0.232128 0.442449
    outer loop
      vertex -15.5354 0 13.5027
      vertex -16.2164 3.47011 13.99
      vertex -15.8298 0.571588 13.2262
    endloop
  endfacet
  facet normal -0.866229 -0.232114 0.442459
    outer loop
      vertex -14.9462 -1.27015 13.99
      vertex -15.699 -0.409489 12.9677
      vertex -15.6141 -1.046 12.8
    endloop
  endfacet
  facet normal -0.866267 -0.232125 0.442379
    outer loop
      vertex -15.5354 0 13.5027
      vertex -14.9462 -1.27015 13.99
      vertex -16.2164 3.47011 13.99
    endloop
  endfacet
  facet normal -0.866222 -0.232057 0.442502
    outer loop
      vertex -15.699 -0.409489 12.9677
      vertex -14.9462 -1.27015 13.99
      vertex -15.5354 0 13.5027
    endloop
  endfacet
  facet normal 0.570945 -0.57103 0.58987
    outer loop
      vertex -20.9566 4.74026 13.99
      vertex -20.9676 3.5 12.8
      vertex -20.5638 3.90374 12.8
    endloop
  endfacet
  facet normal 0.570969 -0.571018 0.589858
    outer loop
      vertex -20.9566 4.74026 13.99
      vertex -21.6515 3.5 13.462
      vertex -20.9676 3.5 12.8
    endloop
  endfacet
  facet normal 0.570997 -0.570969 0.589878
    outer loop
      vertex -24.4267 1.27015 13.99
      vertex -22.3845 2.08304 12.8
      vertex -21.6515 3.5 13.462
    endloop
  endfacet
  facet normal 0.571026 -0.571024 0.589797
    outer loop
      vertex -24.4267 1.27015 13.99
      vertex -21.6515 3.5 13.462
      vertex -20.9566 4.74026 13.99
    endloop
  endfacet
  facet normal 0.570991 -0.571024 0.589831
    outer loop
      vertex -22.3845 2.08304 12.8
      vertex -24.4267 1.27015 13.99
      vertex -23.4216 1.046 12.8
    endloop
  endfacet
  facet normal -0.86612 -0.232151 0.442653
    outer loop
      vertex -15.6141 -1.046 12.8
      vertex -15.699 -0.409489 12.9677
      vertex -15.7503 -0.537858 12.8
    endloop
  endfacet
  facet normal -0.866242 -0.232118 0.442432
    outer loop
      vertex -16.2836 1.45268 12.8
      vertex -16.2164 3.47011 13.99
      vertex -16.6601 2.85774 12.8
    endloop
  endfacet
  facet normal -0.866313 -0.232054 0.442327
    outer loop
      vertex -16.083 1.0631 12.9885
      vertex -16.2164 3.47011 13.99
      vertex -16.2836 1.45268 12.8
    endloop
  endfacet
  facet normal -0.866152 -0.232154 0.442588
    outer loop
      vertex -16.2164 3.47011 13.99
      vertex -16.083 1.0631 12.9885
      vertex -15.8298 0.571588 13.2262
    endloop
  endfacet
  facet normal 0.965928 0.25881 0
    outer loop
      vertex -23.1566 -3.47011 14
      vertex -24.4267 1.27015 13.99
      vertex -24.4267 1.27015 14
    endloop
  endfacet
  facet normal 0.965928 0.25881 0
    outer loop
      vertex -24.4267 1.27015 13.99
      vertex -23.1566 -3.47011 14
      vertex -23.1566 -3.47011 13.99
    endloop
  endfacet
  facet normal -0.965923 -0.258829 0
    outer loop
      vertex -14.9462 -1.27015 13.99
      vertex -16.2164 3.47011 14
      vertex -16.2164 3.47011 13.99
    endloop
  endfacet
  facet normal -0.965923 -0.258829 0
    outer loop
      vertex -16.2164 3.47011 14
      vertex -14.9462 -1.27015 13.99
      vertex -14.9462 -1.27015 14
    endloop
  endfacet
  facet normal 0.258817 0.965926 -0
    outer loop
      vertex -18.4163 -4.74026 13.99
      vertex -23.1566 -3.47011 14
      vertex -18.4163 -4.74026 14
    endloop
  endfacet
  facet normal 0.258817 0.965926 0
    outer loop
      vertex -23.1566 -3.47011 14
      vertex -18.4163 -4.74026 13.99
      vertex -23.1566 -3.47011 13.99
    endloop
  endfacet
  facet normal -0.624753 0.62476 0.468356
    outer loop
      vertex -15.6141 -1.046 12.8
      vertex -17.5705 -3.5 13.4638
      vertex -18.4163 -4.74026 13.99
    endloop
  endfacet
  facet normal -0.624799 0.624775 0.468275
    outer loop
      vertex -17.5705 -3.5 13.4638
      vertex -15.6141 -1.046 12.8
      vertex -16.6511 -2.08304 12.8
    endloop
  endfacet
  facet normal -0.624766 0.624761 0.468339
    outer loop
      vertex -18.0681 -3.5 12.8
      vertex -18.4163 -4.74026 13.99
      vertex -17.5705 -3.5 13.4638
    endloop
  endfacet
  facet normal -0.624806 0.624744 0.468309
    outer loop
      vertex -18.4163 -4.74026 13.99
      vertex -18.0681 -3.5 12.8
      vertex -18.4718 -3.90374 12.8
    endloop
  endfacet
  facet normal 0.215321 0.8036 0.554855
    outer loop
      vertex -19.9786 -3.5 12.8
      vertex -18.4163 -4.74026 13.99
      vertex -18.4718 -3.90374 12.8
    endloop
  endfacet
  facet normal 0.215323 0.803601 0.554853
    outer loop
      vertex -18.4163 -4.74026 13.99
      vertex -19.9786 -3.5 12.8
      vertex -21.0248 -3.5 13.206
    endloop
  endfacet
  facet normal 0.215293 0.80356 0.554923
    outer loop
      vertex -21.7969 -3.13288 12.9739
      vertex -21.8509 -2.99832 12.8
      vertex -22.3756 -2.85774 12.8
    endloop
  endfacet
  facet normal 0 0 1
    outer loop
      vertex -16.0776 -1.0993 12.8
      vertex -15.6141 -1.046 12.8
      vertex -15.7503 -0.537858 12.8
    endloop
  endfacet
  facet normal 0 0 1
    outer loop
      vertex -15.6141 -1.046 12.8
      vertex -16.0776 -1.0993 12.8
      vertex -16.6511 -2.08304 12.8
    endloop
  endfacet
  facet normal 0 0 1
    outer loop
      vertex -19.0571 3.5 12.8
      vertex -20.5638 3.90374 12.8
      vertex -20.9676 3.5 12.8
    endloop
  endfacet
  facet normal 0 0 1
    outer loop
      vertex -16.2836 1.45268 12.8
      vertex -16.6601 2.85774 12.8
      vertex -17.1848 2.99832 12.8
    endloop
  endfacet
  facet normal 0 -0 1
    outer loop
      vertex -18.4718 -3.90374 12.8
      vertex -18.0681 -3.5 12.8
      vertex -19.9786 -3.5 12.8
    endloop
  endfacet
  facet normal -0 -0 1
    outer loop
      vertex -22.3756 -2.85774 12.8
      vertex -21.8509 -2.99832 12.8
      vertex -22.7521 -1.45268 12.8
    endloop
  endfacet
  facet normal 0 -0 1
    outer loop
      vertex -23.2854 0.537858 12.8
      vertex -22.3845 2.08304 12.8
      vertex -23.4216 1.046 12.8
    endloop
  endfacet
  facet normal -0.222564 -0.830607 0.510448
    outer loop
      vertex -20.9566 4.74026 13.99
      vertex -17.5685 3.5 13.4491
      vertex -16.2164 3.47011 13.99
    endloop
  endfacet
  facet normal -0.222572 -0.83062 0.510424
    outer loop
      vertex -17.5685 3.5 13.4491
      vertex -20.9566 4.74026 13.99
      vertex -18.126 3.5 13.206
    endloop
  endfacet
  facet normal -0.222556 -0.830621 0.510429
    outer loop
      vertex -17.2875 3.13263 12.9738
      vertex -16.2164 3.47011 13.99
      vertex -17.5685 3.5 13.4491
    endloop
  endfacet
  facet normal -0.222541 -0.830633 0.510417
    outer loop
      vertex -16.2164 3.47011 13.99
      vertex -17.2875 3.13263 12.9738
      vertex -16.6601 2.85774 12.8
    endloop
  endfacet
  facet normal 0.215331 0.803631 0.554806
    outer loop
      vertex -18.4163 -4.74026 13.99
      vertex -21.6496 -3.5 13.4484
      vertex -23.1566 -3.47011 13.99
    endloop
  endfacet
  facet normal 0.215288 0.803567 0.554916
    outer loop
      vertex -21.6496 -3.5 13.4484
      vertex -18.4163 -4.74026 13.99
      vertex -21.0248 -3.5 13.206
    endloop
  endfacet
  facet normal 0.215313 0.803579 0.554888
    outer loop
      vertex -22.3756 -2.85774 12.8
      vertex -21.6496 -3.5 13.4484
      vertex -21.7969 -3.13288 12.9739
    endloop
  endfacet
  facet normal 0.215349 0.80359 0.554859
    outer loop
      vertex -21.6496 -3.5 13.4484
      vertex -22.3756 -2.85774 12.8
      vertex -23.1566 -3.47011 13.99
    endloop
  endfacet
  facet normal 0.766398 0.205348 0.60866
    outer loop
      vertex -23.1566 -3.47011 13.99
      vertex -22.3756 -2.85774 12.8
      vertex -24.4267 1.27015 13.99
    endloop
  endfacet
  facet normal 0.766403 0.205423 0.608627
    outer loop
      vertex -24.4267 1.27015 13.99
      vertex -23.2854 0.537858 12.8
      vertex -23.4216 1.046 12.8
    endloop
  endfacet
  facet normal 0.766392 0.205331 0.608673
    outer loop
      vertex -24.4267 1.27015 13.99
      vertex -23.6974 0 13.5002
      vertex -23.2854 0.537858 12.8
    endloop
  endfacet
  facet normal 0.766419 0.20537 0.608625
    outer loop
      vertex -23.6974 0 13.5002
      vertex -22.3756 -2.85774 12.8
      vertex -22.7521 -1.45268 12.8
    endloop
  endfacet
  facet normal 0.766433 0.205381 0.608605
    outer loop
      vertex -22.3756 -2.85774 12.8
      vertex -23.6974 0 13.5002
      vertex -24.4267 1.27015 13.99
    endloop
  endfacet
  facet normal -0.258822 -0.965925 0
    outer loop
      vertex -20.9566 4.74026 13.99
      vertex -16.2164 3.47011 14
      vertex -20.9566 4.74026 14
    endloop
  endfacet
  facet normal -0.258822 -0.965925 -0
    outer loop
      vertex -16.2164 3.47011 14
      vertex -20.9566 4.74026 13.99
      vertex -16.2164 3.47011 13.99
    endloop
  endfacet
  facet normal 0.707108 -0.707106 0
    outer loop
      vertex -24.4267 1.27015 14
      vertex -20.9566 4.74026 13.99
      vertex -20.9566 4.74026 14
    endloop
  endfacet
  facet normal 0.707108 -0.707106 0
    outer loop
      vertex -20.9566 4.74026 13.99
      vertex -24.4267 1.27015 14
      vertex -24.4267 1.27015 13.99
    endloop
  endfacet
  facet normal -0.707108 0.707106 0
    outer loop
      vertex -18.4163 -4.74026 13.99
      vertex -14.9462 -1.27015 14
      vertex -14.9462 -1.27015 13.99
    endloop
  endfacet
  facet normal -0.707108 0.707106 0
    outer loop
      vertex -14.9462 -1.27015 14
      vertex -18.4163 -4.74026 13.99
      vertex -18.4163 -4.74026 14
    endloop
  endfacet
  facet normal 0.8639 -0.503663 0
    outer loop
      vertex -20.4627 0 0.98
      vertex -19.2373 2.10185 0
      vertex -19.2373 2.10185 0.98
    endloop
  endfacet
  facet normal 0.8639 -0.503663 0
    outer loop
      vertex -19.2373 2.10185 0
      vertex -20.4627 0 0.98
      vertex -20.4627 0 0
    endloop
  endfacet
  facet normal -0.863882 0.503693 0
    outer loop
      vertex -16.7627 -2.10185 0
      vertex -15.5372 0 0.98
      vertex -15.5372 0 0
    endloop
  endfacet
  facet normal -0.863882 0.503693 0
    outer loop
      vertex -15.5372 0 0.98
      vertex -16.7627 -2.10185 0
      vertex -16.7627 -2.10185 0.98
    endloop
  endfacet
  facet normal 0 -1 0
    outer loop
      vertex -19.2373 2.10185 0
      vertex -16.7627 2.10185 0.98
      vertex -19.2373 2.10185 0.98
    endloop
  endfacet
  facet normal 0 -1 -0
    outer loop
      vertex -16.7627 2.10185 0.98
      vertex -19.2373 2.10185 0
      vertex -16.7627 2.10185 0
    endloop
  endfacet
  facet normal 0.8639 0.503663 0
    outer loop
      vertex -19.2373 -2.10185 0.98
      vertex -20.4627 0 0
      vertex -20.4627 0 0.98
    endloop
  endfacet
  facet normal 0.8639 0.503663 0
    outer loop
      vertex -20.4627 0 0
      vertex -19.2373 -2.10185 0.98
      vertex -19.2373 -2.10185 0
    endloop
  endfacet
  facet normal 0 1 -0
    outer loop
      vertex -16.7627 -2.10185 0
      vertex -19.2373 -2.10185 0.98
      vertex -16.7627 -2.10185 0.98
    endloop
  endfacet
  facet normal 0 1 0
    outer loop
      vertex -19.2373 -2.10185 0.98
      vertex -16.7627 -2.10185 0
      vertex -19.2373 -2.10185 0
    endloop
  endfacet
  facet normal -0.863882 -0.503693 0
    outer loop
      vertex -15.5372 0 0
      vertex -16.7627 2.10185 0.98
      vertex -16.7627 2.10185 0
    endloop
  endfacet
  facet normal -0.863882 -0.503693 0
    outer loop
      vertex -16.7627 2.10185 0.98
      vertex -15.5372 0 0
      vertex -15.5372 0 0.98
    endloop
  endfacet
  facet normal -0.863892 -0.503676 0
    outer loop
      vertex -13.8841 0 1.99
      vertex -15.9422 3.53 2.03
      vertex -15.9422 3.53 1.99
    endloop
  endfacet
  facet normal -0.863892 -0.503676 0
    outer loop
      vertex -15.9422 3.53 2.03
      vertex -13.8841 0 1.99
      vertex -13.8841 0 2.03
    endloop
  endfacet
  facet normal -0.863892 0.503676 0
    outer loop
      vertex -15.9422 -3.53 1.99
      vertex -13.8841 0 2.03
      vertex -13.8841 0 1.99
    endloop
  endfacet
  facet normal -0.863892 0.503676 0
    outer loop
      vertex -13.8841 0 2.03
      vertex -15.9422 -3.53 1.99
      vertex -15.9422 -3.53 2.03
    endloop
  endfacet
  facet normal 0.498808 -0.290821 0.816464
    outer loop
      vertex -20.4627 0 0.98
      vertex -20.0578 3.53 1.99
      vertex -22.1159 0 1.99
    endloop
  endfacet
  facet normal 0.863892 0.503676 0
    outer loop
      vertex -20.0578 -3.53 2.03
      vertex -22.1159 0 1.99
      vertex -22.1159 0 2.03
    endloop
  endfacet
  facet normal 0.863892 0.503676 0
    outer loop
      vertex -22.1159 0 1.99
      vertex -20.0578 -3.53 2.03
      vertex -20.0578 -3.53 1.99
    endloop
  endfacet
  facet normal 0 1 -0
    outer loop
      vertex -15.9422 -3.53 1.99
      vertex -20.0578 -3.53 2.03
      vertex -15.9422 -3.53 2.03
    endloop
  endfacet
  facet normal 0 1 0
    outer loop
      vertex -20.0578 -3.53 2.03
      vertex -15.9422 -3.53 1.99
      vertex -20.0578 -3.53 1.99
    endloop
  endfacet
  facet normal 0.863892 -0.503676 0
    outer loop
      vertex -22.1159 0 2.03
      vertex -20.0578 3.53 1.99
      vertex -20.0578 3.53 2.03
    endloop
  endfacet
  facet normal 0.863892 -0.503676 0
    outer loop
      vertex -20.0578 3.53 1.99
      vertex -22.1159 0 2.03
      vertex -22.1159 0 1.99
    endloop
  endfacet
  facet normal -0.498807 -0.290833 0.81646
    outer loop
      vertex -15.5372 0 0.98
      vertex -15.9422 3.53 1.99
      vertex -16.7627 2.10185 0.98
    endloop
  endfacet
  facet normal -0.498807 0.290833 0.81646
    outer loop
      vertex -15.9422 -3.53 1.99
      vertex -15.5372 0 0.98
      vertex -16.7627 -2.10185 0.98
    endloop
  endfacet
  facet normal -0 0 -1
    outer loop
      vertex -13.8841 0 2.03
      vertex -15.77 -3.16786 2.03
      vertex -13.923 0 2.03
    endloop
  endfacet
  facet normal 0 0 -1
    outer loop
      vertex -15.9422 -3.53 2.03
      vertex -15.77 -3.16786 2.03
      vertex -13.8841 0 2.03
    endloop
  endfacet
  facet normal 0 0 -1
    outer loop
      vertex -15.9422 -3.53 2.03
      vertex -15.9636 -3.5 2.03
      vertex -15.77 -3.16786 2.03
    endloop
  endfacet
  facet normal 0 0 -1
    outer loop
      vertex -20.0578 -3.53 2.03
      vertex -15.9636 -3.5 2.03
      vertex -15.9422 -3.53 2.03
    endloop
  endfacet
  facet normal -0 0 -1
    outer loop
      vertex -15.9636 -3.5 2.03
      vertex -20.0578 -3.53 2.03
      vertex -20.0448 -3.5 2.03
    endloop
  endfacet
  facet normal 0 0 -1
    outer loop
      vertex -22.1159 0 2.03
      vertex -20.0448 -3.5 2.03
      vertex -20.0578 -3.53 2.03
    endloop
  endfacet
  facet normal 0 0 -1
    outer loop
      vertex -20.0448 -3.5 2.03
      vertex -22.1159 0 2.03
      vertex -22.0854 0 2.03
    endloop
  endfacet
  facet normal 0 0 -1
    outer loop
      vertex -15.77 3.16786 2.03
      vertex -13.8841 0 2.03
      vertex -13.923 0 2.03
    endloop
  endfacet
  facet normal 0 0 -1
    outer loop
      vertex -15.77 3.16786 2.03
      vertex -15.9422 3.53 2.03
      vertex -13.8841 0 2.03
    endloop
  endfacet
  facet normal 0 0 -1
    outer loop
      vertex -15.9636 3.5 2.03
      vertex -15.9422 3.53 2.03
      vertex -15.77 3.16786 2.03
    endloop
  endfacet
  facet normal 0 0 -1
    outer loop
      vertex -20.0578 3.53 2.03
      vertex -15.9636 3.5 2.03
      vertex -20.0448 3.5 2.03
    endloop
  endfacet
  facet normal 0 0 -1
    outer loop
      vertex -15.9636 3.5 2.03
      vertex -20.0578 3.53 2.03
      vertex -15.9422 3.53 2.03
    endloop
  endfacet
  facet normal 0 0 -1
    outer loop
      vertex -22.1159 0 2.03
      vertex -20.0448 3.5 2.03
      vertex -22.0854 0 2.03
    endloop
  endfacet
  facet normal -0 0 -1
    outer loop
      vertex -20.0448 3.5 2.03
      vertex -22.1159 0 2.03
      vertex -20.0578 3.53 2.03
    endloop
  endfacet
  facet normal 0 -1 0
    outer loop
      vertex -20.0578 3.53 1.99
      vertex -15.9422 3.53 2.03
      vertex -20.0578 3.53 2.03
    endloop
  endfacet
  facet normal 0 -1 -0
    outer loop
      vertex -15.9422 3.53 2.03
      vertex -20.0578 3.53 1.99
      vertex -15.9422 3.53 1.99
    endloop
  endfacet
  facet normal -0 0.577406 0.816457
    outer loop
      vertex -19.2373 -2.10185 0.98
      vertex -15.9422 -3.53 1.99
      vertex -16.7627 -2.10185 0.98
    endloop
  endfacet
  facet normal 0 0.577406 0.816457
    outer loop
      vertex -15.9422 -3.53 1.99
      vertex -19.2373 -2.10185 0.98
      vertex -20.0578 -3.53 1.99
    endloop
  endfacet
  facet normal 0.498808 0.290821 0.816464
    outer loop
      vertex -20.0578 -3.53 1.99
      vertex -20.4627 0 0.98
      vertex -22.1159 0 1.99
    endloop
  endfacet
  facet normal 0.498824 0.29082 0.816455
    outer loop
      vertex -20.0578 -3.53 1.99
      vertex -19.2373 -2.10185 0.98
      vertex -20.4627 0 0.98
    endloop
  endfacet
  facet normal 0 -0.577406 0.816457
    outer loop
      vertex -15.9422 3.53 1.99
      vertex -19.2373 2.10185 0.98
      vertex -16.7627 2.10185 0.98
    endloop
  endfacet
  facet normal 0 -0.577406 0.816457
    outer loop
      vertex -19.2373 2.10185 0.98
      vertex -15.9422 3.53 1.99
      vertex -20.0578 3.53 1.99
    endloop
  endfacet
  facet normal -0.498828 -0.290832 0.816448
    outer loop
      vertex -15.5372 0 0.98
      vertex -13.8841 0 1.99
      vertex -15.9422 3.53 1.99
    endloop
  endfacet
  facet normal -0.498828 0.290832 0.816448
    outer loop
      vertex -13.8841 0 1.99
      vertex -15.5372 0 0.98
      vertex -15.9422 -3.53 1.99
    endloop
  endfacet
  facet normal 0.498824 -0.29082 0.816455
    outer loop
      vertex -19.2373 2.10185 0.98
      vertex -20.0578 3.53 1.99
      vertex -20.4627 0 0.98
    endloop
  endfacet
  facet normal -0.500008 -0.866021 -1.3781e-06
    outer loop
      vertex -13.5208 11.8477 2.03
      vertex -13.4635 11.8146 12.8
      vertex -14.9106 12.6501 13.4484
    endloop
  endfacet
  facet normal -0.499991 -0.866031 -1.4991e-06
    outer loop
      vertex -13.0831 11.595 2.03
      vertex -13.4635 11.8146 12.8
      vertex -13.5208 11.8477 2.03
    endloop
  endfacet
  facet normal -0.5 -0.866026 -1.91839e-06
    outer loop
      vertex -13.4635 11.8146 12.8
      vertex -13.0831 11.595 2.03
      vertex -12.3368 11.1641 12.8
    endloop
  endfacet
  facet normal 0.492648 -0.861839 0.120541
    outer loop
      vertex -15.7735 12.0661 12.8
      vertex -16.5414 10.1208 2.03
      vertex -15.3358 12.3163 12.8
    endloop
  endfacet
  facet normal 0.492703 -0.86181 0.120529
    outer loop
      vertex -13.5208 11.8477 2.03
      vertex -15.3358 12.3163 12.8
      vertex -16.5414 10.1208 2.03
    endloop
  endfacet
  facet normal 0.492736 -0.86179 0.120534
    outer loop
      vertex -15.3358 12.3163 12.8
      vertex -13.5208 11.8477 2.03
      vertex -14.9106 12.6501 13.4484
    endloop
  endfacet
  facet normal -0.992701 -0.00423061 -0.120528
    outer loop
      vertex -9.98645 9.80713 2.03
      vertex -11.3457 9.98796 13.2188
      vertex -11.3781 10.6106 13.4638
    endloop
  endfacet
  facet normal -0.992701 -0.00424601 -0.120528
    outer loop
      vertex -9.98645 9.80713 2.03
      vertex -11.2903 8.92376 12.8
      vertex -11.3457 9.98796 13.2188
    endloop
  endfacet
  facet normal -0.992701 -0.00421812 -0.120526
    outer loop
      vertex -9.98645 9.80713 2.03
      vertex -11.2827 7.13516 12.8
      vertex -11.2903 8.92376 12.8
    endloop
  endfacet
  facet normal -0.992701 -0.00421448 -0.120525
    outer loop
      vertex -9.96925 5.75575 2.03
      vertex -11.2827 7.13516 12.8
      vertex -9.98645 9.80713 2.03
    endloop
  endfacet
  facet normal -0.992701 -0.00418722 -0.120528
    outer loop
      vertex -11.2827 7.13516 12.8
      vertex -9.96925 5.75575 2.03
      vertex -11.3656 6.56195 13.5027
    endloop
  endfacet
  facet normal -0.499969 -0.866044 -4.78545e-06
    outer loop
      vertex -12.3368 11.1641 12.8
      vertex -13.0831 11.595 2.03
      vertex -11.809 10.8594 12.8
    endloop
  endfacet
  facet normal -0.499932 -0.866065 1.6999e-05
    outer loop
      vertex -9.98645 9.80713 2.03
      vertex -11.6905 10.791 12.9824
      vertex -11.809 10.8594 12.8
    endloop
  endfacet
  facet normal -0.500004 -0.866023 7.64131e-07
    outer loop
      vertex -9.98645 9.80713 2.03
      vertex -11.809 10.8594 12.8
      vertex -13.0831 11.595 2.03
    endloop
  endfacet
  facet normal -0.500063 -0.865989 -1.01325e-05
    outer loop
      vertex -11.6905 10.791 12.9824
      vertex -9.98645 9.80713 2.03
      vertex -11.3781 10.6106 13.4638
    endloop
  endfacet
  facet normal -0.492694 0.861815 -0.120526
    outer loop
      vertex -13.4865 3.74496 2.03
      vertex -12.7399 5.67798 12.8
      vertex -9.96925 5.75575 2.03
    endloop
  endfacet
  facet normal -0.492702 0.861811 -0.120528
    outer loop
      vertex -9.96925 5.75575 2.03
      vertex -12.7399 5.67798 12.8
      vertex -11.3656 6.56195 13.5027
    endloop
  endfacet
  facet normal -0.492499 0.861928 -0.120519
    outer loop
      vertex -13.4865 3.74496 2.03
      vertex -14.4493 4.72504 12.9738
      vertex -14.2931 4.78999 12.8
    endloop
  endfacet
  facet normal -0.492709 0.861807 -0.120523
    outer loop
      vertex -12.7399 5.67798 12.8
      vertex -13.4865 3.74496 2.03
      vertex -14.2931 4.78999 12.8
    endloop
  endfacet
  facet normal -0.492725 0.861798 -0.120527
    outer loop
      vertex -14.4493 4.72504 12.9738
      vertex -13.4865 3.74496 2.03
      vertex -14.8763 4.54738 13.4491
    endloop
  endfacet
  facet normal 0.499995 0.866029 -2.29777e-06
    outer loop
      vertex -13.4865 3.74496 2.03
      vertex -15.3591 4.82612 13.206
      vertex -14.8763 4.54738 13.4491
    endloop
  endfacet
  facet normal 0.500025 0.866011 4.39782e-06
    outer loop
      vertex -13.4865 3.74496 2.03
      vertex -16.1654 5.29167 12.8
      vertex -15.3591 4.82612 13.206
    endloop
  endfacet
  facet normal 0.500081 0.865979 2.30106e-05
    outer loop
      vertex -13.8381 3.948 2.03
      vertex -16.1654 5.29167 12.8
      vertex -13.4865 3.74496 2.03
    endloop
  endfacet
  facet normal 0.499977 0.866039 -6.8315e-06
    outer loop
      vertex -16.1654 5.29167 12.8
      vertex -13.8381 3.948 2.03
      vertex -17.3393 5.96938 12.8
    endloop
  endfacet
  facet normal 0.492711 -0.861806 0.120527
    outer loop
      vertex -17.038 9.83692 2.03
      vertex -17.8284 10.9508 13.2257
      vertex -18.4341 10.6429 13.5002
    endloop
  endfacet
  facet normal 0.492725 -0.861798 0.120527
    outer loop
      vertex -17.038 9.83692 2.03
      vertex -16.8891 11.4283 12.8
      vertex -17.8284 10.9508 13.2257
    endloop
  endfacet
  facet normal 0.492664 -0.861832 0.120533
    outer loop
      vertex -16.5414 10.1208 2.03
      vertex -16.8891 11.4283 12.8
      vertex -17.038 9.83692 2.03
    endloop
  endfacet
  facet normal 0.492705 -0.861809 0.120532
    outer loop
      vertex -16.8891 11.4283 12.8
      vertex -16.5414 10.1208 2.03
      vertex -15.7735 12.0661 12.8
    endloop
  endfacet
  facet normal 0.992701 0.00421768 0.120531
    outer loop
      vertex -18.3673 10.1322 12.9679
      vertex -17.038 9.83692 2.03
      vertex -18.4341 10.6429 13.5002
    endloop
  endfacet
  facet normal 0.9927 0.00440677 0.120525
    outer loop
      vertex -18.3462 9.97114 12.8
      vertex -17.038 9.83692 2.03
      vertex -18.3673 10.1322 12.9679
    endloop
  endfacet
  facet normal 0.992701 0.00416489 0.120529
    outer loop
      vertex -18.3462 9.97114 12.8
      vertex -17.0356 9.26488 2.03
      vertex -17.038 9.83692 2.03
    endloop
  endfacet
  facet normal 0.992701 0.0042181 0.120525
    outer loop
      vertex -18.3386 8.18253 12.8
      vertex -17.0356 9.26488 2.03
      vertex -18.3462 9.97114 12.8
    endloop
  endfacet
  facet normal 0.992702 0.00417083 0.12052
    outer loop
      vertex -17.0356 9.26488 2.03
      vertex -18.3386 8.18253 12.8
      vertex -18.366 7.58982 13.0462
    endloop
  endfacet
  facet normal 0.992698 0.00404752 0.120557
    outer loop
      vertex -17.0208 5.78554 2.03
      vertex -18.366 7.58982 13.0462
      vertex -18.3852 7.17576 13.2182
    endloop
  endfacet
  facet normal 0.9927 0.00423242 0.120534
    outer loop
      vertex -17.0208 5.78554 2.03
      vertex -18.3852 7.17576 13.2182
      vertex -18.4123 6.58887 13.462
    endloop
  endfacet
  facet normal 0.992701 0.00422263 0.120528
    outer loop
      vertex -18.366 7.58982 13.0462
      vertex -17.0208 5.78554 2.03
      vertex -17.0356 9.26488 2.03
    endloop
  endfacet
  facet normal 0.500001 0.866025 3.76251e-06
    outer loop
      vertex -17.0208 5.78554 2.03
      vertex -17.3393 5.96938 12.8
      vertex -13.8381 3.948 2.03
    endloop
  endfacet
  facet normal 0.50003 0.866008 5.24798e-06
    outer loop
      vertex -17.0208 5.78554 2.03
      vertex -17.9832 6.34116 12.9824
      vertex -17.82 6.24693 12.8
    endloop
  endfacet
  facet normal 0.500024 0.866012 4.6481e-06
    outer loop
      vertex -17.3393 5.96938 12.8
      vertex -17.0208 5.78554 2.03
      vertex -17.82 6.24693 12.8
    endloop
  endfacet
  facet normal 0.49995 0.866055 -4.17649e-06
    outer loop
      vertex -17.9832 6.34116 12.9824
      vertex -17.0208 5.78554 2.03
      vertex -18.4123 6.58887 13.462
    endloop
  endfacet
  facet normal -0.707108 0.707106 0
    outer loop
      vertex -13.6904 3.89721 13.99
      vertex -10.2203 7.36732 14
      vertex -10.2203 7.36732 13.99
    endloop
  endfacet
  facet normal -0.707108 0.707106 0
    outer loop
      vertex -10.2203 7.36732 14
      vertex -13.6904 3.89721 13.99
      vertex -13.6904 3.89721 14
    endloop
  endfacet
  facet normal 0.780016 0.209001 0.589825
    outer loop
      vertex -19.7008 9.90762 13.99
      vertex -18.4123 6.58887 13.462
      vertex -18.3852 7.17576 13.2182
    endloop
  endfacet
  facet normal 0.779968 0.209021 0.589882
    outer loop
      vertex -18.4123 6.58887 13.462
      vertex -17.6722 5.69541 12.8
      vertex -17.9832 6.34116 12.9824
    endloop
  endfacet
  facet normal 0.779963 0.209011 0.589891
    outer loop
      vertex -18.4123 6.58887 13.462
      vertex -18.4307 5.16736 13.99
      vertex -17.6722 5.69541 12.8
    endloop
  endfacet
  facet normal 0.780003 0.208993 0.589845
    outer loop
      vertex -18.4307 5.16736 13.99
      vertex -18.4123 6.58887 13.462
      vertex -19.7008 9.90762 13.99
    endloop
  endfacet
  facet normal 0.561039 -0.561035 0.608666
    outer loop
      vertex -16.2307 13.3777 13.99
      vertex -18.4341 10.6429 13.5002
      vertex -17.8284 10.9508 13.2257
    endloop
  endfacet
  facet normal 0.561025 -0.561037 0.608678
    outer loop
      vertex -18.3673 10.1322 12.9679
      vertex -19.7008 9.90762 13.99
      vertex -18.7182 9.59915 12.8
    endloop
  endfacet
  facet normal 0.561023 -0.561026 0.60869
    outer loop
      vertex -19.7008 9.90762 13.99
      vertex -18.4341 10.6429 13.5002
      vertex -16.2307 13.3777 13.99
    endloop
  endfacet
  facet normal 0.561025 -0.561038 0.608677
    outer loop
      vertex -19.7008 9.90762 13.99
      vertex -18.3673 10.1322 12.9679
      vertex -18.4341 10.6429 13.5002
    endloop
  endfacet
  facet normal 0.258817 0.965926 -0
    outer loop
      vertex -13.6904 3.89721 13.99
      vertex -18.4307 5.16736 14
      vertex -13.6904 3.89721 14
    endloop
  endfacet
  facet normal 0.258817 0.965926 0
    outer loop
      vertex -18.4307 5.16736 14
      vertex -13.6904 3.89721 13.99
      vertex -18.4307 5.16736 13.99
    endloop
  endfacet
  facet normal -0.85352 -0.228772 0.468153
    outer loop
      vertex -11.3781 10.6106 13.4638
      vertex -11.9567 11.4109 12.8
      vertex -11.6905 10.791 12.9824
    endloop
  endfacet
  facet normal -0.853482 -0.228631 0.468291
    outer loop
      vertex -11.9567 11.4109 12.8
      vertex -11.3781 10.6106 13.4638
      vertex -11.4904 12.1076 13.99
    endloop
  endfacet
  facet normal -0.853417 -0.228663 0.468394
    outer loop
      vertex -11.3781 10.6106 13.4638
      vertex -10.2203 7.36732 13.99
      vertex -11.4904 12.1076 13.99
    endloop
  endfacet
  facet normal -0.853452 -0.228687 0.468319
    outer loop
      vertex -10.2203 7.36732 13.99
      vertex -11.3781 10.6106 13.4638
      vertex -11.3457 9.98796 13.2188
    endloop
  endfacet
  facet normal -0.215315 -0.803604 0.554851
    outer loop
      vertex -11.9567 11.4109 12.8
      vertex -11.4904 12.1076 13.99
      vertex -16.2307 13.3777 13.99
    endloop
  endfacet
  facet normal 0.707105 -0.707109 0
    outer loop
      vertex -19.7008 9.90762 13.99
      vertex -16.2307 13.3777 14
      vertex -19.7008 9.90762 14
    endloop
  endfacet
  facet normal 0.707105 -0.707109 0
    outer loop
      vertex -16.2307 13.3777 14
      vertex -19.7008 9.90762 13.99
      vertex -16.2307 13.3777 13.99
    endloop
  endfacet
  facet normal -0.965929 -0.258809 0
    outer loop
      vertex -10.2203 7.36732 13.99
      vertex -11.4904 12.1076 14
      vertex -11.4904 12.1076 13.99
    endloop
  endfacet
  facet normal -0.965929 -0.258809 0
    outer loop
      vertex -11.4904 12.1076 14
      vertex -10.2203 7.36732 13.99
      vertex -10.2203 7.36732 14
    endloop
  endfacet
  facet normal -0.634125 0.634159 0.44241
    outer loop
      vertex -11.2827 7.13516 12.8
      vertex -10.2203 7.36732 13.99
      vertex -10.9107 7.50714 12.8
    endloop
  endfacet
  facet normal -0.634153 0.634108 0.442445
    outer loop
      vertex -11.3656 6.56195 13.5027
      vertex -10.2203 7.36732 13.99
      vertex -11.2827 7.13516 12.8
    endloop
  endfacet
  facet normal -0.634117 0.634136 0.442455
    outer loop
      vertex -13.6904 3.89721 13.99
      vertex -12.7399 5.67798 12.8
      vertex -13.7685 4.64941 12.8
    endloop
  endfacet
  facet normal -0.634119 0.634136 0.442454
    outer loop
      vertex -12.7399 5.67798 12.8
      vertex -13.6904 3.89721 13.99
      vertex -11.3656 6.56195 13.5027
    endloop
  endfacet
  facet normal -0.634155 0.634153 0.442376
    outer loop
      vertex -11.3656 6.56195 13.5027
      vertex -13.6904 3.89721 13.99
      vertex -10.2203 7.36732 13.99
    endloop
  endfacet
  facet normal -0.258808 -0.965929 0
    outer loop
      vertex -16.2307 13.3777 13.99
      vertex -11.4904 12.1076 14
      vertex -16.2307 13.3777 14
    endloop
  endfacet
  facet normal -0.258808 -0.965929 -0
    outer loop
      vertex -11.4904 12.1076 14
      vertex -16.2307 13.3777 13.99
      vertex -11.4904 12.1076 13.99
    endloop
  endfacet
  facet normal 0.779984 0.209006 0.589866
    outer loop
      vertex -19.7008 9.90762 13.99
      vertex -18.3386 8.18253 12.8
      vertex -18.7182 9.59915 12.8
    endloop
  endfacet
  facet normal 0.77997 0.208974 0.589896
    outer loop
      vertex -19.7008 9.90762 13.99
      vertex -18.366 7.58982 13.0462
      vertex -18.3386 8.18253 12.8
    endloop
  endfacet
  facet normal 0.779922 0.208912 0.589981
    outer loop
      vertex -18.366 7.58982 13.0462
      vertex -19.7008 9.90762 13.99
      vertex -18.3852 7.17576 13.2182
    endloop
  endfacet
  facet normal 0.779967 0.209021 0.589883
    outer loop
      vertex -17.6722 5.69541 12.8
      vertex -17.82 6.24693 12.8
      vertex -17.9832 6.34116 12.9824
    endloop
  endfacet
  facet normal 0 0 1
    outer loop
      vertex -15.8605 12.4569 12.8
      vertex -15.7735 12.0661 12.8
      vertex -15.3358 12.3163 12.8
    endloop
  endfacet
  facet normal 0 0 1
    outer loop
      vertex -15.7735 12.0661 12.8
      vertex -15.8605 12.4569 12.8
      vertex -16.8891 11.4283 12.8
    endloop
  endfacet
  facet normal 0 -0 1
    outer loop
      vertex -11.2827 7.13516 12.8
      vertex -10.9107 7.50714 12.8
      vertex -11.2903 8.92376 12.8
    endloop
  endfacet
  facet normal 0 -0 1
    outer loop
      vertex -13.7685 4.64941 12.8
      vertex -12.7399 5.67798 12.8
      vertex -14.2931 4.78999 12.8
    endloop
  endfacet
  facet normal 0 0 1
    outer loop
      vertex -11.9567 11.4109 12.8
      vertex -12.3368 11.1641 12.8
      vertex -11.809 10.8594 12.8
    endloop
  endfacet
  facet normal 0 -0 1
    outer loop
      vertex -12.3368 11.1641 12.8
      vertex -11.9567 11.4109 12.8
      vertex -13.4635 11.8146 12.8
    endloop
  endfacet
  facet normal 0 0 1
    outer loop
      vertex -18.3386 8.18253 12.8
      vertex -18.3462 9.97114 12.8
      vertex -18.7182 9.59915 12.8
    endloop
  endfacet
  facet normal 0 0 1
    outer loop
      vertex -17.3393 5.96938 12.8
      vertex -17.6722 5.69541 12.8
      vertex -16.1654 5.29167 12.8
    endloop
  endfacet
  facet normal 0 -0 1
    outer loop
      vertex -17.6722 5.69541 12.8
      vertex -17.3393 5.96938 12.8
      vertex -17.82 6.24693 12.8
    endloop
  endfacet
  facet normal -0.853468 -0.228697 0.468284
    outer loop
      vertex -10.2203 7.36732 13.99
      vertex -11.2903 8.92376 12.8
      vertex -10.9107 7.50714 12.8
    endloop
  endfacet
  facet normal -0.853472 -0.228711 0.46827
    outer loop
      vertex -11.2903 8.92376 12.8
      vertex -10.2203 7.36732 13.99
      vertex -11.3457 9.98796 13.2188
    endloop
  endfacet
  facet normal -0.853303 -0.228527 0.468668
    outer loop
      vertex -11.809 10.8594 12.8
      vertex -11.6905 10.791 12.9824
      vertex -11.9567 11.4109 12.8
    endloop
  endfacet
  facet normal 0.561041 -0.561041 0.608659
    outer loop
      vertex -16.2307 13.3777 13.99
      vertex -16.8891 11.4283 12.8
      vertex -15.8605 12.4569 12.8
    endloop
  endfacet
  facet normal 0.561054 -0.561039 0.608649
    outer loop
      vertex -16.8891 11.4283 12.8
      vertex -16.2307 13.3777 13.99
      vertex -17.8284 10.9508 13.2257
    endloop
  endfacet
  facet normal 0.56102 -0.561036 0.608683
    outer loop
      vertex -18.3462 9.97114 12.8
      vertex -18.3673 10.1322 12.9679
      vertex -18.7182 9.59915 12.8
    endloop
  endfacet
  facet normal -0.21529 -0.803614 0.554846
    outer loop
      vertex -15.8605 12.4569 12.8
      vertex -14.9106 12.6501 13.4484
      vertex -16.2307 13.3777 13.99
    endloop
  endfacet
  facet normal -0.215328 -0.803574 0.55489
    outer loop
      vertex -14.9106 12.6501 13.4484
      vertex -15.8605 12.4569 12.8
      vertex -15.3358 12.3163 12.8
    endloop
  endfacet
  facet normal -0.215408 -0.803701 0.554675
    outer loop
      vertex -14.9106 12.6501 13.4484
      vertex -11.9567 11.4109 12.8
      vertex -16.2307 13.3777 13.99
    endloop
  endfacet
  facet normal -0.215286 -0.803549 0.554943
    outer loop
      vertex -11.9567 11.4109 12.8
      vertex -14.9106 12.6501 13.4484
      vertex -13.4635 11.8146 12.8
    endloop
  endfacet
  facet normal 0.222563 0.830612 0.510441
    outer loop
      vertex -16.1654 5.29167 12.8
      vertex -18.4307 5.16736 13.99
      vertex -15.3591 4.82612 13.206
    endloop
  endfacet
  facet normal 0.22256 0.830616 0.510435
    outer loop
      vertex -18.4307 5.16736 13.99
      vertex -16.1654 5.29167 12.8
      vertex -17.6722 5.69541 12.8
    endloop
  endfacet
  facet normal 0.222582 0.830605 0.510444
    outer loop
      vertex -13.7685 4.64941 12.8
      vertex -14.2931 4.78999 12.8
      vertex -14.4493 4.72504 12.9738
    endloop
  endfacet
  facet normal 0.222559 0.830606 0.510451
    outer loop
      vertex -13.6904 3.89721 13.99
      vertex -14.8763 4.54738 13.4491
      vertex -18.4307 5.16736 13.99
    endloop
  endfacet
  facet normal 0.222575 0.830616 0.510428
    outer loop
      vertex -13.6904 3.89721 13.99
      vertex -14.4493 4.72504 12.9738
      vertex -14.8763 4.54738 13.4491
    endloop
  endfacet
  facet normal 0.222579 0.830617 0.510426
    outer loop
      vertex -14.4493 4.72504 12.9738
      vertex -13.6904 3.89721 13.99
      vertex -13.7685 4.64941 12.8
    endloop
  endfacet
  facet normal 0.222557 0.830633 0.510408
    outer loop
      vertex -18.4307 5.16736 13.99
      vertex -14.8763 4.54738 13.4491
      vertex -15.3591 4.82612 13.206
    endloop
  endfacet
  facet normal 0.965928 0.25881 0
    outer loop
      vertex -18.4307 5.16736 14
      vertex -19.7008 9.90762 13.99
      vertex -19.7008 9.90762 14
    endloop
  endfacet
  facet normal 0.965928 0.25881 0
    outer loop
      vertex -19.7008 9.90762 13.99
      vertex -18.4307 5.16736 14
      vertex -18.4307 5.16736 13.99
    endloop
  endfacet
  facet normal 0.496306 -0.868148 0
    outer loop
      vertex -15.6328 9.02559 0
      vertex -13.5206 10.2331 0.98
      vertex -15.6328 9.02559 0.98
    endloop
  endfacet
  facet normal 0.496306 -0.868148 0
    outer loop
      vertex -13.5206 10.2331 0.98
      vertex -15.6328 9.02559 0
      vertex -13.5206 10.2331 0
    endloop
  endfacet
  facet normal -0.496318 0.868141 0
    outer loop
      vertex -11.3672 6.56285 0
      vertex -13.4794 5.3553 0.98
      vertex -11.3672 6.56285 0.98
    endloop
  endfacet
  facet normal -0.496318 0.868141 0
    outer loop
      vertex -13.4794 5.3553 0.98
      vertex -11.3672 6.56285 0
      vertex -13.4794 5.3553 0
    endloop
  endfacet
  facet normal 0.999991 0.00423347 0
    outer loop
      vertex -15.6225 6.59262 0.98
      vertex -15.6328 9.02559 0
      vertex -15.6328 9.02559 0.98
    endloop
  endfacet
  facet normal 0.999991 0.00423347 0
    outer loop
      vertex -15.6328 9.02559 0
      vertex -15.6225 6.59262 0.98
      vertex -15.6225 6.59262 0
    endloop
  endfacet
  facet normal -0.499988 -0.866032 0
    outer loop
      vertex -13.5206 10.2331 0
      vertex -11.3775 8.99582 0.98
      vertex -13.5206 10.2331 0.98
    endloop
  endfacet
  facet normal -0.499988 -0.866032 -0
    outer loop
      vertex -11.3775 8.99582 0.98
      vertex -13.5206 10.2331 0
      vertex -11.3775 8.99582 0
    endloop
  endfacet
  facet normal 0.5 0.866025 -0
    outer loop
      vertex -13.4794 5.3553 0
      vertex -15.6225 6.59262 0.98
      vertex -13.4794 5.3553 0.98
    endloop
  endfacet
  facet normal 0.5 0.866025 0
    outer loop
      vertex -15.6225 6.59262 0.98
      vertex -13.4794 5.3553 0
      vertex -15.6225 6.59262 0
    endloop
  endfacet
  facet normal -0.999991 -0.00423347 0
    outer loop
      vertex -11.3672 6.56285 0
      vertex -11.3775 8.99582 0.98
      vertex -11.3775 8.99582 0
    endloop
  endfacet
  facet normal -0.999991 -0.00423347 0
    outer loop
      vertex -11.3775 8.99582 0.98
      vertex -11.3672 6.56285 0
      vertex -11.3672 6.56285 0.98
    endloop
  endfacet
  facet normal -0.496313 0.868143 0
    outer loop
      vertex -9.93552 5.73627 1.99
      vertex -13.4829 3.70825 2.03
      vertex -9.93552 5.73627 2.03
    endloop
  endfacet
  facet normal -0.496313 0.868143 0
    outer loop
      vertex -13.4829 3.70825 2.03
      vertex -9.93552 5.73627 1.99
      vertex -13.4829 3.70825 1.99
    endloop
  endfacet
  facet normal 0.28657 -0.501264 0.816464
    outer loop
      vertex -13.5206 10.2331 0.98
      vertex -13.5171 11.8802 1.99
      vertex -17.0645 9.85217 1.99
    endloop
  endfacet
  facet normal 0.500005 0.866022 -0
    outer loop
      vertex -13.4829 3.70825 1.99
      vertex -17.0471 5.76607 2.03
      vertex -13.4829 3.70825 2.03
    endloop
  endfacet
  facet normal 0.500005 0.866022 0
    outer loop
      vertex -17.0471 5.76607 2.03
      vertex -13.4829 3.70825 1.99
      vertex -17.0471 5.76607 1.99
    endloop
  endfacet
  facet normal 0.999991 0.0042583 0
    outer loop
      vertex -17.0471 5.76607 2.03
      vertex -17.0645 9.85217 1.99
      vertex -17.0645 9.85217 2.03
    endloop
  endfacet
  facet normal 0.999991 0.0042583 0
    outer loop
      vertex -17.0645 9.85217 1.99
      vertex -17.0471 5.76607 2.03
      vertex -17.0471 5.76607 1.99
    endloop
  endfacet
  facet normal -0.999991 -0.00424604 0
    outer loop
      vertex -9.93552 5.73627 1.99
      vertex -9.95287 9.82239 2.03
      vertex -9.95287 9.82239 1.99
    endloop
  endfacet
  facet normal -0.999991 -0.00424604 0
    outer loop
      vertex -9.95287 9.82239 2.03
      vertex -9.93552 5.73627 1.99
      vertex -9.93552 5.73627 2.03
    endloop
  endfacet
  facet normal -0.288699 -0.500041 0.816463
    outer loop
      vertex -9.95287 9.82239 1.99
      vertex -13.5171 11.8802 1.99
      vertex -13.5206 10.2331 0.98
    endloop
  endfacet
  facet normal 0 0 -1
    outer loop
      vertex -9.93552 5.73627 2.03
      vertex -9.96925 5.75575 2.03
      vertex -9.95287 9.82239 2.03
    endloop
  endfacet
  facet normal 0 0 -1
    outer loop
      vertex -13.4829 3.70825 2.03
      vertex -9.96925 5.75575 2.03
      vertex -9.93552 5.73627 2.03
    endloop
  endfacet
  facet normal 0 0 -1
    outer loop
      vertex -13.4829 3.70825 2.03
      vertex -13.4865 3.74496 2.03
      vertex -9.96925 5.75575 2.03
    endloop
  endfacet
  facet normal 0 0 -1
    outer loop
      vertex -13.4829 3.70825 2.03
      vertex -13.8381 3.948 2.03
      vertex -13.4865 3.74496 2.03
    endloop
  endfacet
  facet normal 0 0 -1
    outer loop
      vertex -17.0471 5.76607 2.03
      vertex -13.8381 3.948 2.03
      vertex -13.4829 3.70825 2.03
    endloop
  endfacet
  facet normal 0 0 -1
    outer loop
      vertex -17.0645 9.85217 2.03
      vertex -17.0356 9.26488 2.03
      vertex -17.0471 5.76607 2.03
    endloop
  endfacet
  facet normal -0 0 -1
    outer loop
      vertex -17.0208 5.78554 2.03
      vertex -17.0471 5.76607 2.03
      vertex -17.0356 9.26488 2.03
    endloop
  endfacet
  facet normal 0 0 -1
    outer loop
      vertex -13.8381 3.948 2.03
      vertex -17.0471 5.76607 2.03
      vertex -17.0208 5.78554 2.03
    endloop
  endfacet
  facet normal 0 0 -1
    outer loop
      vertex -9.98645 9.80713 2.03
      vertex -9.95287 9.82239 2.03
      vertex -9.96925 5.75575 2.03
    endloop
  endfacet
  facet normal 0 0 -1
    outer loop
      vertex -13.0831 11.595 2.03
      vertex -9.95287 9.82239 2.03
      vertex -9.98645 9.80713 2.03
    endloop
  endfacet
  facet normal 0 0 -1
    outer loop
      vertex -13.0831 11.595 2.03
      vertex -13.5171 11.8802 2.03
      vertex -9.95287 9.82239 2.03
    endloop
  endfacet
  facet normal 0 0 -1
    outer loop
      vertex -13.5208 11.8477 2.03
      vertex -13.5171 11.8802 2.03
      vertex -13.0831 11.595 2.03
    endloop
  endfacet
  facet normal 0 0 -1
    outer loop
      vertex -16.5414 10.1208 2.03
      vertex -13.5171 11.8802 2.03
      vertex -13.5208 11.8477 2.03
    endloop
  endfacet
  facet normal 0 0 -1
    outer loop
      vertex -17.0645 9.85217 2.03
      vertex -16.5414 10.1208 2.03
      vertex -17.038 9.83692 2.03
    endloop
  endfacet
  facet normal -0 0 -1
    outer loop
      vertex -16.5414 10.1208 2.03
      vertex -17.0645 9.85217 2.03
      vertex -13.5171 11.8802 2.03
    endloop
  endfacet
  facet normal 0 0 -1
    outer loop
      vertex -17.0356 9.26488 2.03
      vertex -17.0645 9.85217 2.03
      vertex -17.038 9.83692 2.03
    endloop
  endfacet
  facet normal 0.496313 -0.868144 0
    outer loop
      vertex -17.0645 9.85217 1.99
      vertex -13.5171 11.8802 2.03
      vertex -17.0645 9.85217 2.03
    endloop
  endfacet
  facet normal 0.496313 -0.868144 0
    outer loop
      vertex -13.5171 11.8802 2.03
      vertex -17.0645 9.85217 1.99
      vertex -13.5171 11.8802 1.99
    endloop
  endfacet
  facet normal 0.286569 -0.501272 0.816458
    outer loop
      vertex -15.6328 9.02559 0.98
      vertex -13.5206 10.2331 0.98
      vertex -17.0645 9.85217 1.99
    endloop
  endfacet
  facet normal -0.288698 -0.500056 0.816454
    outer loop
      vertex -11.3775 8.99582 0.98
      vertex -9.95287 9.82239 1.99
      vertex -13.5206 10.2331 0.98
    endloop
  endfacet
  facet normal -0.5 -0.866025 0
    outer loop
      vertex -13.5171 11.8802 1.99
      vertex -9.95287 9.82239 2.03
      vertex -13.5171 11.8802 2.03
    endloop
  endfacet
  facet normal -0.5 -0.866025 -0
    outer loop
      vertex -9.95287 9.82239 2.03
      vertex -13.5171 11.8802 1.99
      vertex -9.95287 9.82239 1.99
    endloop
  endfacet
  facet normal -0.286576 0.501274 0.816455
    outer loop
      vertex -9.93552 5.73627 1.99
      vertex -13.4794 5.3553 0.98
      vertex -13.4829 3.70825 1.99
    endloop
  endfacet
  facet normal -0.57741 -0.00244447 0.816451
    outer loop
      vertex -11.3672 6.56285 0.98
      vertex -9.95287 9.82239 1.99
      vertex -11.3775 8.99582 0.98
    endloop
  endfacet
  facet normal -0.577399 -0.00245168 0.816459
    outer loop
      vertex -9.93552 5.73627 1.99
      vertex -9.95287 9.82239 1.99
      vertex -11.3672 6.56285 0.98
    endloop
  endfacet
  facet normal 0.577418 0.0024445 0.816445
    outer loop
      vertex -15.6225 6.59262 0.98
      vertex -15.6328 9.02559 0.98
      vertex -17.0471 5.76607 1.99
    endloop
  endfacet
  facet normal 0.288708 0.50005 0.816454
    outer loop
      vertex -13.4829 3.70825 1.99
      vertex -13.4794 5.3553 0.98
      vertex -17.0471 5.76607 1.99
    endloop
  endfacet
  facet normal 0.577396 0.00245875 0.816461
    outer loop
      vertex -17.0471 5.76607 1.99
      vertex -15.6328 9.02559 0.98
      vertex -17.0645 9.85217 1.99
    endloop
  endfacet
  facet normal -0.286576 0.501268 0.816459
    outer loop
      vertex -9.93552 5.73627 1.99
      vertex -11.3672 6.56285 0.98
      vertex -13.4794 5.3553 0.98
    endloop
  endfacet
  facet normal 0.288708 0.500056 0.81645
    outer loop
      vertex -13.4794 5.3553 0.98
      vertex -15.6225 6.59262 0.98
      vertex -17.0471 5.76607 1.99
    endloop
  endfacet
  facet normal -0.861811 0.492703 -0.120527
    outer loop
      vertex -6.96152 12.0577 2.03
      vertex -7.12081 14.4598 12.9885
      vertex -5.14155 15.2411 2.03
    endloop
  endfacet
  facet normal -0.861799 0.492721 -0.120531
    outer loop
      vertex -7.12081 14.4598 12.9885
      vertex -6.96152 12.0577 2.03
      vertex -7.76772 13.4541 13.5027
    endloop
  endfacet
  facet normal 0.00413088 0.992702 -0.120523
    outer loop
      vertex -11.0129 12.0749 2.03
      vertex -10.1295 13.3788 12.8
      vertex -10.6284 12.0733 2.03
    endloop
  endfacet
  facet normal 0.00418163 0.992701 -0.120527
    outer loop
      vertex -10.1295 13.3788 12.8
      vertex -11.0129 12.0749 2.03
      vertex -11.8164 13.4665 13.4638
    endloop
  endfacet
  facet normal 0.00418464 0.992701 -0.120525
    outer loop
      vertex -8.99082 13.374 12.8
      vertex -10.6284 12.0733 2.03
      vertex -10.1295 13.3788 12.8
    endloop
  endfacet
  facet normal -0.861798 0.492725 -0.120527
    outer loop
      vertex -4.95073 15.5749 2.03
      vertex -5.93081 16.5377 12.9738
      vertex -5.75315 16.9647 13.4491
    endloop
  endfacet
  facet normal -0.861776 0.492763 -0.120529
    outer loop
      vertex -5.93081 16.5377 12.9738
      vertex -4.95073 15.5749 2.03
      vertex -5.99576 16.3816 12.8
    endloop
  endfacet
  facet normal -0.861827 0.492672 -0.120534
    outer loop
      vertex -6.88375 14.8284 12.8
      vertex -4.95073 15.5749 2.03
      vertex -5.14155 15.2411 2.03
    endloop
  endfacet
  facet normal -0.861807 0.492709 -0.120528
    outer loop
      vertex -4.95073 15.5749 2.03
      vertex -6.88375 14.8284 12.8
      vertex -5.99576 16.3816 12.8
    endloop
  endfacet
  facet normal -0.861844 0.492641 -0.120538
    outer loop
      vertex -6.88375 14.8284 12.8
      vertex -5.14155 15.2411 2.03
      vertex -7.12081 14.4598 12.9885
    endloop
  endfacet
  facet normal 0.0041921 0.992701 -0.120532
    outer loop
      vertex -6.96152 12.0577 2.03
      vertex -8.34093 13.3712 12.8
      vertex -7.76772 13.4541 13.5027
    endloop
  endfacet
  facet normal 0.00427698 0.992702 -0.120521
    outer loop
      vertex -6.96152 12.0577 2.03
      vertex -8.99082 13.374 12.8
      vertex -8.34093 13.3712 12.8
    endloop
  endfacet
  facet normal 0.00422324 0.992701 -0.120531
    outer loop
      vertex -8.99082 13.374 12.8
      vertex -6.96152 12.0577 2.03
      vertex -10.6284 12.0733 2.03
    endloop
  endfacet
  facet normal -0.865999 -0.500046 7.17896e-06
    outer loop
      vertex -6.99131 19.1093 2.03
      vertex -7.54693 20.0717 12.9824
      vertex -7.79464 20.5007 13.462
    endloop
  endfacet
  facet normal -0.866008 -0.50003 5.24798e-06
    outer loop
      vertex -7.54693 20.0717 12.9824
      vertex -6.99131 19.1093 2.03
      vertex -7.4527 19.9085 12.8
    endloop
  endfacet
  facet normal -0.866057 -0.499946 -3.06937e-06
    outer loop
      vertex -6.99131 19.1093 2.03
      vertex -7.17515 19.4277 12.8
      vertex -7.4527 19.9085 12.8
    endloop
  endfacet
  facet normal -0.866025 -0.500001 -8.80029e-07
    outer loop
      vertex -7.17515 19.4277 12.8
      vertex -6.99131 19.1093 2.03
      vertex -5.15377 15.9266 2.03
    endloop
  endfacet
  facet normal -0.00421769 -0.992701 0.120531
    outer loop
      vertex -11.0427 19.1265 2.03
      vertex -11.338 20.4558 12.9679
      vertex -11.8487 20.5226 13.5002
    endloop
  endfacet
  facet normal -0.00421814 -0.992701 0.120528
    outer loop
      vertex -11.1769 20.4347 12.8
      vertex -11.0427 19.1265 2.03
      vertex -9.38831 20.4271 12.8
    endloop
  endfacet
  facet normal -0.00440565 -0.9927 0.120525
    outer loop
      vertex -11.338 20.4558 12.9679
      vertex -11.0427 19.1265 2.03
      vertex -11.1769 20.4347 12.8
    endloop
  endfacet
  facet normal -0.00421528 -0.992701 0.120527
    outer loop
      vertex -6.99131 19.1093 2.03
      vertex -8.38153 20.4736 13.2182
      vertex -9.38831 20.4271 12.8
    endloop
  endfacet
  facet normal -0.00421447 -0.992701 0.120527
    outer loop
      vertex -6.99131 19.1093 2.03
      vertex -9.38831 20.4271 12.8
      vertex -11.0427 19.1265 2.03
    endloop
  endfacet
  facet normal -0.00422892 -0.992701 0.120525
    outer loop
      vertex -8.38153 20.4736 13.2182
      vertex -6.99131 19.1093 2.03
      vertex -7.79464 20.5007 13.462
    endloop
  endfacet
  facet normal 0.866013 0.500021 1.98016e-08
    outer loop
      vertex -12.0651 13.8974 12.8
      vertex -12.8008 15.1716 2.03
      vertex -12.3699 14.4253 12.8
    endloop
  endfacet
  facet normal 0.866082 0.499903 2.03147e-05
    outer loop
      vertex -11.0129 12.0749 2.03
      vertex -12.0651 13.8974 12.8
      vertex -11.8164 13.4665 13.4638
    endloop
  endfacet
  facet normal 0.866023 0.500004 -2.59692e-06
    outer loop
      vertex -12.0651 13.8974 12.8
      vertex -11.0129 12.0749 2.03
      vertex -12.8008 15.1716 2.03
    endloop
  endfacet
  facet normal 0.866021 0.500008 -1.3781e-06
    outer loop
      vertex -13.0204 15.552 12.8
      vertex -13.0535 15.6093 2.03
      vertex -13.8559 16.9991 13.4484
    endloop
  endfacet
  facet normal 0.866031 0.499991 -1.4991e-06
    outer loop
      vertex -13.0204 15.552 12.8
      vertex -12.8008 15.1716 2.03
      vertex -13.0535 15.6093 2.03
    endloop
  endfacet
  facet normal 0.866026 0.5 -1.91839e-06
    outer loop
      vertex -12.8008 15.1716 2.03
      vertex -13.0204 15.552 12.8
      vertex -12.3699 14.4253 12.8
    endloop
  endfacet
  facet normal 0.861843 -0.492646 0.120524
    outer loop
      vertex -12.1566 19.9168 13.2257
      vertex -11.0427 19.1265 2.03
      vertex -11.8487 20.5226 13.5002
    endloop
  endfacet
  facet normal 0.861798 -0.492724 0.120525
    outer loop
      vertex -12.6341 18.9775 12.8
      vertex -11.0427 19.1265 2.03
      vertex -12.1566 19.9168 13.2257
    endloop
  endfacet
  facet normal 0.861805 -0.492713 0.120526
    outer loop
      vertex -13.5221 17.4243 12.8
      vertex -11.0427 19.1265 2.03
      vertex -12.6341 18.9775 12.8
    endloop
  endfacet
  facet normal 0.86179 -0.492736 0.120534
    outer loop
      vertex -13.0535 15.6093 2.03
      vertex -13.5221 17.4243 12.8
      vertex -13.8559 16.9991 13.4484
    endloop
  endfacet
  facet normal 0.861811 -0.492701 0.120529
    outer loop
      vertex -13.5221 17.4243 12.8
      vertex -13.0535 15.6093 2.03
      vertex -11.0427 19.1265 2.03
    endloop
  endfacet
  facet normal -0.866036 -0.499982 -5.18367e-06
    outer loop
      vertex -4.95073 15.5749 2.03
      vertex -6.03189 17.4475 13.206
      vertex -6.49744 18.2539 12.8
    endloop
  endfacet
  facet normal -0.86602 -0.500009 2.37279e-06
    outer loop
      vertex -5.15377 15.9266 2.03
      vertex -6.49744 18.2539 12.8
      vertex -7.17515 19.4277 12.8
    endloop
  endfacet
  facet normal -0.86604 -0.499974 -7.71588e-06
    outer loop
      vertex -4.95073 15.5749 2.03
      vertex -6.49744 18.2539 12.8
      vertex -5.15377 15.9266 2.03
    endloop
  endfacet
  facet normal -0.866029 -0.499995 -2.29777e-06
    outer loop
      vertex -6.03189 17.4475 13.206
      vertex -4.95073 15.5749 2.03
      vertex -5.75315 16.9647 13.4491
    endloop
  endfacet
  facet normal 0.560984 -0.560984 0.608763
    outer loop
      vertex -11.1769 20.4347 12.8
      vertex -10.8049 20.8067 12.8
      vertex -11.338 20.4558 12.9679
    endloop
  endfacet
  facet normal 0.561039 -0.561054 0.608649
    outer loop
      vertex -14.5835 18.3191 13.99
      vertex -12.6341 18.9775 12.8
      vertex -12.1566 19.9168 13.2257
    endloop
  endfacet
  facet normal 0.561034 -0.561089 0.608621
    outer loop
      vertex -12.6341 18.9775 12.8
      vertex -14.5835 18.3191 13.99
      vertex -13.6627 17.949 12.8
    endloop
  endfacet
  facet normal -0.209003 -0.779981 0.589871
    outer loop
      vertex -11.1134 21.7893 13.99
      vertex -7.79464 20.5007 13.462
      vertex -6.37313 20.5191 13.99
    endloop
  endfacet
  facet normal -0.209012 -0.779995 0.589849
    outer loop
      vertex -7.79464 20.5007 13.462
      vertex -11.1134 21.7893 13.99
      vertex -8.38153 20.4736 13.2182
    endloop
  endfacet
  facet normal -0.209096 -0.780046 0.589751
    outer loop
      vertex -6.90118 19.7607 12.8
      vertex -7.79464 20.5007 13.462
      vertex -7.54693 20.0717 12.9824
    endloop
  endfacet
  facet normal -0.208993 -0.780004 0.589844
    outer loop
      vertex -7.79464 20.5007 13.462
      vertex -6.90118 19.7607 12.8
      vertex -6.37313 20.5191 13.99
    endloop
  endfacet
  facet normal 0.258827 0.965924 -0
    outer loop
      vertex -8.5731 12.3087 13.99
      vertex -13.3134 13.5789 14
      vertex -8.5731 12.3087 14
    endloop
  endfacet
  facet normal 0.258827 0.965924 0
    outer loop
      vertex -13.3134 13.5789 14
      vertex -8.5731 12.3087 13.99
      vertex -13.3134 13.5789 13.99
    endloop
  endfacet
  facet normal 0.707117 -0.707097 0
    outer loop
      vertex -14.5835 18.3191 13.99
      vertex -11.1134 21.7893 14
      vertex -14.5835 18.3191 14
    endloop
  endfacet
  facet normal 0.707117 -0.707097 0
    outer loop
      vertex -11.1134 21.7893 14
      vertex -14.5835 18.3191 13.99
      vertex -11.1134 21.7893 13.99
    endloop
  endfacet
  facet normal -0.830633 -0.222557 0.510408
    outer loop
      vertex -5.75315 16.9647 13.4491
      vertex -6.37313 20.5191 13.99
      vertex -6.03189 17.4475 13.206
    endloop
  endfacet
  facet normal -0.830611 -0.22258 0.510434
    outer loop
      vertex -5.10299 15.7789 13.99
      vertex -5.93081 16.5377 12.9738
      vertex -5.85518 15.8569 12.8
    endloop
  endfacet
  facet normal -0.830598 -0.222559 0.510465
    outer loop
      vertex -5.75315 16.9647 13.4491
      vertex -5.10299 15.7789 13.99
      vertex -6.37313 20.5191 13.99
    endloop
  endfacet
  facet normal -0.830612 -0.222582 0.510433
    outer loop
      vertex -5.93081 16.5377 12.9738
      vertex -5.10299 15.7789 13.99
      vertex -5.75315 16.9647 13.4491
    endloop
  endfacet
  facet normal -0.258828 -0.965923 0
    outer loop
      vertex -11.1134 21.7893 13.99
      vertex -6.37313 20.5191 14
      vertex -11.1134 21.7893 14
    endloop
  endfacet
  facet normal -0.258828 -0.965923 -0
    outer loop
      vertex -6.37313 20.5191 14
      vertex -11.1134 21.7893 13.99
      vertex -6.37313 20.5191 13.99
    endloop
  endfacet
  facet normal -0.634126 0.63417 0.442394
    outer loop
      vertex -6.88375 14.8284 12.8
      vertex -5.10299 15.7789 13.99
      vertex -5.85518 15.8569 12.8
    endloop
  endfacet
  facet normal -0.634139 0.63411 0.442461
    outer loop
      vertex -7.12081 14.4598 12.9885
      vertex -5.10299 15.7789 13.99
      vertex -6.88375 14.8284 12.8
    endloop
  endfacet
  facet normal -0.634139 0.634122 0.442445
    outer loop
      vertex -7.76772 13.4541 13.5027
      vertex -5.10299 15.7789 13.99
      vertex -7.12081 14.4598 12.9885
    endloop
  endfacet
  facet normal -0.634131 0.634114 0.442468
    outer loop
      vertex -8.71292 12.9992 12.8
      vertex -7.76772 13.4541 13.5027
      vertex -8.34093 13.3712 12.8
    endloop
  endfacet
  facet normal -0.63414 0.634124 0.442441
    outer loop
      vertex -7.76772 13.4541 13.5027
      vertex -8.5731 12.3087 13.99
      vertex -5.10299 15.7789 13.99
    endloop
  endfacet
  facet normal -0.634128 0.634123 0.442459
    outer loop
      vertex -8.5731 12.3087 13.99
      vertex -7.76772 13.4541 13.5027
      vertex -8.71292 12.9992 12.8
    endloop
  endfacet
  facet normal 0.228661 0.85352 0.468206
    outer loop
      vertex -8.71292 12.9992 12.8
      vertex -11.8164 13.4665 13.4638
      vertex -13.3134 13.5789 13.99
    endloop
  endfacet
  facet normal 0.228686 0.853405 0.468405
    outer loop
      vertex -11.8164 13.4665 13.4638
      vertex -8.71292 12.9992 12.8
      vertex -10.1295 13.3788 12.8
    endloop
  endfacet
  facet normal 0.228679 0.853447 0.468331
    outer loop
      vertex -12.6167 14.0452 12.8
      vertex -11.8164 13.4665 13.4638
      vertex -12.0651 13.8974 12.8
    endloop
  endfacet
  facet normal 0.228695 0.853451 0.468316
    outer loop
      vertex -11.8164 13.4665 13.4638
      vertex -12.6167 14.0452 12.8
      vertex -13.3134 13.5789 13.99
    endloop
  endfacet
  facet normal -0.209011 -0.779986 0.589861
    outer loop
      vertex -9.38831 20.4271 12.8
      vertex -11.1134 21.7893 13.99
      vertex -10.8049 20.8067 12.8
    endloop
  endfacet
  facet normal -0.208999 -0.779981 0.589873
    outer loop
      vertex -11.1134 21.7893 13.99
      vertex -9.38831 20.4271 12.8
      vertex -8.38153 20.4736 13.2182
    endloop
  endfacet
  facet normal -0.209021 -0.779967 0.589883
    outer loop
      vertex -7.4527 19.9085 12.8
      vertex -6.90118 19.7607 12.8
      vertex -7.54693 20.0717 12.9824
    endloop
  endfacet
  facet normal 0.561001 -0.561041 0.608696
    outer loop
      vertex -11.1134 21.7893 13.99
      vertex -11.338 20.4558 12.9679
      vertex -10.8049 20.8067 12.8
    endloop
  endfacet
  facet normal 0.561035 -0.561031 0.608674
    outer loop
      vertex -11.1134 21.7893 13.99
      vertex -11.8487 20.5226 13.5002
      vertex -11.338 20.4558 12.9679
    endloop
  endfacet
  facet normal 0.561016 -0.560973 0.608745
    outer loop
      vertex -11.8487 20.5226 13.5002
      vertex -14.5835 18.3191 13.99
      vertex -12.1566 19.9168 13.2257
    endloop
  endfacet
  facet normal 0.561049 -0.561033 0.608659
    outer loop
      vertex -14.5835 18.3191 13.99
      vertex -11.8487 20.5226 13.5002
      vertex -11.1134 21.7893 13.99
    endloop
  endfacet
  facet normal -0.965925 -0.25882 0
    outer loop
      vertex -5.10299 15.7789 13.99
      vertex -6.37313 20.5191 14
      vertex -6.37313 20.5191 13.99
    endloop
  endfacet
  facet normal -0.965925 -0.25882 0
    outer loop
      vertex -6.37313 20.5191 14
      vertex -5.10299 15.7789 13.99
      vertex -5.10299 15.7789 14
    endloop
  endfacet
  facet normal -0.830624 -0.222562 0.510422
    outer loop
      vertex -6.49744 18.2539 12.8
      vertex -6.37313 20.5191 13.99
      vertex -6.90118 19.7607 12.8
    endloop
  endfacet
  facet normal -0.830629 -0.222558 0.510415
    outer loop
      vertex -6.37313 20.5191 13.99
      vertex -6.49744 18.2539 12.8
      vertex -6.03189 17.4475 13.206
    endloop
  endfacet
  facet normal -0.830683 -0.22256 0.510325
    outer loop
      vertex -5.85518 15.8569 12.8
      vertex -5.93081 16.5377 12.9738
      vertex -5.99576 16.3816 12.8
    endloop
  endfacet
  facet normal 0 0 1
    outer loop
      vertex -8.99082 13.374 12.8
      vertex -8.71292 12.9992 12.8
      vertex -8.34093 13.3712 12.8
    endloop
  endfacet
  facet normal 0 0 1
    outer loop
      vertex -8.71292 12.9992 12.8
      vertex -8.99082 13.374 12.8
      vertex -10.1295 13.3788 12.8
    endloop
  endfacet
  facet normal 0 0 1
    outer loop
      vertex -9.38831 20.4271 12.8
      vertex -10.8049 20.8067 12.8
      vertex -11.1769 20.4347 12.8
    endloop
  endfacet
  facet normal 0 0 1
    outer loop
      vertex -6.90118 19.7607 12.8
      vertex -7.17515 19.4277 12.8
      vertex -6.49744 18.2539 12.8
    endloop
  endfacet
  facet normal 0 -0 1
    outer loop
      vertex -7.17515 19.4277 12.8
      vertex -6.90118 19.7607 12.8
      vertex -7.4527 19.9085 12.8
    endloop
  endfacet
  facet normal 0 0 1
    outer loop
      vertex -5.85518 15.8569 12.8
      vertex -5.99576 16.3816 12.8
      vertex -6.88375 14.8284 12.8
    endloop
  endfacet
  facet normal 0 0 1
    outer loop
      vertex -12.3699 14.4253 12.8
      vertex -12.6167 14.0452 12.8
      vertex -12.0651 13.8974 12.8
    endloop
  endfacet
  facet normal 0 -0 1
    outer loop
      vertex -12.6167 14.0452 12.8
      vertex -12.3699 14.4253 12.8
      vertex -13.0204 15.552 12.8
    endloop
  endfacet
  facet normal 0 -0 1
    outer loop
      vertex -13.5221 17.4243 12.8
      vertex -12.6341 18.9775 12.8
      vertex -13.6627 17.949 12.8
    endloop
  endfacet
  facet normal 0.228686 0.85344 0.468341
    outer loop
      vertex -8.5731 12.3087 13.99
      vertex -8.71292 12.9992 12.8
      vertex -13.3134 13.5789 13.99
    endloop
  endfacet
  facet normal -0.707116 0.707098 0
    outer loop
      vertex -8.5731 12.3087 13.99
      vertex -5.10299 15.7789 14
      vertex -5.10299 15.7789 13.99
    endloop
  endfacet
  facet normal -0.707116 0.707098 0
    outer loop
      vertex -5.10299 15.7789 14
      vertex -8.5731 12.3087 13.99
      vertex -8.5731 12.3087 14
    endloop
  endfacet
  facet normal 0.965927 0.258813 0
    outer loop
      vertex -13.3134 13.5789 14
      vertex -14.5835 18.3191 13.99
      vertex -14.5835 18.3191 14
    endloop
  endfacet
  facet normal 0.965927 0.258813 0
    outer loop
      vertex -14.5835 18.3191 13.99
      vertex -13.3134 13.5789 14
      vertex -13.3134 13.5789 13.99
    endloop
  endfacet
  facet normal 0.803603 0.215319 0.554852
    outer loop
      vertex -13.3134 13.5789 13.99
      vertex -12.6167 14.0452 12.8
      vertex -14.5835 18.3191 13.99
    endloop
  endfacet
  facet normal 0.803606 0.215298 0.554856
    outer loop
      vertex -13.8559 16.9991 13.4484
      vertex -13.6627 17.949 12.8
      vertex -14.5835 18.3191 13.99
    endloop
  endfacet
  facet normal 0.803574 0.215328 0.55489
    outer loop
      vertex -13.6627 17.949 12.8
      vertex -13.8559 16.9991 13.4484
      vertex -13.5221 17.4243 12.8
    endloop
  endfacet
  facet normal 0.803549 0.215286 0.554943
    outer loop
      vertex -13.8559 16.9991 13.4484
      vertex -12.6167 14.0452 12.8
      vertex -13.0204 15.552 12.8
    endloop
  endfacet
  facet normal 0.803666 0.21538 0.554737
    outer loop
      vertex -12.6167 14.0452 12.8
      vertex -13.8559 16.9991 13.4484
      vertex -14.5835 18.3191 13.99
    endloop
  endfacet
  facet normal -0.00427452 -0.999991 0
    outer loop
      vertex -10.2314 17.7213 0
      vertex -7.7984 17.7109 0.98
      vertex -10.2314 17.7213 0.98
    endloop
  endfacet
  facet normal -0.00427452 -0.999991 -0
    outer loop
      vertex -7.7984 17.7109 0.98
      vertex -10.2314 17.7213 0
      vertex -7.7984 17.7109 0
    endloop
  endfacet
  facet normal -0.866025 -0.5 0
    outer loop
      vertex -6.56108 15.5678 0
      vertex -7.7984 17.7109 0.98
      vertex -7.7984 17.7109 0
    endloop
  endfacet
  facet normal -0.866025 -0.5 0
    outer loop
      vertex -7.7984 17.7109 0.98
      vertex -6.56108 15.5678 0
      vertex -6.56108 15.5678 0.98
    endloop
  endfacet
  facet normal 0.86815 -0.496303 0
    outer loop
      vertex -11.4389 15.6091 0.98
      vertex -10.2314 17.7213 0
      vertex -10.2314 17.7213 0.98
    endloop
  endfacet
  facet normal 0.86815 -0.496303 0
    outer loop
      vertex -10.2314 17.7213 0
      vertex -11.4389 15.6091 0.98
      vertex -11.4389 15.6091 0
    endloop
  endfacet
  facet normal -0.868141 0.496318 0
    outer loop
      vertex -7.76863 13.4556 0
      vertex -6.56108 15.5678 0.98
      vertex -6.56108 15.5678 0
    endloop
  endfacet
  facet normal -0.868141 0.496318 0
    outer loop
      vertex -6.56108 15.5678 0.98
      vertex -7.76863 13.4556 0
      vertex -7.76863 13.4556 0.98
    endloop
  endfacet
  facet normal 0.00427457 0.999991 -0
    outer loop
      vertex -7.76863 13.4556 0
      vertex -10.2016 13.466 0.98
      vertex -7.76863 13.4556 0.98
    endloop
  endfacet
  facet normal 0.00427457 0.999991 0
    outer loop
      vertex -10.2016 13.466 0.98
      vertex -7.76863 13.4556 0
      vertex -10.2016 13.466 0
    endloop
  endfacet
  facet normal 0.866029 0.499994 0
    outer loop
      vertex -10.2016 13.466 0.98
      vertex -11.4389 15.6091 0
      vertex -11.4389 15.6091 0.98
    endloop
  endfacet
  facet normal 0.866029 0.499994 0
    outer loop
      vertex -11.4389 15.6091 0
      vertex -10.2016 13.466 0.98
      vertex -10.2016 13.466 0
    endloop
  endfacet
  facet normal -0.501277 0.286581 0.816451
    outer loop
      vertex -6.94205 12.024 1.99
      vertex -6.56108 15.5678 0.98
      vertex -7.76863 13.4556 0.98
    endloop
  endfacet
  facet normal 0.501261 -0.286586 0.816459
    outer loop
      vertex -11.4389 15.6091 0.98
      vertex -11.0579 19.1529 1.99
      vertex -13.086 15.6056 1.99
    endloop
  endfacet
  facet normal 0.00246827 0.577426 0.816439
    outer loop
      vertex -6.94205 12.024 1.99
      vertex -7.76863 13.4556 0.98
      vertex -10.2016 13.466 0.98
    endloop
  endfacet
  facet normal -0.86603 -0.499993 0
    outer loop
      vertex -4.91402 15.5713 1.99
      vertex -6.97183 19.1356 2.03
      vertex -6.97183 19.1356 1.99
    endloop
  endfacet
  facet normal -0.86603 -0.499993 0
    outer loop
      vertex -6.97183 19.1356 2.03
      vertex -4.91402 15.5713 1.99
      vertex -4.91402 15.5713 2.03
    endloop
  endfacet
  facet normal 0.00244456 0.577391 0.816464
    outer loop
      vertex -6.94205 12.024 1.99
      vertex -10.2016 13.466 0.98
      vertex -11.0282 12.0413 1.99
    endloop
  endfacet
  facet normal -0.00244473 -0.577417 0.816446
    outer loop
      vertex -10.2314 17.7213 0.98
      vertex -6.97183 19.1356 1.99
      vertex -11.0579 19.1529 1.99
    endloop
  endfacet
  facet normal 0.500042 0.288692 0.816465
    outer loop
      vertex -11.0282 12.0413 1.99
      vertex -11.4389 15.6091 0.98
      vertex -13.086 15.6056 1.99
    endloop
  endfacet
  facet normal 0.00423378 0.999991 -0
    outer loop
      vertex -6.94205 12.024 1.99
      vertex -11.0282 12.0413 2.03
      vertex -6.94205 12.024 2.03
    endloop
  endfacet
  facet normal 0.00423378 0.999991 0
    outer loop
      vertex -11.0282 12.0413 2.03
      vertex -6.94205 12.024 1.99
      vertex -11.0282 12.0413 1.99
    endloop
  endfacet
  facet normal 0.501302 -0.286584 0.816435
    outer loop
      vertex -10.2314 17.7213 0.98
      vertex -11.0579 19.1529 1.99
      vertex -11.4389 15.6091 0.98
    endloop
  endfacet
  facet normal 0.500038 0.288693 0.816467
    outer loop
      vertex -11.0282 12.0413 1.99
      vertex -10.2016 13.466 0.98
      vertex -11.4389 15.6091 0.98
    endloop
  endfacet
  facet normal -0 0 -1
    outer loop
      vertex -4.91402 15.5713 2.03
      vertex -5.14155 15.2411 2.03
      vertex -4.95073 15.5749 2.03
    endloop
  endfacet
  facet normal 0 0 -1
    outer loop
      vertex -6.94205 12.024 2.03
      vertex -5.14155 15.2411 2.03
      vertex -4.91402 15.5713 2.03
    endloop
  endfacet
  facet normal 0 0 -1
    outer loop
      vertex -6.94205 12.024 2.03
      vertex -6.96152 12.0577 2.03
      vertex -5.14155 15.2411 2.03
    endloop
  endfacet
  facet normal 0 0 -1
    outer loop
      vertex -6.94205 12.024 2.03
      vertex -10.6284 12.0733 2.03
      vertex -6.96152 12.0577 2.03
    endloop
  endfacet
  facet normal 0 0 -1
    outer loop
      vertex -11.0282 12.0413 2.03
      vertex -10.6284 12.0733 2.03
      vertex -6.94205 12.024 2.03
    endloop
  endfacet
  facet normal -0 0 -1
    outer loop
      vertex -10.6284 12.0733 2.03
      vertex -11.0282 12.0413 2.03
      vertex -11.0129 12.0749 2.03
    endloop
  endfacet
  facet normal 0 0 -1
    outer loop
      vertex -11.0282 12.0413 2.03
      vertex -12.8008 15.1716 2.03
      vertex -11.0129 12.0749 2.03
    endloop
  endfacet
  facet normal 0 0 -1
    outer loop
      vertex -13.086 15.6056 2.03
      vertex -12.8008 15.1716 2.03
      vertex -11.0282 12.0413 2.03
    endloop
  endfacet
  facet normal 0 0 -1
    outer loop
      vertex -12.8008 15.1716 2.03
      vertex -13.086 15.6056 2.03
      vertex -13.0535 15.6093 2.03
    endloop
  endfacet
  facet normal 0 0 -1
    outer loop
      vertex -5.15377 15.9266 2.03
      vertex -4.91402 15.5713 2.03
      vertex -4.95073 15.5749 2.03
    endloop
  endfacet
  facet normal 0 0 -1
    outer loop
      vertex -5.15377 15.9266 2.03
      vertex -6.97183 19.1356 2.03
      vertex -4.91402 15.5713 2.03
    endloop
  endfacet
  facet normal 0 0 -1
    outer loop
      vertex -6.99131 19.1093 2.03
      vertex -6.97183 19.1356 2.03
      vertex -5.15377 15.9266 2.03
    endloop
  endfacet
  facet normal 0 0 -1
    outer loop
      vertex -11.0579 19.1529 2.03
      vertex -6.99131 19.1093 2.03
      vertex -11.0427 19.1265 2.03
    endloop
  endfacet
  facet normal 0 0 -1
    outer loop
      vertex -6.99131 19.1093 2.03
      vertex -11.0579 19.1529 2.03
      vertex -6.97183 19.1356 2.03
    endloop
  endfacet
  facet normal 0 0 -1
    outer loop
      vertex -13.0535 15.6093 2.03
      vertex -11.0579 19.1529 2.03
      vertex -11.0427 19.1265 2.03
    endloop
  endfacet
  facet normal 0 0 -1
    outer loop
      vertex -11.0579 19.1529 2.03
      vertex -13.0535 15.6093 2.03
      vertex -13.086 15.6056 2.03
    endloop
  endfacet
  facet normal -0.50005 -0.288698 0.816458
    outer loop
      vertex -6.56108 15.5678 0.98
      vertex -4.91402 15.5713 1.99
      vertex -6.97183 19.1356 1.99
    endloop
  endfacet
  facet normal 0.866031 0.499991 0
    outer loop
      vertex -11.0282 12.0413 2.03
      vertex -13.086 15.6056 1.99
      vertex -13.086 15.6056 2.03
    endloop
  endfacet
  facet normal 0.866031 0.499991 0
    outer loop
      vertex -13.086 15.6056 1.99
      vertex -11.0282 12.0413 2.03
      vertex -11.0282 12.0413 1.99
    endloop
  endfacet
  facet normal 0.86813 -0.496337 0
    outer loop
      vertex -13.086 15.6056 2.03
      vertex -11.0579 19.1529 1.99
      vertex -11.0579 19.1529 2.03
    endloop
  endfacet
  facet normal 0.86813 -0.496337 0
    outer loop
      vertex -11.0579 19.1529 1.99
      vertex -13.086 15.6056 2.03
      vertex -13.086 15.6056 1.99
    endloop
  endfacet
  facet normal -0.00246805 -0.577382 0.816471
    outer loop
      vertex -7.7984 17.7109 0.98
      vertex -6.97183 19.1356 1.99
      vertex -10.2314 17.7213 0.98
    endloop
  endfacet
  facet normal -0.500041 -0.288699 0.816463
    outer loop
      vertex -6.56108 15.5678 0.98
      vertex -6.97183 19.1356 1.99
      vertex -7.7984 17.7109 0.98
    endloop
  endfacet
  facet normal -0.00423386 -0.999991 0
    outer loop
      vertex -11.0579 19.1529 1.99
      vertex -6.97183 19.1356 2.03
      vertex -11.0579 19.1529 2.03
    endloop
  endfacet
  facet normal -0.00423386 -0.999991 -0
    outer loop
      vertex -6.97183 19.1356 2.03
      vertex -11.0579 19.1529 1.99
      vertex -6.97183 19.1356 1.99
    endloop
  endfacet
  facet normal -0.868138 0.496324 0
    outer loop
      vertex -6.94205 12.024 1.99
      vertex -4.91402 15.5713 2.03
      vertex -4.91402 15.5713 1.99
    endloop
  endfacet
  facet normal -0.868138 0.496324 0
    outer loop
      vertex -4.91402 15.5713 2.03
      vertex -6.94205 12.024 1.99
      vertex -6.94205 12.024 2.03
    endloop
  endfacet
  facet normal -0.50127 0.286582 0.816455
    outer loop
      vertex -4.91402 15.5713 1.99
      vertex -6.56108 15.5678 0.98
      vertex -6.94205 12.024 1.99
    endloop
  endfacet
  facet normal -0.500006 0.866022 -2.10527e-06
    outer loop
      vertex -12.6654 -11.3538 12.8
      vertex -13.5208 -11.8477 2.03
      vertex -14.32 -12.3091 12.8
    endloop
  endfacet
  facet normal -0.499924 0.866069 6.03139e-06
    outer loop
      vertex -14.32 -12.3091 12.8
      vertex -13.5208 -11.8477 2.03
      vertex -14.9123 -12.651 13.462
    endloop
  endfacet
  facet normal -0.499991 0.866031 -3.75694e-06
    outer loop
      vertex -13.5208 -11.8477 2.03
      vertex -12.6654 -11.3538 12.8
      vertex -13.0831 -11.595 2.03
    endloop
  endfacet
  facet normal -0.499828 0.866125 -1.21767e-05
    outer loop
      vertex -13.0831 -11.595 2.03
      vertex -12.6654 -11.3538 12.8
      vertex -12.3249 -11.1573 12.9714
    endloop
  endfacet
  facet normal 0.992702 -0.00417186 0.120524
    outer loop
      vertex -18.3417 -8.9122 12.8
      vertex -17.0356 -9.26488 2.03
      vertex -18.3363 -7.62726 12.8
    endloop
  endfacet
  facet normal 0.992702 -0.00416489 0.120523
    outer loop
      vertex -18.3417 -8.9122 12.8
      vertex -17.038 -9.83692 2.03
      vertex -17.0356 -9.26488 2.03
    endloop
  endfacet
  facet normal 0.9927 -0.00425738 0.120531
    outer loop
      vertex -18.3979 -9.96441 13.2257
      vertex -17.038 -9.83692 2.03
      vertex -18.3417 -8.9122 12.8
    endloop
  endfacet
  facet normal 0.992701 -0.00420018 0.120532
    outer loop
      vertex -17.038 -9.83692 2.03
      vertex -18.3979 -9.96441 13.2257
      vertex -18.4341 -10.6429 13.5002
    endloop
  endfacet
  facet normal 0.992701 -0.00430882 0.120525
    outer loop
      vertex -18.3342 -7.12306 12.8
      vertex -17.0208 -5.78554 2.03
      vertex -18.4106 -6.58792 13.4484
    endloop
  endfacet
  facet normal 0.992699 -0.00413461 0.120546
    outer loop
      vertex -18.3363 -7.62726 12.8
      vertex -17.0208 -5.78554 2.03
      vertex -18.3342 -7.12306 12.8
    endloop
  endfacet
  facet normal 0.992701 -0.00422263 0.120531
    outer loop
      vertex -17.0208 -5.78554 2.03
      vertex -18.3363 -7.62726 12.8
      vertex -17.0356 -9.26488 2.03
    endloop
  endfacet
  facet normal -0.492696 -0.861814 -0.120527
    outer loop
      vertex -13.3734 -5.31583 12.8
      vertex -13.4865 -3.74496 2.03
      vertex -11.8206 -6.20356 12.8
    endloop
  endfacet
  facet normal -0.492709 -0.861807 -0.120526
    outer loop
      vertex -14.3227 -4.83167 13.2188
      vertex -13.4865 -3.74496 2.03
      vertex -13.3734 -5.31583 12.8
    endloop
  endfacet
  facet normal -0.4927 -0.861812 -0.120526
    outer loop
      vertex -13.4865 -3.74496 2.03
      vertex -14.3227 -4.83167 13.2188
      vertex -14.8781 -4.54841 13.4638
    endloop
  endfacet
  facet normal -0.492651 -0.861841 -0.120521
    outer loop
      vertex -9.96925 -5.75575 2.03
      vertex -11.712 -6.28909 12.9677
      vertex -11.8206 -6.20356 12.8
    endloop
  endfacet
  facet normal -0.492694 -0.861815 -0.120527
    outer loop
      vertex -9.96925 -5.75575 2.03
      vertex -11.8206 -6.20356 12.8
      vertex -13.4865 -3.74496 2.03
    endloop
  endfacet
  facet normal -0.492701 -0.861811 -0.120527
    outer loop
      vertex -11.712 -6.28909 12.9677
      vertex -9.96925 -5.75575 2.03
      vertex -11.3656 -6.56195 13.5027
    endloop
  endfacet
  facet normal -0.992701 0.00428061 -0.120522
    outer loop
      vertex -9.96925 -5.75575 2.03
      vertex -11.3348 -7.20415 13.2262
      vertex -11.3656 -6.56195 13.5027
    endloop
  endfacet
  facet normal -0.9927 0.0041621 -0.120537
    outer loop
      vertex -9.96925 -5.75575 2.03
      vertex -11.2872 -8.19409 12.8
      vertex -11.3348 -7.20415 13.2262
    endloop
  endfacet
  facet normal -0.992701 0.00421448 -0.120525
    outer loop
      vertex -9.98645 -9.80713 2.03
      vertex -11.2872 -8.19409 12.8
      vertex -9.96925 -5.75575 2.03
    endloop
  endfacet
  facet normal -0.992701 0.00421685 -0.120525
    outer loop
      vertex -9.98645 -9.80713 2.03
      vertex -11.2948 -9.98323 12.8
      vertex -11.2872 -8.19409 12.8
    endloop
  endfacet
  facet normal -0.992701 0.0041352 -0.120527
    outer loop
      vertex -9.98645 -9.80713 2.03
      vertex -11.3166 -10.1509 12.9738
      vertex -11.2948 -9.98323 12.8
    endloop
  endfacet
  facet normal -0.992701 0.00431798 -0.120521
    outer loop
      vertex -11.3166 -10.1509 12.9738
      vertex -9.98645 -9.80713 2.03
      vertex -11.3763 -10.6096 13.4491
    endloop
  endfacet
  facet normal 0.49999 -0.866031 6.49849e-08
    outer loop
      vertex -17.0208 -5.78554 2.03
      vertex -17.4033 -6.00637 12.9971
      vertex -18.4106 -6.58792 13.4484
    endloop
  endfacet
  facet normal 0.500001 -0.866025 5.80799e-07
    outer loop
      vertex -17.4033 -6.00637 12.9971
      vertex -17.0208 -5.78554 2.03
      vertex -13.8381 -3.948 2.03
    endloop
  endfacet
  facet normal 0.492663 0.861831 0.120538
    outer loop
      vertex -17.038 -9.83692 2.03
      vertex -16.2556 -11.7905 12.8
      vertex -16.5414 -10.1208 2.03
    endloop
  endfacet
  facet normal 0.492625 0.861853 0.120543
    outer loop
      vertex -16.5414 -10.1208 2.03
      vertex -16.2556 -11.7905 12.8
      vertex -15.756 -12.1105 13.0462
    endloop
  endfacet
  facet normal 0.492725 0.861797 0.120528
    outer loop
      vertex -16.2556 -11.7905 12.8
      vertex -17.038 -9.83692 2.03
      vertex -17.8084 -10.9027 12.8
    endloop
  endfacet
  facet normal 0.492352 0.862012 0.120522
    outer loop
      vertex -17.8084 -10.9027 12.8
      vertex -17.038 -9.83692 2.03
      vertex -17.9584 -10.8405 12.9679
    endloop
  endfacet
  facet normal 0.492833 0.861735 0.120537
    outer loop
      vertex -17.9584 -10.8405 12.9679
      vertex -17.038 -9.83692 2.03
      vertex -18.4341 -10.6429 13.5002
    endloop
  endfacet
  facet normal -0.499944 0.866058 1.2037e-05
    outer loop
      vertex -9.98645 -9.80713 2.03
      vertex -11.8591 -10.8883 13.206
      vertex -11.3763 -10.6096 13.4491
    endloop
  endfacet
  facet normal -0.50009 0.865973 -2.05351e-05
    outer loop
      vertex -9.98645 -9.80713 2.03
      vertex -12.3249 -11.1573 12.9714
      vertex -11.8591 -10.8883 13.206
    endloop
  endfacet
  facet normal -0.500004 0.866023 4.07248e-06
    outer loop
      vertex -12.3249 -11.1573 12.9714
      vertex -9.98645 -9.80713 2.03
      vertex -13.0831 -11.595 2.03
    endloop
  endfacet
  facet normal 0.492702 0.861811 0.120529
    outer loop
      vertex -13.5208 -11.8477 2.03
      vertex -15.756 -12.1105 13.0462
      vertex -14.9123 -12.651 13.462
    endloop
  endfacet
  facet normal 0.492703 0.86181 0.120529
    outer loop
      vertex -15.756 -12.1105 13.0462
      vertex -13.5208 -11.8477 2.03
      vertex -16.5414 -10.1208 2.03
    endloop
  endfacet
  facet normal 0.500013 -0.866018 5.20414e-06
    outer loop
      vertex -16.9635 -5.75245 12.8
      vertex -13.8381 -3.948 2.03
      vertex -15.309 -4.79719 12.8
    endloop
  endfacet
  facet normal 0.500002 -0.866024 9.36928e-07
    outer loop
      vertex -13.8381 -3.948 2.03
      vertex -16.9635 -5.75245 12.8
      vertex -17.4033 -6.00637 12.9971
    endloop
  endfacet
  facet normal 0.499844 -0.866115 -3.59143e-05
    outer loop
      vertex -13.4865 -3.74496 2.03
      vertex -15.1905 -4.72881 12.9824
      vertex -15.309 -4.79719 12.8
    endloop
  endfacet
  facet normal 0.500081 -0.865979 1.74562e-05
    outer loop
      vertex -13.4865 -3.74496 2.03
      vertex -15.309 -4.79719 12.8
      vertex -13.8381 -3.948 2.03
    endloop
  endfacet
  facet normal 0.500063 -0.865989 9.56667e-06
    outer loop
      vertex -15.1905 -4.72881 12.9824
      vertex -13.4865 -3.74496 2.03
      vertex -14.8781 -4.54841 13.4638
    endloop
  endfacet
  facet normal -0.608062 0.608093 0.510376
    outer loop
      vertex -10.9107 -9.59915 12.8
      vertex -11.2948 -9.98323 12.8
      vertex -11.3166 -10.1509 12.9738
    endloop
  endfacet
  facet normal -0.608164 0.608088 0.51026
    outer loop
      vertex -12.3249 -11.1573 12.9714
      vertex -13.6904 -13.3777 13.99
      vertex -11.8591 -10.8883 13.206
    endloop
  endfacet
  facet normal -0.607922 0.608077 0.510561
    outer loop
      vertex -12.6654 -11.3538 12.8
      vertex -13.6904 -13.3777 13.99
      vertex -12.3249 -11.1573 12.9714
    endloop
  endfacet
  facet normal -0.608061 0.608061 0.510414
    outer loop
      vertex -13.6904 -13.3777 13.99
      vertex -12.6654 -11.3538 12.8
      vertex -13.7685 -12.4569 12.8
    endloop
  endfacet
  facet normal -0.707105 0.707109 0
    outer loop
      vertex -13.6904 -13.3777 13.99
      vertex -10.2203 -9.90762 14
      vertex -10.2203 -9.90762 13.99
    endloop
  endfacet
  facet normal -0.707105 0.707109 0
    outer loop
      vertex -10.2203 -9.90762 14
      vertex -13.6904 -13.3777 13.99
      vertex -13.6904 -13.3777 14
    endloop
  endfacet
  facet normal 0.588286 -0.588285 0.554834
    outer loop
      vertex -19.7008 -7.36732 13.99
      vertex -18.4106 -6.58792 13.4484
      vertex -16.2307 -3.89721 13.99
    endloop
  endfacet
  facet normal 0.588283 -0.588253 0.554871
    outer loop
      vertex -18.7182 -7.50714 12.8
      vertex -18.4106 -6.58792 13.4484
      vertex -19.7008 -7.36732 13.99
    endloop
  endfacet
  facet normal 0.588358 -0.588235 0.55481
    outer loop
      vertex -18.4106 -6.58792 13.4484
      vertex -18.7182 -7.50714 12.8
      vertex -18.3342 -7.12306 12.8
    endloop
  endfacet
  facet normal 0.588239 -0.588261 0.554908
    outer loop
      vertex -17.4033 -6.00637 12.9971
      vertex -16.2307 -3.89721 13.99
      vertex -18.4106 -6.58792 13.4484
    endloop
  endfacet
  facet normal 0.588295 -0.588264 0.554847
    outer loop
      vertex -16.9635 -5.75245 12.8
      vertex -16.2307 -3.89721 13.99
      vertex -17.4033 -6.00637 12.9971
    endloop
  endfacet
  facet normal 0.588286 -0.588265 0.554854
    outer loop
      vertex -16.2307 -3.89721 13.99
      vertex -16.9635 -5.75245 12.8
      vertex -15.8605 -4.64941 12.8
    endloop
  endfacet
  facet normal -0.228675 -0.853433 0.468358
    outer loop
      vertex -16.2307 -3.89721 13.99
      vertex -14.8781 -4.54841 13.4638
      vertex -11.4904 -5.16736 13.99
    endloop
  endfacet
  facet normal -0.22873 -0.853471 0.468262
    outer loop
      vertex -16.2307 -3.89721 13.99
      vertex -15.1905 -4.72881 12.9824
      vertex -14.8781 -4.54841 13.4638
    endloop
  endfacet
  facet normal -0.228641 -0.853453 0.46834
    outer loop
      vertex -15.1905 -4.72881 12.9824
      vertex -16.2307 -3.89721 13.99
      vertex -15.8605 -4.64941 12.8
    endloop
  endfacet
  facet normal -0.228674 -0.853447 0.468334
    outer loop
      vertex -11.4904 -5.16736 13.99
      vertex -14.8781 -4.54841 13.4638
      vertex -14.3227 -4.83167 13.2188
    endloop
  endfacet
  facet normal 0.258808 0.965929 -0
    outer loop
      vertex -13.6904 -13.3777 13.99
      vertex -18.4307 -12.1076 14
      vertex -13.6904 -13.3777 14
    endloop
  endfacet
  facet normal 0.258808 0.965929 0
    outer loop
      vertex -18.4307 -12.1076 14
      vertex -13.6904 -13.3777 13.99
      vertex -18.4307 -12.1076 13.99
    endloop
  endfacet
  facet normal -0.608047 0.60809 0.510398
    outer loop
      vertex -11.3166 -10.1509 12.9738
      vertex -10.2203 -9.90762 13.99
      vertex -10.9107 -9.59915 12.8
    endloop
  endfacet
  facet normal -0.608067 0.608042 0.51043
    outer loop
      vertex -11.3763 -10.6096 13.4491
      vertex -10.2203 -9.90762 13.99
      vertex -11.3166 -10.1509 12.9738
    endloop
  endfacet
  facet normal -0.608068 0.608071 0.510395
    outer loop
      vertex -11.3763 -10.6096 13.4491
      vertex -13.6904 -13.3777 13.99
      vertex -10.2203 -9.90762 13.99
    endloop
  endfacet
  facet normal -0.608031 0.608053 0.51046
    outer loop
      vertex -13.6904 -13.3777 13.99
      vertex -11.3763 -10.6096 13.4491
      vertex -11.8591 -10.8883 13.206
    endloop
  endfacet
  facet normal -0.965928 -0.25881 0
    outer loop
      vertex -10.2203 -9.90762 13.99
      vertex -11.4904 -5.16736 14
      vertex -11.4904 -5.16736 13.99
    endloop
  endfacet
  facet normal -0.965928 -0.25881 0
    outer loop
      vertex -11.4904 -5.16736 14
      vertex -10.2203 -9.90762 13.99
      vertex -10.2203 -9.90762 14
    endloop
  endfacet
  facet normal -0.228669 -0.853369 0.468479
    outer loop
      vertex -15.309 -4.79719 12.8
      vertex -15.1905 -4.72881 12.9824
      vertex -15.8605 -4.64941 12.8
    endloop
  endfacet
  facet normal -0.228671 -0.853456 0.468319
    outer loop
      vertex -13.3734 -5.31583 12.8
      vertex -11.4904 -5.16736 13.99
      vertex -14.3227 -4.83167 13.2188
    endloop
  endfacet
  facet normal -0.228669 -0.853458 0.468317
    outer loop
      vertex -11.4904 -5.16736 13.99
      vertex -13.3734 -5.31583 12.8
      vertex -11.9567 -5.69541 12.8
    endloop
  endfacet
  facet normal -0.866258 -0.232076 0.442423
    outer loop
      vertex -11.712 -6.28909 12.9677
      vertex -11.4904 -5.16736 13.99
      vertex -11.9567 -5.69541 12.8
    endloop
  endfacet
  facet normal -0.866221 -0.232125 0.442469
    outer loop
      vertex -11.3656 -6.56195 13.5027
      vertex -11.4904 -5.16736 13.99
      vertex -11.712 -6.28909 12.9677
    endloop
  endfacet
  facet normal -0.866261 -0.232105 0.442401
    outer loop
      vertex -11.3656 -6.56195 13.5027
      vertex -10.2203 -9.90762 13.99
      vertex -11.4904 -5.16736 13.99
    endloop
  endfacet
  facet normal -0.86621 -0.232071 0.442519
    outer loop
      vertex -10.2203 -9.90762 13.99
      vertex -11.3656 -6.56195 13.5027
      vertex -11.3348 -7.20415 13.2262
    endloop
  endfacet
  facet normal 0.707108 -0.707106 0
    outer loop
      vertex -19.7008 -7.36732 13.99
      vertex -16.2307 -3.89721 14
      vertex -19.7008 -7.36732 14
    endloop
  endfacet
  facet normal 0.707108 -0.707106 0
    outer loop
      vertex -16.2307 -3.89721 14
      vertex -19.7008 -7.36732 13.99
      vertex -16.2307 -3.89721 13.99
    endloop
  endfacet
  facet normal 0.766378 0.205359 0.608681
    outer loop
      vertex -19.7008 -7.36732 13.99
      vertex -18.3417 -8.9122 12.8
      vertex -18.7182 -7.50714 12.8
    endloop
  endfacet
  facet normal 0.766368 0.205334 0.608702
    outer loop
      vertex -18.3417 -8.9122 12.8
      vertex -19.7008 -7.36732 13.99
      vertex -18.3979 -9.96441 13.2257
    endloop
  endfacet
  facet normal 0.766418 0.205404 0.608616
    outer loop
      vertex -17.6722 -11.4109 12.8
      vertex -17.8084 -10.9027 12.8
      vertex -17.9584 -10.8405 12.9679
    endloop
  endfacet
  facet normal 0 0 1
    outer loop
      vertex -10.9107 -9.59915 12.8
      vertex -11.2872 -8.19409 12.8
      vertex -11.2948 -9.98323 12.8
    endloop
  endfacet
  facet normal 0 0 1
    outer loop
      vertex -15.309 -4.79719 12.8
      vertex -15.8605 -4.64941 12.8
      vertex -16.9635 -5.75245 12.8
    endloop
  endfacet
  facet normal -0 0 1
    outer loop
      vertex -18.7182 -7.50714 12.8
      vertex -18.3363 -7.62726 12.8
      vertex -18.3342 -7.12306 12.8
    endloop
  endfacet
  facet normal 0 0 1
    outer loop
      vertex -18.3363 -7.62726 12.8
      vertex -18.7182 -7.50714 12.8
      vertex -18.3417 -8.9122 12.8
    endloop
  endfacet
  facet normal -0 -0 1
    outer loop
      vertex -17.6722 -11.4109 12.8
      vertex -16.2556 -11.7905 12.8
      vertex -17.8084 -10.9027 12.8
    endloop
  endfacet
  facet normal 0 -0 1
    outer loop
      vertex -13.7685 -12.4569 12.8
      vertex -12.6654 -11.3538 12.8
      vertex -14.32 -12.3091 12.8
    endloop
  endfacet
  facet normal 0 0 1
    outer loop
      vertex -11.8206 -6.20356 12.8
      vertex -11.9567 -5.69541 12.8
      vertex -13.3734 -5.31583 12.8
    endloop
  endfacet
  facet normal 0.209038 0.780001 0.589831
    outer loop
      vertex -14.32 -12.3091 12.8
      vertex -13.6904 -13.3777 13.99
      vertex -13.7685 -12.4569 12.8
    endloop
  endfacet
  facet normal 0.209008 0.779999 0.589845
    outer loop
      vertex -13.6904 -13.3777 13.99
      vertex -14.32 -12.3091 12.8
      vertex -14.9123 -12.651 13.462
    endloop
  endfacet
  facet normal 0.208965 0.779968 0.589901
    outer loop
      vertex -14.9123 -12.651 13.462
      vertex -17.6722 -11.4109 12.8
      vertex -13.6904 -13.3777 13.99
    endloop
  endfacet
  facet normal 0.208986 0.779992 0.589862
    outer loop
      vertex -15.756 -12.1105 13.0462
      vertex -17.6722 -11.4109 12.8
      vertex -14.9123 -12.651 13.462
    endloop
  endfacet
  facet normal 0.209034 0.780079 0.589731
    outer loop
      vertex -17.6722 -11.4109 12.8
      vertex -15.756 -12.1105 13.0462
      vertex -16.2556 -11.7905 12.8
    endloop
  endfacet
  facet normal -0.866255 -0.232122 0.442403
    outer loop
      vertex -10.2203 -9.90762 13.99
      vertex -11.2872 -8.19409 12.8
      vertex -10.9107 -9.59915 12.8
    endloop
  endfacet
  facet normal -0.866255 -0.232121 0.442404
    outer loop
      vertex -11.2872 -8.19409 12.8
      vertex -10.2203 -9.90762 13.99
      vertex -11.3348 -7.20415 13.2262
    endloop
  endfacet
  facet normal -0.866185 -0.231994 0.442608
    outer loop
      vertex -11.8206 -6.20356 12.8
      vertex -11.712 -6.28909 12.9677
      vertex -11.9567 -5.69541 12.8
    endloop
  endfacet
  facet normal -0.258817 -0.965926 0
    outer loop
      vertex -16.2307 -3.89721 13.99
      vertex -11.4904 -5.16736 14
      vertex -16.2307 -3.89721 14
    endloop
  endfacet
  facet normal -0.258817 -0.965926 -0
    outer loop
      vertex -11.4904 -5.16736 14
      vertex -16.2307 -3.89721 13.99
      vertex -11.4904 -5.16736 13.99
    endloop
  endfacet
  facet normal 0.766394 0.205359 0.608661
    outer loop
      vertex -19.7008 -7.36732 13.99
      vertex -18.4341 -10.6429 13.5002
      vertex -18.3979 -9.96441 13.2257
    endloop
  endfacet
  facet normal 0.76639 0.205377 0.608659
    outer loop
      vertex -18.4341 -10.6429 13.5002
      vertex -17.6722 -11.4109 12.8
      vertex -17.9584 -10.8405 12.9679
    endloop
  endfacet
  facet normal 0.766375 0.205329 0.608695
    outer loop
      vertex -18.4341 -10.6429 13.5002
      vertex -18.4307 -12.1076 13.99
      vertex -17.6722 -11.4109 12.8
    endloop
  endfacet
  facet normal 0.766356 0.205336 0.608717
    outer loop
      vertex -18.4307 -12.1076 13.99
      vertex -18.4341 -10.6429 13.5002
      vertex -19.7008 -7.36732 13.99
    endloop
  endfacet
  facet normal 0.208988 0.779991 0.589863
    outer loop
      vertex -13.6904 -13.3777 13.99
      vertex -17.6722 -11.4109 12.8
      vertex -18.4307 -12.1076 13.99
    endloop
  endfacet
  facet normal 0.965929 0.258809 0
    outer loop
      vertex -18.4307 -12.1076 14
      vertex -19.7008 -7.36732 13.99
      vertex -19.7008 -7.36732 14
    endloop
  endfacet
  facet normal 0.965929 0.258809 0
    outer loop
      vertex -19.7008 -7.36732 13.99
      vertex -18.4307 -12.1076 14
      vertex -18.4307 -12.1076 13.99
    endloop
  endfacet
  facet normal -0.496318 -0.868141 0
    outer loop
      vertex -13.4794 -5.3553 0
      vertex -11.3672 -6.56285 0.98
      vertex -13.4794 -5.3553 0.98
    endloop
  endfacet
  facet normal -0.496318 -0.868141 -0
    outer loop
      vertex -11.3672 -6.56285 0.98
      vertex -13.4794 -5.3553 0
      vertex -11.3672 -6.56285 0
    endloop
  endfacet
  facet normal -0.999991 0.00423347 0
    outer loop
      vertex -11.3775 -8.99582 0
      vertex -11.3672 -6.56285 0.98
      vertex -11.3672 -6.56285 0
    endloop
  endfacet
  facet normal -0.999991 0.00423347 0
    outer loop
      vertex -11.3672 -6.56285 0.98
      vertex -11.3775 -8.99582 0
      vertex -11.3775 -8.99582 0.98
    endloop
  endfacet
  facet normal 0.999991 -0.00423347 0
    outer loop
      vertex -15.6328 -9.02559 0.98
      vertex -15.6225 -6.59262 0
      vertex -15.6225 -6.59262 0.98
    endloop
  endfacet
  facet normal 0.999991 -0.00423347 0
    outer loop
      vertex -15.6225 -6.59262 0
      vertex -15.6328 -9.02559 0.98
      vertex -15.6328 -9.02559 0
    endloop
  endfacet
  facet normal 0.496306 0.868148 -0
    outer loop
      vertex -13.5206 -10.2331 0
      vertex -15.6328 -9.02559 0.98
      vertex -13.5206 -10.2331 0.98
    endloop
  endfacet
  facet normal 0.496306 0.868148 0
    outer loop
      vertex -15.6328 -9.02559 0.98
      vertex -13.5206 -10.2331 0
      vertex -15.6328 -9.02559 0
    endloop
  endfacet
  facet normal -0.499988 0.866032 0
    outer loop
      vertex -11.3775 -8.99582 0
      vertex -13.5206 -10.2331 0.98
      vertex -11.3775 -8.99582 0.98
    endloop
  endfacet
  facet normal -0.499988 0.866032 0
    outer loop
      vertex -13.5206 -10.2331 0.98
      vertex -11.3775 -8.99582 0
      vertex -13.5206 -10.2331 0
    endloop
  endfacet
  facet normal 0.5 -0.866025 0
    outer loop
      vertex -15.6225 -6.59262 0
      vertex -13.4794 -5.3553 0.98
      vertex -15.6225 -6.59262 0.98
    endloop
  endfacet
  facet normal 0.5 -0.866025 0
    outer loop
      vertex -13.4794 -5.3553 0.98
      vertex -15.6225 -6.59262 0
      vertex -13.4794 -5.3553 0
    endloop
  endfacet
  facet normal 0.28657 0.501264 0.816464
    outer loop
      vertex -13.5171 -11.8802 1.99
      vertex -13.5206 -10.2331 0.98
      vertex -17.0645 -9.85217 1.99
    endloop
  endfacet
  facet normal 0.999991 -0.0042583 0
    outer loop
      vertex -17.0645 -9.85217 2.03
      vertex -17.0471 -5.76607 1.99
      vertex -17.0471 -5.76607 2.03
    endloop
  endfacet
  facet normal 0.999991 -0.0042583 0
    outer loop
      vertex -17.0471 -5.76607 1.99
      vertex -17.0645 -9.85217 2.03
      vertex -17.0645 -9.85217 1.99
    endloop
  endfacet
  facet normal 0 0 -1
    outer loop
      vertex -9.95287 -9.82239 2.03
      vertex -9.98645 -9.80713 2.03
      vertex -9.96925 -5.75575 2.03
    endloop
  endfacet
  facet normal -0 0 -1
    outer loop
      vertex -9.95287 -9.82239 2.03
      vertex -13.0831 -11.595 2.03
      vertex -9.98645 -9.80713 2.03
    endloop
  endfacet
  facet normal 0 0 -1
    outer loop
      vertex -13.5171 -11.8802 2.03
      vertex -13.0831 -11.595 2.03
      vertex -9.95287 -9.82239 2.03
    endloop
  endfacet
  facet normal 0 0 -1
    outer loop
      vertex -13.5171 -11.8802 2.03
      vertex -13.5208 -11.8477 2.03
      vertex -13.0831 -11.595 2.03
    endloop
  endfacet
  facet normal 0 0 -1
    outer loop
      vertex -13.5171 -11.8802 2.03
      vertex -16.5414 -10.1208 2.03
      vertex -13.5208 -11.8477 2.03
    endloop
  endfacet
  facet normal 0 0 -1
    outer loop
      vertex -17.0645 -9.85217 2.03
      vertex -16.5414 -10.1208 2.03
      vertex -13.5171 -11.8802 2.03
    endloop
  endfacet
  facet normal -0 0 -1
    outer loop
      vertex -17.0356 -9.26488 2.03
      vertex -17.0645 -9.85217 2.03
      vertex -17.0471 -5.76607 2.03
    endloop
  endfacet
  facet normal 0 0 -1
    outer loop
      vertex -16.5414 -10.1208 2.03
      vertex -17.0645 -9.85217 2.03
      vertex -17.038 -9.83692 2.03
    endloop
  endfacet
  facet normal 0 0 -1
    outer loop
      vertex -9.96925 -5.75575 2.03
      vertex -9.93552 -5.73627 2.03
      vertex -9.95287 -9.82239 2.03
    endloop
  endfacet
  facet normal 0 0 -1
    outer loop
      vertex -9.96925 -5.75575 2.03
      vertex -13.4829 -3.70825 2.03
      vertex -9.93552 -5.73627 2.03
    endloop
  endfacet
  facet normal 0 0 -1
    outer loop
      vertex -13.4865 -3.74496 2.03
      vertex -13.4829 -3.70825 2.03
      vertex -9.96925 -5.75575 2.03
    endloop
  endfacet
  facet normal 0 0 -1
    outer loop
      vertex -13.8381 -3.948 2.03
      vertex -13.4829 -3.70825 2.03
      vertex -13.4865 -3.74496 2.03
    endloop
  endfacet
  facet normal 0 0 -1
    outer loop
      vertex -17.0471 -5.76607 2.03
      vertex -13.8381 -3.948 2.03
      vertex -17.0208 -5.78554 2.03
    endloop
  endfacet
  facet normal -0 0 -1
    outer loop
      vertex -13.8381 -3.948 2.03
      vertex -17.0471 -5.76607 2.03
      vertex -13.4829 -3.70825 2.03
    endloop
  endfacet
  facet normal 0 0 -1
    outer loop
      vertex -17.0356 -9.26488 2.03
      vertex -17.0471 -5.76607 2.03
      vertex -17.0208 -5.78554 2.03
    endloop
  endfacet
  facet normal 0 0 -1
    outer loop
      vertex -17.0645 -9.85217 2.03
      vertex -17.0356 -9.26488 2.03
      vertex -17.038 -9.83692 2.03
    endloop
  endfacet
  facet normal -0.286576 -0.501274 0.816455
    outer loop
      vertex -13.4794 -5.3553 0.98
      vertex -9.93552 -5.73627 1.99
      vertex -13.4829 -3.70825 1.99
    endloop
  endfacet
  facet normal -0.5 0.866025 0
    outer loop
      vertex -9.95287 -9.82239 1.99
      vertex -13.5171 -11.8802 2.03
      vertex -9.95287 -9.82239 2.03
    endloop
  endfacet
  facet normal -0.5 0.866025 0
    outer loop
      vertex -13.5171 -11.8802 2.03
      vertex -9.95287 -9.82239 1.99
      vertex -13.5171 -11.8802 1.99
    endloop
  endfacet
  facet normal -0.288699 0.500041 0.816463
    outer loop
      vertex -13.5171 -11.8802 1.99
      vertex -9.95287 -9.82239 1.99
      vertex -13.5206 -10.2331 0.98
    endloop
  endfacet
  facet normal 0.288708 -0.50005 0.816454
    outer loop
      vertex -13.4794 -5.3553 0.98
      vertex -13.4829 -3.70825 1.99
      vertex -17.0471 -5.76607 1.99
    endloop
  endfacet
  facet normal -0.288698 0.500056 0.816454
    outer loop
      vertex -9.95287 -9.82239 1.99
      vertex -11.3775 -8.99582 0.98
      vertex -13.5206 -10.2331 0.98
    endloop
  endfacet
  facet normal -0.57741 0.00244447 0.816451
    outer loop
      vertex -9.95287 -9.82239 1.99
      vertex -11.3672 -6.56285 0.98
      vertex -11.3775 -8.99582 0.98
    endloop
  endfacet
  facet normal 0.288708 -0.500056 0.81645
    outer loop
      vertex -15.6225 -6.59262 0.98
      vertex -13.4794 -5.3553 0.98
      vertex -17.0471 -5.76607 1.99
    endloop
  endfacet
  facet normal -0.286576 -0.501268 0.816459
    outer loop
      vertex -11.3672 -6.56285 0.98
      vertex -9.93552 -5.73627 1.99
      vertex -13.4794 -5.3553 0.98
    endloop
  endfacet
  facet normal -0.577399 0.00245168 0.816459
    outer loop
      vertex -9.95287 -9.82239 1.99
      vertex -9.93552 -5.73627 1.99
      vertex -11.3672 -6.56285 0.98
    endloop
  endfacet
  facet normal -0.496313 -0.868143 0
    outer loop
      vertex -13.4829 -3.70825 1.99
      vertex -9.93552 -5.73627 2.03
      vertex -13.4829 -3.70825 2.03
    endloop
  endfacet
  facet normal -0.496313 -0.868143 -0
    outer loop
      vertex -9.93552 -5.73627 2.03
      vertex -13.4829 -3.70825 1.99
      vertex -9.93552 -5.73627 1.99
    endloop
  endfacet
  facet normal 0.500005 -0.866022 0
    outer loop
      vertex -17.0471 -5.76607 1.99
      vertex -13.4829 -3.70825 2.03
      vertex -17.0471 -5.76607 2.03
    endloop
  endfacet
  facet normal 0.500005 -0.866022 0
    outer loop
      vertex -13.4829 -3.70825 2.03
      vertex -17.0471 -5.76607 1.99
      vertex -13.4829 -3.70825 1.99
    endloop
  endfacet
  facet normal 0.577418 -0.0024445 0.816445
    outer loop
      vertex -15.6328 -9.02559 0.98
      vertex -15.6225 -6.59262 0.98
      vertex -17.0471 -5.76607 1.99
    endloop
  endfacet
  facet normal -0.999991 0.00424604 0
    outer loop
      vertex -9.95287 -9.82239 1.99
      vertex -9.93552 -5.73627 2.03
      vertex -9.93552 -5.73627 1.99
    endloop
  endfacet
  facet normal -0.999991 0.00424604 0
    outer loop
      vertex -9.93552 -5.73627 2.03
      vertex -9.95287 -9.82239 1.99
      vertex -9.95287 -9.82239 2.03
    endloop
  endfacet
  facet normal 0.496313 0.868144 -0
    outer loop
      vertex -13.5171 -11.8802 1.99
      vertex -17.0645 -9.85217 2.03
      vertex -13.5171 -11.8802 2.03
    endloop
  endfacet
  facet normal 0.496313 0.868144 0
    outer loop
      vertex -17.0645 -9.85217 2.03
      vertex -13.5171 -11.8802 1.99
      vertex -17.0645 -9.85217 1.99
    endloop
  endfacet
  facet normal 0.286569 0.501272 0.816458
    outer loop
      vertex -13.5206 -10.2331 0.98
      vertex -15.6328 -9.02559 0.98
      vertex -17.0645 -9.85217 1.99
    endloop
  endfacet
  facet normal 0.577396 -0.00245875 0.816461
    outer loop
      vertex -15.6328 -9.02559 0.98
      vertex -17.0471 -5.76607 1.99
      vertex -17.0645 -9.85217 1.99
    endloop
  endfacet
  facet normal 0 1 0
    outer loop
      vertex -11.0278 -3.5 2.03
      vertex -8.30546 -3.5 12.8
      vertex -6.97644 -3.5 2.03
    endloop
  endfacet
  facet normal 0 1 0
    outer loop
      vertex -6.97644 -3.5 2.03
      vertex -8.30546 -3.5 12.8
      vertex -7.77476 -3.5 13.4466
    endloop
  endfacet
  facet normal 0 1 0
    outer loop
      vertex -8.30546 -3.5 12.8
      vertex -11.0278 -3.5 2.03
      vertex -10.216 -3.5 12.8
    endloop
  endfacet
  facet normal 0 1 0
    outer loop
      vertex -10.216 -3.5 12.8
      vertex -11.0278 -3.5 2.03
      vertex -11.2333 -3.5 13.206
    endloop
  endfacet
  facet normal 0 1 0
    outer loop
      vertex -11.2333 -3.5 13.206
      vertex -11.0278 -3.5 2.03
      vertex -11.8258 -3.5 13.4425
    endloop
  endfacet
  facet normal 0.863946 -0.49995 0.0603989
    outer loop
      vertex -12.5721 2.13281 12.8
      vertex -12.7956 0.445465 2.03
      vertex -12.3366 2.56439 13.0038
    endloop
  endfacet
  facet normal 0.8639 -0.500028 0.0604121
    outer loop
      vertex -13.5141 0.505314 12.8
      vertex -12.7956 0.445465 2.03
      vertex -12.5721 2.13281 12.8
    endloop
  endfacet
  facet normal 0.863963 -0.499919 0.0604126
    outer loop
      vertex -13.0534 0 2.03
      vertex -13.5141 0.505314 12.8
      vertex -13.8523 0 13.4551
    endloop
  endfacet
  facet normal 0.86393 -0.499975 0.0604138
    outer loop
      vertex -13.5141 0.505314 12.8
      vertex -13.0534 0 2.03
      vertex -12.7956 0.445465 2.03
    endloop
  endfacet
  facet normal -0.863912 -0.500007 -0.0604106
    outer loop
      vertex -6.97644 3.5 2.03
      vertex -7.53548 3.1429 12.9803
      vertex -7.7745 3.5 13.4428
    endloop
  endfacet
  facet normal -0.863926 -0.499983 -0.0604105
    outer loop
      vertex -6.97644 3.5 2.03
      vertex -7.44233 3.00373 12.8
      vertex -7.53548 3.1429 12.9803
    endloop
  endfacet
  facet normal -0.863915 -0.500002 -0.0604109
    outer loop
      vertex -6.97644 3.5 2.03
      vertex -6.50059 1.37657 12.8
      vertex -7.44233 3.00373 12.8
    endloop
  endfacet
  facet normal -0.863916 -0.5 -0.0604104
    outer loop
      vertex -4.95078 0 2.03
      vertex -6.50059 1.37657 12.8
      vertex -6.97644 3.5 2.03
    endloop
  endfacet
  facet normal -0.863917 -0.499998 -0.0604108
    outer loop
      vertex -6.50059 1.37657 12.8
      vertex -4.95078 0 2.03
      vertex -6.03027 0.514262 13.2111
    endloop
  endfacet
  facet normal -0.863915 -0.500002 -0.0604104
    outer loop
      vertex -6.03027 0.514262 13.2111
      vertex -4.95078 0 2.03
      vertex -5.74978 0 13.4563
    endloop
  endfacet
  facet normal 0.863919 0.499995 0.0604095
    outer loop
      vertex -13.0098 -1.37657 12.8
      vertex -13.0534 0 2.03
      vertex -13.8523 0 13.4551
    endloop
  endfacet
  facet normal 0.863931 0.499975 0.060407
    outer loop
      vertex -13.0534 0 2.03
      vertex -13.0098 -1.37657 12.8
      vertex -12.7956 -0.445465 2.03
    endloop
  endfacet
  facet normal 0.863912 0.500006 0.0604093
    outer loop
      vertex -12.7956 -0.445465 2.03
      vertex -13.0098 -1.37657 12.8
      vertex -12.3451 -2.52504 12.8
    endloop
  endfacet
  facet normal 0.863914 -0.500003 0.060406
    outer loop
      vertex -12.3366 2.56439 13.0038
      vertex -11.0278 3.5 2.03
      vertex -11.826 3.5 13.4457
    endloop
  endfacet
  facet normal 0.863921 -0.499991 0.0604078
    outer loop
      vertex -11.0278 3.5 2.03
      vertex -12.3366 2.56439 13.0038
      vertex -12.7956 0.445465 2.03
    endloop
  endfacet
  facet normal -0.863911 0.500008 -0.0604102
    outer loop
      vertex -4.95078 0 2.03
      vertex -5.9292 -0.367704 12.9787
      vertex -5.74978 0 13.4563
    endloop
  endfacet
  facet normal -0.863935 0.499967 -0.0604137
    outer loop
      vertex -4.95078 0 2.03
      vertex -5.99634 -0.505314 12.8
      vertex -5.9292 -0.367704 12.9787
    endloop
  endfacet
  facet normal -0.863914 0.500004 -0.0604099
    outer loop
      vertex -4.95078 0 2.03
      vertex -6.93828 -2.13281 12.8
      vertex -5.99634 -0.505314 12.8
    endloop
  endfacet
  facet normal -0.863916 0.5 -0.0604111
    outer loop
      vertex -6.97644 -3.5 2.03
      vertex -6.93828 -2.13281 12.8
      vertex -4.95078 0 2.03
    endloop
  endfacet
  facet normal -0.863918 0.499996 -0.0604106
    outer loop
      vertex -6.93828 -2.13281 12.8
      vertex -6.97644 -3.5 2.03
      vertex -7.77476 -3.5 13.4466
    endloop
  endfacet
  facet normal 0.863952 0.499937 0.0604146
    outer loop
      vertex -11.0278 -3.5 2.03
      vertex -12.3451 -2.52504 12.8
      vertex -12.0681 -3.00373 12.8
    endloop
  endfacet
  facet normal 0.863966 0.499913 0.0604171
    outer loop
      vertex -11.0278 -3.5 2.03
      vertex -12.0681 -3.00373 12.8
      vertex -12.0001 -3.14304 12.9803
    endloop
  endfacet
  facet normal 0.863891 0.500044 0.0604061
    outer loop
      vertex -11.0278 -3.5 2.03
      vertex -12.0001 -3.14304 12.9803
      vertex -11.8258 -3.5 13.4425
    endloop
  endfacet
  facet normal 0.863921 0.499991 0.060406
    outer loop
      vertex -12.3451 -2.52504 12.8
      vertex -11.0278 -3.5 2.03
      vertex -12.7956 -0.445465 2.03
    endloop
  endfacet
  facet normal 0 -1 0
    outer loop
      vertex -11.205 3.5 12.8
      vertex -11.0278 3.5 2.03
      vertex -9.29443 3.5 12.8
    endloop
  endfacet
  facet normal 0 -1 0
    outer loop
      vertex -11.0278 3.5 2.03
      vertex -11.205 3.5 12.8
      vertex -11.826 3.5 13.4457
    endloop
  endfacet
  facet normal 0 -1 0
    outer loop
      vertex -6.97644 3.5 2.03
      vertex -8.33442 3.5 13.206
      vertex -9.29443 3.5 12.8
    endloop
  endfacet
  facet normal 0 -1 0
    outer loop
      vertex -6.97644 3.5 2.03
      vertex -9.29443 3.5 12.8
      vertex -11.0278 3.5 2.03
    endloop
  endfacet
  facet normal 0 -1 0
    outer loop
      vertex -8.33442 3.5 13.206
      vertex -6.97644 3.5 2.03
      vertex -7.7745 3.5 13.4428
    endloop
  endfacet
  facet normal -0.707107 0.707107 0
    outer loop
      vertex -8.56897 -4.74026 13.99
      vertex -5.09886 -1.27015 14
      vertex -5.09886 -1.27015 13.99
    endloop
  endfacet
  facet normal -0.707107 0.707107 0
    outer loop
      vertex -5.09886 -1.27015 14
      vertex -8.56897 -4.74026 13.99
      vertex -8.56897 -4.74026 14
    endloop
  endfacet
  facet normal 0.584693 -0.584682 0.562388
    outer loop
      vertex -11.1093 4.74026 13.99
      vertex -11.826 3.5 13.4457
      vertex -10.8012 3.90374 12.8
    endloop
  endfacet
  facet normal 0.584694 -0.584703 0.562366
    outer loop
      vertex -14.5794 1.27015 13.99
      vertex -12.3366 2.56439 13.0038
      vertex -11.826 3.5 13.4457
    endloop
  endfacet
  facet normal 0.584683 -0.584681 0.5624
    outer loop
      vertex -14.5794 1.27015 13.99
      vertex -11.826 3.5 13.4457
      vertex -11.1093 4.74026 13.99
    endloop
  endfacet
  facet normal 0.584689 -0.58464 0.562437
    outer loop
      vertex -12.3366 2.56439 13.0038
      vertex -14.5794 1.27015 13.99
      vertex -12.5721 2.13281 12.8
    endloop
  endfacet
  facet normal 0.584679 -0.584727 0.562357
    outer loop
      vertex -12.5721 2.13281 12.8
      vertex -14.5794 1.27015 13.99
      vertex -13.659 1.046 12.8
    endloop
  endfacet
  facet normal 0.58468 -0.584767 0.562314
    outer loop
      vertex -10.8012 3.90374 12.8
      vertex -11.826 3.5 13.4457
      vertex -11.205 3.5 12.8
    endloop
  endfacet
  facet normal 0.258821 0.965925 -0
    outer loop
      vertex -8.56897 -4.74026 13.99
      vertex -13.3092 -3.47011 14
      vertex -8.56897 -4.74026 14
    endloop
  endfacet
  facet normal 0.258821 0.965925 0
    outer loop
      vertex -13.3092 -3.47011 14
      vertex -8.56897 -4.74026 13.99
      vertex -13.3092 -3.47011 13.99
    endloop
  endfacet
  facet normal -0.611564 0.611564 0.501976
    outer loop
      vertex -5.09886 -1.27015 13.99
      vertex -5.85147 -1.046 12.8
      vertex -8.56897 -4.74026 13.99
    endloop
  endfacet
  facet normal -0.220756 -0.823876 0.522011
    outer loop
      vertex -11.1093 4.74026 13.99
      vertex -7.7745 3.5 13.4428
      vertex -6.36901 3.47011 13.99
    endloop
  endfacet
  facet normal -0.220761 -0.823884 0.521996
    outer loop
      vertex -7.7745 3.5 13.4428
      vertex -11.1093 4.74026 13.99
      vertex -8.33442 3.5 13.206
    endloop
  endfacet
  facet normal -0.220696 -0.823863 0.522056
    outer loop
      vertex -6.89747 2.85774 12.8
      vertex -7.7745 3.5 13.4428
      vertex -7.53548 3.1429 12.9803
    endloop
  endfacet
  facet normal -0.220752 -0.823884 0.522
    outer loop
      vertex -7.7745 3.5 13.4428
      vertex -6.89747 2.85774 12.8
      vertex -6.36901 3.47011 13.99
    endloop
  endfacet
  facet normal -0.611521 0.611553 0.502041
    outer loop
      vertex -5.85147 -1.046 12.8
      vertex -7.77476 -3.5 13.4466
      vertex -8.56897 -4.74026 13.99
    endloop
  endfacet
  facet normal -0.611571 0.611571 0.501959
    outer loop
      vertex -7.77476 -3.5 13.4466
      vertex -5.85147 -1.046 12.8
      vertex -6.93828 -2.13281 12.8
    endloop
  endfacet
  facet normal -0.611583 0.611558 0.50196
    outer loop
      vertex -8.30546 -3.5 12.8
      vertex -8.56897 -4.74026 13.99
      vertex -7.77476 -3.5 13.4466
    endloop
  endfacet
  facet normal -0.611565 0.611565 0.501972
    outer loop
      vertex -8.56897 -4.74026 13.99
      vertex -8.30546 -3.5 12.8
      vertex -8.7092 -3.90374 12.8
    endloop
  endfacet
  facet normal -0.842007 -0.225616 0.490023
    outer loop
      vertex -6.50059 1.37657 12.8
      vertex -6.36901 3.47011 13.99
      vertex -6.89747 2.85774 12.8
    endloop
  endfacet
  facet normal -0.841999 -0.225622 0.490033
    outer loop
      vertex -6.36901 3.47011 13.99
      vertex -6.50059 1.37657 12.8
      vertex -6.03027 0.514262 13.2111
    endloop
  endfacet
  facet normal -0.841984 -0.225599 0.49007
    outer loop
      vertex -5.85147 -1.046 12.8
      vertex -5.9292 -0.367704 12.9787
      vertex -5.99634 -0.505314 12.8
    endloop
  endfacet
  facet normal -0.220764 -0.823931 0.52192
    outer loop
      vertex -7.44233 3.00373 12.8
      vertex -6.89747 2.85774 12.8
      vertex -7.53548 3.1429 12.9803
    endloop
  endfacet
  facet normal -0.22076 -0.823883 0.521998
    outer loop
      vertex -9.29443 3.5 12.8
      vertex -11.1093 4.74026 13.99
      vertex -10.8012 3.90374 12.8
    endloop
  endfacet
  facet normal -0.22076 -0.823883 0.521999
    outer loop
      vertex -11.1093 4.74026 13.99
      vertex -9.29443 3.5 12.8
      vertex -8.33442 3.5 13.206
    endloop
  endfacet
  facet normal -0.258818 -0.965926 0
    outer loop
      vertex -11.1093 4.74026 13.99
      vertex -6.36901 3.47011 14
      vertex -11.1093 4.74026 14
    endloop
  endfacet
  facet normal -0.258818 -0.965926 -0
    outer loop
      vertex -6.36901 3.47011 14
      vertex -11.1093 4.74026 13.99
      vertex -6.36901 3.47011 13.99
    endloop
  endfacet
  facet normal 0.791918 0.212202 0.57257
    outer loop
      vertex -13.3092 -3.47011 13.99
      vertex -12.6129 -2.85774 12.8
      vertex -14.5794 1.27015 13.99
    endloop
  endfacet
  facet normal 0.217154 0.810423 0.544114
    outer loop
      vertex -8.56897 -4.74026 13.99
      vertex -11.8258 -3.5 13.4425
      vertex -13.3092 -3.47011 13.99
    endloop
  endfacet
  facet normal 0.21717 0.810446 0.544072
    outer loop
      vertex -11.8258 -3.5 13.4425
      vertex -8.56897 -4.74026 13.99
      vertex -11.2333 -3.5 13.206
    endloop
  endfacet
  facet normal 0.217273 0.81047 0.543995
    outer loop
      vertex -12.6129 -2.85774 12.8
      vertex -11.8258 -3.5 13.4425
      vertex -12.0001 -3.14304 12.9803
    endloop
  endfacet
  facet normal 0.21715 0.810429 0.544105
    outer loop
      vertex -11.8258 -3.5 13.4425
      vertex -12.6129 -2.85774 12.8
      vertex -13.3092 -3.47011 13.99
    endloop
  endfacet
  facet normal -0.965926 -0.258819 0
    outer loop
      vertex -5.09886 -1.27015 13.99
      vertex -6.36901 3.47011 14
      vertex -6.36901 3.47011 13.99
    endloop
  endfacet
  facet normal -0.965926 -0.258819 0
    outer loop
      vertex -6.36901 3.47011 14
      vertex -5.09886 -1.27015 13.99
      vertex -5.09886 -1.27015 14
    endloop
  endfacet
  facet normal 0.707108 -0.707106 0
    outer loop
      vertex -14.5794 1.27015 14
      vertex -11.1093 4.74026 13.99
      vertex -11.1093 4.74026 14
    endloop
  endfacet
  facet normal 0.707108 -0.707106 0
    outer loop
      vertex -11.1093 4.74026 13.99
      vertex -14.5794 1.27015 14
      vertex -14.5794 1.27015 13.99
    endloop
  endfacet
  facet normal -0.842015 -0.225618 0.490008
    outer loop
      vertex -5.74978 0 13.4563
      vertex -6.36901 3.47011 13.99
      vertex -6.03027 0.514262 13.2111
    endloop
  endfacet
  facet normal -0.842008 -0.225592 0.490031
    outer loop
      vertex -5.09886 -1.27015 13.99
      vertex -5.9292 -0.367704 12.9787
      vertex -5.85147 -1.046 12.8
    endloop
  endfacet
  facet normal -0.842016 -0.225618 0.490007
    outer loop
      vertex -5.74978 0 13.4563
      vertex -5.09886 -1.27015 13.99
      vertex -6.36901 3.47011 13.99
    endloop
  endfacet
  facet normal -0.842011 -0.225611 0.490017
    outer loop
      vertex -5.9292 -0.367704 12.9787
      vertex -5.09886 -1.27015 13.99
      vertex -5.74978 0 13.4563
    endloop
  endfacet
  facet normal 0.791932 0.212232 0.57254
    outer loop
      vertex -14.5794 1.27015 13.99
      vertex -13.5141 0.505314 12.8
      vertex -13.659 1.046 12.8
    endloop
  endfacet
  facet normal 0.791931 0.212227 0.572542
    outer loop
      vertex -14.5794 1.27015 13.99
      vertex -13.8523 0 13.4551
      vertex -13.5141 0.505314 12.8
    endloop
  endfacet
  facet normal 0.791928 0.212208 0.572554
    outer loop
      vertex -13.8523 0 13.4551
      vertex -12.6129 -2.85774 12.8
      vertex -13.0098 -1.37657 12.8
    endloop
  endfacet
  facet normal 0.791901 0.212186 0.572599
    outer loop
      vertex -12.6129 -2.85774 12.8
      vertex -13.8523 0 13.4551
      vertex -14.5794 1.27015 13.99
    endloop
  endfacet
  facet normal 0.21715 0.810428 0.544107
    outer loop
      vertex -10.216 -3.5 12.8
      vertex -8.56897 -4.74026 13.99
      vertex -8.7092 -3.90374 12.8
    endloop
  endfacet
  facet normal 0.217151 0.810428 0.544107
    outer loop
      vertex -8.56897 -4.74026 13.99
      vertex -10.216 -3.5 12.8
      vertex -11.2333 -3.5 13.206
    endloop
  endfacet
  facet normal 0.217149 0.810349 0.544224
    outer loop
      vertex -12.0001 -3.14304 12.9803
      vertex -12.0681 -3.00373 12.8
      vertex -12.6129 -2.85774 12.8
    endloop
  endfacet
  facet normal 0 -0 1
    outer loop
      vertex -8.7092 -3.90374 12.8
      vertex -8.30546 -3.5 12.8
      vertex -10.216 -3.5 12.8
    endloop
  endfacet
  facet normal 0 0 1
    outer loop
      vertex -6.50059 1.37657 12.8
      vertex -6.89747 2.85774 12.8
      vertex -7.44233 3.00373 12.8
    endloop
  endfacet
  facet normal 0 0 1
    outer loop
      vertex -5.85147 -1.046 12.8
      vertex -5.99634 -0.505314 12.8
      vertex -6.93828 -2.13281 12.8
    endloop
  endfacet
  facet normal 0 0 1
    outer loop
      vertex -12.3451 -2.52504 12.8
      vertex -12.6129 -2.85774 12.8
      vertex -12.0681 -3.00373 12.8
    endloop
  endfacet
  facet normal 0 -0 1
    outer loop
      vertex -12.6129 -2.85774 12.8
      vertex -12.3451 -2.52504 12.8
      vertex -13.0098 -1.37657 12.8
    endloop
  endfacet
  facet normal 0 -0 1
    outer loop
      vertex -13.5141 0.505314 12.8
      vertex -12.5721 2.13281 12.8
      vertex -13.659 1.046 12.8
    endloop
  endfacet
  facet normal 0 0 1
    outer loop
      vertex -9.29443 3.5 12.8
      vertex -10.8012 3.90374 12.8
      vertex -11.205 3.5 12.8
    endloop
  endfacet
  facet normal 0.965923 0.258829 0
    outer loop
      vertex -13.3092 -3.47011 14
      vertex -14.5794 1.27015 13.99
      vertex -14.5794 1.27015 14
    endloop
  endfacet
  facet normal 0.965923 0.258829 0
    outer loop
      vertex -14.5794 1.27015 13.99
      vertex -13.3092 -3.47011 14
      vertex -13.3092 -3.47011 13.99
    endloop
  endfacet
  facet normal 0.865491 -0.500925 0
    outer loop
      vertex -11.4359 0 0.98
      vertex -10.2194 2.10185 0
      vertex -10.2194 2.10185 0.98
    endloop
  endfacet
  facet normal 0.865491 -0.500925 0
    outer loop
      vertex -10.2194 2.10185 0
      vertex -11.4359 0 0.98
      vertex -11.4359 0 0
    endloop
  endfacet
  facet normal -0.865494 0.500919 0
    outer loop
      vertex -7.78058 -2.10185 0
      vertex -6.5641 0 0.98
      vertex -6.5641 0 0
    endloop
  endfacet
  facet normal -0.865494 0.500919 0
    outer loop
      vertex -6.5641 0 0.98
      vertex -7.78058 -2.10185 0
      vertex -7.78058 -2.10185 0.98
    endloop
  endfacet
  facet normal 0 -1 0
    outer loop
      vertex -10.2194 2.10185 0
      vertex -7.78058 2.10185 0.98
      vertex -10.2194 2.10185 0.98
    endloop
  endfacet
  facet normal 0 -1 -0
    outer loop
      vertex -7.78058 2.10185 0.98
      vertex -10.2194 2.10185 0
      vertex -7.78058 2.10185 0
    endloop
  endfacet
  facet normal 0.865491 0.500925 0
    outer loop
      vertex -10.2194 -2.10185 0.98
      vertex -11.4359 0 0
      vertex -11.4359 0 0.98
    endloop
  endfacet
  facet normal 0.865491 0.500925 0
    outer loop
      vertex -11.4359 0 0
      vertex -10.2194 -2.10185 0.98
      vertex -10.2194 -2.10185 0
    endloop
  endfacet
  facet normal 0 1 -0
    outer loop
      vertex -7.78058 -2.10185 0
      vertex -10.2194 -2.10185 0.98
      vertex -7.78058 -2.10185 0.98
    endloop
  endfacet
  facet normal 0 1 0
    outer loop
      vertex -10.2194 -2.10185 0.98
      vertex -7.78058 -2.10185 0
      vertex -10.2194 -2.10185 0
    endloop
  endfacet
  facet normal -0.865494 -0.500919 0
    outer loop
      vertex -6.5641 0 0
      vertex -7.78058 2.10185 0.98
      vertex -7.78058 2.10185 0
    endloop
  endfacet
  facet normal -0.865494 -0.500919 0
    outer loop
      vertex -7.78058 2.10185 0.98
      vertex -6.5641 0 0
      vertex -6.5641 0 0.98
    endloop
  endfacet
  facet normal -0.865496 -0.500916 0
    outer loop
      vertex -4.914 0 1.99
      vertex -6.95703 3.53 2.03
      vertex -6.95703 3.53 1.99
    endloop
  endfacet
  facet normal -0.865496 -0.500916 0
    outer loop
      vertex -6.95703 3.53 2.03
      vertex -4.914 0 1.99
      vertex -4.914 0 2.03
    endloop
  endfacet
  facet normal -0.865496 0.500916 0
    outer loop
      vertex -6.95703 -3.53 1.99
      vertex -4.914 0 2.03
      vertex -4.914 0 1.99
    endloop
  endfacet
  facet normal -0.865496 0.500916 0
    outer loop
      vertex -4.914 0 2.03
      vertex -6.95703 -3.53 1.99
      vertex -6.95703 -3.53 2.03
    endloop
  endfacet
  facet normal 0.499742 -0.289227 0.816459
    outer loop
      vertex -11.4359 0 0.98
      vertex -11.043 3.53 1.99
      vertex -13.086 0 1.99
    endloop
  endfacet
  facet normal 0.865499 0.500911 0
    outer loop
      vertex -11.043 -3.53 2.03
      vertex -13.086 0 1.99
      vertex -13.086 0 2.03
    endloop
  endfacet
  facet normal 0.865499 0.500911 0
    outer loop
      vertex -13.086 0 1.99
      vertex -11.043 -3.53 2.03
      vertex -11.043 -3.53 1.99
    endloop
  endfacet
  facet normal 0 1 -0
    outer loop
      vertex -6.95703 -3.53 1.99
      vertex -11.043 -3.53 2.03
      vertex -6.95703 -3.53 2.03
    endloop
  endfacet
  facet normal 0 1 0
    outer loop
      vertex -11.043 -3.53 2.03
      vertex -6.95703 -3.53 1.99
      vertex -11.043 -3.53 1.99
    endloop
  endfacet
  facet normal 0.865499 -0.500911 0
    outer loop
      vertex -13.086 0 2.03
      vertex -11.043 3.53 1.99
      vertex -11.043 3.53 2.03
    endloop
  endfacet
  facet normal 0.865499 -0.500911 0
    outer loop
      vertex -11.043 3.53 1.99
      vertex -13.086 0 2.03
      vertex -13.086 0 1.99
    endloop
  endfacet
  facet normal -0.499738 -0.289231 0.81646
    outer loop
      vertex -6.5641 0 0.98
      vertex -6.95703 3.53 1.99
      vertex -7.78058 2.10185 0.98
    endloop
  endfacet
  facet normal -0.499738 0.289231 0.81646
    outer loop
      vertex -6.95703 -3.53 1.99
      vertex -6.5641 0 0.98
      vertex -7.78058 -2.10185 0.98
    endloop
  endfacet
  facet normal 0 0 -1
    outer loop
      vertex -6.95703 -3.53 2.03
      vertex -4.95078 0 2.03
      vertex -4.914 0 2.03
    endloop
  endfacet
  facet normal 0 0 -1
    outer loop
      vertex -6.95703 -3.53 2.03
      vertex -6.97644 -3.5 2.03
      vertex -4.95078 0 2.03
    endloop
  endfacet
  facet normal 0 0 -1
    outer loop
      vertex -11.043 -3.53 2.03
      vertex -6.97644 -3.5 2.03
      vertex -6.95703 -3.53 2.03
    endloop
  endfacet
  facet normal -0 0 -1
    outer loop
      vertex -6.97644 -3.5 2.03
      vertex -11.043 -3.53 2.03
      vertex -11.0278 -3.5 2.03
    endloop
  endfacet
  facet normal 0 0 -1
    outer loop
      vertex -11.043 -3.53 2.03
      vertex -12.7956 -0.445465 2.03
      vertex -11.0278 -3.5 2.03
    endloop
  endfacet
  facet normal 0 0 -1
    outer loop
      vertex -13.086 0 2.03
      vertex -12.7956 -0.445465 2.03
      vertex -11.043 -3.53 2.03
    endloop
  endfacet
  facet normal 0 0 -1
    outer loop
      vertex -12.7956 -0.445465 2.03
      vertex -13.086 0 2.03
      vertex -13.0534 0 2.03
    endloop
  endfacet
  facet normal 0 0 -1
    outer loop
      vertex -4.95078 0 2.03
      vertex -6.95703 3.53 2.03
      vertex -4.914 0 2.03
    endloop
  endfacet
  facet normal 0 0 -1
    outer loop
      vertex -6.97644 3.5 2.03
      vertex -6.95703 3.53 2.03
      vertex -4.95078 0 2.03
    endloop
  endfacet
  facet normal 0 0 -1
    outer loop
      vertex -11.043 3.53 2.03
      vertex -6.97644 3.5 2.03
      vertex -11.0278 3.5 2.03
    endloop
  endfacet
  facet normal 0 0 -1
    outer loop
      vertex -6.97644 3.5 2.03
      vertex -11.043 3.53 2.03
      vertex -6.95703 3.53 2.03
    endloop
  endfacet
  facet normal 0 0 -1
    outer loop
      vertex -12.7956 0.445465 2.03
      vertex -11.043 3.53 2.03
      vertex -11.0278 3.5 2.03
    endloop
  endfacet
  facet normal 0 0 -1
    outer loop
      vertex -13.086 0 2.03
      vertex -12.7956 0.445465 2.03
      vertex -13.0534 0 2.03
    endloop
  endfacet
  facet normal -0 0 -1
    outer loop
      vertex -12.7956 0.445465 2.03
      vertex -13.086 0 2.03
      vertex -11.043 3.53 2.03
    endloop
  endfacet
  facet normal 0 -1 0
    outer loop
      vertex -11.043 3.53 1.99
      vertex -6.95703 3.53 2.03
      vertex -11.043 3.53 2.03
    endloop
  endfacet
  facet normal 0 -1 -0
    outer loop
      vertex -6.95703 3.53 2.03
      vertex -11.043 3.53 1.99
      vertex -6.95703 3.53 1.99
    endloop
  endfacet
  facet normal -0 0.577406 0.816457
    outer loop
      vertex -10.2194 -2.10185 0.98
      vertex -6.95703 -3.53 1.99
      vertex -7.78058 -2.10185 0.98
    endloop
  endfacet
  facet normal 0 0.577406 0.816457
    outer loop
      vertex -6.95703 -3.53 1.99
      vertex -10.2194 -2.10185 0.98
      vertex -11.043 -3.53 1.99
    endloop
  endfacet
  facet normal 0.499742 0.289227 0.816459
    outer loop
      vertex -11.043 -3.53 1.99
      vertex -11.4359 0 0.98
      vertex -13.086 0 1.99
    endloop
  endfacet
  facet normal 0.499724 0.289228 0.81647
    outer loop
      vertex -11.043 -3.53 1.99
      vertex -10.2194 -2.10185 0.98
      vertex -11.4359 0 0.98
    endloop
  endfacet
  facet normal 0 -0.577406 0.816457
    outer loop
      vertex -6.95703 3.53 1.99
      vertex -10.2194 2.10185 0.98
      vertex -7.78058 2.10185 0.98
    endloop
  endfacet
  facet normal 0 -0.577406 0.816457
    outer loop
      vertex -10.2194 2.10185 0.98
      vertex -6.95703 3.53 1.99
      vertex -11.043 3.53 1.99
    endloop
  endfacet
  facet normal -0.499741 -0.289231 0.816458
    outer loop
      vertex -6.5641 0 0.98
      vertex -4.914 0 1.99
      vertex -6.95703 3.53 1.99
    endloop
  endfacet
  facet normal -0.499741 0.289231 0.816458
    outer loop
      vertex -4.914 0 1.99
      vertex -6.5641 0 0.98
      vertex -6.95703 -3.53 1.99
    endloop
  endfacet
  facet normal 0.499724 -0.289228 0.81647
    outer loop
      vertex -10.2194 2.10185 0.98
      vertex -11.043 3.53 1.99
      vertex -11.4359 0 0.98
    endloop
  endfacet
  facet normal -0.864967 0.49818 -0.0604111
    outer loop
      vertex -0.457129 7.79177 2.03
      vertex -1.11986 7.94711 12.8
      vertex -0.856159 8.48291 13.4428
    endloop
  endfacet
  facet normal -0.864972 0.49817 -0.0604113
    outer loop
      vertex -0.457129 7.79177 2.03
      vertex -1.43666 7.39705 12.8
      vertex -1.11986 7.94711 12.8
    endloop
  endfacet
  facet normal -0.86497 0.498174 -0.0604109
    outer loop
      vertex -1.43666 7.39705 12.8
      vertex -0.457129 7.79177 2.03
      vertex -2.27823 4.62983 2.03
    endloop
  endfacet
  facet normal 0.00104483 0.998173 -0.0604103
    outer loop
      vertex -6.51931 4.29177 2.03
      vertex -5.31621 4.94232 12.8
      vertex -6.09896 4.29133 2.03
    endloop
  endfacet
  facet normal 0.00105084 0.998173 -0.0604109
    outer loop
      vertex -5.31621 4.94232 12.8
      vertex -6.51931 4.29177 2.03
      vertex -6.91847 4.98314 13.4466
    endloop
  endfacet
  facet normal 0.00105963 0.998173 -0.0604113
    outer loop
      vertex -4.07277 4.941 12.8
      vertex -6.09896 4.29133 2.03
      vertex -5.31621 4.94232 12.8
    endloop
  endfacet
  facet normal 0.00104025 0.998173 -0.0604115
    outer loop
      vertex -2.47539 4.2875 2.03
      vertex -3.28304 4.95098 12.9787
      vertex -2.87489 4.97946 13.4563
    endloop
  endfacet
  facet normal 0.00107701 0.998173 -0.0604088
    outer loop
      vertex -2.47539 4.2875 2.03
      vertex -3.43579 4.94033 12.8
      vertex -3.28304 4.95098 12.9787
    endloop
  endfacet
  facet normal 0.00104992 0.998173 -0.0604112
    outer loop
      vertex -2.47539 4.2875 2.03
      vertex -4.07277 4.941 12.8
      vertex -3.43579 4.94033 12.8
    endloop
  endfacet
  facet normal 0.00105504 0.998173 -0.0604105
    outer loop
      vertex -4.07277 4.941 12.8
      vertex -2.47539 4.2875 2.03
      vertex -6.09896 4.29133 2.03
    endloop
  endfacet
  facet normal -0.00116362 -0.998173 0.0604132
    outer loop
      vertex -6.01202 11.304 2.03
      vertex -6.31942 11.9562 12.8
      vertex -6.52671 11.3046 2.03
    endloop
  endfacet
  facet normal -0.0010726 -0.998173 0.0604115
    outer loop
      vertex -6.52671 11.3046 2.03
      vertex -6.31942 11.9562 12.8
      vertex -6.92617 11.9965 13.4551
    endloop
  endfacet
  facet normal -0.00106165 -0.998173 0.0604161
    outer loop
      vertex -6.31942 11.9562 12.8
      vertex -6.01202 11.304 2.03
      vertex -4.439 11.9542 12.8
    endloop
  endfacet
  facet normal -0.00108883 -0.998172 0.0604201
    outer loop
      vertex -4.439 11.9542 12.8
      vertex -6.01202 11.304 2.03
      vertex -3.94748 11.966 13.0038
    endloop
  endfacet
  facet normal -0.86497 0.498174 -0.0604109
    outer loop
      vertex -2.27823 4.62983 2.03
      vertex -2.05815 6.31797 12.8
      vertex -1.43666 7.39705 12.8
    endloop
  endfacet
  facet normal -0.864973 0.498169 -0.06041
    outer loop
      vertex -2.47539 4.2875 2.03
      vertex -2.05815 6.31797 12.8
      vertex -2.27823 4.62983 2.03
    endloop
  endfacet
  facet normal -0.864971 0.498172 -0.0604106
    outer loop
      vertex -2.05815 6.31797 12.8
      vertex -2.47539 4.2875 2.03
      vertex -2.56977 5.4795 13.2111
    endloop
  endfacet
  facet normal -0.86497 0.498174 -0.0604108
    outer loop
      vertex -2.56977 5.4795 13.2111
      vertex -2.47539 4.2875 2.03
      vertex -2.87489 4.97946 13.4563
    endloop
  endfacet
  facet normal 0.864966 -0.49818 0.0604118
    outer loop
      vertex -7.69706 10.5786 12.8
      vertex -6.52671 11.3046 2.03
      vertex -6.92617 11.9965 13.4551
    endloop
  endfacet
  facet normal 0.864971 -0.498173 0.0604127
    outer loop
      vertex -6.52671 11.3046 2.03
      vertex -7.69706 10.5786 12.8
      vertex -6.78358 10.8586 2.03
    endloop
  endfacet
  facet normal 0.864981 -0.498155 0.060414
    outer loop
      vertex -6.78358 10.8586 2.03
      vertex -7.69706 10.5786 12.8
      vertex -8.35931 9.42869 12.8
    endloop
  endfacet
  facet normal 0.866023 0.500003 -1.53554e-07
    outer loop
      vertex -8.64772 7.97829 13.206
      vertex -8.54497 7.80032 2.03
      vertex -8.94399 8.49144 13.4425
    endloop
  endfacet
  facet normal 0.866028 0.499996 1.37705e-08
    outer loop
      vertex -8.37149 7.49984 12.9855
      vertex -8.54497 7.80032 2.03
      vertex -8.64772 7.97829 13.206
    endloop
  endfacet
  facet normal 0.866026 0.499999 1.4489e-07
    outer loop
      vertex -8.54497 7.80032 2.03
      vertex -8.37149 7.49984 12.9855
      vertex -6.7349 4.66518 2.03
    endloop
  endfacet
  facet normal -0.866015 -0.500018 4.16675e-06
    outer loop
      vertex -0.672719 8.16518 2.03
      vertex -1.61612 9.79921 12.8
      vertex -2.2816 10.9518 12.8
    endloop
  endfacet
  facet normal -0.866024 -0.500003 1.11123e-06
    outer loop
      vertex -0.457129 7.79177 2.03
      vertex -1.61612 9.79921 12.8
      vertex -0.672719 8.16518 2.03
    endloop
  endfacet
  facet normal -0.866027 -0.499998 -2.09604e-07
    outer loop
      vertex -1.61612 9.79921 12.8
      vertex -0.457129 7.79177 2.03
      vertex -0.856159 8.48291 13.4428
    endloop
  endfacet
  facet normal 0.866016 0.500017 -5.96607e-06
    outer loop
      vertex -8.13908 7.09731 12.8
      vertex -6.7349 4.66518 2.03
      vertex -8.37149 7.49984 12.9855
    endloop
  endfacet
  facet normal 0.866027 0.499997 -1.16697e-07
    outer loop
      vertex -7.18382 5.44274 12.8
      vertex -6.7349 4.66518 2.03
      vertex -8.13908 7.09731 12.8
    endloop
  endfacet
  facet normal 0.866026 0.5 -1.66312e-07
    outer loop
      vertex -6.51931 4.29177 2.03
      vertex -7.18382 5.44274 12.8
      vertex -6.91847 4.98314 13.4466
    endloop
  endfacet
  facet normal 0.866024 0.500003 -6.33794e-07
    outer loop
      vertex -7.18382 5.44274 12.8
      vertex -6.51931 4.29177 2.03
      vertex -6.7349 4.66518 2.03
    endloop
  endfacet
  facet normal 0.864969 -0.498176 0.0604109
    outer loop
      vertex -8.54497 7.80032 2.03
      vertex -8.35931 9.42869 12.8
      vertex -8.63535 8.94941 12.8
    endloop
  endfacet
  facet normal 0.864959 -0.498193 0.0604126
    outer loop
      vertex -8.54497 7.80032 2.03
      vertex -8.63535 8.94941 12.8
      vertex -8.72199 8.82085 12.9803
    endloop
  endfacet
  facet normal 0.864973 -0.49817 0.0604106
    outer loop
      vertex -8.54497 7.80032 2.03
      vertex -8.72199 8.82085 12.9803
      vertex -8.94399 8.49144 13.4425
    endloop
  endfacet
  facet normal 0.864971 -0.498173 0.0604103
    outer loop
      vertex -8.35931 9.42869 12.8
      vertex -8.54497 7.80032 2.03
      vertex -6.78358 10.8586 2.03
    endloop
  endfacet
  facet normal -0.00104783 -0.998173 0.060412
    outer loop
      vertex -2.48279 11.3003 2.03
      vertex -3.45286 11.9779 13.209
      vertex -3.94748 11.966 13.0038
    endloop
  endfacet
  facet normal -0.00104647 -0.998173 0.0604122
    outer loop
      vertex -2.48279 11.3003 2.03
      vertex -3.94748 11.966 13.0038
      vertex -6.01202 11.304 2.03
    endloop
  endfacet
  facet normal -0.00109229 -0.998173 0.0604081
    outer loop
      vertex -3.45286 11.9779 13.209
      vertex -2.48279 11.3003 2.03
      vertex -2.88192 11.9916 13.4457
    endloop
  endfacet
  facet normal -0.866025 -0.5 -5.56922e-07
    outer loop
      vertex -2.48279 11.3003 2.03
      vertex -2.65912 11.6057 12.9824
      vertex -2.88192 11.9916 13.4457
    endloop
  endfacet
  facet normal -0.865948 -0.500134 4.42408e-06
    outer loop
      vertex -2.65912 11.6057 12.9824
      vertex -2.48279 11.3003 2.03
      vertex -2.57139 11.4538 12.8
    endloop
  endfacet
  facet normal -0.866055 -0.499948 8.91438e-07
    outer loop
      vertex -2.48279 11.3003 2.03
      vertex -2.2816 10.9518 12.8
      vertex -2.57139 11.4538 12.8
    endloop
  endfacet
  facet normal -0.866024 -0.500002 -1.4094e-06
    outer loop
      vertex -2.2816 10.9518 12.8
      vertex -2.48279 11.3003 2.03
      vertex -0.672719 8.16518 2.03
    endloop
  endfacet
  facet normal 0.57973 -0.579728 0.572563
    outer loop
      vertex -8.78135 9.49426 12.8
      vertex -6.18971 13.2612 13.99
      vertex -9.65982 9.79108 13.99
    endloop
  endfacet
  facet normal 0.258819 0.965926 -0
    outer loop
      vertex -3.64941 3.78067 13.99
      vertex -8.38967 5.05082 14
      vertex -3.64941 3.78067 14
    endloop
  endfacet
  facet normal 0.258819 0.965926 0
    outer loop
      vertex -8.38967 5.05082 14
      vertex -3.64941 3.78067 13.99
      vertex -8.38967 5.05082 13.99
    endloop
  endfacet
  facet normal 0.810432 0.21712 0.544113
    outer loop
      vertex -9.65982 9.79108 13.99
      vertex -8.72199 8.82085 12.9803
      vertex -8.78135 9.49426 12.8
    endloop
  endfacet
  facet normal 0.810448 0.217191 0.54406
    outer loop
      vertex -9.65982 9.79108 13.99
      vertex -8.94399 8.49144 13.4425
      vertex -8.72199 8.82085 12.9803
    endloop
  endfacet
  facet normal 0.810438 0.21715 0.544092
    outer loop
      vertex -8.94399 8.49144 13.4425
      vertex -8.38967 5.05082 13.99
      vertex -8.64772 7.97829 13.206
    endloop
  endfacet
  facet normal 0.810421 0.217152 0.544117
    outer loop
      vertex -8.38967 5.05082 13.99
      vertex -8.94399 8.49144 13.4425
      vertex -9.65982 9.79108 13.99
    endloop
  endfacet
  facet normal -0.61639 0.616395 0.490021
    outer loop
      vertex -2.05815 6.31797 12.8
      vertex -0.179301 7.25078 13.99
      vertex -0.973862 7.40225 12.8
    endloop
  endfacet
  facet normal -0.616393 0.616378 0.490039
    outer loop
      vertex -0.179301 7.25078 13.99
      vertex -2.05815 6.31797 12.8
      vertex -2.56977 5.4795 13.2111
    endloop
  endfacet
  facet normal -0.616354 0.616354 0.490117
    outer loop
      vertex -3.28304 4.95098 12.9787
      vertex -3.43579 4.94033 12.8
      vertex -3.8316 4.54452 12.8
    endloop
  endfacet
  facet normal -0.214064 -0.798741 0.562307
    outer loop
      vertex -6.18971 13.2612 13.99
      vertex -3.94748 11.966 13.0038
      vertex -3.45286 11.9779 13.209
    endloop
  endfacet
  facet normal -0.214012 -0.798703 0.56238
    outer loop
      vertex -4.439 11.9542 12.8
      vertex -6.18971 13.2612 13.99
      vertex -5.92361 12.352 12.8
    endloop
  endfacet
  facet normal -0.214008 -0.798702 0.562384
    outer loop
      vertex -6.18971 13.2612 13.99
      vertex -4.439 11.9542 12.8
      vertex -3.94748 11.966 13.0038
    endloop
  endfacet
  facet normal -0.214062 -0.79878 0.562253
    outer loop
      vertex -2.57139 11.4538 12.8
      vertex -2.01987 11.306 12.8
      vertex -2.65912 11.6057 12.9824
    endloop
  endfacet
  facet normal -0.82389 -0.220764 0.521985
    outer loop
      vertex -0.856159 8.48291 13.4428
      vertex -2.01987 11.306 12.8
      vertex -1.61612 9.79921 12.8
    endloop
  endfacet
  facet normal -0.823879 -0.220763 0.522003
    outer loop
      vertex -0.179301 7.25078 13.99
      vertex -1.11986 7.94711 12.8
      vertex -0.973862 7.40225 12.8
    endloop
  endfacet
  facet normal -0.823867 -0.220745 0.52203
    outer loop
      vertex -0.856159 8.48291 13.4428
      vertex -0.179301 7.25078 13.99
      vertex -2.01987 11.306 12.8
    endloop
  endfacet
  facet normal -0.823879 -0.220764 0.522002
    outer loop
      vertex -1.11986 7.94711 12.8
      vertex -0.179301 7.25078 13.99
      vertex -0.856159 8.48291 13.4428
    endloop
  endfacet
  facet normal -0.214021 -0.798706 0.562373
    outer loop
      vertex -6.18971 13.2612 13.99
      vertex -2.88192 11.9916 13.4457
      vertex -1.44945 11.991 13.99
    endloop
  endfacet
  facet normal -0.214003 -0.798678 0.56242
    outer loop
      vertex -2.88192 11.9916 13.4457
      vertex -6.18971 13.2612 13.99
      vertex -3.45286 11.9779 13.209
    endloop
  endfacet
  facet normal -0.213999 -0.798715 0.562368
    outer loop
      vertex -2.01987 11.306 12.8
      vertex -2.88192 11.9916 13.4457
      vertex -2.65912 11.6057 12.9824
    endloop
  endfacet
  facet normal -0.214014 -0.798721 0.562355
    outer loop
      vertex -2.88192 11.9916 13.4457
      vertex -2.01987 11.306 12.8
      vertex -1.44945 11.991 13.99
    endloop
  endfacet
  facet normal -0.707107 0.707107 0
    outer loop
      vertex -0.179301 7.25078 13.99
      vertex -3.64941 3.78067 14
      vertex -0.179301 7.25078 14
    endloop
  endfacet
  facet normal -0.707107 0.707107 0
    outer loop
      vertex -3.64941 3.78067 14
      vertex -0.179301 7.25078 13.99
      vertex -3.64941 3.78067 13.99
    endloop
  endfacet
  facet normal 0.579826 -0.579755 0.572439
    outer loop
      vertex -8.78135 9.49426 12.8
      vertex -6.92617 11.9965 13.4551
      vertex -6.18971 13.2612 13.99
    endloop
  endfacet
  facet normal 0.579755 -0.579728 0.572538
    outer loop
      vertex -6.92617 11.9965 13.4551
      vertex -8.78135 9.49426 12.8
      vertex -7.69706 10.5786 12.8
    endloop
  endfacet
  facet normal 0.5797 -0.579741 0.572579
    outer loop
      vertex -6.31942 11.9562 12.8
      vertex -6.18971 13.2612 13.99
      vertex -6.92617 11.9965 13.4551
    endloop
  endfacet
  facet normal 0.579719 -0.579734 0.572569
    outer loop
      vertex -6.18971 13.2612 13.99
      vertex -6.31942 11.9562 12.8
      vertex -5.92361 12.352 12.8
    endloop
  endfacet
  facet normal 0.223849 0.835413 0.501973
    outer loop
      vertex -3.64941 3.78067 13.99
      vertex -3.8316 4.54452 12.8
      vertex -8.38967 5.05082 13.99
    endloop
  endfacet
  facet normal -0.616397 0.616397 0.49001
    outer loop
      vertex -0.179301 7.25078 13.99
      vertex -2.87489 4.97946 13.4563
      vertex -3.64941 3.78067 13.99
    endloop
  endfacet
  facet normal -0.616398 0.6164 0.490004
    outer loop
      vertex -2.87489 4.97946 13.4563
      vertex -0.179301 7.25078 13.99
      vertex -2.56977 5.4795 13.2111
    endloop
  endfacet
  facet normal -0.616398 0.616397 0.490008
    outer loop
      vertex -3.28304 4.95098 12.9787
      vertex -3.64941 3.78067 13.99
      vertex -2.87489 4.97946 13.4563
    endloop
  endfacet
  facet normal -0.616367 0.616408 0.490033
    outer loop
      vertex -3.64941 3.78067 13.99
      vertex -3.28304 4.95098 12.9787
      vertex -3.8316 4.54452 12.8
    endloop
  endfacet
  facet normal -0.823882 -0.22076 0.522
    outer loop
      vertex -0.179301 7.25078 13.99
      vertex -1.44945 11.991 13.99
      vertex -2.01987 11.306 12.8
    endloop
  endfacet
  facet normal -0.258829 -0.965923 0
    outer loop
      vertex -6.18971 13.2612 13.99
      vertex -1.44945 11.991 14
      vertex -6.18971 13.2612 14
    endloop
  endfacet
  facet normal -0.258829 -0.965923 -0
    outer loop
      vertex -1.44945 11.991 14
      vertex -6.18971 13.2612 13.99
      vertex -1.44945 11.991 13.99
    endloop
  endfacet
  facet normal 0.965926 0.258819 0
    outer loop
      vertex -8.38967 5.05082 14
      vertex -9.65982 9.79108 13.99
      vertex -9.65982 9.79108 14
    endloop
  endfacet
  facet normal 0.965926 0.258819 0
    outer loop
      vertex -9.65982 9.79108 13.99
      vertex -8.38967 5.05082 14
      vertex -8.38967 5.05082 13.99
    endloop
  endfacet
  facet normal -0.965925 -0.258821 0
    outer loop
      vertex -0.179301 7.25078 13.99
      vertex -1.44945 11.991 14
      vertex -1.44945 11.991 13.99
    endloop
  endfacet
  facet normal -0.965925 -0.258821 0
    outer loop
      vertex -1.44945 11.991 14
      vertex -0.179301 7.25078 13.99
      vertex -0.179301 7.25078 14
    endloop
  endfacet
  facet normal 0.810348 0.217144 0.544229
    outer loop
      vertex -8.72199 8.82085 12.9803
      vertex -8.63535 8.94941 12.8
      vertex -8.78135 9.49426 12.8
    endloop
  endfacet
  facet normal 0.810416 0.217163 0.54412
    outer loop
      vertex -8.38967 5.05082 13.99
      vertex -8.13908 7.09731 12.8
      vertex -8.37149 7.49984 12.9855
    endloop
  endfacet
  facet normal 0.810439 0.21715 0.544091
    outer loop
      vertex -8.38967 5.05082 13.99
      vertex -8.37149 7.49984 12.9855
      vertex -8.64772 7.97829 13.206
    endloop
  endfacet
  facet normal 0.810429 0.217152 0.544105
    outer loop
      vertex -8.13908 7.09731 12.8
      vertex -8.38967 5.05082 13.99
      vertex -7.73534 5.59052 12.8
    endloop
  endfacet
  facet normal 0.707108 -0.707106 0
    outer loop
      vertex -9.65982 9.79108 13.99
      vertex -6.18971 13.2612 14
      vertex -9.65982 9.79108 14
    endloop
  endfacet
  facet normal 0.707108 -0.707106 0
    outer loop
      vertex -6.18971 13.2612 14
      vertex -9.65982 9.79108 13.99
      vertex -6.18971 13.2612 13.99
    endloop
  endfacet
  facet normal 0.22386 0.835374 0.502032
    outer loop
      vertex -3.8316 4.54452 12.8
      vertex -6.91847 4.98314 13.4466
      vertex -8.38967 5.05082 13.99
    endloop
  endfacet
  facet normal 0.223851 0.835422 0.501957
    outer loop
      vertex -6.91847 4.98314 13.4466
      vertex -3.8316 4.54452 12.8
      vertex -5.31621 4.94232 12.8
    endloop
  endfacet
  facet normal 0.223852 0.835425 0.501952
    outer loop
      vertex -7.73534 5.59052 12.8
      vertex -6.91847 4.98314 13.4466
      vertex -7.18382 5.44274 12.8
    endloop
  endfacet
  facet normal 0.223837 0.83542 0.501966
    outer loop
      vertex -6.91847 4.98314 13.4466
      vertex -7.73534 5.59052 12.8
      vertex -8.38967 5.05082 13.99
    endloop
  endfacet
  facet normal 0 0 1
    outer loop
      vertex -1.43666 7.39705 12.8
      vertex -0.973862 7.40225 12.8
      vertex -1.11986 7.94711 12.8
    endloop
  endfacet
  facet normal 0 0 1
    outer loop
      vertex -0.973862 7.40225 12.8
      vertex -1.43666 7.39705 12.8
      vertex -2.05815 6.31797 12.8
    endloop
  endfacet
  facet normal 0 0 1
    outer loop
      vertex -4.07277 4.941 12.8
      vertex -3.8316 4.54452 12.8
      vertex -3.43579 4.94033 12.8
    endloop
  endfacet
  facet normal 0 0 1
    outer loop
      vertex -3.8316 4.54452 12.8
      vertex -4.07277 4.941 12.8
      vertex -5.31621 4.94232 12.8
    endloop
  endfacet
  facet normal 0 0 1
    outer loop
      vertex -4.439 11.9542 12.8
      vertex -5.92361 12.352 12.8
      vertex -6.31942 11.9562 12.8
    endloop
  endfacet
  facet normal 0 0 1
    outer loop
      vertex -8.35931 9.42869 12.8
      vertex -8.78135 9.49426 12.8
      vertex -8.63535 8.94941 12.8
    endloop
  endfacet
  facet normal -0 0 1
    outer loop
      vertex -8.78135 9.49426 12.8
      vertex -8.35931 9.42869 12.8
      vertex -7.69706 10.5786 12.8
    endloop
  endfacet
  facet normal -0 -0 1
    outer loop
      vertex -7.73534 5.59052 12.8
      vertex -7.18382 5.44274 12.8
      vertex -8.13908 7.09731 12.8
    endloop
  endfacet
  facet normal 0 0 1
    outer loop
      vertex -2.01987 11.306 12.8
      vertex -2.2816 10.9518 12.8
      vertex -1.61612 9.79921 12.8
    endloop
  endfacet
  facet normal 0 -0 1
    outer loop
      vertex -2.2816 10.9518 12.8
      vertex -2.01987 11.306 12.8
      vertex -2.57139 11.4538 12.8
    endloop
  endfacet
  facet normal -0.00105415 -0.999999 0
    outer loop
      vertex -5.71794 9.90376 0
      vertex -3.28944 9.9012 0.98
      vertex -5.71794 9.90376 0.98
    endloop
  endfacet
  facet normal -0.00105415 -0.999999 -0
    outer loop
      vertex -3.28944 9.9012 0.98
      vertex -5.71794 9.90376 0
      vertex -3.28944 9.9012 0
    endloop
  endfacet
  facet normal 0.00105415 0.999999 -0
    outer loop
      vertex -3.28204 5.68468 0
      vertex -5.71054 5.68724 0.98
      vertex -3.28204 5.68468 0.98
    endloop
  endfacet
  facet normal 0.00105415 0.999999 0
    outer loop
      vertex -5.71054 5.68724 0.98
      vertex -3.28204 5.68468 0
      vertex -5.71054 5.68724 0
    endloop
  endfacet
  facet normal 0.866553 -0.499085 0
    outer loop
      vertex -6.92996 7.79935 0.98
      vertex -5.71794 9.90376 0
      vertex -5.71794 9.90376 0.98
    endloop
  endfacet
  facet normal 0.866553 -0.499085 0
    outer loop
      vertex -5.71794 9.90376 0
      vertex -6.92996 7.79935 0.98
      vertex -6.92996 7.79935 0
    endloop
  endfacet
  facet normal 0.866027 0.499998 0
    outer loop
      vertex -5.71054 5.68724 0.98
      vertex -6.92996 7.79935 0
      vertex -6.92996 7.79935 0.98
    endloop
  endfacet
  facet normal 0.866027 0.499998 0
    outer loop
      vertex -6.92996 7.79935 0
      vertex -5.71054 5.68724 0.98
      vertex -5.71054 5.68724 0
    endloop
  endfacet
  facet normal -0.866553 0.499085 0
    outer loop
      vertex -3.28204 5.68468 0
      vertex -2.07002 7.78909 0.98
      vertex -2.07002 7.78909 0
    endloop
  endfacet
  facet normal -0.866553 0.499085 0
    outer loop
      vertex -2.07002 7.78909 0.98
      vertex -3.28204 5.68468 0
      vertex -3.28204 5.68468 0.98
    endloop
  endfacet
  facet normal -0.866027 -0.499998 0
    outer loop
      vertex -2.07002 7.78909 0
      vertex -3.28944 9.9012 0.98
      vertex -3.28944 9.9012 0
    endloop
  endfacet
  facet normal -0.866027 -0.499998 0
    outer loop
      vertex -3.28944 9.9012 0.98
      vertex -2.07002 7.78909 0
      vertex -2.07002 7.78909 0.98
    endloop
  endfacet
  facet normal 0.000608671 0.577406 0.816457
    outer loop
      vertex -3.28204 5.68468 0.98
      vertex -5.71054 5.68724 0.98
      vertex -6.53558 4.25996 1.99
    endloop
  endfacet
  facet normal 0.500049 0.288704 0.816457
    outer loop
      vertex -6.53558 4.25996 1.99
      vertex -5.71054 5.68724 0.98
      vertex -8.57855 7.79848 1.99
    endloop
  endfacet
  facet normal 0.00105429 0.999999 -0
    outer loop
      vertex -2.457 4.25566 1.99
      vertex -6.53558 4.25996 2.03
      vertex -2.457 4.25566 2.03
    endloop
  endfacet
  facet normal 0.00105429 0.999999 0
    outer loop
      vertex -6.53558 4.25996 2.03
      vertex -2.457 4.25566 1.99
      vertex -6.53558 4.25996 1.99
    endloop
  endfacet
  facet normal 0.500351 -0.288174 0.816459
    outer loop
      vertex -6.92996 7.79935 0.98
      vertex -5.71794 9.90376 0.98
      vertex -8.57855 7.79848 1.99
    endloop
  endfacet
  facet normal -0.866552 0.499087 0
    outer loop
      vertex -2.457 4.25566 1.99
      vertex -0.421432 7.78996 2.03
      vertex -0.421432 7.78996 1.99
    endloop
  endfacet
  facet normal -0.866552 0.499087 0
    outer loop
      vertex -0.421432 7.78996 2.03
      vertex -2.457 4.25566 1.99
      vertex -2.457 4.25566 2.03
    endloop
  endfacet
  facet normal 0.500351 -0.288174 0.816458
    outer loop
      vertex -5.71794 9.90376 0.98
      vertex -6.54298 11.3328 1.99
      vertex -8.57855 7.79848 1.99
    endloop
  endfacet
  facet normal 0.500047 0.2887 0.816459
    outer loop
      vertex -5.71054 5.68724 0.98
      vertex -6.92996 7.79935 0.98
      vertex -8.57855 7.79848 1.99
    endloop
  endfacet
  facet normal -0.500048 -0.288701 0.816458
    outer loop
      vertex -0.421432 7.78996 1.99
      vertex -2.4644 11.3285 1.99
      vertex -3.28944 9.9012 0.98
    endloop
  endfacet
  facet normal -0.500047 -0.288701 0.816459
    outer loop
      vertex -2.07002 7.78909 0.98
      vertex -0.421432 7.78996 1.99
      vertex -3.28944 9.9012 0.98
    endloop
  endfacet
  facet normal -0.000608746 -0.5774 0.816461
    outer loop
      vertex -5.71794 9.90376 0.98
      vertex -2.4644 11.3285 1.99
      vertex -6.54298 11.3328 1.99
    endloop
  endfacet
  facet normal -0.500353 0.288177 0.816457
    outer loop
      vertex -2.457 4.25566 1.99
      vertex -0.421432 7.78996 1.99
      vertex -3.28204 5.68468 0.98
    endloop
  endfacet
  facet normal -0.000608666 -0.5774 0.816461
    outer loop
      vertex -3.28944 9.9012 0.98
      vertex -2.4644 11.3285 1.99
      vertex -5.71794 9.90376 0.98
    endloop
  endfacet
  facet normal 0.866553 -0.499086 0
    outer loop
      vertex -8.57855 7.79848 2.03
      vertex -6.54298 11.3328 1.99
      vertex -6.54298 11.3328 2.03
    endloop
  endfacet
  facet normal 0.866553 -0.499086 0
    outer loop
      vertex -6.54298 11.3328 1.99
      vertex -8.57855 7.79848 2.03
      vertex -8.57855 7.79848 1.99
    endloop
  endfacet
  facet normal -0.500352 0.288174 0.816458
    outer loop
      vertex -0.421432 7.78996 1.99
      vertex -2.07002 7.78909 0.98
      vertex -3.28204 5.68468 0.98
    endloop
  endfacet
  facet normal -0.866026 -0.499998 0
    outer loop
      vertex -0.421432 7.78996 1.99
      vertex -2.4644 11.3285 2.03
      vertex -2.4644 11.3285 1.99
    endloop
  endfacet
  facet normal -0.866026 -0.499998 0
    outer loop
      vertex -2.4644 11.3285 2.03
      vertex -0.421432 7.78996 1.99
      vertex -0.421432 7.78996 2.03
    endloop
  endfacet
  facet normal -0 0 -1
    outer loop
      vertex -0.421432 7.78996 2.03
      vertex -2.27823 4.62983 2.03
      vertex -0.457129 7.79177 2.03
    endloop
  endfacet
  facet normal 0 0 -1
    outer loop
      vertex -2.457 4.25566 2.03
      vertex -2.27823 4.62983 2.03
      vertex -0.421432 7.78996 2.03
    endloop
  endfacet
  facet normal 0 0 -1
    outer loop
      vertex -2.457 4.25566 2.03
      vertex -2.47539 4.2875 2.03
      vertex -2.27823 4.62983 2.03
    endloop
  endfacet
  facet normal 0 0 -1
    outer loop
      vertex -2.457 4.25566 2.03
      vertex -6.09896 4.29133 2.03
      vertex -2.47539 4.2875 2.03
    endloop
  endfacet
  facet normal 0 0 -1
    outer loop
      vertex -6.53558 4.25996 2.03
      vertex -6.09896 4.29133 2.03
      vertex -2.457 4.25566 2.03
    endloop
  endfacet
  facet normal -0 0 -1
    outer loop
      vertex -6.09896 4.29133 2.03
      vertex -6.53558 4.25996 2.03
      vertex -6.51931 4.29177 2.03
    endloop
  endfacet
  facet normal 0 0 -1
    outer loop
      vertex -6.53558 4.25996 2.03
      vertex -6.7349 4.66518 2.03
      vertex -6.51931 4.29177 2.03
    endloop
  endfacet
  facet normal 0 0 -1
    outer loop
      vertex -8.57855 7.79848 2.03
      vertex -6.7349 4.66518 2.03
      vertex -6.53558 4.25996 2.03
    endloop
  endfacet
  facet normal 0 0 -1
    outer loop
      vertex -6.7349 4.66518 2.03
      vertex -8.57855 7.79848 2.03
      vertex -8.54497 7.80032 2.03
    endloop
  endfacet
  facet normal 0 0 -1
    outer loop
      vertex -0.672719 8.16518 2.03
      vertex -0.421432 7.78996 2.03
      vertex -0.457129 7.79177 2.03
    endloop
  endfacet
  facet normal 0 0 -1
    outer loop
      vertex -0.672719 8.16518 2.03
      vertex -2.4644 11.3285 2.03
      vertex -0.421432 7.78996 2.03
    endloop
  endfacet
  facet normal 0 0 -1
    outer loop
      vertex -2.48279 11.3003 2.03
      vertex -2.4644 11.3285 2.03
      vertex -0.672719 8.16518 2.03
    endloop
  endfacet
  facet normal 0 0 -1
    outer loop
      vertex -6.01202 11.304 2.03
      vertex -2.4644 11.3285 2.03
      vertex -2.48279 11.3003 2.03
    endloop
  endfacet
  facet normal 0 0 -1
    outer loop
      vertex -6.54298 11.3328 2.03
      vertex -6.01202 11.304 2.03
      vertex -6.52671 11.3046 2.03
    endloop
  endfacet
  facet normal 0 0 -1
    outer loop
      vertex -6.01202 11.304 2.03
      vertex -6.54298 11.3328 2.03
      vertex -2.4644 11.3285 2.03
    endloop
  endfacet
  facet normal 0 0 -1
    outer loop
      vertex -6.78358 10.8586 2.03
      vertex -6.54298 11.3328 2.03
      vertex -6.52671 11.3046 2.03
    endloop
  endfacet
  facet normal 0 0 -1
    outer loop
      vertex -8.57855 7.79848 2.03
      vertex -6.78358 10.8586 2.03
      vertex -8.54497 7.80032 2.03
    endloop
  endfacet
  facet normal -0 0 -1
    outer loop
      vertex -6.78358 10.8586 2.03
      vertex -8.57855 7.79848 2.03
      vertex -6.54298 11.3328 2.03
    endloop
  endfacet
  facet normal 0.000608752 0.577406 0.816457
    outer loop
      vertex -2.457 4.25566 1.99
      vertex -3.28204 5.68468 0.98
      vertex -6.53558 4.25996 1.99
    endloop
  endfacet
  facet normal 0.866025 0.500001 0
    outer loop
      vertex -6.53558 4.25996 2.03
      vertex -8.57855 7.79848 1.99
      vertex -8.57855 7.79848 2.03
    endloop
  endfacet
  facet normal 0.866025 0.500001 0
    outer loop
      vertex -8.57855 7.79848 1.99
      vertex -6.53558 4.25996 2.03
      vertex -6.53558 4.25996 1.99
    endloop
  endfacet
  facet normal -0.00105429 -0.999999 0
    outer loop
      vertex -6.54298 11.3328 1.99
      vertex -2.4644 11.3285 2.03
      vertex -6.54298 11.3328 2.03
    endloop
  endfacet
  facet normal -0.00105429 -0.999999 -0
    outer loop
      vertex -2.4644 11.3285 2.03
      vertex -6.54298 11.3328 1.99
      vertex -2.4644 11.3285 1.99
    endloop
  endfacet
  facet normal -0.500003 0.857596 -0.120527
    outer loop
      vertex 0 11.5115 2.03
      vertex 2.08304 14.2396 12.8
      vertex 3.5 13.5521 2.03
    endloop
  endfacet
  facet normal -0.499995 0.857601 -0.120527
    outer loop
      vertex 3.5 13.5521 2.03
      vertex 2.08304 14.2396 12.8
      vertex 3.5 15.159 13.4638
    endloop
  endfacet
  facet normal -0.500124 0.857527 -0.120509
    outer loop
      vertex 0 11.5115 2.03
      vertex 0.409489 13.2874 12.9677
      vertex 0.537858 13.3387 12.8
    endloop
  endfacet
  facet normal -0.500009 0.857592 -0.120525
    outer loop
      vertex 2.08304 14.2396 12.8
      vertex 0 11.5115 2.03
      vertex 0.537858 13.3387 12.8
    endloop
  endfacet
  facet normal -0.499918 0.857644 -0.120535
    outer loop
      vertex 0.409489 13.2874 12.9677
      vertex 0 11.5115 2.03
      vertex 0 13.1239 13.5027
    endloop
  endfacet
  facet normal -0.499984 -0.857606 0.120528
    outer loop
      vertex 3.5 17.6333 2.03
      vertex 1.45268 20.3405 12.8
      vertex 0 19.6738 2.03
    endloop
  endfacet
  facet normal -0.500018 -0.857586 0.120531
    outer loop
      vertex 0 19.6738 2.03
      vertex 1.45268 20.3405 12.8
      vertex 0 21.2859 13.5002
    endloop
  endfacet
  facet normal -0.499946 -0.857628 0.120534
    outer loop
      vertex 3.5 17.6333 2.03
      vertex 3.13288 19.3854 12.9739
      vertex 2.99832 19.4394 12.8
    endloop
  endfacet
  facet normal -0.499981 -0.857608 0.120529
    outer loop
      vertex 1.45268 20.3405 12.8
      vertex 3.5 17.6333 2.03
      vertex 2.99832 19.4394 12.8
    endloop
  endfacet
  facet normal -0.500078 -0.857553 0.120517
    outer loop
      vertex 3.13288 19.3854 12.9739
      vertex 3.5 17.6333 2.03
      vertex 3.5 19.238 13.4484
    endloop
  endfacet
  facet normal 0.500003 0.857596 -0.120529
    outer loop
      vertex -3.5 13.5521 2.03
      vertex -1.45268 13.8721 12.8
      vertex 0 11.5115 2.03
    endloop
  endfacet
  facet normal 0.500001 0.857597 -0.120529
    outer loop
      vertex -0.571587 13.4183 13.2262
      vertex 0 11.5115 2.03
      vertex -1.45268 13.8721 12.8
    endloop
  endfacet
  facet normal 0.500012 0.85759 -0.120528
    outer loop
      vertex 0 11.5115 2.03
      vertex -0.571587 13.4183 13.2262
      vertex 0 13.1239 13.5027
    endloop
  endfacet
  facet normal 0.499981 0.857609 -0.120525
    outer loop
      vertex -1.45268 13.8721 12.8
      vertex -3.5 13.5521 2.03
      vertex -2.99832 14.7732 12.8
    endloop
  endfacet
  facet normal 0.499859 0.85768 -0.120528
    outer loop
      vertex -2.99832 14.7732 12.8
      vertex -3.5 13.5521 2.03
      vertex -3.13263 14.8759 12.9738
    endloop
  endfacet
  facet normal 0.500031 0.85758 -0.120521
    outer loop
      vertex -3.13263 14.8759 12.9738
      vertex -3.5 13.5521 2.03
      vertex -3.5 15.1569 13.4491
    endloop
  endfacet
  facet normal -1 0 0
    outer loop
      vertex 3.5 17.6333 2.03
      vertex 3.5 18.6133 13.206
      vertex 3.5 19.238 13.4484
    endloop
  endfacet
  facet normal -1 0 0
    outer loop
      vertex 3.5 17.6333 2.03
      vertex 3.5 17.5671 12.8
      vertex 3.5 18.6133 13.206
    endloop
  endfacet
  facet normal -1 0 0
    outer loop
      vertex 3.5 17.6333 2.03
      vertex 3.5 15.6566 12.8
      vertex 3.5 17.5671 12.8
    endloop
  endfacet
  facet normal -1 0 0
    outer loop
      vertex 3.5 13.5521 2.03
      vertex 3.5 15.6566 12.8
      vertex 3.5 17.6333 2.03
    endloop
  endfacet
  facet normal -1 -0 0
    outer loop
      vertex 3.5 15.6566 12.8
      vertex 3.5 13.5521 2.03
      vertex 3.5 15.159 13.4638
    endloop
  endfacet
  facet normal 0.499984 -0.857606 0.120528
    outer loop
      vertex 0 19.6738 2.03
      vertex -2.08304 19.973 12.8
      vertex -3.5 17.6333 2.03
    endloop
  endfacet
  facet normal 0.499985 -0.857606 0.120528
    outer loop
      vertex -2.97819 19.5099 13.2182
      vertex -3.5 17.6333 2.03
      vertex -2.08304 19.973 12.8
    endloop
  endfacet
  facet normal 0.500043 -0.857573 0.120519
    outer loop
      vertex -3.5 17.6333 2.03
      vertex -2.97819 19.5099 13.2182
      vertex -3.5 19.2399 13.462
    endloop
  endfacet
  facet normal 0.500009 -0.857592 0.120532
    outer loop
      vertex -2.08304 19.973 12.8
      vertex 0 19.6738 2.03
      vertex -0.537858 20.8739 12.8
    endloop
  endfacet
  facet normal 0.500006 -0.857593 0.120532
    outer loop
      vertex -0.537858 20.8739 12.8
      vertex 0 19.6738 2.03
      vertex 0 21.2859 13.5002
    endloop
  endfacet
  facet normal 1 0 0
    outer loop
      vertex -3.5 17.6333 2.03
      vertex -3.5 18.7445 12.9824
      vertex -3.5 18.556 12.8
    endloop
  endfacet
  facet normal 1 -0 0
    outer loop
      vertex -3.5 18.7445 12.9824
      vertex -3.5 17.6333 2.03
      vertex -3.5 19.2399 13.462
    endloop
  endfacet
  facet normal 1 -0 0
    outer loop
      vertex -3.5 16.6455 12.8
      vertex -3.5 17.6333 2.03
      vertex -3.5 18.556 12.8
    endloop
  endfacet
  facet normal 1 0 0
    outer loop
      vertex -3.5 13.5521 2.03
      vertex -3.5 16.6455 12.8
      vertex -3.5 15.7144 13.206
    endloop
  endfacet
  facet normal 1 0 0
    outer loop
      vertex -3.5 13.5521 2.03
      vertex -3.5 15.7144 13.206
      vertex -3.5 15.1569 13.4491
    endloop
  endfacet
  facet normal 1 0 0
    outer loop
      vertex -3.5 16.6455 12.8
      vertex -3.5 13.5521 2.03
      vertex -3.5 17.6333 2.03
    endloop
  endfacet
  facet normal -0.20534 -0.766368 0.608701
    outer loop
      vertex 2.85774 19.964 12.8
      vertex 3.47011 20.7451 13.99
      vertex -1.27015 22.0152 13.99
    endloop
  endfacet
  facet normal -0.707106 0.707108 0
    outer loop
      vertex 1.27015 12.5347 13.99
      vertex 4.74026 16.0048 14
      vertex 4.74026 16.0048 13.99
    endloop
  endfacet
  facet normal -0.707106 0.707108 0
    outer loop
      vertex 4.74026 16.0048 14
      vertex 1.27015 12.5347 13.99
      vertex 1.27015 12.5347 14
    endloop
  endfacet
  facet normal 0.707106 -0.707108 0
    outer loop
      vertex -4.74026 18.5451 14
      vertex -1.27015 22.0152 13.99
      vertex -1.27015 22.0152 14
    endloop
  endfacet
  facet normal 0.707106 -0.707108 0
    outer loop
      vertex -1.27015 22.0152 13.99
      vertex -4.74026 18.5451 14
      vertex -4.74026 18.5451 13.99
    endloop
  endfacet
  facet normal -0.803597 -0.215374 0.554838
    outer loop
      vertex 3.5 19.238 13.4484
      vertex 2.85774 19.964 12.8
      vertex 3.13288 19.3854 12.9739
    endloop
  endfacet
  facet normal -0.803587 -0.215338 0.554868
    outer loop
      vertex 2.85774 19.964 12.8
      vertex 3.5 19.238 13.4484
      vertex 3.47011 20.7451 13.99
    endloop
  endfacet
  facet normal -0.803613 -0.215326 0.554833
    outer loop
      vertex 3.5 19.238 13.4484
      vertex 4.74026 16.0048 13.99
      vertex 3.47011 20.7451 13.99
    endloop
  endfacet
  facet normal -0.803586 -0.215308 0.55488
    outer loop
      vertex 4.74026 16.0048 13.99
      vertex 3.5 19.238 13.4484
      vertex 3.5 18.6133 13.206
    endloop
  endfacet
  facet normal 0.571028 -0.571011 0.589808
    outer loop
      vertex -1.27015 22.0152 13.99
      vertex -3.5 19.2399 13.462
      vertex -2.97819 19.5099 13.2182
    endloop
  endfacet
  facet normal 0.570991 -0.571022 0.589833
    outer loop
      vertex -4.74026 18.5451 13.99
      vertex -3.5 18.7445 12.9824
      vertex -3.5 19.2399 13.462
    endloop
  endfacet
  facet normal 0.571008 -0.570973 0.589864
    outer loop
      vertex -3.5 18.7445 12.9824
      vertex -4.74026 18.5451 13.99
      vertex -3.90374 18.1523 12.8
    endloop
  endfacet
  facet normal 0.570988 -0.57099 0.589867
    outer loop
      vertex -4.74026 18.5451 13.99
      vertex -3.5 19.2399 13.462
      vertex -1.27015 22.0152 13.99
    endloop
  endfacet
  facet normal 0.570975 -0.570997 0.589874
    outer loop
      vertex -1.27015 22.0152 13.99
      vertex -2.08304 19.973 12.8
      vertex -1.046 21.01 12.8
    endloop
  endfacet
  facet normal 0.570979 -0.570996 0.58987
    outer loop
      vertex -2.08304 19.973 12.8
      vertex -1.27015 22.0152 13.99
      vertex -2.97819 19.5099 13.2182
    endloop
  endfacet
  facet normal 0.570878 -0.570934 0.590028
    outer loop
      vertex -3.5 18.556 12.8
      vertex -3.5 18.7445 12.9824
      vertex -3.90374 18.1523 12.8
    endloop
  endfacet
  facet normal -0.624744 0.624806 0.468309
    outer loop
      vertex 3.5 15.6566 12.8
      vertex 4.74026 16.0048 13.99
      vertex 3.90374 16.0603 12.8
    endloop
  endfacet
  facet normal -0.624761 0.624766 0.468339
    outer loop
      vertex 3.5 15.159 13.4638
      vertex 4.74026 16.0048 13.99
      vertex 3.5 15.6566 12.8
    endloop
  endfacet
  facet normal -0.62476 0.624753 0.468356
    outer loop
      vertex 3.5 15.159 13.4638
      vertex 1.046 13.2026 12.8
      vertex 4.74026 16.0048 13.99
    endloop
  endfacet
  facet normal -0.624775 0.624799 0.468275
    outer loop
      vertex 1.046 13.2026 12.8
      vertex 3.5 15.159 13.4638
      vertex 2.08304 14.2396 12.8
    endloop
  endfacet
  facet normal 0.25881 0.965928 -0
    outer loop
      vertex 1.27015 12.5347 13.99
      vertex -3.47011 13.8048 14
      vertex 1.27015 12.5347 14
    endloop
  endfacet
  facet normal 0.25881 0.965928 0
    outer loop
      vertex -3.47011 13.8048 14
      vertex 1.27015 12.5347 13.99
      vertex -3.47011 13.8048 13.99
    endloop
  endfacet
  facet normal 0.232103 0.866253 0.442419
    outer loop
      vertex 1.27015 12.5347 13.99
      vertex 0 13.1239 13.5027
      vertex -3.47011 13.8048 13.99
    endloop
  endfacet
  facet normal 0.232115 0.866261 0.442397
    outer loop
      vertex 1.27015 12.5347 13.99
      vertex 0.409489 13.2874 12.9677
      vertex 0 13.1239 13.5027
    endloop
  endfacet
  facet normal 0.231989 0.866246 0.442492
    outer loop
      vertex 0.409489 13.2874 12.9677
      vertex 1.27015 12.5347 13.99
      vertex 1.046 13.2026 12.8
    endloop
  endfacet
  facet normal 0.232105 0.866219 0.442483
    outer loop
      vertex -3.47011 13.8048 13.99
      vertex 0 13.1239 13.5027
      vertex -0.571587 13.4183 13.2262
    endloop
  endfacet
  facet normal 0.232105 0.866221 0.44248
    outer loop
      vertex -1.45268 13.8721 12.8
      vertex -3.47011 13.8048 13.99
      vertex -0.571587 13.4183 13.2262
    endloop
  endfacet
  facet normal 0.232111 0.866214 0.44249
    outer loop
      vertex -3.47011 13.8048 13.99
      vertex -1.45268 13.8721 12.8
      vertex -2.85774 14.2486 12.8
    endloop
  endfacet
  facet normal 0.232003 0.866204 0.442566
    outer loop
      vertex 1.046 13.2026 12.8
      vertex 0.537858 13.3387 12.8
      vertex 0.409489 13.2874 12.9677
    endloop
  endfacet
  facet normal 0.830626 0.222569 0.510416
    outer loop
      vertex -4.74026 18.5451 13.99
      vertex -3.5 15.1569 13.4491
      vertex -3.5 15.7144 13.206
    endloop
  endfacet
  facet normal 0.830621 0.222556 0.510429
    outer loop
      vertex -3.47011 13.8048 13.99
      vertex -3.13263 14.8759 12.9738
      vertex -3.5 15.1569 13.4491
    endloop
  endfacet
  facet normal 0.830615 0.222564 0.510435
    outer loop
      vertex -3.13263 14.8759 12.9738
      vertex -3.47011 13.8048 13.99
      vertex -2.85774 14.2486 12.8
    endloop
  endfacet
  facet normal 0.830613 0.22256 0.51044
    outer loop
      vertex -3.47011 13.8048 13.99
      vertex -3.5 15.1569 13.4491
      vertex -4.74026 18.5451 13.99
    endloop
  endfacet
  facet normal -0.205267 -0.766384 0.608705
    outer loop
      vertex -0.537858 20.8739 12.8
      vertex -1.27015 22.0152 13.99
      vertex -1.046 21.01 12.8
    endloop
  endfacet
  facet normal -0.205331 -0.766392 0.608673
    outer loop
      vertex -1.27015 22.0152 13.99
      vertex -0.537858 20.8739 12.8
      vertex 0 21.2859 13.5002
    endloop
  endfacet
  facet normal -0.205475 -0.76651 0.608475
    outer loop
      vertex 0 21.2859 13.5002
      vertex 2.85774 19.964 12.8
      vertex -1.27015 22.0152 13.99
    endloop
  endfacet
  facet normal -0.205356 -0.766368 0.608694
    outer loop
      vertex 2.85774 19.964 12.8
      vertex 0 21.2859 13.5002
      vertex 1.45268 20.3405 12.8
    endloop
  endfacet
  facet normal -0.803559 -0.215334 0.55491
    outer loop
      vertex 2.99832 19.4394 12.8
      vertex 3.13288 19.3854 12.9739
      vertex 2.85774 19.964 12.8
    endloop
  endfacet
  facet normal -0.8036 -0.215321 0.554855
    outer loop
      vertex 4.74026 16.0048 13.99
      vertex 3.5 17.5671 12.8
      vertex 3.90374 16.0603 12.8
    endloop
  endfacet
  facet normal -0.803601 -0.215323 0.554853
    outer loop
      vertex 3.5 17.5671 12.8
      vertex 4.74026 16.0048 13.99
      vertex 3.5 18.6133 13.206
    endloop
  endfacet
  facet normal -0.25881 -0.965928 0
    outer loop
      vertex -1.27015 22.0152 13.99
      vertex 3.47011 20.7451 14
      vertex -1.27015 22.0152 14
    endloop
  endfacet
  facet normal -0.25881 -0.965928 -0
    outer loop
      vertex 3.47011 20.7451 14
      vertex -1.27015 22.0152 13.99
      vertex 3.47011 20.7451 13.99
    endloop
  endfacet
  facet normal -0.965926 -0.258817 0
    outer loop
      vertex 4.74026 16.0048 13.99
      vertex 3.47011 20.7451 14
      vertex 3.47011 20.7451 13.99
    endloop
  endfacet
  facet normal -0.965926 -0.258817 0
    outer loop
      vertex 3.47011 20.7451 14
      vertex 4.74026 16.0048 13.99
      vertex 4.74026 16.0048 14
    endloop
  endfacet
  facet normal 0.965926 0.258817 0
    outer loop
      vertex -3.47011 13.8048 14
      vertex -4.74026 18.5451 13.99
      vertex -4.74026 18.5451 14
    endloop
  endfacet
  facet normal 0.965926 0.258817 0
    outer loop
      vertex -4.74026 18.5451 13.99
      vertex -3.47011 13.8048 14
      vertex -3.47011 13.8048 13.99
    endloop
  endfacet
  facet normal -0.624763 0.624765 0.468337
    outer loop
      vertex 1.27015 12.5347 13.99
      vertex 4.74026 16.0048 13.99
      vertex 1.046 13.2026 12.8
    endloop
  endfacet
  facet normal 0.83062 0.222561 0.510428
    outer loop
      vertex -4.74026 18.5451 13.99
      vertex -3.5 16.6455 12.8
      vertex -3.90374 18.1523 12.8
    endloop
  endfacet
  facet normal 0.830623 0.222566 0.510422
    outer loop
      vertex -3.5 16.6455 12.8
      vertex -4.74026 18.5451 13.99
      vertex -3.5 15.7144 13.206
    endloop
  endfacet
  facet normal 0.830643 0.222592 0.510377
    outer loop
      vertex -2.85774 14.2486 12.8
      vertex -2.99832 14.7732 12.8
      vertex -3.13263 14.8759 12.9738
    endloop
  endfacet
  facet normal 0 0 1
    outer loop
      vertex 2.99832 19.4394 12.8
      vertex 2.85774 19.964 12.8
      vertex 1.45268 20.3405 12.8
    endloop
  endfacet
  facet normal 0 -0 1
    outer loop
      vertex -3.5 16.6455 12.8
      vertex -3.5 18.556 12.8
      vertex -3.90374 18.1523 12.8
    endloop
  endfacet
  facet normal 0 0 1
    outer loop
      vertex -0.537858 20.8739 12.8
      vertex -1.046 21.01 12.8
      vertex -2.08304 19.973 12.8
    endloop
  endfacet
  facet normal 0 0 1
    outer loop
      vertex 3.90374 16.0603 12.8
      vertex 3.5 17.5671 12.8
      vertex 3.5 15.6566 12.8
    endloop
  endfacet
  facet normal 0 -0 1
    outer loop
      vertex 1.046 13.2026 12.8
      vertex 2.08304 14.2396 12.8
      vertex 0.537858 13.3387 12.8
    endloop
  endfacet
  facet normal -0 -0 1
    outer loop
      vertex -2.85774 14.2486 12.8
      vertex -1.45268 13.8721 12.8
      vertex -2.99832 14.7732 12.8
    endloop
  endfacet
  facet normal -0.503663 -0.8639 0
    outer loop
      vertex 0 18.0512 0
      vertex 2.10185 16.8258 0.98
      vertex 0 18.0512 0.98
    endloop
  endfacet
  facet normal -0.503663 -0.8639 -0
    outer loop
      vertex 2.10185 16.8258 0.98
      vertex 0 18.0512 0
      vertex 2.10185 16.8258 0
    endloop
  endfacet
  facet normal 0.503663 -0.8639 0
    outer loop
      vertex -2.10185 16.8258 0
      vertex 0 18.0512 0.98
      vertex -2.10185 16.8258 0.98
    endloop
  endfacet
  facet normal 0.503663 -0.8639 0
    outer loop
      vertex 0 18.0512 0.98
      vertex -2.10185 16.8258 0
      vertex 0 18.0512 0
    endloop
  endfacet
  facet normal 1 -0 0
    outer loop
      vertex -2.10185 14.3511 0.98
      vertex -2.10185 16.8258 0
      vertex -2.10185 16.8258 0.98
    endloop
  endfacet
  facet normal 1 0 0
    outer loop
      vertex -2.10185 16.8258 0
      vertex -2.10185 14.3511 0.98
      vertex -2.10185 14.3511 0
    endloop
  endfacet
  facet normal 0.503663 0.8639 -0
    outer loop
      vertex 0 13.1257 0
      vertex -2.10185 14.3511 0.98
      vertex 0 13.1257 0.98
    endloop
  endfacet
  facet normal 0.503663 0.8639 0
    outer loop
      vertex -2.10185 14.3511 0.98
      vertex 0 13.1257 0
      vertex -2.10185 14.3511 0
    endloop
  endfacet
  facet normal -0.503663 0.8639 0
    outer loop
      vertex 2.10185 14.3511 0
      vertex 0 13.1257 0.98
      vertex 2.10185 14.3511 0.98
    endloop
  endfacet
  facet normal -0.503663 0.8639 0
    outer loop
      vertex 0 13.1257 0.98
      vertex 2.10185 14.3511 0
      vertex 0 13.1257 0
    endloop
  endfacet
  facet normal -1 0 0
    outer loop
      vertex 2.10185 14.3511 0
      vertex 2.10185 16.8258 0.98
      vertex 2.10185 16.8258 0
    endloop
  endfacet
  facet normal -1 -0 0
    outer loop
      vertex 2.10185 16.8258 0.98
      vertex 2.10185 14.3511 0
      vertex 2.10185 14.3511 0.98
    endloop
  endfacet
  facet normal -1 0 0
    outer loop
      vertex 3.53 13.5306 1.99
      vertex 3.53 17.6463 2.03
      vertex 3.53 17.6463 1.99
    endloop
  endfacet
  facet normal -1 -0 0
    outer loop
      vertex 3.53 17.6463 2.03
      vertex 3.53 13.5306 1.99
      vertex 3.53 13.5306 2.03
    endloop
  endfacet
  facet normal 0.29082 -0.498824 0.816455
    outer loop
      vertex -2.10185 16.8258 0.98
      vertex 0 18.0512 0.98
      vertex -3.53 17.6463 1.99
    endloop
  endfacet
  facet normal -0.290819 -0.49883 0.816451
    outer loop
      vertex 3.53 17.6463 1.99
      vertex 0 19.7043 1.99
      vertex 0 18.0512 0.98
    endloop
  endfacet
  facet normal -0.577406 0 0.816457
    outer loop
      vertex 2.10185 16.8258 0.98
      vertex 3.53 13.5306 1.99
      vertex 3.53 17.6463 1.99
    endloop
  endfacet
  facet normal -0.577406 0 0.816457
    outer loop
      vertex 3.53 13.5306 1.99
      vertex 2.10185 16.8258 0.98
      vertex 2.10185 14.3511 0.98
    endloop
  endfacet
  facet normal 0.503676 0.863892 -0
    outer loop
      vertex 0 11.4725 1.99
      vertex -3.53 13.5306 2.03
      vertex 0 11.4725 2.03
    endloop
  endfacet
  facet normal 0.503676 0.863892 0
    outer loop
      vertex -3.53 13.5306 2.03
      vertex 0 11.4725 1.99
      vertex -3.53 13.5306 1.99
    endloop
  endfacet
  facet normal 0.290819 -0.49883 0.816451
    outer loop
      vertex 0 18.0512 0.98
      vertex 0 19.7043 1.99
      vertex -3.53 17.6463 1.99
    endloop
  endfacet
  facet normal 1 -0 0
    outer loop
      vertex -3.53 13.5306 2.03
      vertex -3.53 17.6463 1.99
      vertex -3.53 17.6463 2.03
    endloop
  endfacet
  facet normal 1 0 0
    outer loop
      vertex -3.53 17.6463 1.99
      vertex -3.53 13.5306 2.03
      vertex -3.53 13.5306 1.99
    endloop
  endfacet
  facet normal -0.29082 0.498824 0.816455
    outer loop
      vertex 3.53 13.5306 1.99
      vertex 2.10185 14.3511 0.98
      vertex 0 13.1257 0.98
    endloop
  endfacet
  facet normal 0.577406 0 0.816457
    outer loop
      vertex -3.53 17.6463 1.99
      vertex -2.10185 14.3511 0.98
      vertex -2.10185 16.8258 0.98
    endloop
  endfacet
  facet normal 0.577406 0 0.816457
    outer loop
      vertex -2.10185 14.3511 0.98
      vertex -3.53 17.6463 1.99
      vertex -3.53 13.5306 1.99
    endloop
  endfacet
  facet normal -0.29082 -0.498824 0.816455
    outer loop
      vertex 2.10185 16.8258 0.98
      vertex 3.53 17.6463 1.99
      vertex 0 18.0512 0.98
    endloop
  endfacet
  facet normal -0.503676 0.863892 0
    outer loop
      vertex 3.53 13.5306 1.99
      vertex 0 11.4725 2.03
      vertex 3.53 13.5306 2.03
    endloop
  endfacet
  facet normal -0.503676 0.863892 0
    outer loop
      vertex 0 11.4725 2.03
      vertex 3.53 13.5306 1.99
      vertex 0 11.4725 1.99
    endloop
  endfacet
  facet normal 0 0 -1
    outer loop
      vertex 3.53 13.5306 2.03
      vertex 3.5 13.5521 2.03
      vertex 3.53 17.6463 2.03
    endloop
  endfacet
  facet normal 0 0 -1
    outer loop
      vertex 0 11.5115 2.03
      vertex 3.53 13.5306 2.03
      vertex 0 11.4725 2.03
    endloop
  endfacet
  facet normal -0 0 -1
    outer loop
      vertex 3.53 13.5306 2.03
      vertex 0 11.5115 2.03
      vertex 3.5 13.5521 2.03
    endloop
  endfacet
  facet normal 0 0 -1
    outer loop
      vertex -3.53 13.5306 2.03
      vertex 0 11.5115 2.03
      vertex 0 11.4725 2.03
    endloop
  endfacet
  facet normal 0 0 -1
    outer loop
      vertex -3.53 17.6463 2.03
      vertex -3.5 13.5521 2.03
      vertex -3.53 13.5306 2.03
    endloop
  endfacet
  facet normal 0 0 -1
    outer loop
      vertex 0 11.5115 2.03
      vertex -3.53 13.5306 2.03
      vertex -3.5 13.5521 2.03
    endloop
  endfacet
  facet normal 0 0 -1
    outer loop
      vertex 3.5 17.6333 2.03
      vertex 3.53 17.6463 2.03
      vertex 3.5 13.5521 2.03
    endloop
  endfacet
  facet normal 0 0 -1
    outer loop
      vertex 0 19.7043 2.03
      vertex 3.5 17.6333 2.03
      vertex 0 19.6738 2.03
    endloop
  endfacet
  facet normal 0 0 -1
    outer loop
      vertex 3.5 17.6333 2.03
      vertex 0 19.7043 2.03
      vertex 3.53 17.6463 2.03
    endloop
  endfacet
  facet normal 0 0 -1
    outer loop
      vertex -3.5 17.6333 2.03
      vertex 0 19.7043 2.03
      vertex 0 19.6738 2.03
    endloop
  endfacet
  facet normal 0 0 -1
    outer loop
      vertex -3.5 17.6333 2.03
      vertex -3.53 17.6463 2.03
      vertex 0 19.7043 2.03
    endloop
  endfacet
  facet normal 0 0 -1
    outer loop
      vertex -3.5 13.5521 2.03
      vertex -3.53 17.6463 2.03
      vertex -3.5 17.6333 2.03
    endloop
  endfacet
  facet normal -0.503658 -0.863903 0
    outer loop
      vertex 0 19.7043 1.99
      vertex 3.53 17.6463 2.03
      vertex 0 19.7043 2.03
    endloop
  endfacet
  facet normal -0.503658 -0.863903 -0
    outer loop
      vertex 3.53 17.6463 2.03
      vertex 0 19.7043 1.99
      vertex 3.53 17.6463 1.99
    endloop
  endfacet
  facet normal 0.503658 -0.863903 0
    outer loop
      vertex -3.53 17.6463 1.99
      vertex 0 19.7043 2.03
      vertex -3.53 17.6463 2.03
    endloop
  endfacet
  facet normal 0.503658 -0.863903 0
    outer loop
      vertex 0 19.7043 2.03
      vertex -3.53 17.6463 1.99
      vertex 0 19.7043 1.99
    endloop
  endfacet
  facet normal 0.29082 0.498824 0.816455
    outer loop
      vertex 0 13.1257 0.98
      vertex -2.10185 14.3511 0.98
      vertex -3.53 13.5306 1.99
    endloop
  endfacet
  facet normal -0.290821 0.498808 0.816464
    outer loop
      vertex 3.53 13.5306 1.99
      vertex 0 13.1257 0.98
      vertex 0 11.4725 1.99
    endloop
  endfacet
  facet normal 0.290821 0.498808 0.816464
    outer loop
      vertex 0 11.4725 1.99
      vertex 0 13.1257 0.98
      vertex -3.53 13.5306 1.99
    endloop
  endfacet
  facet normal 0.00422325 -0.992701 -0.120525
    outer loop
      vertex -6.96152 -12.0577 2.03
      vertex -8.96216 -13.3967 12.9885
      vertex -10.6284 -12.0733 2.03
    endloop
  endfacet
  facet normal 0.00418343 -0.992701 -0.120533
    outer loop
      vertex -8.96216 -13.3967 12.9885
      vertex -6.96152 -12.0577 2.03
      vertex -7.76772 -13.4541 13.5027
    endloop
  endfacet
  facet normal -0.861796 -0.492728 -0.120526
    outer loop
      vertex -5.14155 -15.2411 2.03
      vertex -6.5216 -15.4618 12.8
      vertex -7.08677 -14.4733 12.8
    endloop
  endfacet
  facet normal -0.861828 -0.492672 -0.120529
    outer loop
      vertex -4.95073 -15.5749 2.03
      vertex -6.5216 -15.4618 12.8
      vertex -5.14155 -15.2411 2.03
    endloop
  endfacet
  facet normal -0.861811 -0.492702 -0.120526
    outer loop
      vertex -4.95073 -15.5749 2.03
      vertex -6.03745 -16.4111 13.2188
      vertex -6.5216 -15.4618 12.8
    endloop
  endfacet
  facet normal -0.861805 -0.492712 -0.120526
    outer loop
      vertex -6.03745 -16.4111 13.2188
      vertex -4.95073 -15.5749 2.03
      vertex -5.75418 -16.9665 13.4638
    endloop
  endfacet
  facet normal 0.00413088 -0.992701 -0.120531
    outer loop
      vertex -10.6284 -12.0733 2.03
      vertex -11.189 -13.3833 12.8
      vertex -11.0129 -12.0749 2.03
    endloop
  endfacet
  facet normal 0.00412958 -0.992701 -0.120531
    outer loop
      vertex -11.3567 -13.4051 12.9738
      vertex -11.0129 -12.0749 2.03
      vertex -11.189 -13.3833 12.8
    endloop
  endfacet
  facet normal 0.00409036 -0.992701 -0.120533
    outer loop
      vertex -11.0129 -12.0749 2.03
      vertex -11.3567 -13.4051 12.9738
      vertex -11.8153 -13.4647 13.4491
    endloop
  endfacet
  facet normal 0.00421687 -0.992701 -0.120527
    outer loop
      vertex -11.189 -13.3833 12.8
      vertex -10.6284 -12.0733 2.03
      vertex -9.39987 -13.3757 12.8
    endloop
  endfacet
  facet normal 0.00428132 -0.9927 -0.120534
    outer loop
      vertex -9.39987 -13.3757 12.8
      vertex -10.6284 -12.0733 2.03
      vertex -8.96216 -13.3967 12.9885
    endloop
  endfacet
  facet normal -0.86182 -0.492686 -0.120528
    outer loop
      vertex -6.96152 -12.0577 2.03
      vertex -7.40933 -13.9091 12.8
      vertex -7.76772 -13.4541 13.5027
    endloop
  endfacet
  facet normal -0.86181 -0.492702 -0.120531
    outer loop
      vertex -5.14155 -15.2411 2.03
      vertex -7.40933 -13.9091 12.8
      vertex -6.96152 -12.0577 2.03
    endloop
  endfacet
  facet normal -0.861808 -0.492706 -0.12053
    outer loop
      vertex -7.40933 -13.9091 12.8
      vertex -5.14155 -15.2411 2.03
      vertex -7.08677 -14.4733 12.8
    endloop
  endfacet
  facet normal 0.866012 -0.500023 -2.1147e-06
    outer loop
      vertex -12.5596 -14.7539 12.8
      vertex -12.8008 -15.1716 2.03
      vertex -12.363 -14.4134 12.9714
    endloop
  endfacet
  facet normal 0.866031 -0.499991 -3.75694e-06
    outer loop
      vertex -12.5596 -14.7539 12.8
      vertex -13.0535 -15.6093 2.03
      vertex -12.8008 -15.1716 2.03
    endloop
  endfacet
  facet normal 0.866022 -0.500006 -2.10527e-06
    outer loop
      vertex -13.5149 -16.4085 12.8
      vertex -13.0535 -15.6093 2.03
      vertex -12.5596 -14.7539 12.8
    endloop
  endfacet
  facet normal 0.866029 -0.499993 -7.99559e-07
    outer loop
      vertex -13.0535 -15.6093 2.03
      vertex -13.5149 -16.4085 12.8
      vertex -13.8568 -17.0007 13.462
    endloop
  endfacet
  facet normal 0.865985 -0.50007 -1.14734e-05
    outer loop
      vertex -12.0941 -13.9475 13.206
      vertex -11.0129 -12.0749 2.03
      vertex -11.8153 -13.4647 13.4491
    endloop
  endfacet
  facet normal 0.86609 -0.499889 2.89821e-05
    outer loop
      vertex -12.363 -14.4134 12.9714
      vertex -11.0129 -12.0749 2.03
      vertex -12.0941 -13.9475 13.206
    endloop
  endfacet
  facet normal 0.866023 -0.500004 -3.82068e-06
    outer loop
      vertex -11.0129 -12.0749 2.03
      vertex -12.363 -14.4134 12.9714
      vertex -12.8008 -15.1716 2.03
    endloop
  endfacet
  facet normal -0.866025 0.500001 5.80799e-07
    outer loop
      vertex -6.99131 -19.1093 2.03
      vertex -7.21214 -19.4918 12.9971
      vertex -5.15377 -15.9266 2.03
    endloop
  endfacet
  facet normal -0.866031 0.49999 6.49849e-08
    outer loop
      vertex -7.21214 -19.4918 12.9971
      vertex -6.99131 -19.1093 2.03
      vertex -7.79369 -20.4991 13.4484
    endloop
  endfacet
  facet normal -0.86604 0.499974 -6.60561e-06
    outer loop
      vertex -6.00296 -17.3974 12.8
      vertex -4.95073 -15.5749 2.03
      vertex -5.15377 -15.9266 2.03
    endloop
  endfacet
  facet normal -0.866047 0.499962 -6.83472e-06
    outer loop
      vertex -4.95073 -15.5749 2.03
      vertex -5.93458 -17.279 12.9824
      vertex -5.75418 -16.9665 13.4638
    endloop
  endfacet
  facet normal -0.86597 0.500095 2.07487e-05
    outer loop
      vertex -4.95073 -15.5749 2.03
      vertex -6.00296 -17.3974 12.8
      vertex -5.93458 -17.279 12.9824
    endloop
  endfacet
  facet normal -0.866031 0.499991 -3.56549e-06
    outer loop
      vertex -5.15377 -15.9266 2.03
      vertex -6.95822 -19.052 12.8
      vertex -6.00296 -17.3974 12.8
    endloop
  endfacet
  facet normal -0.866024 0.500002 9.36928e-07
    outer loop
      vertex -6.95822 -19.052 12.8
      vertex -5.15377 -15.9266 2.03
      vertex -7.21214 -19.4918 12.9971
    endloop
  endfacet
  facet normal 0.861814 0.492698 0.120524
    outer loop
      vertex -12.9962 -18.3441 12.8
      vertex -13.0535 -15.6093 2.03
      vertex -13.8568 -17.0007 13.462
    endloop
  endfacet
  facet normal 0.861811 0.492702 0.120525
    outer loop
      vertex -12.9962 -18.3441 12.8
      vertex -11.0427 -19.1265 2.03
      vertex -13.0535 -15.6093 2.03
    endloop
  endfacet
  facet normal 0.861808 0.492708 0.120524
    outer loop
      vertex -12.1085 -19.8968 12.8
      vertex -11.0427 -19.1265 2.03
      vertex -12.9962 -18.3441 12.8
    endloop
  endfacet
  facet normal 0.861898 0.492551 0.120522
    outer loop
      vertex -12.0462 -20.0469 12.9679
      vertex -11.0427 -19.1265 2.03
      vertex -12.1085 -19.8968 12.8
    endloop
  endfacet
  facet normal 0.861825 0.492677 0.120526
    outer loop
      vertex -11.0427 -19.1265 2.03
      vertex -12.0462 -20.0469 12.9679
      vertex -11.8487 -20.5226 13.5002
    endloop
  endfacet
  facet normal -0.00421447 0.992701 0.120527
    outer loop
      vertex -11.0427 -19.1265 2.03
      vertex -8.32884 -20.4226 12.8
      vertex -6.99131 -19.1093 2.03
    endloop
  endfacet
  facet normal -0.00413779 0.9927 0.120537
    outer loop
      vertex -6.99131 -19.1093 2.03
      vertex -8.32884 -20.4226 12.8
      vertex -7.79369 -20.4991 13.4484
    endloop
  endfacet
  facet normal -0.0042168 0.992701 0.120528
    outer loop
      vertex -8.32884 -20.4226 12.8
      vertex -11.0427 -19.1265 2.03
      vertex -10.118 -20.4302 12.8
    endloop
  endfacet
  facet normal -0.00425742 0.9927 0.120531
    outer loop
      vertex -10.118 -20.4302 12.8
      vertex -11.0427 -19.1265 2.03
      vertex -11.1702 -20.4864 13.2257
    endloop
  endfacet
  facet normal -0.00420012 0.992701 0.120532
    outer loop
      vertex -11.1702 -20.4864 13.2257
      vertex -11.0427 -19.1265 2.03
      vertex -11.8487 -20.5226 13.5002
    endloop
  endfacet
  facet normal 0.608063 -0.608001 0.510484
    outer loop
      vertex -14.5835 -15.7789 13.99
      vertex -12.363 -14.4134 12.9714
      vertex -12.0941 -13.9475 13.206
    endloop
  endfacet
  facet normal 0.608065 -0.608034 0.510443
    outer loop
      vertex -14.5835 -15.7789 13.99
      vertex -12.5596 -14.7539 12.8
      vertex -12.363 -14.4134 12.9714
    endloop
  endfacet
  facet normal 0.608056 -0.608111 0.510362
    outer loop
      vertex -12.5596 -14.7539 12.8
      vertex -14.5835 -15.7789 13.99
      vertex -13.6627 -15.8569 12.8
    endloop
  endfacet
  facet normal 0.60805 -0.60805 0.51044
    outer loop
      vertex -11.189 -13.3833 12.8
      vertex -10.8049 -12.9992 12.8
      vertex -11.3567 -13.4051 12.9738
    endloop
  endfacet
  facet normal -0.2321 -0.866271 0.442385
    outer loop
      vertex -10.8049 -12.9992 12.8
      vertex -7.76772 -13.4541 13.5027
      vertex -6.37313 -13.5789 13.99
    endloop
  endfacet
  facet normal -0.232116 -0.866214 0.442489
    outer loop
      vertex -10.8049 -12.9992 12.8
      vertex -8.96216 -13.3967 12.9885
      vertex -7.76772 -13.4541 13.5027
    endloop
  endfacet
  facet normal -0.232116 -0.866214 0.442488
    outer loop
      vertex -8.96216 -13.3967 12.9885
      vertex -10.8049 -12.9992 12.8
      vertex -9.39987 -13.3757 12.8
    endloop
  endfacet
  facet normal -0.232002 -0.866213 0.44255
    outer loop
      vertex -6.90118 -14.0452 12.8
      vertex -7.76772 -13.4541 13.5027
      vertex -7.40933 -13.9091 12.8
    endloop
  endfacet
  facet normal -0.232115 -0.866242 0.442434
    outer loop
      vertex -7.76772 -13.4541 13.5027
      vertex -6.90118 -14.0452 12.8
      vertex -6.37313 -13.5789 13.99
    endloop
  endfacet
  facet normal 0.707117 -0.707097 0
    outer loop
      vertex -14.5835 -15.7789 14
      vertex -11.1134 -12.3087 13.99
      vertex -11.1134 -12.3087 14
    endloop
  endfacet
  facet normal 0.707117 -0.707097 0
    outer loop
      vertex -11.1134 -12.3087 13.99
      vertex -14.5835 -15.7789 14
      vertex -14.5835 -15.7789 13.99
    endloop
  endfacet
  facet normal 0 -0 1
    outer loop
      vertex -13.5149 -16.4085 12.8
      vertex -12.5596 -14.7539 12.8
      vertex -13.6627 -15.8569 12.8
    endloop
  endfacet
  facet normal 0 0 1
    outer loop
      vertex -5.85518 -17.949 12.8
      vertex -6.00296 -17.3974 12.8
      vertex -6.95822 -19.052 12.8
    endloop
  endfacet
  facet normal -0 -0 1
    outer loop
      vertex -12.6167 -19.7607 12.8
      vertex -12.1085 -19.8968 12.8
      vertex -12.9962 -18.3441 12.8
    endloop
  endfacet
  facet normal 0 -0 1
    outer loop
      vertex -8.71292 -20.8067 12.8
      vertex -8.32884 -20.4226 12.8
      vertex -10.118 -20.4302 12.8
    endloop
  endfacet
  facet normal 0 0 1
    outer loop
      vertex -9.39987 -13.3757 12.8
      vertex -10.8049 -12.9992 12.8
      vertex -11.189 -13.3833 12.8
    endloop
  endfacet
  facet normal 0 0 1
    outer loop
      vertex -6.90118 -14.0452 12.8
      vertex -7.08677 -14.4733 12.8
      vertex -6.5216 -15.4618 12.8
    endloop
  endfacet
  facet normal 0 -0 1
    outer loop
      vertex -7.08677 -14.4733 12.8
      vertex -6.90118 -14.0452 12.8
      vertex -7.40933 -13.9091 12.8
    endloop
  endfacet
  facet normal -0.707116 0.707098 0
    outer loop
      vertex -5.10299 -18.3191 13.99
      vertex -8.5731 -21.7893 14
      vertex -5.10299 -18.3191 14
    endloop
  endfacet
  facet normal -0.707116 0.707098 0
    outer loop
      vertex -8.5731 -21.7893 14
      vertex -5.10299 -18.3191 13.99
      vertex -8.5731 -21.7893 13.99
    endloop
  endfacet
  facet normal -0.588299 0.588284 0.554821
    outer loop
      vertex -5.10299 -18.3191 13.99
      vertex -5.85518 -17.949 12.8
      vertex -8.5731 -21.7893 13.99
    endloop
  endfacet
  facet normal -0.853438 -0.228646 0.468365
    outer loop
      vertex -5.85518 -17.949 12.8
      vertex -5.93458 -17.279 12.9824
      vertex -6.00296 -17.3974 12.8
    endloop
  endfacet
  facet normal -0.853452 -0.228684 0.46832
    outer loop
      vertex -6.5216 -15.4618 12.8
      vertex -6.37313 -13.5789 13.99
      vertex -6.90118 -14.0452 12.8
    endloop
  endfacet
  facet normal -0.853464 -0.228673 0.468304
    outer loop
      vertex -6.37313 -13.5789 13.99
      vertex -6.5216 -15.4618 12.8
      vertex -6.03745 -16.4111 13.2188
    endloop
  endfacet
  facet normal 0.258827 0.965924 -0
    outer loop
      vertex -8.5731 -21.7893 13.99
      vertex -13.3134 -20.5191 14
      vertex -8.5731 -21.7893 14
    endloop
  endfacet
  facet normal 0.258827 0.965924 0
    outer loop
      vertex -13.3134 -20.5191 14
      vertex -8.5731 -21.7893 13.99
      vertex -13.3134 -20.5191 13.99
    endloop
  endfacet
  facet normal 0.779997 0.208994 0.589853
    outer loop
      vertex -13.3134 -20.5191 13.99
      vertex -12.6167 -19.7607 12.8
      vertex -14.5835 -15.7789 13.99
    endloop
  endfacet
  facet normal -0.58834 0.588296 0.554766
    outer loop
      vertex -5.85518 -17.949 12.8
      vertex -7.79369 -20.4991 13.4484
      vertex -8.5731 -21.7893 13.99
    endloop
  endfacet
  facet normal -0.58818 0.588234 0.555001
    outer loop
      vertex -5.85518 -17.949 12.8
      vertex -7.21214 -19.4918 12.9971
      vertex -7.79369 -20.4991 13.4484
    endloop
  endfacet
  facet normal -0.588274 0.588296 0.554834
    outer loop
      vertex -7.21214 -19.4918 12.9971
      vertex -5.85518 -17.949 12.8
      vertex -6.95822 -19.052 12.8
    endloop
  endfacet
  facet normal -0.588229 0.588283 0.554896
    outer loop
      vertex -8.32884 -20.4226 12.8
      vertex -8.5731 -21.7893 13.99
      vertex -7.79369 -20.4991 13.4484
    endloop
  endfacet
  facet normal -0.58829 0.58826 0.554856
    outer loop
      vertex -8.5731 -21.7893 13.99
      vertex -8.32884 -20.4226 12.8
      vertex -8.71292 -20.8067 12.8
    endloop
  endfacet
  facet normal 0.205364 0.766405 0.608645
    outer loop
      vertex -8.5731 -21.7893 13.99
      vertex -11.8487 -20.5226 13.5002
      vertex -13.3134 -20.5191 13.99
    endloop
  endfacet
  facet normal 0.205357 0.766393 0.608663
    outer loop
      vertex -11.8487 -20.5226 13.5002
      vertex -8.5731 -21.7893 13.99
      vertex -11.1702 -20.4864 13.2257
    endloop
  endfacet
  facet normal 0.205319 0.766371 0.608703
    outer loop
      vertex -12.6167 -19.7607 12.8
      vertex -11.8487 -20.5226 13.5002
      vertex -12.0462 -20.0469 12.9679
    endloop
  endfacet
  facet normal 0.20537 0.766388 0.608664
    outer loop
      vertex -11.8487 -20.5226 13.5002
      vertex -12.6167 -19.7607 12.8
      vertex -13.3134 -20.5191 13.99
    endloop
  endfacet
  facet normal 0.779998 0.208999 0.589849
    outer loop
      vertex -14.5835 -15.7789 13.99
      vertex -13.5149 -16.4085 12.8
      vertex -13.6627 -15.8569 12.8
    endloop
  endfacet
  facet normal 0.780001 0.209031 0.589834
    outer loop
      vertex -14.5835 -15.7789 13.99
      vertex -13.8568 -17.0007 13.462
      vertex -13.5149 -16.4085 12.8
    endloop
  endfacet
  facet normal 0.779955 0.208946 0.589926
    outer loop
      vertex -13.8568 -17.0007 13.462
      vertex -12.6167 -19.7607 12.8
      vertex -12.9962 -18.3441 12.8
    endloop
  endfacet
  facet normal 0.779915 0.208913 0.58999
    outer loop
      vertex -12.6167 -19.7607 12.8
      vertex -13.8568 -17.0007 13.462
      vertex -14.5835 -15.7789 13.99
    endloop
  endfacet
  facet normal -0.853439 -0.228681 0.468345
    outer loop
      vertex -5.75418 -16.9665 13.4638
      vertex -6.37313 -13.5789 13.99
      vertex -6.03745 -16.4111 13.2188
    endloop
  endfacet
  facet normal -0.853448 -0.228642 0.468348
    outer loop
      vertex -5.10299 -18.3191 13.99
      vertex -5.93458 -17.279 12.9824
      vertex -5.85518 -17.949 12.8
    endloop
  endfacet
  facet normal -0.853442 -0.228681 0.468339
    outer loop
      vertex -5.75418 -16.9665 13.4638
      vertex -5.10299 -18.3191 13.99
      vertex -6.37313 -13.5789 13.99
    endloop
  endfacet
  facet normal -0.853461 -0.228708 0.468292
    outer loop
      vertex -5.93458 -17.279 12.9824
      vertex -5.10299 -18.3191 13.99
      vertex -5.75418 -16.9665 13.4638
    endloop
  endfacet
  facet normal -0.258828 -0.965923 0
    outer loop
      vertex -11.1134 -12.3087 13.99
      vertex -6.37313 -13.5789 14
      vertex -11.1134 -12.3087 14
    endloop
  endfacet
  facet normal -0.258828 -0.965923 -0
    outer loop
      vertex -6.37313 -13.5789 14
      vertex -11.1134 -12.3087 13.99
      vertex -6.37313 -13.5789 13.99
    endloop
  endfacet
  facet normal -0.232114 -0.86623 0.442458
    outer loop
      vertex -10.8049 -12.9992 12.8
      vertex -6.37313 -13.5789 13.99
      vertex -11.1134 -12.3087 13.99
    endloop
  endfacet
  facet normal 0.608052 -0.60804 0.51045
    outer loop
      vertex -11.8153 -13.4647 13.4491
      vertex -10.8049 -12.9992 12.8
      vertex -11.1134 -12.3087 13.99
    endloop
  endfacet
  facet normal 0.60805 -0.608051 0.51044
    outer loop
      vertex -10.8049 -12.9992 12.8
      vertex -11.8153 -13.4647 13.4491
      vertex -11.3567 -13.4051 12.9738
    endloop
  endfacet
  facet normal 0.608092 -0.608109 0.510321
    outer loop
      vertex -11.8153 -13.4647 13.4491
      vertex -14.5835 -15.7789 13.99
      vertex -12.0941 -13.9475 13.206
    endloop
  endfacet
  facet normal 0.608058 -0.60804 0.510443
    outer loop
      vertex -14.5835 -15.7789 13.99
      vertex -11.8153 -13.4647 13.4491
      vertex -11.1134 -12.3087 13.99
    endloop
  endfacet
  facet normal -0.965925 -0.25882 0
    outer loop
      vertex -5.10299 -18.3191 13.99
      vertex -6.37313 -13.5789 14
      vertex -6.37313 -13.5789 13.99
    endloop
  endfacet
  facet normal -0.965925 -0.25882 0
    outer loop
      vertex -6.37313 -13.5789 14
      vertex -5.10299 -18.3191 13.99
      vertex -5.10299 -18.3191 14
    endloop
  endfacet
  facet normal 0.20521 0.76626 0.60888
    outer loop
      vertex -12.0462 -20.0469 12.9679
      vertex -12.1085 -19.8968 12.8
      vertex -12.6167 -19.7607 12.8
    endloop
  endfacet
  facet normal 0.205356 0.766379 0.608681
    outer loop
      vertex -10.118 -20.4302 12.8
      vertex -8.5731 -21.7893 13.99
      vertex -8.71292 -20.8067 12.8
    endloop
  endfacet
  facet normal 0.205335 0.76637 0.608699
    outer loop
      vertex -8.5731 -21.7893 13.99
      vertex -10.118 -20.4302 12.8
      vertex -11.1702 -20.4864 13.2257
    endloop
  endfacet
  facet normal 0.965927 0.258813 0
    outer loop
      vertex -13.3134 -20.5191 14
      vertex -14.5835 -15.7789 13.99
      vertex -14.5835 -15.7789 14
    endloop
  endfacet
  facet normal 0.965927 0.258813 0
    outer loop
      vertex -14.5835 -15.7789 13.99
      vertex -13.3134 -20.5191 14
      vertex -13.3134 -20.5191 13.99
    endloop
  endfacet
  facet normal 0.86815 0.496303 0
    outer loop
      vertex -10.2314 -17.7213 0.98
      vertex -11.4389 -15.6091 0
      vertex -11.4389 -15.6091 0.98
    endloop
  endfacet
  facet normal 0.86815 0.496303 0
    outer loop
      vertex -11.4389 -15.6091 0
      vertex -10.2314 -17.7213 0.98
      vertex -10.2314 -17.7213 0
    endloop
  endfacet
  facet normal 0.00427457 -0.999991 0
    outer loop
      vertex -10.2016 -13.466 0
      vertex -7.76863 -13.4556 0.98
      vertex -10.2016 -13.466 0.98
    endloop
  endfacet
  facet normal 0.00427457 -0.999991 0
    outer loop
      vertex -7.76863 -13.4556 0.98
      vertex -10.2016 -13.466 0
      vertex -7.76863 -13.4556 0
    endloop
  endfacet
  facet normal -0.868141 -0.496318 0
    outer loop
      vertex -6.56108 -15.5678 0
      vertex -7.76863 -13.4556 0.98
      vertex -7.76863 -13.4556 0
    endloop
  endfacet
  facet normal -0.868141 -0.496318 0
    outer loop
      vertex -7.76863 -13.4556 0.98
      vertex -6.56108 -15.5678 0
      vertex -6.56108 -15.5678 0.98
    endloop
  endfacet
  facet normal -0.866025 0.5 0
    outer loop
      vertex -7.7984 -17.7109 0
      vertex -6.56108 -15.5678 0.98
      vertex -6.56108 -15.5678 0
    endloop
  endfacet
  facet normal -0.866025 0.5 0
    outer loop
      vertex -6.56108 -15.5678 0.98
      vertex -7.7984 -17.7109 0
      vertex -7.7984 -17.7109 0.98
    endloop
  endfacet
  facet normal 0.866029 -0.499994 0
    outer loop
      vertex -11.4389 -15.6091 0.98
      vertex -10.2016 -13.466 0
      vertex -10.2016 -13.466 0.98
    endloop
  endfacet
  facet normal 0.866029 -0.499994 0
    outer loop
      vertex -10.2016 -13.466 0
      vertex -11.4389 -15.6091 0.98
      vertex -11.4389 -15.6091 0
    endloop
  endfacet
  facet normal -0.00427452 0.999991 0
    outer loop
      vertex -7.7984 -17.7109 0
      vertex -10.2314 -17.7213 0.98
      vertex -7.7984 -17.7109 0.98
    endloop
  endfacet
  facet normal -0.00427452 0.999991 0
    outer loop
      vertex -10.2314 -17.7213 0.98
      vertex -7.7984 -17.7109 0
      vertex -10.2314 -17.7213 0
    endloop
  endfacet
  facet normal -0.00244473 0.577417 0.816446
    outer loop
      vertex -6.97183 -19.1356 1.99
      vertex -10.2314 -17.7213 0.98
      vertex -11.0579 -19.1529 1.99
    endloop
  endfacet
  facet normal 0.501261 0.286586 0.816459
    outer loop
      vertex -11.0579 -19.1529 1.99
      vertex -11.4389 -15.6091 0.98
      vertex -13.086 -15.6056 1.99
    endloop
  endfacet
  facet normal 0 0 -1
    outer loop
      vertex -4.91402 -15.5713 2.03
      vertex -5.15377 -15.9266 2.03
      vertex -4.95073 -15.5749 2.03
    endloop
  endfacet
  facet normal 0 0 -1
    outer loop
      vertex -6.97183 -19.1356 2.03
      vertex -5.15377 -15.9266 2.03
      vertex -4.91402 -15.5713 2.03
    endloop
  endfacet
  facet normal 0 0 -1
    outer loop
      vertex -6.97183 -19.1356 2.03
      vertex -6.99131 -19.1093 2.03
      vertex -5.15377 -15.9266 2.03
    endloop
  endfacet
  facet normal 0 0 -1
    outer loop
      vertex -11.0579 -19.1529 2.03
      vertex -6.99131 -19.1093 2.03
      vertex -6.97183 -19.1356 2.03
    endloop
  endfacet
  facet normal 0 0 -1
    outer loop
      vertex -6.99131 -19.1093 2.03
      vertex -11.0579 -19.1529 2.03
      vertex -11.0427 -19.1265 2.03
    endloop
  endfacet
  facet normal 0 0 -1
    outer loop
      vertex -11.0579 -19.1529 2.03
      vertex -13.0535 -15.6093 2.03
      vertex -11.0427 -19.1265 2.03
    endloop
  endfacet
  facet normal -0 -0 -1
    outer loop
      vertex -13.0535 -15.6093 2.03
      vertex -11.0579 -19.1529 2.03
      vertex -13.086 -15.6056 2.03
    endloop
  endfacet
  facet normal 0 0 -1
    outer loop
      vertex -5.14155 -15.2411 2.03
      vertex -4.91402 -15.5713 2.03
      vertex -4.95073 -15.5749 2.03
    endloop
  endfacet
  facet normal 0 0 -1
    outer loop
      vertex -5.14155 -15.2411 2.03
      vertex -6.94205 -12.024 2.03
      vertex -4.91402 -15.5713 2.03
    endloop
  endfacet
  facet normal 0 0 -1
    outer loop
      vertex -6.96152 -12.0577 2.03
      vertex -6.94205 -12.024 2.03
      vertex -5.14155 -15.2411 2.03
    endloop
  endfacet
  facet normal 0 0 -1
    outer loop
      vertex -10.6284 -12.0733 2.03
      vertex -6.94205 -12.024 2.03
      vertex -6.96152 -12.0577 2.03
    endloop
  endfacet
  facet normal 0 0 -1
    outer loop
      vertex -11.0282 -12.0413 2.03
      vertex -10.6284 -12.0733 2.03
      vertex -11.0129 -12.0749 2.03
    endloop
  endfacet
  facet normal 0 0 -1
    outer loop
      vertex -10.6284 -12.0733 2.03
      vertex -11.0282 -12.0413 2.03
      vertex -6.94205 -12.024 2.03
    endloop
  endfacet
  facet normal 0 0 -1
    outer loop
      vertex -12.8008 -15.1716 2.03
      vertex -11.0282 -12.0413 2.03
      vertex -11.0129 -12.0749 2.03
    endloop
  endfacet
  facet normal 0 0 -1
    outer loop
      vertex -13.086 -15.6056 2.03
      vertex -12.8008 -15.1716 2.03
      vertex -13.0535 -15.6093 2.03
    endloop
  endfacet
  facet normal -0 0 -1
    outer loop
      vertex -12.8008 -15.1716 2.03
      vertex -13.086 -15.6056 2.03
      vertex -11.0282 -12.0413 2.03
    endloop
  endfacet
  facet normal -0.50127 -0.286582 0.816455
    outer loop
      vertex -6.56108 -15.5678 0.98
      vertex -4.91402 -15.5713 1.99
      vertex -6.94205 -12.024 1.99
    endloop
  endfacet
  facet normal -0.50005 0.288698 0.816458
    outer loop
      vertex -4.91402 -15.5713 1.99
      vertex -6.56108 -15.5678 0.98
      vertex -6.97183 -19.1356 1.99
    endloop
  endfacet
  facet normal 0.866031 -0.499991 0
    outer loop
      vertex -13.086 -15.6056 2.03
      vertex -11.0282 -12.0413 1.99
      vertex -11.0282 -12.0413 2.03
    endloop
  endfacet
  facet normal 0.866031 -0.499991 0
    outer loop
      vertex -11.0282 -12.0413 1.99
      vertex -13.086 -15.6056 2.03
      vertex -13.086 -15.6056 1.99
    endloop
  endfacet
  facet normal -0.00423386 0.999991 0
    outer loop
      vertex -6.97183 -19.1356 1.99
      vertex -11.0579 -19.1529 2.03
      vertex -6.97183 -19.1356 2.03
    endloop
  endfacet
  facet normal -0.00423386 0.999991 0
    outer loop
      vertex -11.0579 -19.1529 2.03
      vertex -6.97183 -19.1356 1.99
      vertex -11.0579 -19.1529 1.99
    endloop
  endfacet
  facet normal 0.500042 -0.288692 0.816465
    outer loop
      vertex -11.4389 -15.6091 0.98
      vertex -11.0282 -12.0413 1.99
      vertex -13.086 -15.6056 1.99
    endloop
  endfacet
  facet normal -0.868138 -0.496324 0
    outer loop
      vertex -4.91402 -15.5713 1.99
      vertex -6.94205 -12.024 2.03
      vertex -6.94205 -12.024 1.99
    endloop
  endfacet
  facet normal -0.868138 -0.496324 0
    outer loop
      vertex -6.94205 -12.024 2.03
      vertex -4.91402 -15.5713 1.99
      vertex -4.91402 -15.5713 2.03
    endloop
  endfacet
  facet normal -0.500041 0.288699 0.816463
    outer loop
      vertex -6.97183 -19.1356 1.99
      vertex -6.56108 -15.5678 0.98
      vertex -7.7984 -17.7109 0.98
    endloop
  endfacet
  facet normal -0.00246805 0.577382 0.816471
    outer loop
      vertex -6.97183 -19.1356 1.99
      vertex -7.7984 -17.7109 0.98
      vertex -10.2314 -17.7213 0.98
    endloop
  endfacet
  facet normal 0.00246827 -0.577426 0.816439
    outer loop
      vertex -7.76863 -13.4556 0.98
      vertex -6.94205 -12.024 1.99
      vertex -10.2016 -13.466 0.98
    endloop
  endfacet
  facet normal 0.500038 -0.288693 0.816467
    outer loop
      vertex -10.2016 -13.466 0.98
      vertex -11.0282 -12.0413 1.99
      vertex -11.4389 -15.6091 0.98
    endloop
  endfacet
  facet normal -0.501277 -0.286581 0.816451
    outer loop
      vertex -6.56108 -15.5678 0.98
      vertex -6.94205 -12.024 1.99
      vertex -7.76863 -13.4556 0.98
    endloop
  endfacet
  facet normal 0.501302 0.286584 0.816435
    outer loop
      vertex -11.0579 -19.1529 1.99
      vertex -10.2314 -17.7213 0.98
      vertex -11.4389 -15.6091 0.98
    endloop
  endfacet
  facet normal -0.86603 0.499993 0
    outer loop
      vertex -6.97183 -19.1356 1.99
      vertex -4.91402 -15.5713 2.03
      vertex -4.91402 -15.5713 1.99
    endloop
  endfacet
  facet normal -0.86603 0.499993 0
    outer loop
      vertex -4.91402 -15.5713 2.03
      vertex -6.97183 -19.1356 1.99
      vertex -6.97183 -19.1356 2.03
    endloop
  endfacet
  facet normal 0.86813 0.496337 0
    outer loop
      vertex -11.0579 -19.1529 2.03
      vertex -13.086 -15.6056 1.99
      vertex -13.086 -15.6056 2.03
    endloop
  endfacet
  facet normal 0.86813 0.496337 0
    outer loop
      vertex -13.086 -15.6056 1.99
      vertex -11.0579 -19.1529 2.03
      vertex -11.0579 -19.1529 1.99
    endloop
  endfacet
  facet normal 0.00423378 -0.999991 0
    outer loop
      vertex -11.0282 -12.0413 1.99
      vertex -6.94205 -12.024 2.03
      vertex -11.0282 -12.0413 2.03
    endloop
  endfacet
  facet normal 0.00423378 -0.999991 0
    outer loop
      vertex -6.94205 -12.024 2.03
      vertex -11.0282 -12.0413 1.99
      vertex -6.94205 -12.024 1.99
    endloop
  endfacet
  facet normal 0.00244456 -0.577391 0.816464
    outer loop
      vertex -10.2016 -13.466 0.98
      vertex -6.94205 -12.024 1.99
      vertex -11.0282 -12.0413 1.99
    endloop
  endfacet
  facet normal 0.00105504 -0.998173 -0.060411
    outer loop
      vertex -2.47539 -4.2875 2.03
      vertex -4.04116 -4.95114 12.968
      vertex -6.09896 -4.29133 2.03
    endloop
  endfacet
  facet normal 0.00105502 -0.998173 -0.060411
    outer loop
      vertex -4.04116 -4.95114 12.968
      vertex -2.47539 -4.2875 2.03
      vertex -2.87489 -4.97946 13.4563
    endloop
  endfacet
  facet normal -0.866024 0.500003 5.53383e-07
    outer loop
      vertex -1.12164 -8.94274 12.8
      vertex -0.457129 -7.79177 2.03
      vertex -0.672719 -8.16518 2.03
    endloop
  endfacet
  facet normal -0.866026 0.499998 -7.8642e-08
    outer loop
      vertex -0.457129 -7.79177 2.03
      vertex -1.12164 -8.94274 12.8
      vertex -0.856291 -8.48314 13.4466
    endloop
  endfacet
  facet normal -0.866023 0.500004 6.32349e-07
    outer loop
      vertex -0.672719 -8.16518 2.03
      vertex -2.07691 -10.5973 12.8
      vertex -1.12164 -8.94274 12.8
    endloop
  endfacet
  facet normal -0.866008 0.50003 8.43104e-06
    outer loop
      vertex -2.07691 -10.5973 12.8
      vertex -0.672719 -8.16518 2.03
      vertex -2.30931 -10.9998 12.9855
    endloop
  endfacet
  facet normal 0.866026 -0.499999 -4.35364e-07
    outer loop
      vertex -8.34377 -7.45184 12.8
      vertex -8.54497 -7.80032 2.03
      vertex -6.7349 -4.66518 2.03
    endloop
  endfacet
  facet normal 0.866022 -0.500006 -1.32004e-07
    outer loop
      vertex -8.63357 -7.95378 12.8
      vertex -8.54497 -7.80032 2.03
      vertex -8.34377 -7.45184 12.8
    endloop
  endfacet
  facet normal 0.866036 -0.499982 3.28515e-07
    outer loop
      vertex -8.7213 -8.10574 12.9824
      vertex -8.54497 -7.80032 2.03
      vertex -8.63357 -7.95378 12.8
    endloop
  endfacet
  facet normal 0.866025 -0.500001 -3.87747e-07
    outer loop
      vertex -8.54497 -7.80032 2.03
      vertex -8.7213 -8.10574 12.9824
      vertex -8.9441 -8.49164 13.4457
    endloop
  endfacet
  facet normal -0.86497 -0.498174 -0.0604113
    outer loop
      vertex -0.457129 -7.79177 2.03
      vertex -1.42357 -7.44011 12.9676
      vertex -2.27823 -4.62983 2.03
    endloop
  endfacet
  facet normal -0.864968 -0.498178 -0.060411
    outer loop
      vertex -1.42357 -7.44011 12.9676
      vertex -0.457129 -7.79177 2.03
      vertex -0.856291 -8.48314 13.4466
    endloop
  endfacet
  facet normal -0.864973 -0.498169 -0.0604103
    outer loop
      vertex -2.56056 -5.44564 12.8
      vertex -2.47539 -4.2875 2.03
      vertex -2.27823 -4.62983 2.03
    endloop
  endfacet
  facet normal -0.86497 -0.498174 -0.0604108
    outer loop
      vertex -2.47539 -4.2875 2.03
      vertex -2.56056 -5.44564 12.8
      vertex -2.87489 -4.97946 13.4563
    endloop
  endfacet
  facet normal -0.864971 -0.498172 -0.0604105
    outer loop
      vertex -2.27823 -4.62983 2.03
      vertex -1.62207 -7.07513 12.8
      vertex -2.56056 -5.44564 12.8
    endloop
  endfacet
  facet normal -0.864973 -0.498169 -0.0604097
    outer loop
      vertex -1.62207 -7.07513 12.8
      vertex -2.27823 -4.62983 2.03
      vertex -1.42357 -7.44011 12.9676
    endloop
  endfacet
  facet normal -0.00105313 0.998173 0.0604129
    outer loop
      vertex -3.98582 -11.9537 12.8
      vertex -6.01202 -11.304 2.03
      vertex -5.31276 -11.9551 12.8
    endloop
  endfacet
  facet normal -0.00111495 0.998173 0.0604146
    outer loop
      vertex -6.52671 -11.3046 2.03
      vertex -6.3246 -11.9811 13.2109
      vertex -5.31276 -11.9551 12.8
    endloop
  endfacet
  facet normal -0.00116362 0.998172 0.06042
    outer loop
      vertex -6.52671 -11.3046 2.03
      vertex -5.31276 -11.9551 12.8
      vertex -6.01202 -11.304 2.03
    endloop
  endfacet
  facet normal -0.00102898 0.998173 0.060413
    outer loop
      vertex -6.3246 -11.9811 13.2109
      vertex -6.52671 -11.3046 2.03
      vertex -6.92617 -11.9965 13.4551
    endloop
  endfacet
  facet normal -0.866024 0.500002 -1.15274e-06
    outer loop
      vertex -2.48279 -11.3003 2.03
      vertex -2.30931 -10.9998 12.9855
      vertex -0.672719 -8.16518 2.03
    endloop
  endfacet
  facet normal -0.86605 0.499957 5.0004e-07
    outer loop
      vertex -2.48279 -11.3003 2.03
      vertex -2.58554 -11.4783 13.206
      vertex -2.30931 -10.9998 12.9855
    endloop
  endfacet
  facet normal -0.866002 0.500041 2.28736e-06
    outer loop
      vertex -2.58554 -11.4783 13.206
      vertex -2.48279 -11.3003 2.03
      vertex -2.88181 -11.9914 13.4425
    endloop
  endfacet
  facet normal 0.86497 0.498174 0.0604109
    outer loop
      vertex -8.64675 -8.97922 13.209
      vertex -8.54497 -7.80032 2.03
      vertex -8.9441 -8.49164 13.4457
    endloop
  endfacet
  facet normal 0.86497 0.498174 0.0604109
    outer loop
      vertex -8.38914 -9.40162 13.0038
      vertex -8.54497 -7.80032 2.03
      vertex -8.64675 -8.97922 13.209
    endloop
  endfacet
  facet normal 0.864971 0.498173 0.0604107
    outer loop
      vertex -8.54497 -7.80032 2.03
      vertex -8.38914 -9.40162 13.0038
      vertex -6.78358 -10.8586 2.03
    endloop
  endfacet
  facet normal 0.864968 0.498178 0.0604095
    outer loop
      vertex -8.13314 -9.82139 12.8
      vertex -6.78358 -10.8586 2.03
      vertex -8.38914 -9.40162 13.0038
    endloop
  endfacet
  facet normal 0.864974 0.498168 0.0604113
    outer loop
      vertex -7.19465 -11.4509 12.8
      vertex -6.78358 -10.8586 2.03
      vertex -8.13314 -9.82139 12.8
    endloop
  endfacet
  facet normal 0.864971 0.498173 0.0604114
    outer loop
      vertex -6.78358 -10.8586 2.03
      vertex -7.19465 -11.4509 12.8
      vertex -6.52671 -11.3046 2.03
    endloop
  endfacet
  facet normal 0.864945 0.498217 0.0604105
    outer loop
      vertex -7.12137 -11.5998 12.9788
      vertex -6.52671 -11.3046 2.03
      vertex -7.19465 -11.4509 12.8
    endloop
  endfacet
  facet normal 0.864981 0.498155 0.0604107
    outer loop
      vertex -6.52671 -11.3046 2.03
      vertex -7.12137 -11.5998 12.9788
      vertex -6.92617 -11.9965 13.4551
    endloop
  endfacet
  facet normal -0.00118388 0.998173 0.0604044
    outer loop
      vertex -2.48279 -11.3003 2.03
      vertex -3.27809 -11.9639 12.9803
      vertex -2.88181 -11.9914 13.4425
    endloop
  endfacet
  facet normal -0.000751997 0.998172 0.0604357
    outer loop
      vertex -3.27809 -11.9639 12.9803
      vertex -2.48279 -11.3003 2.03
      vertex -3.43274 -11.9531 12.8
    endloop
  endfacet
  facet normal -0.00108285 0.998173 0.0604066
    outer loop
      vertex -2.48279 -11.3003 2.03
      vertex -3.98582 -11.9537 12.8
      vertex -3.43274 -11.9531 12.8
    endloop
  endfacet
  facet normal -0.00104647 0.998173 0.0604116
    outer loop
      vertex -3.98582 -11.9537 12.8
      vertex -2.48279 -11.3003 2.03
      vertex -6.01202 -11.304 2.03
    endloop
  endfacet
  facet normal 0.866023 -0.500004 -2.89914e-07
    outer loop
      vertex -7.1983 -5.46781 13.206
      vertex -6.51931 -4.29177 2.03
      vertex -6.91834 -4.98291 13.4428
    endloop
  endfacet
  facet normal 0.866029 -0.499993 1.16006e-06
    outer loop
      vertex -7.6783 -6.29921 12.8
      vertex -6.51931 -4.29177 2.03
      vertex -7.1983 -5.46781 13.206
    endloop
  endfacet
  facet normal 0.866024 -0.500003 -1.19164e-06
    outer loop
      vertex -6.51931 -4.29177 2.03
      vertex -7.6783 -6.29921 12.8
      vertex -6.7349 -4.66518 2.03
    endloop
  endfacet
  facet normal 0.866026 -0.499999 -4.74535e-07
    outer loop
      vertex -6.7349 -4.66518 2.03
      vertex -7.6783 -6.29921 12.8
      vertex -8.34377 -7.45184 12.8
    endloop
  endfacet
  facet normal 0.00104483 -0.998173 -0.0604109
    outer loop
      vertex -6.09896 -4.29133 2.03
      vertex -6.32247 -4.94338 12.8
      vertex -6.51931 -4.29177 2.03
    endloop
  endfacet
  facet normal 0.00106276 -0.998173 -0.0604112
    outer loop
      vertex -6.48958 -4.95447 12.9803
      vertex -6.51931 -4.29177 2.03
      vertex -6.32247 -4.94338 12.8
    endloop
  endfacet
  facet normal 0.00104459 -0.998173 -0.0604112
    outer loop
      vertex -6.51931 -4.29177 2.03
      vertex -6.48958 -4.95447 12.9803
      vertex -6.91834 -4.98291 13.4428
    endloop
  endfacet
  facet normal 0.00105656 -0.998173 -0.0604106
    outer loop
      vertex -6.32247 -4.94338 12.8
      vertex -6.09896 -4.29133 2.03
      vertex -4.44244 -4.94139 12.8
    endloop
  endfacet
  facet normal 0.00103745 -0.998173 -0.0604077
    outer loop
      vertex -4.44244 -4.94139 12.8
      vertex -6.09896 -4.29133 2.03
      vertex -4.04116 -4.95114 12.968
    endloop
  endfacet
  facet normal 0.60312 -0.60312 0.522009
    outer loop
      vertex -9.65982 -7.25078 13.99
      vertex -6.91834 -4.98291 13.4428
      vertex -6.18971 -3.78067 13.99
    endloop
  endfacet
  facet normal 0.603125 -0.603131 0.52199
    outer loop
      vertex -6.91834 -4.98291 13.4428
      vertex -9.65982 -7.25078 13.99
      vertex -7.1983 -5.46781 13.206
    endloop
  endfacet
  facet normal 0.603108 -0.603119 0.522023
    outer loop
      vertex -6.48958 -4.95447 12.9803
      vertex -6.18971 -3.78067 13.99
      vertex -6.91834 -4.98291 13.4428
    endloop
  endfacet
  facet normal 0.603141 -0.603107 0.521999
    outer loop
      vertex -6.18971 -3.78067 13.99
      vertex -6.48958 -4.95447 12.9803
      vertex -5.92361 -4.54452 12.8
    endloop
  endfacet
  facet normal -0.707108 0.707106 0
    outer loop
      vertex -0.179301 -9.79108 13.99
      vertex -3.64941 -13.2612 14
      vertex -0.179301 -9.79108 14
    endloop
  endfacet
  facet normal -0.707108 0.707106 0
    outer loop
      vertex -3.64941 -13.2612 14
      vertex -0.179301 -9.79108 13.99
      vertex -3.64941 -13.2612 13.99
    endloop
  endfacet
  facet normal 0.603122 -0.603119 0.522007
    outer loop
      vertex -9.65982 -7.25078 13.99
      vertex -7.6783 -6.29921 12.8
      vertex -7.1983 -5.46781 13.206
    endloop
  endfacet
  facet normal 0.603121 -0.603127 0.521999
    outer loop
      vertex -7.6783 -6.29921 12.8
      vertex -9.65982 -7.25078 13.99
      vertex -8.78135 -7.40225 12.8
    endloop
  endfacet
  facet normal 0.603154 -0.603154 0.52193
    outer loop
      vertex -6.32247 -4.94338 12.8
      vertex -5.92361 -4.54452 12.8
      vertex -6.48958 -4.95447 12.9803
    endloop
  endfacet
  facet normal 0.258829 0.965923 -0
    outer loop
      vertex -3.64941 -13.2612 13.99
      vertex -8.38967 -11.991 14
      vertex -3.64941 -13.2612 14
    endloop
  endfacet
  facet normal 0.258829 0.965923 0
    outer loop
      vertex -8.38967 -11.991 14
      vertex -3.64941 -13.2612 13.99
      vertex -8.38967 -11.991 13.99
    endloop
  endfacet
  facet normal -0.59325 0.593248 0.54416
    outer loop
      vertex -0.179301 -9.79108 13.99
      vertex -2.88181 -11.9914 13.4425
      vertex -3.64941 -13.2612 13.99
    endloop
  endfacet
  facet normal -0.593289 0.593329 0.54403
    outer loop
      vertex -2.88181 -11.9914 13.4425
      vertex -0.179301 -9.79108 13.99
      vertex -2.58554 -11.4783 13.206
    endloop
  endfacet
  facet normal -0.593359 0.593258 0.544031
    outer loop
      vertex -3.27809 -11.9639 12.9803
      vertex -3.64941 -13.2612 13.99
      vertex -2.88181 -11.9914 13.4425
    endloop
  endfacet
  facet normal -0.593238 0.593295 0.544123
    outer loop
      vertex -3.64941 -13.2612 13.99
      vertex -3.27809 -11.9639 12.9803
      vertex -3.8316 -12.352 12.8
    endloop
  endfacet
  facet normal 0.212217 0.791973 0.572488
    outer loop
      vertex -3.64941 -13.2612 13.99
      vertex -6.92617 -11.9965 13.4551
      vertex -8.38967 -11.991 13.99
    endloop
  endfacet
  facet normal 0.21217 0.791901 0.572606
    outer loop
      vertex -6.92617 -11.9965 13.4551
      vertex -3.64941 -13.2612 13.99
      vertex -6.3246 -11.9811 13.2109
    endloop
  endfacet
  facet normal 0.212194 0.791902 0.572595
    outer loop
      vertex -7.73534 -11.306 12.8
      vertex -6.92617 -11.9965 13.4551
      vertex -7.12137 -11.5998 12.9788
    endloop
  endfacet
  facet normal 0.212241 0.791919 0.572555
    outer loop
      vertex -6.92617 -11.9965 13.4551
      vertex -7.73534 -11.306 12.8
      vertex -8.38967 -11.991 13.99
    endloop
  endfacet
  facet normal -0.258819 -0.965926 0
    outer loop
      vertex -6.18971 -3.78067 13.99
      vertex -1.44945 -5.05082 14
      vertex -6.18971 -3.78067 14
    endloop
  endfacet
  facet normal -0.258819 -0.965926 -0
    outer loop
      vertex -1.44945 -5.05082 14
      vertex -6.18971 -3.78067 13.99
      vertex -1.44945 -5.05082 13.99
    endloop
  endfacet
  facet normal -0.835413 -0.223848 0.501973
    outer loop
      vertex -0.179301 -9.79108 13.99
      vertex -1.44945 -5.05082 13.99
      vertex -2.01987 -5.59052 12.8
    endloop
  endfacet
  facet normal -0.835416 -0.223849 0.501967
    outer loop
      vertex -1.42357 -7.44011 12.9676
      vertex -2.01987 -5.59052 12.8
      vertex -1.62207 -7.07513 12.8
    endloop
  endfacet
  facet normal -0.835426 -0.223854 0.501949
    outer loop
      vertex -0.856291 -8.48314 13.4466
      vertex -2.01987 -5.59052 12.8
      vertex -1.42357 -7.44011 12.9676
    endloop
  endfacet
  facet normal -0.835426 -0.22385 0.50195
    outer loop
      vertex -0.973862 -9.49426 12.8
      vertex -0.856291 -8.48314 13.4466
      vertex -1.12164 -8.94274 12.8
    endloop
  endfacet
  facet normal -0.835383 -0.223817 0.502037
    outer loop
      vertex -0.856291 -8.48314 13.4466
      vertex -0.179301 -9.79108 13.99
      vertex -2.01987 -5.59052 12.8
    endloop
  endfacet
  facet normal -0.835413 -0.223862 0.501967
    outer loop
      vertex -0.179301 -9.79108 13.99
      vertex -0.856291 -8.48314 13.4466
      vertex -0.973862 -9.49426 12.8
    endloop
  endfacet
  facet normal -0.225615 -0.842006 0.490025
    outer loop
      vertex -5.92361 -4.54452 12.8
      vertex -1.44945 -5.05082 13.99
      vertex -6.18971 -3.78067 13.99
    endloop
  endfacet
  facet normal -0.225604 -0.84204 0.489971
    outer loop
      vertex -5.92361 -4.54452 12.8
      vertex -2.87489 -4.97946 13.4563
      vertex -1.44945 -5.05082 13.99
    endloop
  endfacet
  facet normal -0.225611 -0.842009 0.490022
    outer loop
      vertex -5.92361 -4.54452 12.8
      vertex -4.04116 -4.95114 12.968
      vertex -2.87489 -4.97946 13.4563
    endloop
  endfacet
  facet normal -0.225611 -0.842009 0.490021
    outer loop
      vertex -4.04116 -4.95114 12.968
      vertex -5.92361 -4.54452 12.8
      vertex -4.44244 -4.94139 12.8
    endloop
  endfacet
  facet normal -0.225618 -0.842002 0.490029
    outer loop
      vertex -2.01987 -5.59052 12.8
      vertex -2.87489 -4.97946 13.4563
      vertex -2.56056 -5.44564 12.8
    endloop
  endfacet
  facet normal -0.225623 -0.842004 0.490024
    outer loop
      vertex -2.87489 -4.97946 13.4563
      vertex -2.01987 -5.59052 12.8
      vertex -1.44945 -5.05082 13.99
    endloop
  endfacet
  facet normal 0.798711 0.213991 0.562378
    outer loop
      vertex -9.65982 -7.25078 13.99
      vertex -8.7213 -8.10574 12.9824
      vertex -8.78135 -7.40225 12.8
    endloop
  endfacet
  facet normal 0.798715 0.214015 0.562362
    outer loop
      vertex -9.65982 -7.25078 13.99
      vertex -8.9441 -8.49164 13.4457
      vertex -8.7213 -8.10574 12.9824
    endloop
  endfacet
  facet normal 0.79866 0.214021 0.562439
    outer loop
      vertex -8.9441 -8.49164 13.4457
      vertex -8.38967 -11.991 13.99
      vertex -8.64675 -8.97922 13.209
    endloop
  endfacet
  facet normal 0.798717 0.214018 0.562359
    outer loop
      vertex -8.38967 -11.991 13.99
      vertex -8.9441 -8.49164 13.4457
      vertex -9.65982 -7.25078 13.99
    endloop
  endfacet
  facet normal 0.798672 0.214001 0.562429
    outer loop
      vertex -8.7213 -8.10574 12.9824
      vertex -8.63357 -7.95378 12.8
      vertex -8.78135 -7.40225 12.8
    endloop
  endfacet
  facet normal 0.798773 0.213992 0.562289
    outer loop
      vertex -8.38967 -11.991 13.99
      vertex -8.38914 -9.40162 13.0038
      vertex -8.64675 -8.97922 13.209
    endloop
  endfacet
  facet normal 0.798683 0.214035 0.562401
    outer loop
      vertex -8.38914 -9.40162 13.0038
      vertex -8.38967 -11.991 13.99
      vertex -8.13314 -9.82139 12.8
    endloop
  endfacet
  facet normal 0.798711 0.214014 0.56237
    outer loop
      vertex -8.13314 -9.82139 12.8
      vertex -8.38967 -11.991 13.99
      vertex -7.73534 -11.306 12.8
    endloop
  endfacet
  facet normal -0.965926 -0.258819 0
    outer loop
      vertex -0.179301 -9.79108 13.99
      vertex -1.44945 -5.05082 14
      vertex -1.44945 -5.05082 13.99
    endloop
  endfacet
  facet normal -0.965926 -0.258819 0
    outer loop
      vertex -1.44945 -5.05082 14
      vertex -0.179301 -9.79108 13.99
      vertex -0.179301 -9.79108 14
    endloop
  endfacet
  facet normal 0.707107 -0.707107 0
    outer loop
      vertex -9.65982 -7.25078 13.99
      vertex -6.18971 -3.78067 14
      vertex -9.65982 -7.25078 14
    endloop
  endfacet
  facet normal 0.707107 -0.707107 0
    outer loop
      vertex -6.18971 -3.78067 14
      vertex -9.65982 -7.25078 13.99
      vertex -6.18971 -3.78067 13.99
    endloop
  endfacet
  facet normal 0.212207 0.79192 0.572565
    outer loop
      vertex -5.31276 -11.9551 12.8
      vertex -3.64941 -13.2612 13.99
      vertex -3.8316 -12.352 12.8
    endloop
  endfacet
  facet normal 0.212177 0.791908 0.572593
    outer loop
      vertex -3.64941 -13.2612 13.99
      vertex -5.31276 -11.9551 12.8
      vertex -6.3246 -11.9811 13.2109
    endloop
  endfacet
  facet normal 0.212233 0.791941 0.572526
    outer loop
      vertex -7.12137 -11.5998 12.9788
      vertex -7.19465 -11.4509 12.8
      vertex -7.73534 -11.306 12.8
    endloop
  endfacet
  facet normal 0.965925 0.258821 0
    outer loop
      vertex -8.38967 -11.991 14
      vertex -9.65982 -7.25078 13.99
      vertex -9.65982 -7.25078 14
    endloop
  endfacet
  facet normal 0.965925 0.258821 0
    outer loop
      vertex -9.65982 -7.25078 13.99
      vertex -8.38967 -11.991 14
      vertex -8.38967 -11.991 13.99
    endloop
  endfacet
  facet normal -0.593266 0.593237 0.544155
    outer loop
      vertex -0.179301 -9.79108 13.99
      vertex -2.30931 -10.9998 12.9855
      vertex -2.58554 -11.4783 13.206
    endloop
  endfacet
  facet normal -0.593268 0.593282 0.544105
    outer loop
      vertex -0.973862 -9.49426 12.8
      vertex -2.30931 -10.9998 12.9855
      vertex -0.179301 -9.79108 13.99
    endloop
  endfacet
  facet normal -0.593297 0.593301 0.544052
    outer loop
      vertex -2.30931 -10.9998 12.9855
      vertex -0.973862 -9.49426 12.8
      vertex -2.07691 -10.5973 12.8
    endloop
  endfacet
  facet normal -0.593198 0.593139 0.544337
    outer loop
      vertex -3.27809 -11.9639 12.9803
      vertex -3.43274 -11.9531 12.8
      vertex -3.8316 -12.352 12.8
    endloop
  endfacet
  facet normal 0 0 1
    outer loop
      vertex -8.34377 -7.45184 12.8
      vertex -8.78135 -7.40225 12.8
      vertex -8.63357 -7.95378 12.8
    endloop
  endfacet
  facet normal -0 0 1
    outer loop
      vertex -8.78135 -7.40225 12.8
      vertex -8.34377 -7.45184 12.8
      vertex -7.6783 -6.29921 12.8
    endloop
  endfacet
  facet normal 0 0 1
    outer loop
      vertex -1.62207 -7.07513 12.8
      vertex -2.01987 -5.59052 12.8
      vertex -2.56056 -5.44564 12.8
    endloop
  endfacet
  facet normal 0 0 1
    outer loop
      vertex -0.973862 -9.49426 12.8
      vertex -1.12164 -8.94274 12.8
      vertex -2.07691 -10.5973 12.8
    endloop
  endfacet
  facet normal -0 -0 1
    outer loop
      vertex -7.73534 -11.306 12.8
      vertex -7.19465 -11.4509 12.8
      vertex -8.13314 -9.82139 12.8
    endloop
  endfacet
  facet normal 0 0 1
    outer loop
      vertex -4.44244 -4.94139 12.8
      vertex -5.92361 -4.54452 12.8
      vertex -6.32247 -4.94338 12.8
    endloop
  endfacet
  facet normal -0 0 1
    outer loop
      vertex -3.98582 -11.9537 12.8
      vertex -3.8316 -12.352 12.8
      vertex -3.43274 -11.9531 12.8
    endloop
  endfacet
  facet normal 0 0 1
    outer loop
      vertex -3.8316 -12.352 12.8
      vertex -3.98582 -11.9537 12.8
      vertex -5.31276 -11.9551 12.8
    endloop
  endfacet
  facet normal 0.866553 0.499085 0
    outer loop
      vertex -5.71794 -9.90376 0.98
      vertex -6.92996 -7.79935 0
      vertex -6.92996 -7.79935 0.98
    endloop
  endfacet
  facet normal 0.866553 0.499085 0
    outer loop
      vertex -6.92996 -7.79935 0
      vertex -5.71794 -9.90376 0.98
      vertex -5.71794 -9.90376 0
    endloop
  endfacet
  facet normal 0.00105415 -0.999999 0
    outer loop
      vertex -5.71054 -5.68724 0
      vertex -3.28204 -5.68468 0.98
      vertex -5.71054 -5.68724 0.98
    endloop
  endfacet
  facet normal 0.00105415 -0.999999 0
    outer loop
      vertex -3.28204 -5.68468 0.98
      vertex -5.71054 -5.68724 0
      vertex -3.28204 -5.68468 0
    endloop
  endfacet
  facet normal -0.866553 -0.499085 0
    outer loop
      vertex -2.07002 -7.78909 0
      vertex -3.28204 -5.68468 0.98
      vertex -3.28204 -5.68468 0
    endloop
  endfacet
  facet normal -0.866553 -0.499085 0
    outer loop
      vertex -3.28204 -5.68468 0.98
      vertex -2.07002 -7.78909 0
      vertex -2.07002 -7.78909 0.98
    endloop
  endfacet
  facet normal -0.866027 0.499998 0
    outer loop
      vertex -3.28944 -9.9012 0
      vertex -2.07002 -7.78909 0.98
      vertex -2.07002 -7.78909 0
    endloop
  endfacet
  facet normal -0.866027 0.499998 0
    outer loop
      vertex -2.07002 -7.78909 0.98
      vertex -3.28944 -9.9012 0
      vertex -3.28944 -9.9012 0.98
    endloop
  endfacet
  facet normal 0.866027 -0.499998 0
    outer loop
      vertex -6.92996 -7.79935 0.98
      vertex -5.71054 -5.68724 0
      vertex -5.71054 -5.68724 0.98
    endloop
  endfacet
  facet normal 0.866027 -0.499998 0
    outer loop
      vertex -5.71054 -5.68724 0
      vertex -6.92996 -7.79935 0.98
      vertex -6.92996 -7.79935 0
    endloop
  endfacet
  facet normal -0.00105415 0.999999 0
    outer loop
      vertex -3.28944 -9.9012 0
      vertex -5.71794 -9.90376 0.98
      vertex -3.28944 -9.9012 0.98
    endloop
  endfacet
  facet normal -0.00105415 0.999999 0
    outer loop
      vertex -5.71794 -9.90376 0.98
      vertex -3.28944 -9.9012 0
      vertex -5.71794 -9.90376 0
    endloop
  endfacet
  facet normal -0.500048 0.288701 0.816458
    outer loop
      vertex -2.4644 -11.3285 1.99
      vertex -0.421432 -7.78996 1.99
      vertex -3.28944 -9.9012 0.98
    endloop
  endfacet
  facet normal -0.00105429 0.999999 0
    outer loop
      vertex -2.4644 -11.3285 1.99
      vertex -6.54298 -11.3328 2.03
      vertex -2.4644 -11.3285 2.03
    endloop
  endfacet
  facet normal -0.00105429 0.999999 0
    outer loop
      vertex -6.54298 -11.3328 2.03
      vertex -2.4644 -11.3285 1.99
      vertex -6.54298 -11.3328 1.99
    endloop
  endfacet
  facet normal -0.500047 0.288701 0.816459
    outer loop
      vertex -0.421432 -7.78996 1.99
      vertex -2.07002 -7.78909 0.98
      vertex -3.28944 -9.9012 0.98
    endloop
  endfacet
  facet normal 0 0 -1
    outer loop
      vertex -0.421432 -7.78996 2.03
      vertex -0.672719 -8.16518 2.03
      vertex -0.457129 -7.79177 2.03
    endloop
  endfacet
  facet normal 0 0 -1
    outer loop
      vertex -2.4644 -11.3285 2.03
      vertex -0.672719 -8.16518 2.03
      vertex -0.421432 -7.78996 2.03
    endloop
  endfacet
  facet normal 0 0 -1
    outer loop
      vertex -2.4644 -11.3285 2.03
      vertex -2.48279 -11.3003 2.03
      vertex -0.672719 -8.16518 2.03
    endloop
  endfacet
  facet normal 0 0 -1
    outer loop
      vertex -2.4644 -11.3285 2.03
      vertex -6.01202 -11.304 2.03
      vertex -2.48279 -11.3003 2.03
    endloop
  endfacet
  facet normal 0 0 -1
    outer loop
      vertex -6.54298 -11.3328 2.03
      vertex -6.01202 -11.304 2.03
      vertex -2.4644 -11.3285 2.03
    endloop
  endfacet
  facet normal 0 0 -1
    outer loop
      vertex -6.01202 -11.304 2.03
      vertex -6.54298 -11.3328 2.03
      vertex -6.52671 -11.3046 2.03
    endloop
  endfacet
  facet normal 0 0 -1
    outer loop
      vertex -6.54298 -11.3328 2.03
      vertex -6.78358 -10.8586 2.03
      vertex -6.52671 -11.3046 2.03
    endloop
  endfacet
  facet normal 0 0 -1
    outer loop
      vertex -8.57855 -7.79848 2.03
      vertex -6.78358 -10.8586 2.03
      vertex -6.54298 -11.3328 2.03
    endloop
  endfacet
  facet normal 0 0 -1
    outer loop
      vertex -6.78358 -10.8586 2.03
      vertex -8.57855 -7.79848 2.03
      vertex -8.54497 -7.80032 2.03
    endloop
  endfacet
  facet normal 0 0 -1
    outer loop
      vertex -2.27823 -4.62983 2.03
      vertex -0.421432 -7.78996 2.03
      vertex -0.457129 -7.79177 2.03
    endloop
  endfacet
  facet normal 0 0 -1
    outer loop
      vertex -2.27823 -4.62983 2.03
      vertex -2.457 -4.25566 2.03
      vertex -0.421432 -7.78996 2.03
    endloop
  endfacet
  facet normal 0 0 -1
    outer loop
      vertex -2.47539 -4.2875 2.03
      vertex -2.457 -4.25566 2.03
      vertex -2.27823 -4.62983 2.03
    endloop
  endfacet
  facet normal 0 0 -1
    outer loop
      vertex -6.09896 -4.29133 2.03
      vertex -2.457 -4.25566 2.03
      vertex -2.47539 -4.2875 2.03
    endloop
  endfacet
  facet normal 0 0 -1
    outer loop
      vertex -6.53558 -4.25996 2.03
      vertex -6.09896 -4.29133 2.03
      vertex -6.51931 -4.29177 2.03
    endloop
  endfacet
  facet normal 0 0 -1
    outer loop
      vertex -6.09896 -4.29133 2.03
      vertex -6.53558 -4.25996 2.03
      vertex -2.457 -4.25566 2.03
    endloop
  endfacet
  facet normal 0 0 -1
    outer loop
      vertex -6.7349 -4.66518 2.03
      vertex -6.53558 -4.25996 2.03
      vertex -6.51931 -4.29177 2.03
    endloop
  endfacet
  facet normal 0 0 -1
    outer loop
      vertex -8.57855 -7.79848 2.03
      vertex -6.7349 -4.66518 2.03
      vertex -8.54497 -7.80032 2.03
    endloop
  endfacet
  facet normal -0 0 -1
    outer loop
      vertex -6.7349 -4.66518 2.03
      vertex -8.57855 -7.79848 2.03
      vertex -6.53558 -4.25996 2.03
    endloop
  endfacet
  facet normal -0.500353 -0.288177 0.816457
    outer loop
      vertex -0.421432 -7.78996 1.99
      vertex -2.457 -4.25566 1.99
      vertex -3.28204 -5.68468 0.98
    endloop
  endfacet
  facet normal 0.000608752 -0.577406 0.816457
    outer loop
      vertex -3.28204 -5.68468 0.98
      vertex -2.457 -4.25566 1.99
      vertex -6.53558 -4.25996 1.99
    endloop
  endfacet
  facet normal -0.500352 -0.288174 0.816458
    outer loop
      vertex -2.07002 -7.78909 0.98
      vertex -0.421432 -7.78996 1.99
      vertex -3.28204 -5.68468 0.98
    endloop
  endfacet
  facet normal 0.00105429 -0.999999 0
    outer loop
      vertex -6.53558 -4.25996 1.99
      vertex -2.457 -4.25566 2.03
      vertex -6.53558 -4.25996 2.03
    endloop
  endfacet
  facet normal 0.00105429 -0.999999 0
    outer loop
      vertex -2.457 -4.25566 2.03
      vertex -6.53558 -4.25996 1.99
      vertex -2.457 -4.25566 1.99
    endloop
  endfacet
  facet normal 0.500047 -0.2887 0.816459
    outer loop
      vertex -6.92996 -7.79935 0.98
      vertex -5.71054 -5.68724 0.98
      vertex -8.57855 -7.79848 1.99
    endloop
  endfacet
  facet normal -0.866026 0.499998 0
    outer loop
      vertex -2.4644 -11.3285 1.99
      vertex -0.421432 -7.78996 2.03
      vertex -0.421432 -7.78996 1.99
    endloop
  endfacet
  facet normal -0.866026 0.499998 0
    outer loop
      vertex -0.421432 -7.78996 2.03
      vertex -2.4644 -11.3285 1.99
      vertex -2.4644 -11.3285 2.03
    endloop
  endfacet
  facet normal 0.000608671 -0.577406 0.816457
    outer loop
      vertex -5.71054 -5.68724 0.98
      vertex -3.28204 -5.68468 0.98
      vertex -6.53558 -4.25996 1.99
    endloop
  endfacet
  facet normal -0.000608666 0.5774 0.816461
    outer loop
      vertex -2.4644 -11.3285 1.99
      vertex -3.28944 -9.9012 0.98
      vertex -5.71794 -9.90376 0.98
    endloop
  endfacet
  facet normal 0.500351 0.288174 0.816459
    outer loop
      vertex -5.71794 -9.90376 0.98
      vertex -6.92996 -7.79935 0.98
      vertex -8.57855 -7.79848 1.99
    endloop
  endfacet
  facet normal 0.500351 0.288174 0.816458
    outer loop
      vertex -6.54298 -11.3328 1.99
      vertex -5.71794 -9.90376 0.98
      vertex -8.57855 -7.79848 1.99
    endloop
  endfacet
  facet normal -0.866552 -0.499087 0
    outer loop
      vertex -0.421432 -7.78996 1.99
      vertex -2.457 -4.25566 2.03
      vertex -2.457 -4.25566 1.99
    endloop
  endfacet
  facet normal -0.866552 -0.499087 0
    outer loop
      vertex -2.457 -4.25566 2.03
      vertex -0.421432 -7.78996 1.99
      vertex -0.421432 -7.78996 2.03
    endloop
  endfacet
  facet normal 0.500049 -0.288704 0.816457
    outer loop
      vertex -5.71054 -5.68724 0.98
      vertex -6.53558 -4.25996 1.99
      vertex -8.57855 -7.79848 1.99
    endloop
  endfacet
  facet normal -0.000608746 0.5774 0.816461
    outer loop
      vertex -2.4644 -11.3285 1.99
      vertex -5.71794 -9.90376 0.98
      vertex -6.54298 -11.3328 1.99
    endloop
  endfacet
  facet normal 0.866553 0.499086 0
    outer loop
      vertex -6.54298 -11.3328 2.03
      vertex -8.57855 -7.79848 1.99
      vertex -8.57855 -7.79848 2.03
    endloop
  endfacet
  facet normal 0.866553 0.499086 0
    outer loop
      vertex -8.57855 -7.79848 1.99
      vertex -6.54298 -11.3328 2.03
      vertex -6.54298 -11.3328 1.99
    endloop
  endfacet
  facet normal 0.866025 -0.500001 0
    outer loop
      vertex -8.57855 -7.79848 2.03
      vertex -6.53558 -4.25996 1.99
      vertex -6.53558 -4.25996 2.03
    endloop
  endfacet
  facet normal 0.866025 -0.500001 0
    outer loop
      vertex -6.53558 -4.25996 1.99
      vertex -8.57855 -7.79848 2.03
      vertex -8.57855 -7.79848 1.99
    endloop
  endfacet
  facet normal 0.499999 -0.866026 0
    outer loop
      vertex -3.5 2.02073 2.03
      vertex 0 4.04145 12.8
      vertex -3.5 2.02073 12.8
    endloop
  endfacet
  facet normal 0.499999 -0.866026 0
    outer loop
      vertex 0 4.04145 12.8
      vertex -3.5 2.02073 2.03
      vertex 0 4.04145 2.03
    endloop
  endfacet
  facet normal -1 0 0
    outer loop
      vertex 3.5 -2.02073 2.03
      vertex 3.5 2.02073 12.8
      vertex 3.5 2.02073 2.03
    endloop
  endfacet
  facet normal -1 -0 0
    outer loop
      vertex 3.5 2.02073 12.8
      vertex 3.5 -2.02073 2.03
      vertex 3.5 -2.02073 12.8
    endloop
  endfacet
  facet normal 0.499999 0.866026 -0
    outer loop
      vertex 0 -4.04145 2.03
      vertex -3.5 -2.02073 12.8
      vertex 0 -4.04145 12.8
    endloop
  endfacet
  facet normal 0.499999 0.866026 0
    outer loop
      vertex -3.5 -2.02073 12.8
      vertex 0 -4.04145 2.03
      vertex -3.5 -2.02073 2.03
    endloop
  endfacet
  facet normal -0.499999 -0.866026 0
    outer loop
      vertex 0 4.04145 2.03
      vertex 3.5 2.02073 12.8
      vertex 0 4.04145 12.8
    endloop
  endfacet
  facet normal -0.499999 -0.866026 -0
    outer loop
      vertex 3.5 2.02073 12.8
      vertex 0 4.04145 2.03
      vertex 3.5 2.02073 2.03
    endloop
  endfacet
  facet normal -0.499999 0.866026 0
    outer loop
      vertex 3.5 -2.02073 2.03
      vertex 0 -4.04145 12.8
      vertex 3.5 -2.02073 12.8
    endloop
  endfacet
  facet normal -0.499999 0.866026 0
    outer loop
      vertex 0 -4.04145 12.8
      vertex 3.5 -2.02073 2.03
      vertex 0 -4.04145 2.03
    endloop
  endfacet
  facet normal 1 -0 0
    outer loop
      vertex -3.5 -2.02073 12.8
      vertex -3.5 2.02073 2.03
      vertex -3.5 2.02073 12.8
    endloop
  endfacet
  facet normal 1 0 0
    outer loop
      vertex -3.5 2.02073 2.03
      vertex -3.5 -2.02073 12.8
      vertex -3.5 -2.02073 2.03
    endloop
  endfacet
  facet normal -0.927462 -0.248513 0.279385
    outer loop
      vertex 3.5 2.02073 12.8
      vertex 4.74026 -1.27015 13.99
      vertex 3.47011 3.47011 13.99
    endloop
  endfacet
  facet normal -0.248513 -0.927461 0.279387
    outer loop
      vertex 0 4.04145 12.8
      vertex 3.47011 3.47011 13.99
      vertex -1.27015 4.74026 13.99
    endloop
  endfacet
  facet normal -0.346167 -0.599581 0.721575
    outer loop
      vertex 3.5 2.02073 12.8
      vertex 3.47011 3.47011 13.99
      vertex 0 4.04145 12.8
    endloop
  endfacet
  facet normal 0.346167 -0.59958 0.721576
    outer loop
      vertex 0 4.04145 12.8
      vertex -1.27015 4.74026 13.99
      vertex -3.5 2.02073 12.8
    endloop
  endfacet
  facet normal -0.346167 0.59958 0.721576
    outer loop
      vertex 1.27015 -4.74026 13.99
      vertex 3.5 -2.02073 12.8
      vertex 0 -4.04145 12.8
    endloop
  endfacet
  facet normal 0.692335 -0 0.721576
    outer loop
      vertex -3.5 -2.02073 12.8
      vertex -3.5 2.02073 12.8
      vertex -4.74026 1.27015 13.99
    endloop
  endfacet
  facet normal -0.965926 -0.258819 0
    outer loop
      vertex 4.74026 -1.27015 13.99
      vertex 3.47011 3.47011 14
      vertex 3.47011 3.47011 13.99
    endloop
  endfacet
  facet normal -0.965926 -0.258819 0
    outer loop
      vertex 3.47011 3.47011 14
      vertex 4.74026 -1.27015 13.99
      vertex 4.74026 -1.27015 14
    endloop
  endfacet
  facet normal -0.678949 0.678949 0.279385
    outer loop
      vertex 4.74026 -1.27015 13.99
      vertex 3.5 -2.02073 12.8
      vertex 1.27015 -4.74026 13.99
    endloop
  endfacet
  facet normal 0.346167 0.599581 0.721575
    outer loop
      vertex -3.47011 -3.47011 13.99
      vertex 0 -4.04145 12.8
      vertex -3.5 -2.02073 12.8
    endloop
  endfacet
  facet normal 0.707107 -0.707107 0
    outer loop
      vertex -4.74026 1.27015 14
      vertex -1.27015 4.74026 13.99
      vertex -1.27015 4.74026 14
    endloop
  endfacet
  facet normal 0.707107 -0.707107 0
    outer loop
      vertex -1.27015 4.74026 13.99
      vertex -4.74026 1.27015 14
      vertex -4.74026 1.27015 13.99
    endloop
  endfacet
  facet normal 0.678949 -0.678949 0.279385
    outer loop
      vertex -3.5 2.02073 12.8
      vertex -1.27015 4.74026 13.99
      vertex -4.74026 1.27015 13.99
    endloop
  endfacet
  facet normal 0.248513 0.927461 0.279387
    outer loop
      vertex 1.27015 -4.74026 13.99
      vertex 0 -4.04145 12.8
      vertex -3.47011 -3.47011 13.99
    endloop
  endfacet
  facet normal -0.707107 0.707107 0
    outer loop
      vertex 1.27015 -4.74026 13.99
      vertex 4.74026 -1.27015 14
      vertex 4.74026 -1.27015 13.99
    endloop
  endfacet
  facet normal -0.707107 0.707107 0
    outer loop
      vertex 4.74026 -1.27015 14
      vertex 1.27015 -4.74026 13.99
      vertex 1.27015 -4.74026 14
    endloop
  endfacet
  facet normal -0.692335 0 0.721576
    outer loop
      vertex 4.74026 -1.27015 13.99
      vertex 3.5 2.02073 12.8
      vertex 3.5 -2.02073 12.8
    endloop
  endfacet
  facet normal -0.258819 -0.965926 0
    outer loop
      vertex -1.27015 4.74026 13.99
      vertex 3.47011 3.47011 14
      vertex -1.27015 4.74026 14
    endloop
  endfacet
  facet normal -0.258819 -0.965926 -0
    outer loop
      vertex 3.47011 3.47011 14
      vertex -1.27015 4.74026 13.99
      vertex 3.47011 3.47011 13.99
    endloop
  endfacet
  facet normal 0.965926 0.258819 0
    outer loop
      vertex -3.47011 -3.47011 14
      vertex -4.74026 1.27015 13.99
      vertex -4.74026 1.27015 14
    endloop
  endfacet
  facet normal 0.965926 0.258819 0
    outer loop
      vertex -4.74026 1.27015 13.99
      vertex -3.47011 -3.47011 14
      vertex -3.47011 -3.47011 13.99
    endloop
  endfacet
  facet normal 0.927462 0.248513 0.279385
    outer loop
      vertex -3.47011 -3.47011 13.99
      vertex -3.5 -2.02073 12.8
      vertex -4.74026 1.27015 13.99
    endloop
  endfacet
  facet normal 0.258819 0.965926 -0
    outer loop
      vertex 1.27015 -4.74026 13.99
      vertex -3.47011 -3.47011 14
      vertex 1.27015 -4.74026 14
    endloop
  endfacet
  facet normal 0.258819 0.965926 0
    outer loop
      vertex -3.47011 -3.47011 14
      vertex 1.27015 -4.74026 13.99
      vertex -3.47011 -3.47011 13.99
    endloop
  endfacet
  facet normal -0.499999 -0.866026 0
    outer loop
      vertex 0 2.427 0
      vertex 2.10185 1.2135 0.98
      vertex 0 2.427 0.98
    endloop
  endfacet
  facet normal -0.499999 -0.866026 -0
    outer loop
      vertex 2.10185 1.2135 0.98
      vertex 0 2.427 0
      vertex 2.10185 1.2135 0
    endloop
  endfacet
  facet normal 0.499999 -0.866026 0
    outer loop
      vertex -2.10185 1.2135 0
      vertex 0 2.427 0.98
      vertex -2.10185 1.2135 0.98
    endloop
  endfacet
  facet normal 0.499999 -0.866026 0
    outer loop
      vertex 0 2.427 0.98
      vertex -2.10185 1.2135 0
      vertex 0 2.427 0
    endloop
  endfacet
  facet normal -1 0 0
    outer loop
      vertex 2.10185 -1.2135 0
      vertex 2.10185 1.2135 0.98
      vertex 2.10185 1.2135 0
    endloop
  endfacet
  facet normal -1 -0 0
    outer loop
      vertex 2.10185 1.2135 0.98
      vertex 2.10185 -1.2135 0
      vertex 2.10185 -1.2135 0.98
    endloop
  endfacet
  facet normal 1 -0 0
    outer loop
      vertex -2.10185 -1.2135 0.98
      vertex -2.10185 1.2135 0
      vertex -2.10185 1.2135 0.98
    endloop
  endfacet
  facet normal 1 0 0
    outer loop
      vertex -2.10185 1.2135 0
      vertex -2.10185 -1.2135 0.98
      vertex -2.10185 -1.2135 0
    endloop
  endfacet
  facet normal 0.499999 0.866026 -0
    outer loop
      vertex 0 -2.427 0
      vertex -2.10185 -1.2135 0.98
      vertex 0 -2.427 0.98
    endloop
  endfacet
  facet normal 0.499999 0.866026 0
    outer loop
      vertex -2.10185 -1.2135 0.98
      vertex 0 -2.427 0
      vertex -2.10185 -1.2135 0
    endloop
  endfacet
  facet normal -0.499999 0.866026 0
    outer loop
      vertex 2.10185 -1.2135 0
      vertex 0 -2.427 0.98
      vertex 2.10185 -1.2135 0.98
    endloop
  endfacet
  facet normal -0.499999 0.866026 0
    outer loop
      vertex 0 -2.427 0.98
      vertex 2.10185 -1.2135 0
      vertex 0 -2.427 0
    endloop
  endfacet
  facet normal -0.499999 0.866026 0
    outer loop
      vertex 3.53 -2.03804 1.99
      vertex 0 -4.07608 2.03
      vertex 3.53 -2.03804 2.03
    endloop
  endfacet
  facet normal -0.499999 0.866026 0
    outer loop
      vertex 0 -4.07608 2.03
      vertex 3.53 -2.03804 1.99
      vertex 0 -4.07608 1.99
    endloop
  endfacet
  facet normal 0.288703 0.500049 0.816457
    outer loop
      vertex 0 -4.07608 1.99
      vertex -2.10185 -1.2135 0.98
      vertex -3.53 -2.03804 1.99
    endloop
  endfacet
  facet normal 0.288703 -0.500049 0.816457
    outer loop
      vertex -2.10185 1.2135 0.98
      vertex 0 4.07608 1.99
      vertex -3.53 2.03804 1.99
    endloop
  endfacet
  facet normal 1 -0 0
    outer loop
      vertex -3.53 -2.03804 2.03
      vertex -3.53 2.03804 1.99
      vertex -3.53 2.03804 2.03
    endloop
  endfacet
  facet normal 1 0 0
    outer loop
      vertex -3.53 2.03804 1.99
      vertex -3.53 -2.03804 2.03
      vertex -3.53 -2.03804 1.99
    endloop
  endfacet
  facet normal -0.288703 -0.500049 0.816457
    outer loop
      vertex 2.10185 1.2135 0.98
      vertex 3.53 2.03804 1.99
      vertex 0 4.07608 1.99
    endloop
  endfacet
  facet normal -0.288703 0.500049 0.816457
    outer loop
      vertex 2.10185 -1.2135 0.98
      vertex 0 -2.427 0.98
      vertex 0 -4.07608 1.99
    endloop
  endfacet
  facet normal -0.577406 0 0.816457
    outer loop
      vertex 2.10185 1.2135 0.98
      vertex 3.53 -2.03804 1.99
      vertex 3.53 2.03804 1.99
    endloop
  endfacet
  facet normal -0.577406 0 0.816457
    outer loop
      vertex 3.53 -2.03804 1.99
      vertex 2.10185 1.2135 0.98
      vertex 2.10185 -1.2135 0.98
    endloop
  endfacet
  facet normal 0.499999 -0.866026 0
    outer loop
      vertex -3.53 2.03804 1.99
      vertex 0 4.07608 2.03
      vertex -3.53 2.03804 2.03
    endloop
  endfacet
  facet normal 0.499999 -0.866026 0
    outer loop
      vertex 0 4.07608 2.03
      vertex -3.53 2.03804 1.99
      vertex 0 4.07608 1.99
    endloop
  endfacet
  facet normal -1 0 0
    outer loop
      vertex 3.53 -2.03804 1.99
      vertex 3.53 2.03804 2.03
      vertex 3.53 2.03804 1.99
    endloop
  endfacet
  facet normal -1 -0 0
    outer loop
      vertex 3.53 2.03804 2.03
      vertex 3.53 -2.03804 1.99
      vertex 3.53 -2.03804 2.03
    endloop
  endfacet
  facet normal 0.577406 0 0.816457
    outer loop
      vertex -3.53 2.03804 1.99
      vertex -2.10185 -1.2135 0.98
      vertex -2.10185 1.2135 0.98
    endloop
  endfacet
  facet normal 0.577406 0 0.816457
    outer loop
      vertex -2.10185 -1.2135 0.98
      vertex -3.53 2.03804 1.99
      vertex -3.53 -2.03804 1.99
    endloop
  endfacet
  facet normal -0.288703 0.500049 0.816457
    outer loop
      vertex 3.53 -2.03804 1.99
      vertex 2.10185 -1.2135 0.98
      vertex 0 -4.07608 1.99
    endloop
  endfacet
  facet normal 0.288703 0.500049 0.816457
    outer loop
      vertex 0 -4.07608 1.99
      vertex 0 -2.427 0.98
      vertex -2.10185 -1.2135 0.98
    endloop
  endfacet
  facet normal 0 0 -1
    outer loop
      vertex 3.53 -2.03804 2.03
      vertex 3.5 -2.02073 2.03
      vertex 3.53 2.03804 2.03
    endloop
  endfacet
  facet normal 0 0 -1
    outer loop
      vertex 0 -4.07608 2.03
      vertex 3.5 -2.02073 2.03
      vertex 3.53 -2.03804 2.03
    endloop
  endfacet
  facet normal 0 0 -1
    outer loop
      vertex 0 -4.07608 2.03
      vertex 0 -4.04145 2.03
      vertex 3.5 -2.02073 2.03
    endloop
  endfacet
  facet normal 0 0 -1
    outer loop
      vertex 0 -4.07608 2.03
      vertex -3.5 -2.02073 2.03
      vertex 0 -4.04145 2.03
    endloop
  endfacet
  facet normal -0 0 -1
    outer loop
      vertex -3.5 -2.02073 2.03
      vertex -3.53 -2.03804 2.03
      vertex -3.5 2.02073 2.03
    endloop
  endfacet
  facet normal 0 0 -1
    outer loop
      vertex -3.53 -2.03804 2.03
      vertex -3.5 -2.02073 2.03
      vertex 0 -4.07608 2.03
    endloop
  endfacet
  facet normal 0 0 -1
    outer loop
      vertex 3.5 2.02073 2.03
      vertex 3.53 2.03804 2.03
      vertex 3.5 -2.02073 2.03
    endloop
  endfacet
  facet normal 0 0 -1
    outer loop
      vertex 0 4.04145 2.03
      vertex 3.53 2.03804 2.03
      vertex 3.5 2.02073 2.03
    endloop
  endfacet
  facet normal 0 0 -1
    outer loop
      vertex 0 4.04145 2.03
      vertex 0 4.07608 2.03
      vertex 3.53 2.03804 2.03
    endloop
  endfacet
  facet normal 0 0 -1
    outer loop
      vertex -3.5 2.02073 2.03
      vertex 0 4.07608 2.03
      vertex 0 4.04145 2.03
    endloop
  endfacet
  facet normal 0 0 -1
    outer loop
      vertex -3.5 2.02073 2.03
      vertex -3.53 2.03804 2.03
      vertex 0 4.07608 2.03
    endloop
  endfacet
  facet normal 0 0 -1
    outer loop
      vertex -3.53 2.03804 2.03
      vertex -3.5 2.02073 2.03
      vertex -3.53 -2.03804 2.03
    endloop
  endfacet
  facet normal -0.499999 -0.866026 0
    outer loop
      vertex 0 4.07608 1.99
      vertex 3.53 2.03804 2.03
      vertex 0 4.07608 2.03
    endloop
  endfacet
  facet normal -0.499999 -0.866026 -0
    outer loop
      vertex 3.53 2.03804 2.03
      vertex 0 4.07608 1.99
      vertex 3.53 2.03804 1.99
    endloop
  endfacet
  facet normal 0.288703 -0.500049 0.816457
    outer loop
      vertex 0 2.427 0.98
      vertex 0 4.07608 1.99
      vertex -2.10185 1.2135 0.98
    endloop
  endfacet
  facet normal -0.288703 -0.500049 0.816457
    outer loop
      vertex 2.10185 1.2135 0.98
      vertex 0 4.07608 1.99
      vertex 0 2.427 0.98
    endloop
  endfacet
  facet normal 0.499999 0.866026 -0
    outer loop
      vertex 0 -4.07608 1.99
      vertex -3.53 -2.03804 2.03
      vertex 0 -4.07608 2.03
    endloop
  endfacet
  facet normal 0.499999 0.866026 0
    outer loop
      vertex -3.53 -2.03804 2.03
      vertex 0 -4.07608 1.99
      vertex -3.53 -2.03804 1.99
    endloop
  endfacet
  facet normal -0.00105504 0.998173 -0.060411
    outer loop
      vertex 2.47539 4.2875 2.03
      vertex 4.04116 4.95114 12.968
      vertex 6.09896 4.29133 2.03
    endloop
  endfacet
  facet normal -0.00105502 0.998173 -0.060411
    outer loop
      vertex 4.04116 4.95114 12.968
      vertex 2.47539 4.2875 2.03
      vertex 2.87489 4.97946 13.4563
    endloop
  endfacet
  facet normal 0.866008 -0.50003 8.43104e-06
    outer loop
      vertex 2.07691 10.5973 12.8
      vertex 0.672719 8.16518 2.03
      vertex 2.30931 10.9998 12.9855
    endloop
  endfacet
  facet normal 0.866023 -0.500004 6.32349e-07
    outer loop
      vertex 1.12164 8.94274 12.8
      vertex 0.672719 8.16518 2.03
      vertex 2.07691 10.5973 12.8
    endloop
  endfacet
  facet normal 0.866026 -0.499998 -7.8642e-08
    outer loop
      vertex 0.457129 7.79177 2.03
      vertex 1.12164 8.94274 12.8
      vertex 0.856291 8.48314 13.4466
    endloop
  endfacet
  facet normal 0.866024 -0.500003 5.53383e-07
    outer loop
      vertex 1.12164 8.94274 12.8
      vertex 0.457129 7.79177 2.03
      vertex 0.672719 8.16518 2.03
    endloop
  endfacet
  facet normal -0.866025 0.500001 -3.87747e-07
    outer loop
      vertex 8.54497 7.80032 2.03
      vertex 8.7213 8.10574 12.9824
      vertex 8.9441 8.49164 13.4457
    endloop
  endfacet
  facet normal -0.866036 0.499982 3.28515e-07
    outer loop
      vertex 8.7213 8.10574 12.9824
      vertex 8.54497 7.80032 2.03
      vertex 8.63357 7.95378 12.8
    endloop
  endfacet
  facet normal -0.866022 0.500006 -1.32004e-07
    outer loop
      vertex 8.54497 7.80032 2.03
      vertex 8.34377 7.45184 12.8
      vertex 8.63357 7.95378 12.8
    endloop
  endfacet
  facet normal -0.866026 0.499999 -4.35364e-07
    outer loop
      vertex 8.34377 7.45184 12.8
      vertex 8.54497 7.80032 2.03
      vertex 6.7349 4.66518 2.03
    endloop
  endfacet
  facet normal 0.864968 0.498178 -0.060411
    outer loop
      vertex 1.42357 7.44011 12.9676
      vertex 0.457129 7.79177 2.03
      vertex 0.856291 8.48314 13.4466
    endloop
  endfacet
  facet normal 0.86497 0.498174 -0.0604113
    outer loop
      vertex 0.457129 7.79177 2.03
      vertex 1.42357 7.44011 12.9676
      vertex 2.27823 4.62983 2.03
    endloop
  endfacet
  facet normal 0.864973 0.498169 -0.0604097
    outer loop
      vertex 1.62207 7.07513 12.8
      vertex 2.27823 4.62983 2.03
      vertex 1.42357 7.44011 12.9676
    endloop
  endfacet
  facet normal 0.864971 0.498172 -0.0604105
    outer loop
      vertex 2.56056 5.44564 12.8
      vertex 2.27823 4.62983 2.03
      vertex 1.62207 7.07513 12.8
    endloop
  endfacet
  facet normal 0.86497 0.498174 -0.0604108
    outer loop
      vertex 2.47539 4.2875 2.03
      vertex 2.56056 5.44564 12.8
      vertex 2.87489 4.97946 13.4563
    endloop
  endfacet
  facet normal 0.864973 0.498169 -0.0604103
    outer loop
      vertex 2.56056 5.44564 12.8
      vertex 2.47539 4.2875 2.03
      vertex 2.27823 4.62983 2.03
    endloop
  endfacet
  facet normal 0.00105313 -0.998173 0.0604129
    outer loop
      vertex 3.98582 11.9537 12.8
      vertex 6.01202 11.304 2.03
      vertex 5.31276 11.9551 12.8
    endloop
  endfacet
  facet normal 0.00111495 -0.998173 0.0604146
    outer loop
      vertex 6.52671 11.3046 2.03
      vertex 6.3246 11.9811 13.2109
      vertex 5.31276 11.9551 12.8
    endloop
  endfacet
  facet normal 0.00116362 -0.998172 0.06042
    outer loop
      vertex 6.52671 11.3046 2.03
      vertex 5.31276 11.9551 12.8
      vertex 6.01202 11.304 2.03
    endloop
  endfacet
  facet normal 0.00102898 -0.998173 0.060413
    outer loop
      vertex 6.3246 11.9811 13.2109
      vertex 6.52671 11.3046 2.03
      vertex 6.92617 11.9965 13.4551
    endloop
  endfacet
  facet normal 0.866002 -0.500041 2.28736e-06
    outer loop
      vertex 2.58554 11.4783 13.206
      vertex 2.48279 11.3003 2.03
      vertex 2.88181 11.9914 13.4425
    endloop
  endfacet
  facet normal 0.86605 -0.499957 5.0004e-07
    outer loop
      vertex 2.30931 10.9998 12.9855
      vertex 2.48279 11.3003 2.03
      vertex 2.58554 11.4783 13.206
    endloop
  endfacet
  facet normal 0.866024 -0.500002 -1.15274e-06
    outer loop
      vertex 2.48279 11.3003 2.03
      vertex 2.30931 10.9998 12.9855
      vertex 0.672719 8.16518 2.03
    endloop
  endfacet
  facet normal -0.864971 -0.498173 0.0604107
    outer loop
      vertex 8.54497 7.80032 2.03
      vertex 8.38914 9.40162 13.0038
      vertex 6.78358 10.8586 2.03
    endloop
  endfacet
  facet normal -0.86497 -0.498174 0.0604109
    outer loop
      vertex 8.38914 9.40162 13.0038
      vertex 8.54497 7.80032 2.03
      vertex 8.64675 8.97922 13.209
    endloop
  endfacet
  facet normal -0.86497 -0.498174 0.0604109
    outer loop
      vertex 8.64675 8.97922 13.209
      vertex 8.54497 7.80032 2.03
      vertex 8.9441 8.49164 13.4457
    endloop
  endfacet
  facet normal -0.864981 -0.498155 0.0604107
    outer loop
      vertex 6.52671 11.3046 2.03
      vertex 7.12137 11.5998 12.9788
      vertex 6.92617 11.9965 13.4551
    endloop
  endfacet
  facet normal -0.864945 -0.498217 0.0604105
    outer loop
      vertex 7.12137 11.5998 12.9788
      vertex 6.52671 11.3046 2.03
      vertex 7.19465 11.4509 12.8
    endloop
  endfacet
  facet normal -0.864971 -0.498173 0.0604114
    outer loop
      vertex 6.78358 10.8586 2.03
      vertex 7.19465 11.4509 12.8
      vertex 6.52671 11.3046 2.03
    endloop
  endfacet
  facet normal -0.864974 -0.498168 0.0604113
    outer loop
      vertex 6.78358 10.8586 2.03
      vertex 8.13314 9.82139 12.8
      vertex 7.19465 11.4509 12.8
    endloop
  endfacet
  facet normal -0.864968 -0.498178 0.0604095
    outer loop
      vertex 8.13314 9.82139 12.8
      vertex 6.78358 10.8586 2.03
      vertex 8.38914 9.40162 13.0038
    endloop
  endfacet
  facet normal 0.00118388 -0.998173 0.0604044
    outer loop
      vertex 2.48279 11.3003 2.03
      vertex 3.27809 11.9639 12.9803
      vertex 2.88181 11.9914 13.4425
    endloop
  endfacet
  facet normal 0.000751997 -0.998172 0.0604357
    outer loop
      vertex 3.27809 11.9639 12.9803
      vertex 2.48279 11.3003 2.03
      vertex 3.43274 11.9531 12.8
    endloop
  endfacet
  facet normal 0.00108285 -0.998173 0.0604066
    outer loop
      vertex 2.48279 11.3003 2.03
      vertex 3.98582 11.9537 12.8
      vertex 3.43274 11.9531 12.8
    endloop
  endfacet
  facet normal 0.00104647 -0.998173 0.0604116
    outer loop
      vertex 3.98582 11.9537 12.8
      vertex 2.48279 11.3003 2.03
      vertex 6.01202 11.304 2.03
    endloop
  endfacet
  facet normal -0.866026 0.499999 -4.74535e-07
    outer loop
      vertex 6.7349 4.66518 2.03
      vertex 7.6783 6.29921 12.8
      vertex 8.34377 7.45184 12.8
    endloop
  endfacet
  facet normal -0.866024 0.500003 -1.19164e-06
    outer loop
      vertex 6.51931 4.29177 2.03
      vertex 7.6783 6.29921 12.8
      vertex 6.7349 4.66518 2.03
    endloop
  endfacet
  facet normal -0.866029 0.499993 1.16006e-06
    outer loop
      vertex 7.6783 6.29921 12.8
      vertex 6.51931 4.29177 2.03
      vertex 7.1983 5.46781 13.206
    endloop
  endfacet
  facet normal -0.866023 0.500004 -2.89914e-07
    outer loop
      vertex 7.1983 5.46781 13.206
      vertex 6.51931 4.29177 2.03
      vertex 6.91834 4.98291 13.4428
    endloop
  endfacet
  facet normal -0.00105656 0.998173 -0.0604106
    outer loop
      vertex 6.32247 4.94338 12.8
      vertex 6.09896 4.29133 2.03
      vertex 4.44244 4.94139 12.8
    endloop
  endfacet
  facet normal -0.00103745 0.998173 -0.0604077
    outer loop
      vertex 4.44244 4.94139 12.8
      vertex 6.09896 4.29133 2.03
      vertex 4.04116 4.95114 12.968
    endloop
  endfacet
  facet normal -0.00104483 0.998173 -0.0604109
    outer loop
      vertex 6.09896 4.29133 2.03
      vertex 6.32247 4.94338 12.8
      vertex 6.51931 4.29177 2.03
    endloop
  endfacet
  facet normal -0.00106276 0.998173 -0.0604112
    outer loop
      vertex 6.48958 4.95447 12.9803
      vertex 6.51931 4.29177 2.03
      vertex 6.32247 4.94338 12.8
    endloop
  endfacet
  facet normal -0.00104459 0.998173 -0.0604112
    outer loop
      vertex 6.51931 4.29177 2.03
      vertex 6.48958 4.95447 12.9803
      vertex 6.91834 4.98291 13.4428
    endloop
  endfacet
  facet normal 0.593266 -0.593237 0.544155
    outer loop
      vertex 0.179301 9.79108 13.99
      vertex 2.30931 10.9998 12.9855
      vertex 2.58554 11.4783 13.206
    endloop
  endfacet
  facet normal 0.593268 -0.593282 0.544105
    outer loop
      vertex 0.973862 9.49426 12.8
      vertex 2.30931 10.9998 12.9855
      vertex 0.179301 9.79108 13.99
    endloop
  endfacet
  facet normal 0.593297 -0.593301 0.544052
    outer loop
      vertex 2.30931 10.9998 12.9855
      vertex 0.973862 9.49426 12.8
      vertex 2.07691 10.5973 12.8
    endloop
  endfacet
  facet normal 0.593198 -0.593139 0.544337
    outer loop
      vertex 3.43274 11.9531 12.8
      vertex 3.8316 12.352 12.8
      vertex 3.27809 11.9639 12.9803
    endloop
  endfacet
  facet normal -0.212217 -0.791973 0.572488
    outer loop
      vertex 3.64941 13.2612 13.99
      vertex 6.92617 11.9965 13.4551
      vertex 8.38967 11.991 13.99
    endloop
  endfacet
  facet normal -0.21217 -0.791901 0.572606
    outer loop
      vertex 6.92617 11.9965 13.4551
      vertex 3.64941 13.2612 13.99
      vertex 6.3246 11.9811 13.2109
    endloop
  endfacet
  facet normal -0.212194 -0.791902 0.572595
    outer loop
      vertex 7.73534 11.306 12.8
      vertex 6.92617 11.9965 13.4551
      vertex 7.12137 11.5998 12.9788
    endloop
  endfacet
  facet normal -0.212241 -0.791919 0.572555
    outer loop
      vertex 6.92617 11.9965 13.4551
      vertex 7.73534 11.306 12.8
      vertex 8.38967 11.991 13.99
    endloop
  endfacet
  facet normal 0.258819 0.965926 -0
    outer loop
      vertex 6.18971 3.78067 13.99
      vertex 1.44945 5.05082 14
      vertex 6.18971 3.78067 14
    endloop
  endfacet
  facet normal 0.258819 0.965926 0
    outer loop
      vertex 1.44945 5.05082 14
      vertex 6.18971 3.78067 13.99
      vertex 1.44945 5.05082 13.99
    endloop
  endfacet
  facet normal 0.707108 -0.707106 0
    outer loop
      vertex 0.179301 9.79108 13.99
      vertex 3.64941 13.2612 14
      vertex 0.179301 9.79108 14
    endloop
  endfacet
  facet normal 0.707108 -0.707106 0
    outer loop
      vertex 3.64941 13.2612 14
      vertex 0.179301 9.79108 13.99
      vertex 3.64941 13.2612 13.99
    endloop
  endfacet
  facet normal -0.79866 -0.214021 0.562439
    outer loop
      vertex 8.9441 8.49164 13.4457
      vertex 8.38967 11.991 13.99
      vertex 8.64675 8.97922 13.209
    endloop
  endfacet
  facet normal -0.798711 -0.213991 0.562378
    outer loop
      vertex 9.65982 7.25078 13.99
      vertex 8.7213 8.10574 12.9824
      vertex 8.78135 7.40225 12.8
    endloop
  endfacet
  facet normal -0.798717 -0.214018 0.562359
    outer loop
      vertex 8.9441 8.49164 13.4457
      vertex 9.65982 7.25078 13.99
      vertex 8.38967 11.991 13.99
    endloop
  endfacet
  facet normal -0.798715 -0.214015 0.562362
    outer loop
      vertex 8.7213 8.10574 12.9824
      vertex 9.65982 7.25078 13.99
      vertex 8.9441 8.49164 13.4457
    endloop
  endfacet
  facet normal -0.258829 -0.965923 0
    outer loop
      vertex 3.64941 13.2612 13.99
      vertex 8.38967 11.991 14
      vertex 3.64941 13.2612 14
    endloop
  endfacet
  facet normal -0.258829 -0.965923 -0
    outer loop
      vertex 8.38967 11.991 14
      vertex 3.64941 13.2612 13.99
      vertex 8.38967 11.991 13.99
    endloop
  endfacet
  facet normal -0.60312 0.60312 0.522009
    outer loop
      vertex 9.65982 7.25078 13.99
      vertex 6.91834 4.98291 13.4428
      vertex 6.18971 3.78067 13.99
    endloop
  endfacet
  facet normal -0.603125 0.603131 0.52199
    outer loop
      vertex 6.91834 4.98291 13.4428
      vertex 9.65982 7.25078 13.99
      vertex 7.1983 5.46781 13.206
    endloop
  endfacet
  facet normal -0.603108 0.603119 0.522023
    outer loop
      vertex 6.48958 4.95447 12.9803
      vertex 6.18971 3.78067 13.99
      vertex 6.91834 4.98291 13.4428
    endloop
  endfacet
  facet normal -0.603141 0.603107 0.521999
    outer loop
      vertex 6.18971 3.78067 13.99
      vertex 6.48958 4.95447 12.9803
      vertex 5.92361 4.54452 12.8
    endloop
  endfacet
  facet normal 0.225604 0.84204 0.489971
    outer loop
      vertex 5.92361 4.54452 12.8
      vertex 2.87489 4.97946 13.4563
      vertex 1.44945 5.05082 13.99
    endloop
  endfacet
  facet normal 0.225611 0.842009 0.490022
    outer loop
      vertex 5.92361 4.54452 12.8
      vertex 4.04116 4.95114 12.968
      vertex 2.87489 4.97946 13.4563
    endloop
  endfacet
  facet normal 0.225611 0.842009 0.490021
    outer loop
      vertex 4.04116 4.95114 12.968
      vertex 5.92361 4.54452 12.8
      vertex 4.44244 4.94139 12.8
    endloop
  endfacet
  facet normal 0.225618 0.842002 0.490029
    outer loop
      vertex 2.01987 5.59052 12.8
      vertex 2.87489 4.97946 13.4563
      vertex 2.56056 5.44564 12.8
    endloop
  endfacet
  facet normal 0.225623 0.842004 0.490024
    outer loop
      vertex 2.87489 4.97946 13.4563
      vertex 2.01987 5.59052 12.8
      vertex 1.44945 5.05082 13.99
    endloop
  endfacet
  facet normal -0.212207 -0.79192 0.572565
    outer loop
      vertex 5.31276 11.9551 12.8
      vertex 3.64941 13.2612 13.99
      vertex 3.8316 12.352 12.8
    endloop
  endfacet
  facet normal -0.212177 -0.791908 0.572593
    outer loop
      vertex 3.64941 13.2612 13.99
      vertex 5.31276 11.9551 12.8
      vertex 6.3246 11.9811 13.2109
    endloop
  endfacet
  facet normal -0.212233 -0.791941 0.572526
    outer loop
      vertex 7.19465 11.4509 12.8
      vertex 7.73534 11.306 12.8
      vertex 7.12137 11.5998 12.9788
    endloop
  endfacet
  facet normal 0.59325 -0.593248 0.54416
    outer loop
      vertex 0.179301 9.79108 13.99
      vertex 2.88181 11.9914 13.4425
      vertex 3.64941 13.2612 13.99
    endloop
  endfacet
  facet normal 0.593289 -0.593329 0.54403
    outer loop
      vertex 2.88181 11.9914 13.4425
      vertex 0.179301 9.79108 13.99
      vertex 2.58554 11.4783 13.206
    endloop
  endfacet
  facet normal 0.593359 -0.593258 0.544031
    outer loop
      vertex 3.27809 11.9639 12.9803
      vertex 3.64941 13.2612 13.99
      vertex 2.88181 11.9914 13.4425
    endloop
  endfacet
  facet normal 0.593238 -0.593295 0.544123
    outer loop
      vertex 3.64941 13.2612 13.99
      vertex 3.27809 11.9639 12.9803
      vertex 3.8316 12.352 12.8
    endloop
  endfacet
  facet normal -0.965925 -0.258821 0
    outer loop
      vertex 9.65982 7.25078 13.99
      vertex 8.38967 11.991 14
      vertex 8.38967 11.991 13.99
    endloop
  endfacet
  facet normal -0.965925 -0.258821 0
    outer loop
      vertex 8.38967 11.991 14
      vertex 9.65982 7.25078 13.99
      vertex 9.65982 7.25078 14
    endloop
  endfacet
  facet normal -0.798672 -0.214001 0.562429
    outer loop
      vertex 8.78135 7.40225 12.8
      vertex 8.7213 8.10574 12.9824
      vertex 8.63357 7.95378 12.8
    endloop
  endfacet
  facet normal -0.798711 -0.214014 0.56237
    outer loop
      vertex 8.13314 9.82139 12.8
      vertex 8.38967 11.991 13.99
      vertex 7.73534 11.306 12.8
    endloop
  endfacet
  facet normal -0.798683 -0.214035 0.562401
    outer loop
      vertex 8.38914 9.40162 13.0038
      vertex 8.38967 11.991 13.99
      vertex 8.13314 9.82139 12.8
    endloop
  endfacet
  facet normal -0.798773 -0.213992 0.562289
    outer loop
      vertex 8.38967 11.991 13.99
      vertex 8.38914 9.40162 13.0038
      vertex 8.64675 8.97922 13.209
    endloop
  endfacet
  facet normal -0.603121 0.603127 0.521999
    outer loop
      vertex 7.6783 6.29921 12.8
      vertex 9.65982 7.25078 13.99
      vertex 8.78135 7.40225 12.8
    endloop
  endfacet
  facet normal -0.603122 0.603119 0.522007
    outer loop
      vertex 9.65982 7.25078 13.99
      vertex 7.6783 6.29921 12.8
      vertex 7.1983 5.46781 13.206
    endloop
  endfacet
  facet normal -0.603154 0.603154 0.52193
    outer loop
      vertex 6.48958 4.95447 12.9803
      vertex 6.32247 4.94338 12.8
      vertex 5.92361 4.54452 12.8
    endloop
  endfacet
  facet normal 0 -0 1
    outer loop
      vertex 1.12164 8.94274 12.8
      vertex 2.07691 10.5973 12.8
      vertex 0.973862 9.49426 12.8
    endloop
  endfacet
  facet normal -0 0 1
    outer loop
      vertex 8.34377 7.45184 12.8
      vertex 8.78135 7.40225 12.8
      vertex 8.63357 7.95378 12.8
    endloop
  endfacet
  facet normal 0 0 1
    outer loop
      vertex 8.78135 7.40225 12.8
      vertex 8.34377 7.45184 12.8
      vertex 7.6783 6.29921 12.8
    endloop
  endfacet
  facet normal 0 0 1
    outer loop
      vertex 8.13314 9.82139 12.8
      vertex 7.73534 11.306 12.8
      vertex 7.19465 11.4509 12.8
    endloop
  endfacet
  facet normal 0 -0 1
    outer loop
      vertex 5.92361 4.54452 12.8
      vertex 6.32247 4.94338 12.8
      vertex 4.44244 4.94139 12.8
    endloop
  endfacet
  facet normal 0 0 1
    outer loop
      vertex 3.8316 12.352 12.8
      vertex 3.98582 11.9537 12.8
      vertex 5.31276 11.9551 12.8
    endloop
  endfacet
  facet normal 0 0 1
    outer loop
      vertex 3.98582 11.9537 12.8
      vertex 3.8316 12.352 12.8
      vertex 3.43274 11.9531 12.8
    endloop
  endfacet
  facet normal -0 -0 1
    outer loop
      vertex 2.01987 5.59052 12.8
      vertex 2.56056 5.44564 12.8
      vertex 1.62207 7.07513 12.8
    endloop
  endfacet
  facet normal 0.225615 0.842006 0.490025
    outer loop
      vertex 6.18971 3.78067 13.99
      vertex 5.92361 4.54452 12.8
      vertex 1.44945 5.05082 13.99
    endloop
  endfacet
  facet normal -0.707107 0.707107 0
    outer loop
      vertex 9.65982 7.25078 13.99
      vertex 6.18971 3.78067 14
      vertex 9.65982 7.25078 14
    endloop
  endfacet
  facet normal -0.707107 0.707107 0
    outer loop
      vertex 6.18971 3.78067 14
      vertex 9.65982 7.25078 13.99
      vertex 6.18971 3.78067 13.99
    endloop
  endfacet
  facet normal 0.965926 0.258819 0
    outer loop
      vertex 1.44945 5.05082 14
      vertex 0.179301 9.79108 13.99
      vertex 0.179301 9.79108 14
    endloop
  endfacet
  facet normal 0.965926 0.258819 0
    outer loop
      vertex 0.179301 9.79108 13.99
      vertex 1.44945 5.05082 14
      vertex 1.44945 5.05082 13.99
    endloop
  endfacet
  facet normal 0.835413 0.223848 0.501973
    outer loop
      vertex 1.44945 5.05082 13.99
      vertex 2.01987 5.59052 12.8
      vertex 0.179301 9.79108 13.99
    endloop
  endfacet
  facet normal 0.835413 0.223862 0.501967
    outer loop
      vertex 0.856291 8.48314 13.4466
      vertex 0.973862 9.49426 12.8
      vertex 0.179301 9.79108 13.99
    endloop
  endfacet
  facet normal 0.835426 0.22385 0.50195
    outer loop
      vertex 0.973862 9.49426 12.8
      vertex 0.856291 8.48314 13.4466
      vertex 1.12164 8.94274 12.8
    endloop
  endfacet
  facet normal 0.835416 0.223849 0.501967
    outer loop
      vertex 1.42357 7.44011 12.9676
      vertex 2.01987 5.59052 12.8
      vertex 1.62207 7.07513 12.8
    endloop
  endfacet
  facet normal 0.835426 0.223854 0.501949
    outer loop
      vertex 0.856291 8.48314 13.4466
      vertex 2.01987 5.59052 12.8
      vertex 1.42357 7.44011 12.9676
    endloop
  endfacet
  facet normal 0.835383 0.223817 0.502037
    outer loop
      vertex 2.01987 5.59052 12.8
      vertex 0.856291 8.48314 13.4466
      vertex 0.179301 9.79108 13.99
    endloop
  endfacet
  facet normal 0.866553 0.499085 0
    outer loop
      vertex 3.28204 5.68468 0.98
      vertex 2.07002 7.78909 0
      vertex 2.07002 7.78909 0.98
    endloop
  endfacet
  facet normal 0.866553 0.499085 0
    outer loop
      vertex 2.07002 7.78909 0
      vertex 3.28204 5.68468 0.98
      vertex 3.28204 5.68468 0
    endloop
  endfacet
  facet normal 0.00105415 -0.999999 0
    outer loop
      vertex 3.28944 9.9012 0
      vertex 5.71794 9.90376 0.98
      vertex 3.28944 9.9012 0.98
    endloop
  endfacet
  facet normal 0.00105415 -0.999999 0
    outer loop
      vertex 5.71794 9.90376 0.98
      vertex 3.28944 9.9012 0
      vertex 5.71794 9.90376 0
    endloop
  endfacet
  facet normal -0.866553 -0.499085 0
    outer loop
      vertex 6.92996 7.79935 0
      vertex 5.71794 9.90376 0.98
      vertex 5.71794 9.90376 0
    endloop
  endfacet
  facet normal -0.866553 -0.499085 0
    outer loop
      vertex 5.71794 9.90376 0.98
      vertex 6.92996 7.79935 0
      vertex 6.92996 7.79935 0.98
    endloop
  endfacet
  facet normal -0.866027 0.499998 0
    outer loop
      vertex 5.71054 5.68724 0
      vertex 6.92996 7.79935 0.98
      vertex 6.92996 7.79935 0
    endloop
  endfacet
  facet normal -0.866027 0.499998 0
    outer loop
      vertex 6.92996 7.79935 0.98
      vertex 5.71054 5.68724 0
      vertex 5.71054 5.68724 0.98
    endloop
  endfacet
  facet normal 0.866027 -0.499998 0
    outer loop
      vertex 2.07002 7.78909 0.98
      vertex 3.28944 9.9012 0
      vertex 3.28944 9.9012 0.98
    endloop
  endfacet
  facet normal 0.866027 -0.499998 0
    outer loop
      vertex 3.28944 9.9012 0
      vertex 2.07002 7.78909 0.98
      vertex 2.07002 7.78909 0
    endloop
  endfacet
  facet normal -0.00105415 0.999999 0
    outer loop
      vertex 5.71054 5.68724 0
      vertex 3.28204 5.68468 0.98
      vertex 5.71054 5.68724 0.98
    endloop
  endfacet
  facet normal -0.00105415 0.999999 0
    outer loop
      vertex 3.28204 5.68468 0.98
      vertex 5.71054 5.68724 0
      vertex 3.28204 5.68468 0
    endloop
  endfacet
  facet normal -0.500049 0.288704 0.816457
    outer loop
      vertex 6.53558 4.25996 1.99
      vertex 8.57855 7.79848 1.99
      vertex 5.71054 5.68724 0.98
    endloop
  endfacet
  facet normal -0.00105429 0.999999 0
    outer loop
      vertex 6.53558 4.25996 1.99
      vertex 2.457 4.25566 2.03
      vertex 6.53558 4.25996 2.03
    endloop
  endfacet
  facet normal -0.00105429 0.999999 0
    outer loop
      vertex 2.457 4.25566 2.03
      vertex 6.53558 4.25996 1.99
      vertex 2.457 4.25566 1.99
    endloop
  endfacet
  facet normal -0.500047 0.2887 0.816459
    outer loop
      vertex 8.57855 7.79848 1.99
      vertex 6.92996 7.79935 0.98
      vertex 5.71054 5.68724 0.98
    endloop
  endfacet
  facet normal -0 0 -1
    outer loop
      vertex 8.57855 7.79848 2.03
      vertex 6.7349 4.66518 2.03
      vertex 8.54497 7.80032 2.03
    endloop
  endfacet
  facet normal 0 0 -1
    outer loop
      vertex 6.53558 4.25996 2.03
      vertex 6.7349 4.66518 2.03
      vertex 8.57855 7.79848 2.03
    endloop
  endfacet
  facet normal 0 0 -1
    outer loop
      vertex 6.53558 4.25996 2.03
      vertex 6.51931 4.29177 2.03
      vertex 6.7349 4.66518 2.03
    endloop
  endfacet
  facet normal 0 0 -1
    outer loop
      vertex 6.53558 4.25996 2.03
      vertex 6.09896 4.29133 2.03
      vertex 6.51931 4.29177 2.03
    endloop
  endfacet
  facet normal 0 0 -1
    outer loop
      vertex 2.457 4.25566 2.03
      vertex 6.09896 4.29133 2.03
      vertex 6.53558 4.25996 2.03
    endloop
  endfacet
  facet normal 0 0 -1
    outer loop
      vertex 6.09896 4.29133 2.03
      vertex 2.457 4.25566 2.03
      vertex 2.47539 4.2875 2.03
    endloop
  endfacet
  facet normal 0 0 -1
    outer loop
      vertex 2.457 4.25566 2.03
      vertex 2.27823 4.62983 2.03
      vertex 2.47539 4.2875 2.03
    endloop
  endfacet
  facet normal 0 0 -1
    outer loop
      vertex 0.421432 7.78996 2.03
      vertex 2.27823 4.62983 2.03
      vertex 2.457 4.25566 2.03
    endloop
  endfacet
  facet normal 0 0 -1
    outer loop
      vertex 2.27823 4.62983 2.03
      vertex 0.421432 7.78996 2.03
      vertex 0.457129 7.79177 2.03
    endloop
  endfacet
  facet normal 0 0 -1
    outer loop
      vertex 6.78358 10.8586 2.03
      vertex 8.57855 7.79848 2.03
      vertex 8.54497 7.80032 2.03
    endloop
  endfacet
  facet normal 0 0 -1
    outer loop
      vertex 6.78358 10.8586 2.03
      vertex 6.54298 11.3328 2.03
      vertex 8.57855 7.79848 2.03
    endloop
  endfacet
  facet normal 0 0 -1
    outer loop
      vertex 6.52671 11.3046 2.03
      vertex 6.54298 11.3328 2.03
      vertex 6.78358 10.8586 2.03
    endloop
  endfacet
  facet normal 0 0 -1
    outer loop
      vertex 6.01202 11.304 2.03
      vertex 6.54298 11.3328 2.03
      vertex 6.52671 11.3046 2.03
    endloop
  endfacet
  facet normal 0 0 -1
    outer loop
      vertex 2.4644 11.3285 2.03
      vertex 6.01202 11.304 2.03
      vertex 2.48279 11.3003 2.03
    endloop
  endfacet
  facet normal 0 0 -1
    outer loop
      vertex 6.01202 11.304 2.03
      vertex 2.4644 11.3285 2.03
      vertex 6.54298 11.3328 2.03
    endloop
  endfacet
  facet normal 0 0 -1
    outer loop
      vertex 0.672719 8.16518 2.03
      vertex 2.4644 11.3285 2.03
      vertex 2.48279 11.3003 2.03
    endloop
  endfacet
  facet normal 0 0 -1
    outer loop
      vertex 0.421432 7.78996 2.03
      vertex 0.672719 8.16518 2.03
      vertex 0.457129 7.79177 2.03
    endloop
  endfacet
  facet normal -0 0 -1
    outer loop
      vertex 0.672719 8.16518 2.03
      vertex 0.421432 7.78996 2.03
      vertex 2.4644 11.3285 2.03
    endloop
  endfacet
  facet normal -0.500351 -0.288174 0.816458
    outer loop
      vertex 8.57855 7.79848 1.99
      vertex 6.54298 11.3328 1.99
      vertex 5.71794 9.90376 0.98
    endloop
  endfacet
  facet normal 0.000608746 -0.5774 0.816461
    outer loop
      vertex 5.71794 9.90376 0.98
      vertex 6.54298 11.3328 1.99
      vertex 2.4644 11.3285 1.99
    endloop
  endfacet
  facet normal -0.500351 -0.288174 0.816459
    outer loop
      vertex 6.92996 7.79935 0.98
      vertex 8.57855 7.79848 1.99
      vertex 5.71794 9.90376 0.98
    endloop
  endfacet
  facet normal 0.00105429 -0.999999 0
    outer loop
      vertex 2.4644 11.3285 1.99
      vertex 6.54298 11.3328 2.03
      vertex 2.4644 11.3285 2.03
    endloop
  endfacet
  facet normal 0.00105429 -0.999999 0
    outer loop
      vertex 6.54298 11.3328 2.03
      vertex 2.4644 11.3285 1.99
      vertex 6.54298 11.3328 1.99
    endloop
  endfacet
  facet normal 0.500047 -0.288701 0.816459
    outer loop
      vertex 2.07002 7.78909 0.98
      vertex 3.28944 9.9012 0.98
      vertex 0.421432 7.78996 1.99
    endloop
  endfacet
  facet normal -0.866025 0.500001 0
    outer loop
      vertex 6.53558 4.25996 1.99
      vertex 8.57855 7.79848 2.03
      vertex 8.57855 7.79848 1.99
    endloop
  endfacet
  facet normal -0.866025 0.500001 0
    outer loop
      vertex 8.57855 7.79848 2.03
      vertex 6.53558 4.25996 1.99
      vertex 6.53558 4.25996 2.03
    endloop
  endfacet
  facet normal 0.000608666 -0.5774 0.816461
    outer loop
      vertex 3.28944 9.9012 0.98
      vertex 5.71794 9.90376 0.98
      vertex 2.4644 11.3285 1.99
    endloop
  endfacet
  facet normal -0.000608671 0.577406 0.816457
    outer loop
      vertex 6.53558 4.25996 1.99
      vertex 5.71054 5.68724 0.98
      vertex 3.28204 5.68468 0.98
    endloop
  endfacet
  facet normal 0.500352 0.288174 0.816458
    outer loop
      vertex 3.28204 5.68468 0.98
      vertex 2.07002 7.78909 0.98
      vertex 0.421432 7.78996 1.99
    endloop
  endfacet
  facet normal 0.500353 0.288177 0.816457
    outer loop
      vertex 2.457 4.25566 1.99
      vertex 3.28204 5.68468 0.98
      vertex 0.421432 7.78996 1.99
    endloop
  endfacet
  facet normal -0.866553 -0.499086 0
    outer loop
      vertex 8.57855 7.79848 1.99
      vertex 6.54298 11.3328 2.03
      vertex 6.54298 11.3328 1.99
    endloop
  endfacet
  facet normal -0.866553 -0.499086 0
    outer loop
      vertex 6.54298 11.3328 2.03
      vertex 8.57855 7.79848 1.99
      vertex 8.57855 7.79848 2.03
    endloop
  endfacet
  facet normal 0.500048 -0.288701 0.816458
    outer loop
      vertex 3.28944 9.9012 0.98
      vertex 2.4644 11.3285 1.99
      vertex 0.421432 7.78996 1.99
    endloop
  endfacet
  facet normal -0.000608752 0.577406 0.816457
    outer loop
      vertex 6.53558 4.25996 1.99
      vertex 3.28204 5.68468 0.98
      vertex 2.457 4.25566 1.99
    endloop
  endfacet
  facet normal 0.866552 0.499087 0
    outer loop
      vertex 2.457 4.25566 2.03
      vertex 0.421432 7.78996 1.99
      vertex 0.421432 7.78996 2.03
    endloop
  endfacet
  facet normal 0.866552 0.499087 0
    outer loop
      vertex 0.421432 7.78996 1.99
      vertex 2.457 4.25566 2.03
      vertex 2.457 4.25566 1.99
    endloop
  endfacet
  facet normal 0.866026 -0.499998 0
    outer loop
      vertex 0.421432 7.78996 2.03
      vertex 2.4644 11.3285 1.99
      vertex 2.4644 11.3285 2.03
    endloop
  endfacet
  facet normal 0.866026 -0.499998 0
    outer loop
      vertex 2.4644 11.3285 1.99
      vertex 0.421432 7.78996 2.03
      vertex 0.421432 7.78996 1.99
    endloop
  endfacet
  facet normal -0.00422325 0.992701 -0.120525
    outer loop
      vertex 6.96152 12.0577 2.03
      vertex 8.96216 13.3967 12.9885
      vertex 10.6284 12.0733 2.03
    endloop
  endfacet
  facet normal -0.00418343 0.992701 -0.120533
    outer loop
      vertex 8.96216 13.3967 12.9885
      vertex 6.96152 12.0577 2.03
      vertex 7.76772 13.4541 13.5027
    endloop
  endfacet
  facet normal 0.861805 0.492712 -0.120526
    outer loop
      vertex 6.03745 16.4111 13.2188
      vertex 4.95073 15.5749 2.03
      vertex 5.75418 16.9665 13.4638
    endloop
  endfacet
  facet normal 0.861811 0.492702 -0.120526
    outer loop
      vertex 6.5216 15.4618 12.8
      vertex 4.95073 15.5749 2.03
      vertex 6.03745 16.4111 13.2188
    endloop
  endfacet
  facet normal 0.861828 0.492672 -0.120529
    outer loop
      vertex 6.5216 15.4618 12.8
      vertex 5.14155 15.2411 2.03
      vertex 4.95073 15.5749 2.03
    endloop
  endfacet
  facet normal 0.861796 0.492728 -0.120526
    outer loop
      vertex 5.14155 15.2411 2.03
      vertex 6.5216 15.4618 12.8
      vertex 7.08677 14.4733 12.8
    endloop
  endfacet
  facet normal -0.00421687 0.992701 -0.120527
    outer loop
      vertex 11.189 13.3833 12.8
      vertex 10.6284 12.0733 2.03
      vertex 9.39987 13.3757 12.8
    endloop
  endfacet
  facet normal -0.00428132 0.9927 -0.120534
    outer loop
      vertex 9.39987 13.3757 12.8
      vertex 10.6284 12.0733 2.03
      vertex 8.96216 13.3967 12.9885
    endloop
  endfacet
  facet normal -0.00413088 0.992701 -0.120531
    outer loop
      vertex 10.6284 12.0733 2.03
      vertex 11.189 13.3833 12.8
      vertex 11.0129 12.0749 2.03
    endloop
  endfacet
  facet normal -0.00412958 0.992701 -0.120531
    outer loop
      vertex 11.3567 13.4051 12.9738
      vertex 11.0129 12.0749 2.03
      vertex 11.189 13.3833 12.8
    endloop
  endfacet
  facet normal -0.00409036 0.992701 -0.120533
    outer loop
      vertex 11.0129 12.0749 2.03
      vertex 11.3567 13.4051 12.9738
      vertex 11.8153 13.4647 13.4491
    endloop
  endfacet
  facet normal 0.861808 0.492706 -0.12053
    outer loop
      vertex 7.40933 13.9091 12.8
      vertex 5.14155 15.2411 2.03
      vertex 7.08677 14.4733 12.8
    endloop
  endfacet
  facet normal 0.86182 0.492686 -0.120528
    outer loop
      vertex 6.96152 12.0577 2.03
      vertex 7.40933 13.9091 12.8
      vertex 7.76772 13.4541 13.5027
    endloop
  endfacet
  facet normal 0.86181 0.492702 -0.120531
    outer loop
      vertex 7.40933 13.9091 12.8
      vertex 6.96152 12.0577 2.03
      vertex 5.14155 15.2411 2.03
    endloop
  endfacet
  facet normal -0.866029 0.499993 -7.99559e-07
    outer loop
      vertex 13.0535 15.6093 2.03
      vertex 13.5149 16.4085 12.8
      vertex 13.8568 17.0007 13.462
    endloop
  endfacet
  facet normal -0.866031 0.499991 -3.75694e-06
    outer loop
      vertex 12.5596 14.7539 12.8
      vertex 13.0535 15.6093 2.03
      vertex 12.8008 15.1716 2.03
    endloop
  endfacet
  facet normal -0.866022 0.500006 -2.10527e-06
    outer loop
      vertex 13.0535 15.6093 2.03
      vertex 12.5596 14.7539 12.8
      vertex 13.5149 16.4085 12.8
    endloop
  endfacet
  facet normal -0.866012 0.500023 -2.1147e-06
    outer loop
      vertex 12.5596 14.7539 12.8
      vertex 12.8008 15.1716 2.03
      vertex 12.363 14.4134 12.9714
    endloop
  endfacet
  facet normal -0.866023 0.500004 -3.82068e-06
    outer loop
      vertex 11.0129 12.0749 2.03
      vertex 12.363 14.4134 12.9714
      vertex 12.8008 15.1716 2.03
    endloop
  endfacet
  facet normal -0.86609 0.499889 2.89821e-05
    outer loop
      vertex 12.363 14.4134 12.9714
      vertex 11.0129 12.0749 2.03
      vertex 12.0941 13.9475 13.206
    endloop
  endfacet
  facet normal -0.865985 0.50007 -1.14734e-05
    outer loop
      vertex 12.0941 13.9475 13.206
      vertex 11.0129 12.0749 2.03
      vertex 11.8153 13.4647 13.4491
    endloop
  endfacet
  facet normal -0.861825 -0.492677 0.120526
    outer loop
      vertex 11.0427 19.1265 2.03
      vertex 12.0462 20.0469 12.9679
      vertex 11.8487 20.5226 13.5002
    endloop
  endfacet
  facet normal -0.861898 -0.492551 0.120522
    outer loop
      vertex 11.0427 19.1265 2.03
      vertex 12.1085 19.8968 12.8
      vertex 12.0462 20.0469 12.9679
    endloop
  endfacet
  facet normal -0.861808 -0.492708 0.120524
    outer loop
      vertex 11.0427 19.1265 2.03
      vertex 12.9962 18.3441 12.8
      vertex 12.1085 19.8968 12.8
    endloop
  endfacet
  facet normal -0.861811 -0.492702 0.120525
    outer loop
      vertex 13.0535 15.6093 2.03
      vertex 12.9962 18.3441 12.8
      vertex 11.0427 19.1265 2.03
    endloop
  endfacet
  facet normal -0.861814 -0.492698 0.120524
    outer loop
      vertex 12.9962 18.3441 12.8
      vertex 13.0535 15.6093 2.03
      vertex 13.8568 17.0007 13.462
    endloop
  endfacet
  facet normal 0.866031 -0.49999 6.49849e-08
    outer loop
      vertex 7.21214 19.4918 12.9971
      vertex 6.99131 19.1093 2.03
      vertex 7.79369 20.4991 13.4484
    endloop
  endfacet
  facet normal 0.866025 -0.500001 5.80799e-07
    outer loop
      vertex 6.99131 19.1093 2.03
      vertex 7.21214 19.4918 12.9971
      vertex 5.15377 15.9266 2.03
    endloop
  endfacet
  facet normal 0.866024 -0.500002 9.36928e-07
    outer loop
      vertex 6.95822 19.052 12.8
      vertex 5.15377 15.9266 2.03
      vertex 7.21214 19.4918 12.9971
    endloop
  endfacet
  facet normal 0.866031 -0.499991 -3.56549e-06
    outer loop
      vertex 6.00296 17.3974 12.8
      vertex 5.15377 15.9266 2.03
      vertex 6.95822 19.052 12.8
    endloop
  endfacet
  facet normal 0.86597 -0.500095 2.07487e-05
    outer loop
      vertex 4.95073 15.5749 2.03
      vertex 6.00296 17.3974 12.8
      vertex 5.93458 17.279 12.9824
    endloop
  endfacet
  facet normal 0.866047 -0.499962 -6.83472e-06
    outer loop
      vertex 4.95073 15.5749 2.03
      vertex 5.93458 17.279 12.9824
      vertex 5.75418 16.9665 13.4638
    endloop
  endfacet
  facet normal 0.86604 -0.499974 -6.60561e-06
    outer loop
      vertex 6.00296 17.3974 12.8
      vertex 4.95073 15.5749 2.03
      vertex 5.15377 15.9266 2.03
    endloop
  endfacet
  facet normal 0.00421447 -0.992701 0.120527
    outer loop
      vertex 11.0427 19.1265 2.03
      vertex 8.32884 20.4226 12.8
      vertex 6.99131 19.1093 2.03
    endloop
  endfacet
  facet normal 0.00413779 -0.9927 0.120537
    outer loop
      vertex 6.99131 19.1093 2.03
      vertex 8.32884 20.4226 12.8
      vertex 7.79369 20.4991 13.4484
    endloop
  endfacet
  facet normal 0.0042168 -0.992701 0.120528
    outer loop
      vertex 8.32884 20.4226 12.8
      vertex 11.0427 19.1265 2.03
      vertex 10.118 20.4302 12.8
    endloop
  endfacet
  facet normal 0.00425742 -0.9927 0.120531
    outer loop
      vertex 10.118 20.4302 12.8
      vertex 11.0427 19.1265 2.03
      vertex 11.1702 20.4864 13.2257
    endloop
  endfacet
  facet normal 0.00420012 -0.992701 0.120532
    outer loop
      vertex 11.1702 20.4864 13.2257
      vertex 11.0427 19.1265 2.03
      vertex 11.8487 20.5226 13.5002
    endloop
  endfacet
  facet normal 0.588299 -0.588284 0.554821
    outer loop
      vertex 5.85518 17.949 12.8
      vertex 8.5731 21.7893 13.99
      vertex 5.10299 18.3191 13.99
    endloop
  endfacet
  facet normal -0.608092 0.608109 0.510321
    outer loop
      vertex 11.8153 13.4647 13.4491
      vertex 14.5835 15.7789 13.99
      vertex 12.0941 13.9475 13.206
    endloop
  endfacet
  facet normal -0.60805 0.608051 0.51044
    outer loop
      vertex 10.8049 12.9992 12.8
      vertex 11.8153 13.4647 13.4491
      vertex 11.3567 13.4051 12.9738
    endloop
  endfacet
  facet normal -0.608058 0.60804 0.510443
    outer loop
      vertex 11.8153 13.4647 13.4491
      vertex 11.1134 12.3087 13.99
      vertex 14.5835 15.7789 13.99
    endloop
  endfacet
  facet normal -0.608052 0.60804 0.51045
    outer loop
      vertex 11.1134 12.3087 13.99
      vertex 11.8153 13.4647 13.4491
      vertex 10.8049 12.9992 12.8
    endloop
  endfacet
  facet normal 0.58834 -0.588296 0.554766
    outer loop
      vertex 5.85518 17.949 12.8
      vertex 7.79369 20.4991 13.4484
      vertex 8.5731 21.7893 13.99
    endloop
  endfacet
  facet normal 0.58818 -0.588234 0.555001
    outer loop
      vertex 5.85518 17.949 12.8
      vertex 7.21214 19.4918 12.9971
      vertex 7.79369 20.4991 13.4484
    endloop
  endfacet
  facet normal 0.588274 -0.588296 0.554834
    outer loop
      vertex 7.21214 19.4918 12.9971
      vertex 5.85518 17.949 12.8
      vertex 6.95822 19.052 12.8
    endloop
  endfacet
  facet normal 0.588229 -0.588283 0.554896
    outer loop
      vertex 8.32884 20.4226 12.8
      vertex 8.5731 21.7893 13.99
      vertex 7.79369 20.4991 13.4484
    endloop
  endfacet
  facet normal 0.58829 -0.58826 0.554856
    outer loop
      vertex 8.5731 21.7893 13.99
      vertex 8.32884 20.4226 12.8
      vertex 8.71292 20.8067 12.8
    endloop
  endfacet
  facet normal -0.608056 0.608111 0.510362
    outer loop
      vertex 12.5596 14.7539 12.8
      vertex 14.5835 15.7789 13.99
      vertex 13.6627 15.8569 12.8
    endloop
  endfacet
  facet normal -0.608065 0.608034 0.510443
    outer loop
      vertex 12.363 14.4134 12.9714
      vertex 14.5835 15.7789 13.99
      vertex 12.5596 14.7539 12.8
    endloop
  endfacet
  facet normal -0.608063 0.608001 0.510484
    outer loop
      vertex 14.5835 15.7789 13.99
      vertex 12.363 14.4134 12.9714
      vertex 12.0941 13.9475 13.206
    endloop
  endfacet
  facet normal -0.60805 0.60805 0.51044
    outer loop
      vertex 11.3567 13.4051 12.9738
      vertex 11.189 13.3833 12.8
      vertex 10.8049 12.9992 12.8
    endloop
  endfacet
  facet normal 0.853448 0.228642 0.468348
    outer loop
      vertex 5.10299 18.3191 13.99
      vertex 5.93458 17.279 12.9824
      vertex 5.85518 17.949 12.8
    endloop
  endfacet
  facet normal 0.853461 0.228708 0.468292
    outer loop
      vertex 5.10299 18.3191 13.99
      vertex 5.75418 16.9665 13.4638
      vertex 5.93458 17.279 12.9824
    endloop
  endfacet
  facet normal 0.853439 0.228681 0.468345
    outer loop
      vertex 5.75418 16.9665 13.4638
      vertex 6.37313 13.5789 13.99
      vertex 6.03745 16.4111 13.2188
    endloop
  endfacet
  facet normal 0.853442 0.228681 0.468339
    outer loop
      vertex 6.37313 13.5789 13.99
      vertex 5.75418 16.9665 13.4638
      vertex 5.10299 18.3191 13.99
    endloop
  endfacet
  facet normal -0.965927 -0.258813 0
    outer loop
      vertex 14.5835 15.7789 13.99
      vertex 13.3134 20.5191 14
      vertex 13.3134 20.5191 13.99
    endloop
  endfacet
  facet normal -0.965927 -0.258813 0
    outer loop
      vertex 13.3134 20.5191 14
      vertex 14.5835 15.7789 13.99
      vertex 14.5835 15.7789 14
    endloop
  endfacet
  facet normal -0.205364 -0.766405 0.608645
    outer loop
      vertex 8.5731 21.7893 13.99
      vertex 11.8487 20.5226 13.5002
      vertex 13.3134 20.5191 13.99
    endloop
  endfacet
  facet normal -0.205357 -0.766393 0.608663
    outer loop
      vertex 11.8487 20.5226 13.5002
      vertex 8.5731 21.7893 13.99
      vertex 11.1702 20.4864 13.2257
    endloop
  endfacet
  facet normal -0.205319 -0.766371 0.608703
    outer loop
      vertex 12.6167 19.7607 12.8
      vertex 11.8487 20.5226 13.5002
      vertex 12.0462 20.0469 12.9679
    endloop
  endfacet
  facet normal -0.20537 -0.766388 0.608664
    outer loop
      vertex 11.8487 20.5226 13.5002
      vertex 12.6167 19.7607 12.8
      vertex 13.3134 20.5191 13.99
    endloop
  endfacet
  facet normal -0.258827 -0.965924 0
    outer loop
      vertex 8.5731 21.7893 13.99
      vertex 13.3134 20.5191 14
      vertex 8.5731 21.7893 14
    endloop
  endfacet
  facet normal -0.258827 -0.965924 -0
    outer loop
      vertex 13.3134 20.5191 14
      vertex 8.5731 21.7893 13.99
      vertex 13.3134 20.5191 13.99
    endloop
  endfacet
  facet normal -0.707117 0.707097 0
    outer loop
      vertex 11.1134 12.3087 13.99
      vertex 14.5835 15.7789 14
      vertex 14.5835 15.7789 13.99
    endloop
  endfacet
  facet normal -0.707117 0.707097 0
    outer loop
      vertex 14.5835 15.7789 14
      vertex 11.1134 12.3087 13.99
      vertex 11.1134 12.3087 14
    endloop
  endfacet
  facet normal -0.205356 -0.766379 0.608681
    outer loop
      vertex 10.118 20.4302 12.8
      vertex 8.5731 21.7893 13.99
      vertex 8.71292 20.8067 12.8
    endloop
  endfacet
  facet normal -0.205335 -0.76637 0.608699
    outer loop
      vertex 8.5731 21.7893 13.99
      vertex 10.118 20.4302 12.8
      vertex 11.1702 20.4864 13.2257
    endloop
  endfacet
  facet normal -0.20521 -0.76626 0.60888
    outer loop
      vertex 12.1085 19.8968 12.8
      vertex 12.6167 19.7607 12.8
      vertex 12.0462 20.0469 12.9679
    endloop
  endfacet
  facet normal 0.232114 0.86623 0.442458
    outer loop
      vertex 11.1134 12.3087 13.99
      vertex 10.8049 12.9992 12.8
      vertex 6.37313 13.5789 13.99
    endloop
  endfacet
  facet normal 0 0 1
    outer loop
      vertex 7.08677 14.4733 12.8
      vertex 6.90118 14.0452 12.8
      vertex 7.40933 13.9091 12.8
    endloop
  endfacet
  facet normal 0 -0 1
    outer loop
      vertex 6.90118 14.0452 12.8
      vertex 7.08677 14.4733 12.8
      vertex 6.5216 15.4618 12.8
    endloop
  endfacet
  facet normal 0 -0 1
    outer loop
      vertex 6.00296 17.3974 12.8
      vertex 6.95822 19.052 12.8
      vertex 5.85518 17.949 12.8
    endloop
  endfacet
  facet normal 0 -0 1
    outer loop
      vertex 10.8049 12.9992 12.8
      vertex 11.189 13.3833 12.8
      vertex 9.39987 13.3757 12.8
    endloop
  endfacet
  facet normal 0 0 1
    outer loop
      vertex 10.118 20.4302 12.8
      vertex 8.71292 20.8067 12.8
      vertex 8.32884 20.4226 12.8
    endloop
  endfacet
  facet normal 0 0 1
    outer loop
      vertex 13.6627 15.8569 12.8
      vertex 13.5149 16.4085 12.8
      vertex 12.5596 14.7539 12.8
    endloop
  endfacet
  facet normal 0 0 1
    outer loop
      vertex 12.9962 18.3441 12.8
      vertex 12.6167 19.7607 12.8
      vertex 12.1085 19.8968 12.8
    endloop
  endfacet
  facet normal 0.707116 -0.707098 0
    outer loop
      vertex 5.10299 18.3191 13.99
      vertex 8.5731 21.7893 14
      vertex 5.10299 18.3191 14
    endloop
  endfacet
  facet normal 0.707116 -0.707098 0
    outer loop
      vertex 8.5731 21.7893 14
      vertex 5.10299 18.3191 13.99
      vertex 8.5731 21.7893 13.99
    endloop
  endfacet
  facet normal 0.258828 0.965923 -0
    outer loop
      vertex 11.1134 12.3087 13.99
      vertex 6.37313 13.5789 14
      vertex 11.1134 12.3087 14
    endloop
  endfacet
  facet normal 0.258828 0.965923 0
    outer loop
      vertex 6.37313 13.5789 14
      vertex 11.1134 12.3087 13.99
      vertex 6.37313 13.5789 13.99
    endloop
  endfacet
  facet normal -0.779955 -0.208946 0.589926
    outer loop
      vertex 13.8568 17.0007 13.462
      vertex 12.6167 19.7607 12.8
      vertex 12.9962 18.3441 12.8
    endloop
  endfacet
  facet normal -0.779998 -0.208999 0.589849
    outer loop
      vertex 14.5835 15.7789 13.99
      vertex 13.5149 16.4085 12.8
      vertex 13.6627 15.8569 12.8
    endloop
  endfacet
  facet normal -0.779915 -0.208913 0.58999
    outer loop
      vertex 13.8568 17.0007 13.462
      vertex 14.5835 15.7789 13.99
      vertex 12.6167 19.7607 12.8
    endloop
  endfacet
  facet normal -0.780001 -0.209031 0.589834
    outer loop
      vertex 13.5149 16.4085 12.8
      vertex 14.5835 15.7789 13.99
      vertex 13.8568 17.0007 13.462
    endloop
  endfacet
  facet normal -0.779997 -0.208994 0.589853
    outer loop
      vertex 14.5835 15.7789 13.99
      vertex 13.3134 20.5191 13.99
      vertex 12.6167 19.7607 12.8
    endloop
  endfacet
  facet normal 0.2321 0.866271 0.442385
    outer loop
      vertex 10.8049 12.9992 12.8
      vertex 7.76772 13.4541 13.5027
      vertex 6.37313 13.5789 13.99
    endloop
  endfacet
  facet normal 0.232116 0.866214 0.442489
    outer loop
      vertex 10.8049 12.9992 12.8
      vertex 8.96216 13.3967 12.9885
      vertex 7.76772 13.4541 13.5027
    endloop
  endfacet
  facet normal 0.232116 0.866214 0.442488
    outer loop
      vertex 8.96216 13.3967 12.9885
      vertex 10.8049 12.9992 12.8
      vertex 9.39987 13.3757 12.8
    endloop
  endfacet
  facet normal 0.232002 0.866213 0.44255
    outer loop
      vertex 6.90118 14.0452 12.8
      vertex 7.76772 13.4541 13.5027
      vertex 7.40933 13.9091 12.8
    endloop
  endfacet
  facet normal 0.232115 0.866242 0.442434
    outer loop
      vertex 7.76772 13.4541 13.5027
      vertex 6.90118 14.0452 12.8
      vertex 6.37313 13.5789 13.99
    endloop
  endfacet
  facet normal 0.853464 0.228673 0.468304
    outer loop
      vertex 6.37313 13.5789 13.99
      vertex 6.5216 15.4618 12.8
      vertex 6.03745 16.4111 13.2188
    endloop
  endfacet
  facet normal 0.853452 0.228684 0.46832
    outer loop
      vertex 6.5216 15.4618 12.8
      vertex 6.37313 13.5789 13.99
      vertex 6.90118 14.0452 12.8
    endloop
  endfacet
  facet normal 0.853438 0.228646 0.468365
    outer loop
      vertex 5.93458 17.279 12.9824
      vertex 6.00296 17.3974 12.8
      vertex 5.85518 17.949 12.8
    endloop
  endfacet
  facet normal 0.965925 0.25882 0
    outer loop
      vertex 6.37313 13.5789 14
      vertex 5.10299 18.3191 13.99
      vertex 5.10299 18.3191 14
    endloop
  endfacet
  facet normal 0.965925 0.25882 0
    outer loop
      vertex 5.10299 18.3191 13.99
      vertex 6.37313 13.5789 14
      vertex 6.37313 13.5789 13.99
    endloop
  endfacet
  facet normal 0.868141 0.496318 0
    outer loop
      vertex 7.76863 13.4556 0.98
      vertex 6.56108 15.5678 0
      vertex 6.56108 15.5678 0.98
    endloop
  endfacet
  facet normal 0.868141 0.496318 0
    outer loop
      vertex 6.56108 15.5678 0
      vertex 7.76863 13.4556 0.98
      vertex 7.76863 13.4556 0
    endloop
  endfacet
  facet normal 0.00427452 -0.999991 0
    outer loop
      vertex 7.7984 17.7109 0
      vertex 10.2314 17.7213 0.98
      vertex 7.7984 17.7109 0.98
    endloop
  endfacet
  facet normal 0.00427452 -0.999991 0
    outer loop
      vertex 10.2314 17.7213 0.98
      vertex 7.7984 17.7109 0
      vertex 10.2314 17.7213 0
    endloop
  endfacet
  facet normal -0.86815 -0.496303 0
    outer loop
      vertex 11.4389 15.6091 0
      vertex 10.2314 17.7213 0.98
      vertex 10.2314 17.7213 0
    endloop
  endfacet
  facet normal -0.86815 -0.496303 0
    outer loop
      vertex 10.2314 17.7213 0.98
      vertex 11.4389 15.6091 0
      vertex 11.4389 15.6091 0.98
    endloop
  endfacet
  facet normal -0.866029 0.499994 0
    outer loop
      vertex 10.2016 13.466 0
      vertex 11.4389 15.6091 0.98
      vertex 11.4389 15.6091 0
    endloop
  endfacet
  facet normal -0.866029 0.499994 0
    outer loop
      vertex 11.4389 15.6091 0.98
      vertex 10.2016 13.466 0
      vertex 10.2016 13.466 0.98
    endloop
  endfacet
  facet normal 0.866025 -0.5 0
    outer loop
      vertex 6.56108 15.5678 0.98
      vertex 7.7984 17.7109 0
      vertex 7.7984 17.7109 0.98
    endloop
  endfacet
  facet normal 0.866025 -0.5 0
    outer loop
      vertex 7.7984 17.7109 0
      vertex 6.56108 15.5678 0.98
      vertex 6.56108 15.5678 0
    endloop
  endfacet
  facet normal -0.00427457 0.999991 0
    outer loop
      vertex 10.2016 13.466 0
      vertex 7.76863 13.4556 0.98
      vertex 10.2016 13.466 0.98
    endloop
  endfacet
  facet normal -0.00427457 0.999991 0
    outer loop
      vertex 7.76863 13.4556 0.98
      vertex 10.2016 13.466 0
      vertex 7.76863 13.4556 0
    endloop
  endfacet
  facet normal 0.501277 0.286581 0.816451
    outer loop
      vertex 6.94205 12.024 1.99
      vertex 7.76863 13.4556 0.98
      vertex 6.56108 15.5678 0.98
    endloop
  endfacet
  facet normal -0.86813 -0.496337 0
    outer loop
      vertex 13.086 15.6056 1.99
      vertex 11.0579 19.1529 2.03
      vertex 11.0579 19.1529 1.99
    endloop
  endfacet
  facet normal -0.86813 -0.496337 0
    outer loop
      vertex 11.0579 19.1529 2.03
      vertex 13.086 15.6056 1.99
      vertex 13.086 15.6056 2.03
    endloop
  endfacet
  facet normal 0.500041 -0.288699 0.816463
    outer loop
      vertex 7.7984 17.7109 0.98
      vertex 6.97183 19.1356 1.99
      vertex 6.56108 15.5678 0.98
    endloop
  endfacet
  facet normal 0.00244473 -0.577417 0.816446
    outer loop
      vertex 10.2314 17.7213 0.98
      vertex 11.0579 19.1529 1.99
      vertex 6.97183 19.1356 1.99
    endloop
  endfacet
  facet normal 0.868138 0.496324 0
    outer loop
      vertex 6.94205 12.024 2.03
      vertex 4.91402 15.5713 1.99
      vertex 4.91402 15.5713 2.03
    endloop
  endfacet
  facet normal 0.868138 0.496324 0
    outer loop
      vertex 4.91402 15.5713 1.99
      vertex 6.94205 12.024 2.03
      vertex 6.94205 12.024 1.99
    endloop
  endfacet
  facet normal -0.866031 0.499991 0
    outer loop
      vertex 11.0282 12.0413 1.99
      vertex 13.086 15.6056 2.03
      vertex 13.086 15.6056 1.99
    endloop
  endfacet
  facet normal -0.866031 0.499991 0
    outer loop
      vertex 13.086 15.6056 2.03
      vertex 11.0282 12.0413 1.99
      vertex 11.0282 12.0413 2.03
    endloop
  endfacet
  facet normal 0.86603 -0.499993 0
    outer loop
      vertex 4.91402 15.5713 2.03
      vertex 6.97183 19.1356 1.99
      vertex 6.97183 19.1356 2.03
    endloop
  endfacet
  facet normal 0.86603 -0.499993 0
    outer loop
      vertex 6.97183 19.1356 1.99
      vertex 4.91402 15.5713 2.03
      vertex 4.91402 15.5713 1.99
    endloop
  endfacet
  facet normal -0.501261 -0.286586 0.816459
    outer loop
      vertex 11.4389 15.6091 0.98
      vertex 13.086 15.6056 1.99
      vertex 11.0579 19.1529 1.99
    endloop
  endfacet
  facet normal -0.500038 0.288693 0.816467
    outer loop
      vertex 11.0282 12.0413 1.99
      vertex 11.4389 15.6091 0.98
      vertex 10.2016 13.466 0.98
    endloop
  endfacet
  facet normal -0 0 -1
    outer loop
      vertex 13.086 15.6056 2.03
      vertex 12.8008 15.1716 2.03
      vertex 13.0535 15.6093 2.03
    endloop
  endfacet
  facet normal 0 0 -1
    outer loop
      vertex 11.0282 12.0413 2.03
      vertex 12.8008 15.1716 2.03
      vertex 13.086 15.6056 2.03
    endloop
  endfacet
  facet normal 0 0 -1
    outer loop
      vertex 11.0282 12.0413 2.03
      vertex 11.0129 12.0749 2.03
      vertex 12.8008 15.1716 2.03
    endloop
  endfacet
  facet normal 0 0 -1
    outer loop
      vertex 11.0282 12.0413 2.03
      vertex 10.6284 12.0733 2.03
      vertex 11.0129 12.0749 2.03
    endloop
  endfacet
  facet normal 0 0 -1
    outer loop
      vertex 6.94205 12.024 2.03
      vertex 10.6284 12.0733 2.03
      vertex 11.0282 12.0413 2.03
    endloop
  endfacet
  facet normal 0 0 -1
    outer loop
      vertex 10.6284 12.0733 2.03
      vertex 6.94205 12.024 2.03
      vertex 6.96152 12.0577 2.03
    endloop
  endfacet
  facet normal 0 0 -1
    outer loop
      vertex 6.94205 12.024 2.03
      vertex 5.14155 15.2411 2.03
      vertex 6.96152 12.0577 2.03
    endloop
  endfacet
  facet normal 0 0 -1
    outer loop
      vertex 4.91402 15.5713 2.03
      vertex 5.14155 15.2411 2.03
      vertex 6.94205 12.024 2.03
    endloop
  endfacet
  facet normal 0 0 -1
    outer loop
      vertex 5.14155 15.2411 2.03
      vertex 4.91402 15.5713 2.03
      vertex 4.95073 15.5749 2.03
    endloop
  endfacet
  facet normal 0 0 -1
    outer loop
      vertex 13.0535 15.6093 2.03
      vertex 11.0579 19.1529 2.03
      vertex 13.086 15.6056 2.03
    endloop
  endfacet
  facet normal 0 0 -1
    outer loop
      vertex 11.0427 19.1265 2.03
      vertex 11.0579 19.1529 2.03
      vertex 13.0535 15.6093 2.03
    endloop
  endfacet
  facet normal 0 0 -1
    outer loop
      vertex 6.99131 19.1093 2.03
      vertex 11.0579 19.1529 2.03
      vertex 11.0427 19.1265 2.03
    endloop
  endfacet
  facet normal 0 0 -1
    outer loop
      vertex 6.99131 19.1093 2.03
      vertex 6.97183 19.1356 2.03
      vertex 11.0579 19.1529 2.03
    endloop
  endfacet
  facet normal 0 0 -1
    outer loop
      vertex 5.15377 15.9266 2.03
      vertex 6.97183 19.1356 2.03
      vertex 6.99131 19.1093 2.03
    endloop
  endfacet
  facet normal 0 0 -1
    outer loop
      vertex 4.91402 15.5713 2.03
      vertex 5.15377 15.9266 2.03
      vertex 4.95073 15.5749 2.03
    endloop
  endfacet
  facet normal -0 0 -1
    outer loop
      vertex 5.15377 15.9266 2.03
      vertex 4.91402 15.5713 2.03
      vertex 6.97183 19.1356 2.03
    endloop
  endfacet
  facet normal -0.00423378 0.999991 0
    outer loop
      vertex 11.0282 12.0413 1.99
      vertex 6.94205 12.024 2.03
      vertex 11.0282 12.0413 2.03
    endloop
  endfacet
  facet normal -0.00423378 0.999991 0
    outer loop
      vertex 6.94205 12.024 2.03
      vertex 11.0282 12.0413 1.99
      vertex 6.94205 12.024 1.99
    endloop
  endfacet
  facet normal 0.50005 -0.288698 0.816458
    outer loop
      vertex 6.56108 15.5678 0.98
      vertex 6.97183 19.1356 1.99
      vertex 4.91402 15.5713 1.99
    endloop
  endfacet
  facet normal 0.50127 0.286582 0.816455
    outer loop
      vertex 6.94205 12.024 1.99
      vertex 6.56108 15.5678 0.98
      vertex 4.91402 15.5713 1.99
    endloop
  endfacet
  facet normal 0.00423386 -0.999991 0
    outer loop
      vertex 6.97183 19.1356 1.99
      vertex 11.0579 19.1529 2.03
      vertex 6.97183 19.1356 2.03
    endloop
  endfacet
  facet normal 0.00423386 -0.999991 0
    outer loop
      vertex 11.0579 19.1529 2.03
      vertex 6.97183 19.1356 1.99
      vertex 11.0579 19.1529 1.99
    endloop
  endfacet
  facet normal 0.00246805 -0.577382 0.816471
    outer loop
      vertex 7.7984 17.7109 0.98
      vertex 10.2314 17.7213 0.98
      vertex 6.97183 19.1356 1.99
    endloop
  endfacet
  facet normal -0.501302 -0.286584 0.816435
    outer loop
      vertex 11.4389 15.6091 0.98
      vertex 11.0579 19.1529 1.99
      vertex 10.2314 17.7213 0.98
    endloop
  endfacet
  facet normal -0.500042 0.288692 0.816465
    outer loop
      vertex 13.086 15.6056 1.99
      vertex 11.4389 15.6091 0.98
      vertex 11.0282 12.0413 1.99
    endloop
  endfacet
  facet normal -0.00244456 0.577391 0.816464
    outer loop
      vertex 11.0282 12.0413 1.99
      vertex 10.2016 13.466 0.98
      vertex 6.94205 12.024 1.99
    endloop
  endfacet
  facet normal -0.00246827 0.577426 0.816439
    outer loop
      vertex 10.2016 13.466 0.98
      vertex 7.76863 13.4556 0.98
      vertex 6.94205 12.024 1.99
    endloop
  endfacet
  facet normal 0.500003 -0.857596 -0.120527
    outer loop
      vertex 0 -11.5115 2.03
      vertex -2.08304 -14.2396 12.8
      vertex -3.5 -13.5521 2.03
    endloop
  endfacet
  facet normal 0.499995 -0.857601 -0.120527
    outer loop
      vertex -3.5 -13.5521 2.03
      vertex -2.08304 -14.2396 12.8
      vertex -3.5 -15.159 13.4638
    endloop
  endfacet
  facet normal 0.500124 -0.857527 -0.120509
    outer loop
      vertex 0 -11.5115 2.03
      vertex -0.409489 -13.2874 12.9677
      vertex -0.537858 -13.3387 12.8
    endloop
  endfacet
  facet normal 0.500009 -0.857592 -0.120525
    outer loop
      vertex -2.08304 -14.2396 12.8
      vertex 0 -11.5115 2.03
      vertex -0.537858 -13.3387 12.8
    endloop
  endfacet
  facet normal 0.499918 -0.857644 -0.120535
    outer loop
      vertex -0.409489 -13.2874 12.9677
      vertex 0 -11.5115 2.03
      vertex 0 -13.1239 13.5027
    endloop
  endfacet
  facet normal -0.500003 -0.857596 -0.120529
    outer loop
      vertex 3.5 -13.5521 2.03
      vertex 1.45268 -13.8721 12.8
      vertex 0 -11.5115 2.03
    endloop
  endfacet
  facet normal -0.500001 -0.857597 -0.120529
    outer loop
      vertex 0.571587 -13.4183 13.2262
      vertex 0 -11.5115 2.03
      vertex 1.45268 -13.8721 12.8
    endloop
  endfacet
  facet normal -0.500012 -0.85759 -0.120528
    outer loop
      vertex 0 -11.5115 2.03
      vertex 0.571587 -13.4183 13.2262
      vertex 0 -13.1239 13.5027
    endloop
  endfacet
  facet normal -0.499981 -0.857609 -0.120525
    outer loop
      vertex 1.45268 -13.8721 12.8
      vertex 3.5 -13.5521 2.03
      vertex 2.99832 -14.7732 12.8
    endloop
  endfacet
  facet normal -0.499859 -0.85768 -0.120528
    outer loop
      vertex 2.99832 -14.7732 12.8
      vertex 3.5 -13.5521 2.03
      vertex 3.13263 -14.8759 12.9738
    endloop
  endfacet
  facet normal -0.500031 -0.85758 -0.120521
    outer loop
      vertex 3.13263 -14.8759 12.9738
      vertex 3.5 -13.5521 2.03
      vertex 3.5 -15.1569 13.4491
    endloop
  endfacet
  facet normal 0.499984 0.857606 0.120528
    outer loop
      vertex -3.5 -17.6333 2.03
      vertex -1.45268 -20.3405 12.8
      vertex 0 -19.6738 2.03
    endloop
  endfacet
  facet normal 0.500018 0.857586 0.120531
    outer loop
      vertex 0 -19.6738 2.03
      vertex -1.45268 -20.3405 12.8
      vertex 0 -21.2859 13.5002
    endloop
  endfacet
  facet normal 0.499946 0.857628 0.120534
    outer loop
      vertex -3.5 -17.6333 2.03
      vertex -3.13288 -19.3854 12.9739
      vertex -2.99832 -19.4394 12.8
    endloop
  endfacet
  facet normal 0.499981 0.857608 0.120529
    outer loop
      vertex -1.45268 -20.3405 12.8
      vertex -3.5 -17.6333 2.03
      vertex -2.99832 -19.4394 12.8
    endloop
  endfacet
  facet normal 0.500078 0.857553 0.120517
    outer loop
      vertex -3.13288 -19.3854 12.9739
      vertex -3.5 -17.6333 2.03
      vertex -3.5 -19.238 13.4484
    endloop
  endfacet
  facet normal -0.500009 0.857592 0.120532
    outer loop
      vertex 2.08304 -19.973 12.8
      vertex 0 -19.6738 2.03
      vertex 0.537858 -20.8739 12.8
    endloop
  endfacet
  facet normal -0.500006 0.857593 0.120532
    outer loop
      vertex 0.537858 -20.8739 12.8
      vertex 0 -19.6738 2.03
      vertex 0 -21.2859 13.5002
    endloop
  endfacet
  facet normal -0.499984 0.857606 0.120528
    outer loop
      vertex 0 -19.6738 2.03
      vertex 2.08304 -19.973 12.8
      vertex 3.5 -17.6333 2.03
    endloop
  endfacet
  facet normal -0.499985 0.857606 0.120528
    outer loop
      vertex 2.97819 -19.5099 13.2182
      vertex 3.5 -17.6333 2.03
      vertex 2.08304 -19.973 12.8
    endloop
  endfacet
  facet normal -0.500043 0.857573 0.120519
    outer loop
      vertex 3.5 -17.6333 2.03
      vertex 2.97819 -19.5099 13.2182
      vertex 3.5 -19.2399 13.462
    endloop
  endfacet
  facet normal 1 -0 0
    outer loop
      vertex -3.5 -15.6566 12.8
      vertex -3.5 -13.5521 2.03
      vertex -3.5 -15.159 13.4638
    endloop
  endfacet
  facet normal 1 0 0
    outer loop
      vertex -3.5 -17.6333 2.03
      vertex -3.5 -15.6566 12.8
      vertex -3.5 -17.5671 12.8
    endloop
  endfacet
  facet normal 1 0 0
    outer loop
      vertex -3.5 -15.6566 12.8
      vertex -3.5 -17.6333 2.03
      vertex -3.5 -13.5521 2.03
    endloop
  endfacet
  facet normal 1 0 0
    outer loop
      vertex -3.5 -18.6133 13.206
      vertex -3.5 -17.6333 2.03
      vertex -3.5 -17.5671 12.8
    endloop
  endfacet
  facet normal 1 0 0
    outer loop
      vertex -3.5 -17.6333 2.03
      vertex -3.5 -18.6133 13.206
      vertex -3.5 -19.238 13.4484
    endloop
  endfacet
  facet normal -1 0 0
    outer loop
      vertex 3.5 -13.5521 2.03
      vertex 3.5 -15.7144 13.206
      vertex 3.5 -15.1569 13.4491
    endloop
  endfacet
  facet normal -1 0 0
    outer loop
      vertex 3.5 -13.5521 2.03
      vertex 3.5 -16.6455 12.8
      vertex 3.5 -15.7144 13.206
    endloop
  endfacet
  facet normal -1 0 0
    outer loop
      vertex 3.5 -17.6333 2.03
      vertex 3.5 -16.6455 12.8
      vertex 3.5 -13.5521 2.03
    endloop
  endfacet
  facet normal -1 0 0
    outer loop
      vertex 3.5 -17.6333 2.03
      vertex 3.5 -18.556 12.8
      vertex 3.5 -16.6455 12.8
    endloop
  endfacet
  facet normal -1 0 0
    outer loop
      vertex 3.5 -17.6333 2.03
      vertex 3.5 -18.7445 12.9824
      vertex 3.5 -18.556 12.8
    endloop
  endfacet
  facet normal -1 -0 -0
    outer loop
      vertex 3.5 -18.7445 12.9824
      vertex 3.5 -17.6333 2.03
      vertex 3.5 -19.2399 13.462
    endloop
  endfacet
  facet normal 0.624775 -0.624799 0.468275
    outer loop
      vertex -1.046 -13.2026 12.8
      vertex -3.5 -15.159 13.4638
      vertex -2.08304 -14.2396 12.8
    endloop
  endfacet
  facet normal 0.62476 -0.624753 0.468356
    outer loop
      vertex -4.74026 -16.0048 13.99
      vertex -3.5 -15.159 13.4638
      vertex -1.046 -13.2026 12.8
    endloop
  endfacet
  facet normal 0.624761 -0.624766 0.468339
    outer loop
      vertex -4.74026 -16.0048 13.99
      vertex -3.5 -15.6566 12.8
      vertex -3.5 -15.159 13.4638
    endloop
  endfacet
  facet normal 0.624744 -0.624806 0.468309
    outer loop
      vertex -3.5 -15.6566 12.8
      vertex -4.74026 -16.0048 13.99
      vertex -3.90374 -16.0603 12.8
    endloop
  endfacet
  facet normal -0.830615 -0.222564 0.510435
    outer loop
      vertex 3.13263 -14.8759 12.9738
      vertex 3.47011 -13.8048 13.99
      vertex 2.85774 -14.2486 12.8
    endloop
  endfacet
  facet normal -0.830621 -0.222556 0.510429
    outer loop
      vertex 3.5 -15.1569 13.4491
      vertex 3.47011 -13.8048 13.99
      vertex 3.13263 -14.8759 12.9738
    endloop
  endfacet
  facet normal -0.830613 -0.22256 0.51044
    outer loop
      vertex 3.5 -15.1569 13.4491
      vertex 4.74026 -18.5451 13.99
      vertex 3.47011 -13.8048 13.99
    endloop
  endfacet
  facet normal -0.830626 -0.222569 0.510416
    outer loop
      vertex 4.74026 -18.5451 13.99
      vertex 3.5 -15.1569 13.4491
      vertex 3.5 -15.7144 13.206
    endloop
  endfacet
  facet normal 0 -0 1
    outer loop
      vertex -3.5 -17.5671 12.8
      vertex -3.5 -15.6566 12.8
      vertex -3.90374 -16.0603 12.8
    endloop
  endfacet
  facet normal 0 0 1
    outer loop
      vertex 3.90374 -18.1523 12.8
      vertex 3.5 -16.6455 12.8
      vertex 3.5 -18.556 12.8
    endloop
  endfacet
  facet normal -0 -0 1
    outer loop
      vertex -2.85774 -19.964 12.8
      vertex -1.45268 -20.3405 12.8
      vertex -2.99832 -19.4394 12.8
    endloop
  endfacet
  facet normal 0 0 1
    outer loop
      vertex -0.537858 -13.3387 12.8
      vertex -1.046 -13.2026 12.8
      vertex -2.08304 -14.2396 12.8
    endloop
  endfacet
  facet normal 0 -0 1
    outer loop
      vertex 1.046 -21.01 12.8
      vertex 2.08304 -19.973 12.8
      vertex 0.537858 -20.8739 12.8
    endloop
  endfacet
  facet normal 0 0 1
    outer loop
      vertex 2.99832 -14.7732 12.8
      vertex 2.85774 -14.2486 12.8
      vertex 1.45268 -13.8721 12.8
    endloop
  endfacet
  facet normal -0.707106 0.707108 0
    outer loop
      vertex 1.27015 -22.0152 13.99
      vertex 4.74026 -18.5451 14
      vertex 4.74026 -18.5451 13.99
    endloop
  endfacet
  facet normal -0.707106 0.707108 0
    outer loop
      vertex 4.74026 -18.5451 14
      vertex 1.27015 -22.0152 13.99
      vertex 1.27015 -22.0152 14
    endloop
  endfacet
  facet normal 0.707106 -0.707108 0
    outer loop
      vertex -4.74026 -16.0048 14
      vertex -1.27015 -12.5347 13.99
      vertex -1.27015 -12.5347 14
    endloop
  endfacet
  facet normal 0.707106 -0.707108 0
    outer loop
      vertex -1.27015 -12.5347 13.99
      vertex -4.74026 -16.0048 14
      vertex -4.74026 -16.0048 13.99
    endloop
  endfacet
  facet normal -0.571008 0.570973 0.589864
    outer loop
      vertex 3.5 -18.7445 12.9824
      vertex 4.74026 -18.5451 13.99
      vertex 3.90374 -18.1523 12.8
    endloop
  endfacet
  facet normal -0.570991 0.571022 0.589833
    outer loop
      vertex 3.5 -19.2399 13.462
      vertex 4.74026 -18.5451 13.99
      vertex 3.5 -18.7445 12.9824
    endloop
  endfacet
  facet normal -0.570988 0.57099 0.589867
    outer loop
      vertex 3.5 -19.2399 13.462
      vertex 1.27015 -22.0152 13.99
      vertex 4.74026 -18.5451 13.99
    endloop
  endfacet
  facet normal -0.571028 0.571011 0.589808
    outer loop
      vertex 1.27015 -22.0152 13.99
      vertex 3.5 -19.2399 13.462
      vertex 2.97819 -19.5099 13.2182
    endloop
  endfacet
  facet normal -0.83062 -0.222561 0.510428
    outer loop
      vertex 4.74026 -18.5451 13.99
      vertex 3.5 -16.6455 12.8
      vertex 3.90374 -18.1523 12.8
    endloop
  endfacet
  facet normal -0.830623 -0.222566 0.510422
    outer loop
      vertex 3.5 -16.6455 12.8
      vertex 4.74026 -18.5451 13.99
      vertex 3.5 -15.7144 13.206
    endloop
  endfacet
  facet normal -0.830643 -0.222592 0.510377
    outer loop
      vertex 2.99832 -14.7732 12.8
      vertex 3.13263 -14.8759 12.9738
      vertex 2.85774 -14.2486 12.8
    endloop
  endfacet
  facet normal 0.25881 0.965928 -0
    outer loop
      vertex 1.27015 -22.0152 13.99
      vertex -3.47011 -20.7451 14
      vertex 1.27015 -22.0152 14
    endloop
  endfacet
  facet normal 0.25881 0.965928 0
    outer loop
      vertex -3.47011 -20.7451 14
      vertex 1.27015 -22.0152 13.99
      vertex -3.47011 -20.7451 13.99
    endloop
  endfacet
  facet normal 0.803586 0.215308 0.55488
    outer loop
      vertex -4.74026 -16.0048 13.99
      vertex -3.5 -19.238 13.4484
      vertex -3.5 -18.6133 13.206
    endloop
  endfacet
  facet normal 0.803597 0.215374 0.554838
    outer loop
      vertex -3.5 -19.238 13.4484
      vertex -2.85774 -19.964 12.8
      vertex -3.13288 -19.3854 12.9739
    endloop
  endfacet
  facet normal 0.803587 0.215338 0.554868
    outer loop
      vertex -3.5 -19.238 13.4484
      vertex -3.47011 -20.7451 13.99
      vertex -2.85774 -19.964 12.8
    endloop
  endfacet
  facet normal 0.803613 0.215326 0.554833
    outer loop
      vertex -3.47011 -20.7451 13.99
      vertex -3.5 -19.238 13.4484
      vertex -4.74026 -16.0048 13.99
    endloop
  endfacet
  facet normal -0.570878 0.570934 0.590028
    outer loop
      vertex 3.90374 -18.1523 12.8
      vertex 3.5 -18.556 12.8
      vertex 3.5 -18.7445 12.9824
    endloop
  endfacet
  facet normal -0.570979 0.570996 0.58987
    outer loop
      vertex 2.08304 -19.973 12.8
      vertex 1.27015 -22.0152 13.99
      vertex 2.97819 -19.5099 13.2182
    endloop
  endfacet
  facet normal -0.570975 0.570997 0.589874
    outer loop
      vertex 1.27015 -22.0152 13.99
      vertex 2.08304 -19.973 12.8
      vertex 1.046 -21.01 12.8
    endloop
  endfacet
  facet normal 0.20534 0.766368 0.608701
    outer loop
      vertex 1.27015 -22.0152 13.99
      vertex -2.85774 -19.964 12.8
      vertex -3.47011 -20.7451 13.99
    endloop
  endfacet
  facet normal 0.8036 0.215321 0.554855
    outer loop
      vertex -4.74026 -16.0048 13.99
      vertex -3.5 -17.5671 12.8
      vertex -3.90374 -16.0603 12.8
    endloop
  endfacet
  facet normal 0.803601 0.215323 0.554853
    outer loop
      vertex -3.5 -17.5671 12.8
      vertex -4.74026 -16.0048 13.99
      vertex -3.5 -18.6133 13.206
    endloop
  endfacet
  facet normal 0.803559 0.215334 0.55491
    outer loop
      vertex -2.85774 -19.964 12.8
      vertex -2.99832 -19.4394 12.8
      vertex -3.13288 -19.3854 12.9739
    endloop
  endfacet
  facet normal -0.232003 -0.866204 0.442566
    outer loop
      vertex -0.537858 -13.3387 12.8
      vertex -0.409489 -13.2874 12.9677
      vertex -1.046 -13.2026 12.8
    endloop
  endfacet
  facet normal -0.232105 -0.866221 0.44248
    outer loop
      vertex 1.45268 -13.8721 12.8
      vertex 3.47011 -13.8048 13.99
      vertex 0.571587 -13.4183 13.2262
    endloop
  endfacet
  facet normal -0.232111 -0.866214 0.44249
    outer loop
      vertex 3.47011 -13.8048 13.99
      vertex 1.45268 -13.8721 12.8
      vertex 2.85774 -14.2486 12.8
    endloop
  endfacet
  facet normal -0.25881 -0.965928 0
    outer loop
      vertex -1.27015 -12.5347 13.99
      vertex 3.47011 -13.8048 14
      vertex -1.27015 -12.5347 14
    endloop
  endfacet
  facet normal -0.25881 -0.965928 -0
    outer loop
      vertex 3.47011 -13.8048 14
      vertex -1.27015 -12.5347 13.99
      vertex 3.47011 -13.8048 13.99
    endloop
  endfacet
  facet normal -0.232103 -0.866253 0.442419
    outer loop
      vertex -1.27015 -12.5347 13.99
      vertex 0 -13.1239 13.5027
      vertex 3.47011 -13.8048 13.99
    endloop
  endfacet
  facet normal -0.232115 -0.866261 0.442397
    outer loop
      vertex -1.27015 -12.5347 13.99
      vertex -0.409489 -13.2874 12.9677
      vertex 0 -13.1239 13.5027
    endloop
  endfacet
  facet normal -0.231989 -0.866246 0.442492
    outer loop
      vertex -0.409489 -13.2874 12.9677
      vertex -1.27015 -12.5347 13.99
      vertex -1.046 -13.2026 12.8
    endloop
  endfacet
  facet normal -0.232105 -0.866219 0.442483
    outer loop
      vertex 3.47011 -13.8048 13.99
      vertex 0 -13.1239 13.5027
      vertex 0.571587 -13.4183 13.2262
    endloop
  endfacet
  facet normal 0.624763 -0.624765 0.468337
    outer loop
      vertex -1.046 -13.2026 12.8
      vertex -1.27015 -12.5347 13.99
      vertex -4.74026 -16.0048 13.99
    endloop
  endfacet
  facet normal -0.965926 -0.258817 0
    outer loop
      vertex 4.74026 -18.5451 13.99
      vertex 3.47011 -13.8048 14
      vertex 3.47011 -13.8048 13.99
    endloop
  endfacet
  facet normal -0.965926 -0.258817 0
    outer loop
      vertex 3.47011 -13.8048 14
      vertex 4.74026 -18.5451 13.99
      vertex 4.74026 -18.5451 14
    endloop
  endfacet
  facet normal 0.205267 0.766384 0.608705
    outer loop
      vertex 0.537858 -20.8739 12.8
      vertex 1.27015 -22.0152 13.99
      vertex 1.046 -21.01 12.8
    endloop
  endfacet
  facet normal 0.205331 0.766392 0.608673
    outer loop
      vertex 1.27015 -22.0152 13.99
      vertex 0.537858 -20.8739 12.8
      vertex 0 -21.2859 13.5002
    endloop
  endfacet
  facet normal 0.205475 0.76651 0.608475
    outer loop
      vertex 0 -21.2859 13.5002
      vertex -2.85774 -19.964 12.8
      vertex 1.27015 -22.0152 13.99
    endloop
  endfacet
  facet normal 0.205356 0.766368 0.608694
    outer loop
      vertex -2.85774 -19.964 12.8
      vertex 0 -21.2859 13.5002
      vertex -1.45268 -20.3405 12.8
    endloop
  endfacet
  facet normal 0.965926 0.258817 0
    outer loop
      vertex -3.47011 -20.7451 14
      vertex -4.74026 -16.0048 13.99
      vertex -4.74026 -16.0048 14
    endloop
  endfacet
  facet normal 0.965926 0.258817 0
    outer loop
      vertex -4.74026 -16.0048 13.99
      vertex -3.47011 -20.7451 14
      vertex -3.47011 -20.7451 13.99
    endloop
  endfacet
  facet normal -0.503663 -0.8639 0
    outer loop
      vertex 0 -13.1257 0
      vertex 2.10185 -14.3511 0.98
      vertex 0 -13.1257 0.98
    endloop
  endfacet
  facet normal -0.503663 -0.8639 -0
    outer loop
      vertex 2.10185 -14.3511 0.98
      vertex 0 -13.1257 0
      vertex 2.10185 -14.3511 0
    endloop
  endfacet
  facet normal -0.503663 0.8639 0
    outer loop
      vertex 2.10185 -16.8258 0
      vertex 0 -18.0512 0.98
      vertex 2.10185 -16.8258 0.98
    endloop
  endfacet
  facet normal -0.503663 0.8639 0
    outer loop
      vertex 0 -18.0512 0.98
      vertex 2.10185 -16.8258 0
      vertex 0 -18.0512 0
    endloop
  endfacet
  facet normal 0.503663 -0.8639 0
    outer loop
      vertex -2.10185 -14.3511 0
      vertex 0 -13.1257 0.98
      vertex -2.10185 -14.3511 0.98
    endloop
  endfacet
  facet normal 0.503663 -0.8639 0
    outer loop
      vertex 0 -13.1257 0.98
      vertex -2.10185 -14.3511 0
      vertex 0 -13.1257 0
    endloop
  endfacet
  facet normal 1 -0 0
    outer loop
      vertex -2.10185 -16.8258 0.98
      vertex -2.10185 -14.3511 0
      vertex -2.10185 -14.3511 0.98
    endloop
  endfacet
  facet normal 1 0 0
    outer loop
      vertex -2.10185 -14.3511 0
      vertex -2.10185 -16.8258 0.98
      vertex -2.10185 -16.8258 0
    endloop
  endfacet
  facet normal 0.503663 0.8639 -0
    outer loop
      vertex 0 -18.0512 0
      vertex -2.10185 -16.8258 0.98
      vertex 0 -18.0512 0.98
    endloop
  endfacet
  facet normal 0.503663 0.8639 0
    outer loop
      vertex -2.10185 -16.8258 0.98
      vertex 0 -18.0512 0
      vertex -2.10185 -16.8258 0
    endloop
  endfacet
  facet normal -1 0 0
    outer loop
      vertex 2.10185 -16.8258 0
      vertex 2.10185 -14.3511 0.98
      vertex 2.10185 -14.3511 0
    endloop
  endfacet
  facet normal -1 -0 0
    outer loop
      vertex 2.10185 -14.3511 0.98
      vertex 2.10185 -16.8258 0
      vertex 2.10185 -16.8258 0.98
    endloop
  endfacet
  facet normal 0.290819 0.49883 0.816451
    outer loop
      vertex 0 -19.7043 1.99
      vertex 0 -18.0512 0.98
      vertex -3.53 -17.6463 1.99
    endloop
  endfacet
  facet normal -0.29082 -0.498824 0.816455
    outer loop
      vertex 2.10185 -14.3511 0.98
      vertex 3.53 -13.5306 1.99
      vertex 0 -13.1257 0.98
    endloop
  endfacet
  facet normal 0.29082 0.498824 0.816455
    outer loop
      vertex 0 -18.0512 0.98
      vertex -2.10185 -16.8258 0.98
      vertex -3.53 -17.6463 1.99
    endloop
  endfacet
  facet normal -0.290819 0.49883 0.816451
    outer loop
      vertex 3.53 -17.6463 1.99
      vertex 0 -18.0512 0.98
      vertex 0 -19.7043 1.99
    endloop
  endfacet
  facet normal 0.29082 -0.498824 0.816455
    outer loop
      vertex -2.10185 -14.3511 0.98
      vertex 0 -13.1257 0.98
      vertex -3.53 -13.5306 1.99
    endloop
  endfacet
  facet normal 0 0 -1
    outer loop
      vertex 3.5 -13.5521 2.03
      vertex 3.53 -17.6463 2.03
      vertex 3.5 -17.6333 2.03
    endloop
  endfacet
  facet normal 0 0 -1
    outer loop
      vertex 0 -19.7043 2.03
      vertex 3.5 -17.6333 2.03
      vertex 3.53 -17.6463 2.03
    endloop
  endfacet
  facet normal 0 0 -1
    outer loop
      vertex 0 -19.7043 2.03
      vertex 0 -19.6738 2.03
      vertex 3.5 -17.6333 2.03
    endloop
  endfacet
  facet normal 0 0 -1
    outer loop
      vertex 0 -19.7043 2.03
      vertex -3.5 -17.6333 2.03
      vertex 0 -19.6738 2.03
    endloop
  endfacet
  facet normal -0 0 -1
    outer loop
      vertex -3.5 -17.6333 2.03
      vertex -3.53 -17.6463 2.03
      vertex -3.5 -13.5521 2.03
    endloop
  endfacet
  facet normal 0 0 -1
    outer loop
      vertex -3.53 -17.6463 2.03
      vertex -3.5 -17.6333 2.03
      vertex 0 -19.7043 2.03
    endloop
  endfacet
  facet normal 0 0 -1
    outer loop
      vertex 3.53 -17.6463 2.03
      vertex 3.5 -13.5521 2.03
      vertex 3.53 -13.5306 2.03
    endloop
  endfacet
  facet normal 0 0 -1
    outer loop
      vertex 0 -11.5115 2.03
      vertex 3.53 -13.5306 2.03
      vertex 3.5 -13.5521 2.03
    endloop
  endfacet
  facet normal 0 0 -1
    outer loop
      vertex 0 -11.5115 2.03
      vertex 0 -11.4725 2.03
      vertex 3.53 -13.5306 2.03
    endloop
  endfacet
  facet normal 0 0 -1
    outer loop
      vertex -3.53 -13.5306 2.03
      vertex 0 -11.5115 2.03
      vertex -3.5 -13.5521 2.03
    endloop
  endfacet
  facet normal -0 0 -1
    outer loop
      vertex 0 -11.5115 2.03
      vertex -3.53 -13.5306 2.03
      vertex 0 -11.4725 2.03
    endloop
  endfacet
  facet normal 0 0 -1
    outer loop
      vertex -3.53 -13.5306 2.03
      vertex -3.5 -13.5521 2.03
      vertex -3.53 -17.6463 2.03
    endloop
  endfacet
  facet normal -0.503658 0.863903 0
    outer loop
      vertex 3.53 -17.6463 1.99
      vertex 0 -19.7043 2.03
      vertex 3.53 -17.6463 2.03
    endloop
  endfacet
  facet normal -0.503658 0.863903 0
    outer loop
      vertex 0 -19.7043 2.03
      vertex 3.53 -17.6463 1.99
      vertex 0 -19.7043 1.99
    endloop
  endfacet
  facet normal 0.290821 -0.498808 0.816464
    outer loop
      vertex 0 -13.1257 0.98
      vertex 0 -11.4725 1.99
      vertex -3.53 -13.5306 1.99
    endloop
  endfacet
  facet normal 0.577406 0 0.816457
    outer loop
      vertex -3.53 -13.5306 1.99
      vertex -2.10185 -16.8258 0.98
      vertex -2.10185 -14.3511 0.98
    endloop
  endfacet
  facet normal 0.577406 0 0.816457
    outer loop
      vertex -2.10185 -16.8258 0.98
      vertex -3.53 -13.5306 1.99
      vertex -3.53 -17.6463 1.99
    endloop
  endfacet
  facet normal -1 0 0
    outer loop
      vertex 3.53 -17.6463 1.99
      vertex 3.53 -13.5306 2.03
      vertex 3.53 -13.5306 1.99
    endloop
  endfacet
  facet normal -1 -0 0
    outer loop
      vertex 3.53 -13.5306 2.03
      vertex 3.53 -17.6463 1.99
      vertex 3.53 -17.6463 2.03
    endloop
  endfacet
  facet normal 0.503658 0.863903 -0
    outer loop
      vertex 0 -19.7043 1.99
      vertex -3.53 -17.6463 2.03
      vertex 0 -19.7043 2.03
    endloop
  endfacet
  facet normal 0.503658 0.863903 0
    outer loop
      vertex -3.53 -17.6463 2.03
      vertex 0 -19.7043 1.99
      vertex -3.53 -17.6463 1.99
    endloop
  endfacet
  facet normal -0.577406 0 0.816457
    outer loop
      vertex 2.10185 -14.3511 0.98
      vertex 3.53 -17.6463 1.99
      vertex 3.53 -13.5306 1.99
    endloop
  endfacet
  facet normal -0.577406 0 0.816457
    outer loop
      vertex 3.53 -17.6463 1.99
      vertex 2.10185 -14.3511 0.98
      vertex 2.10185 -16.8258 0.98
    endloop
  endfacet
  facet normal -0.503676 -0.863892 0
    outer loop
      vertex 0 -11.4725 1.99
      vertex 3.53 -13.5306 2.03
      vertex 0 -11.4725 2.03
    endloop
  endfacet
  facet normal -0.503676 -0.863892 -0
    outer loop
      vertex 3.53 -13.5306 2.03
      vertex 0 -11.4725 1.99
      vertex 3.53 -13.5306 1.99
    endloop
  endfacet
  facet normal -0.290821 -0.498808 0.816464
    outer loop
      vertex 3.53 -13.5306 1.99
      vertex 0 -11.4725 1.99
      vertex 0 -13.1257 0.98
    endloop
  endfacet
  facet normal -0.29082 0.498824 0.816455
    outer loop
      vertex 3.53 -17.6463 1.99
      vertex 2.10185 -16.8258 0.98
      vertex 0 -18.0512 0.98
    endloop
  endfacet
  facet normal 0.503676 -0.863892 0
    outer loop
      vertex -3.53 -13.5306 1.99
      vertex 0 -11.4725 2.03
      vertex -3.53 -13.5306 2.03
    endloop
  endfacet
  facet normal 0.503676 -0.863892 0
    outer loop
      vertex 0 -11.4725 2.03
      vertex -3.53 -13.5306 1.99
      vertex 0 -11.4725 1.99
    endloop
  endfacet
  facet normal 1 -0 0
    outer loop
      vertex -3.53 -17.6463 2.03
      vertex -3.53 -13.5306 1.99
      vertex -3.53 -13.5306 2.03
    endloop
  endfacet
  facet normal 1 0 0
    outer loop
      vertex -3.53 -13.5306 1.99
      vertex -3.53 -17.6463 2.03
      vertex -3.53 -17.6463 1.99
    endloop
  endfacet
  facet normal 0.86497 -0.498174 -0.0604109
    outer loop
      vertex 1.43666 -7.39705 12.8
      vertex 0.457129 -7.79177 2.03
      vertex 2.27823 -4.62983 2.03
    endloop
  endfacet
  facet normal 0.864972 -0.49817 -0.0604113
    outer loop
      vertex 1.11986 -7.94711 12.8
      vertex 0.457129 -7.79177 2.03
      vertex 1.43666 -7.39705 12.8
    endloop
  endfacet
  facet normal 0.864967 -0.49818 -0.0604111
    outer loop
      vertex 0.457129 -7.79177 2.03
      vertex 1.11986 -7.94711 12.8
      vertex 0.856159 -8.48291 13.4428
    endloop
  endfacet
  facet normal -0.00105963 -0.998173 -0.0604113
    outer loop
      vertex 4.07277 -4.941 12.8
      vertex 6.09896 -4.29133 2.03
      vertex 5.31621 -4.94232 12.8
    endloop
  endfacet
  facet normal -0.00104483 -0.998173 -0.0604103
    outer loop
      vertex 6.51931 -4.29177 2.03
      vertex 5.31621 -4.94232 12.8
      vertex 6.09896 -4.29133 2.03
    endloop
  endfacet
  facet normal -0.00105084 -0.998173 -0.0604109
    outer loop
      vertex 5.31621 -4.94232 12.8
      vertex 6.51931 -4.29177 2.03
      vertex 6.91847 -4.98314 13.4466
    endloop
  endfacet
  facet normal -0.00104025 -0.998173 -0.0604115
    outer loop
      vertex 2.47539 -4.2875 2.03
      vertex 3.28304 -4.95098 12.9787
      vertex 2.87489 -4.97946 13.4563
    endloop
  endfacet
  facet normal -0.00107701 -0.998173 -0.0604088
    outer loop
      vertex 2.47539 -4.2875 2.03
      vertex 3.43579 -4.94033 12.8
      vertex 3.28304 -4.95098 12.9787
    endloop
  endfacet
  facet normal -0.00104992 -0.998173 -0.0604112
    outer loop
      vertex 2.47539 -4.2875 2.03
      vertex 4.07277 -4.941 12.8
      vertex 3.43579 -4.94033 12.8
    endloop
  endfacet
  facet normal -0.00105504 -0.998173 -0.0604105
    outer loop
      vertex 4.07277 -4.941 12.8
      vertex 2.47539 -4.2875 2.03
      vertex 6.09896 -4.29133 2.03
    endloop
  endfacet
  facet normal 0.00106165 0.998173 0.0604161
    outer loop
      vertex 6.31942 -11.9562 12.8
      vertex 6.01202 -11.304 2.03
      vertex 4.439 -11.9542 12.8
    endloop
  endfacet
  facet normal 0.00108883 0.998172 0.0604201
    outer loop
      vertex 4.439 -11.9542 12.8
      vertex 6.01202 -11.304 2.03
      vertex 3.94748 -11.966 13.0038
    endloop
  endfacet
  facet normal 0.00116362 0.998173 0.0604132
    outer loop
      vertex 6.01202 -11.304 2.03
      vertex 6.31942 -11.9562 12.8
      vertex 6.52671 -11.3046 2.03
    endloop
  endfacet
  facet normal 0.0010726 0.998173 0.0604115
    outer loop
      vertex 6.52671 -11.3046 2.03
      vertex 6.31942 -11.9562 12.8
      vertex 6.92617 -11.9965 13.4551
    endloop
  endfacet
  facet normal 0.86497 -0.498174 -0.0604108
    outer loop
      vertex 2.56977 -5.4795 13.2111
      vertex 2.47539 -4.2875 2.03
      vertex 2.87489 -4.97946 13.4563
    endloop
  endfacet
  facet normal 0.864971 -0.498172 -0.0604106
    outer loop
      vertex 2.05815 -6.31797 12.8
      vertex 2.47539 -4.2875 2.03
      vertex 2.56977 -5.4795 13.2111
    endloop
  endfacet
  facet normal 0.864973 -0.498169 -0.06041
    outer loop
      vertex 2.47539 -4.2875 2.03
      vertex 2.05815 -6.31797 12.8
      vertex 2.27823 -4.62983 2.03
    endloop
  endfacet
  facet normal 0.86497 -0.498174 -0.0604109
    outer loop
      vertex 2.27823 -4.62983 2.03
      vertex 2.05815 -6.31797 12.8
      vertex 1.43666 -7.39705 12.8
    endloop
  endfacet
  facet normal -0.864981 0.498155 0.060414
    outer loop
      vertex 6.78358 -10.8586 2.03
      vertex 7.69706 -10.5786 12.8
      vertex 8.35931 -9.42869 12.8
    endloop
  endfacet
  facet normal -0.864971 0.498173 0.0604127
    outer loop
      vertex 6.52671 -11.3046 2.03
      vertex 7.69706 -10.5786 12.8
      vertex 6.78358 -10.8586 2.03
    endloop
  endfacet
  facet normal -0.864966 0.49818 0.0604118
    outer loop
      vertex 7.69706 -10.5786 12.8
      vertex 6.52671 -11.3046 2.03
      vertex 6.92617 -11.9965 13.4551
    endloop
  endfacet
  facet normal -0.866026 -0.499999 1.4489e-07
    outer loop
      vertex 8.54497 -7.80032 2.03
      vertex 8.37149 -7.49984 12.9855
      vertex 6.7349 -4.66518 2.03
    endloop
  endfacet
  facet normal -0.866028 -0.499996 1.37705e-08
    outer loop
      vertex 8.54497 -7.80032 2.03
      vertex 8.64772 -7.97829 13.206
      vertex 8.37149 -7.49984 12.9855
    endloop
  endfacet
  facet normal -0.866023 -0.500003 -1.53554e-07
    outer loop
      vertex 8.64772 -7.97829 13.206
      vertex 8.54497 -7.80032 2.03
      vertex 8.94399 -8.49144 13.4425
    endloop
  endfacet
  facet normal 0.866027 0.499998 -2.09604e-07
    outer loop
      vertex 1.61612 -9.79921 12.8
      vertex 0.457129 -7.79177 2.03
      vertex 0.856159 -8.48291 13.4428
    endloop
  endfacet
  facet normal 0.866024 0.500003 1.11123e-06
    outer loop
      vertex 0.457129 -7.79177 2.03
      vertex 1.61612 -9.79921 12.8
      vertex 0.672719 -8.16518 2.03
    endloop
  endfacet
  facet normal 0.866015 0.500018 4.16675e-06
    outer loop
      vertex 0.672719 -8.16518 2.03
      vertex 1.61612 -9.79921 12.8
      vertex 2.2816 -10.9518 12.8
    endloop
  endfacet
  facet normal -0.866024 -0.500003 -6.33794e-07
    outer loop
      vertex 7.18382 -5.44274 12.8
      vertex 6.51931 -4.29177 2.03
      vertex 6.7349 -4.66518 2.03
    endloop
  endfacet
  facet normal -0.866026 -0.5 -1.66312e-07
    outer loop
      vertex 6.51931 -4.29177 2.03
      vertex 7.18382 -5.44274 12.8
      vertex 6.91847 -4.98314 13.4466
    endloop
  endfacet
  facet normal -0.866027 -0.499997 -1.16697e-07
    outer loop
      vertex 6.7349 -4.66518 2.03
      vertex 8.13908 -7.09731 12.8
      vertex 7.18382 -5.44274 12.8
    endloop
  endfacet
  facet normal -0.866016 -0.500017 -5.96607e-06
    outer loop
      vertex 8.13908 -7.09731 12.8
      vertex 6.7349 -4.66518 2.03
      vertex 8.37149 -7.49984 12.9855
    endloop
  endfacet
  facet normal -0.864973 0.49817 0.0604106
    outer loop
      vertex 8.54497 -7.80032 2.03
      vertex 8.72199 -8.82085 12.9803
      vertex 8.94399 -8.49144 13.4425
    endloop
  endfacet
  facet normal -0.864959 0.498193 0.0604126
    outer loop
      vertex 8.54497 -7.80032 2.03
      vertex 8.63535 -8.94941 12.8
      vertex 8.72199 -8.82085 12.9803
    endloop
  endfacet
  facet normal -0.864969 0.498176 0.0604109
    outer loop
      vertex 8.54497 -7.80032 2.03
      vertex 8.35931 -9.42869 12.8
      vertex 8.63535 -8.94941 12.8
    endloop
  endfacet
  facet normal -0.864971 0.498173 0.0604103
    outer loop
      vertex 8.35931 -9.42869 12.8
      vertex 8.54497 -7.80032 2.03
      vertex 6.78358 -10.8586 2.03
    endloop
  endfacet
  facet normal 0.00104783 0.998173 0.060412
    outer loop
      vertex 2.48279 -11.3003 2.03
      vertex 3.45286 -11.9779 13.209
      vertex 3.94748 -11.966 13.0038
    endloop
  endfacet
  facet normal 0.00104647 0.998173 0.0604122
    outer loop
      vertex 2.48279 -11.3003 2.03
      vertex 3.94748 -11.966 13.0038
      vertex 6.01202 -11.304 2.03
    endloop
  endfacet
  facet normal 0.00109229 0.998173 0.0604081
    outer loop
      vertex 3.45286 -11.9779 13.209
      vertex 2.48279 -11.3003 2.03
      vertex 2.88192 -11.9916 13.4457
    endloop
  endfacet
  facet normal 0.866024 0.500002 -1.4094e-06
    outer loop
      vertex 2.2816 -10.9518 12.8
      vertex 2.48279 -11.3003 2.03
      vertex 0.672719 -8.16518 2.03
    endloop
  endfacet
  facet normal 0.866055 0.499948 8.91438e-07
    outer loop
      vertex 2.57139 -11.4538 12.8
      vertex 2.48279 -11.3003 2.03
      vertex 2.2816 -10.9518 12.8
    endloop
  endfacet
  facet normal 0.865948 0.500134 4.42408e-06
    outer loop
      vertex 2.65912 -11.6057 12.9824
      vertex 2.48279 -11.3003 2.03
      vertex 2.57139 -11.4538 12.8
    endloop
  endfacet
  facet normal 0.866025 0.5 -5.56922e-07
    outer loop
      vertex 2.48279 -11.3003 2.03
      vertex 2.65912 -11.6057 12.9824
      vertex 2.88192 -11.9916 13.4457
    endloop
  endfacet
  facet normal 0.616397 -0.616397 0.49001
    outer loop
      vertex 0.179301 -7.25078 13.99
      vertex 2.87489 -4.97946 13.4563
      vertex 3.64941 -3.78067 13.99
    endloop
  endfacet
  facet normal 0.616398 -0.6164 0.490004
    outer loop
      vertex 2.87489 -4.97946 13.4563
      vertex 0.179301 -7.25078 13.99
      vertex 2.56977 -5.4795 13.2111
    endloop
  endfacet
  facet normal 0.616398 -0.616397 0.490008
    outer loop
      vertex 3.28304 -4.95098 12.9787
      vertex 3.64941 -3.78067 13.99
      vertex 2.87489 -4.97946 13.4563
    endloop
  endfacet
  facet normal 0.616367 -0.616408 0.490033
    outer loop
      vertex 3.64941 -3.78067 13.99
      vertex 3.28304 -4.95098 12.9787
      vertex 3.8316 -4.54452 12.8
    endloop
  endfacet
  facet normal 0.616393 -0.616378 0.490039
    outer loop
      vertex 0.179301 -7.25078 13.99
      vertex 2.05815 -6.31797 12.8
      vertex 2.56977 -5.4795 13.2111
    endloop
  endfacet
  facet normal 0.61639 -0.616395 0.490021
    outer loop
      vertex 2.05815 -6.31797 12.8
      vertex 0.179301 -7.25078 13.99
      vertex 0.973862 -7.40225 12.8
    endloop
  endfacet
  facet normal 0.616354 -0.616354 0.490117
    outer loop
      vertex 3.43579 -4.94033 12.8
      vertex 3.8316 -4.54452 12.8
      vertex 3.28304 -4.95098 12.9787
    endloop
  endfacet
  facet normal 0.214064 0.798741 0.562307
    outer loop
      vertex 6.18971 -13.2612 13.99
      vertex 3.94748 -11.966 13.0038
      vertex 3.45286 -11.9779 13.209
    endloop
  endfacet
  facet normal 0.214012 0.798703 0.56238
    outer loop
      vertex 4.439 -11.9542 12.8
      vertex 6.18971 -13.2612 13.99
      vertex 5.92361 -12.352 12.8
    endloop
  endfacet
  facet normal 0.214008 0.798702 0.562384
    outer loop
      vertex 6.18971 -13.2612 13.99
      vertex 4.439 -11.9542 12.8
      vertex 3.94748 -11.966 13.0038
    endloop
  endfacet
  facet normal 0.214062 0.79878 0.562253
    outer loop
      vertex 2.65912 -11.6057 12.9824
      vertex 2.57139 -11.4538 12.8
      vertex 2.01987 -11.306 12.8
    endloop
  endfacet
  facet normal -0.223849 -0.835413 0.501973
    outer loop
      vertex 3.8316 -4.54452 12.8
      vertex 8.38967 -5.05082 13.99
      vertex 3.64941 -3.78067 13.99
    endloop
  endfacet
  facet normal 0.965925 0.258821 0
    outer loop
      vertex 1.44945 -11.991 14
      vertex 0.179301 -7.25078 13.99
      vertex 0.179301 -7.25078 14
    endloop
  endfacet
  facet normal 0.965925 0.258821 0
    outer loop
      vertex 0.179301 -7.25078 13.99
      vertex 1.44945 -11.991 14
      vertex 1.44945 -11.991 13.99
    endloop
  endfacet
  facet normal -0.707108 0.707106 0
    outer loop
      vertex 9.65982 -9.79108 13.99
      vertex 6.18971 -13.2612 14
      vertex 9.65982 -9.79108 14
    endloop
  endfacet
  facet normal -0.707108 0.707106 0
    outer loop
      vertex 6.18971 -13.2612 14
      vertex 9.65982 -9.79108 13.99
      vertex 6.18971 -13.2612 13.99
    endloop
  endfacet
  facet normal -0.57973 0.579728 0.572563
    outer loop
      vertex 9.65982 -9.79108 13.99
      vertex 8.78135 -9.49426 12.8
      vertex 6.18971 -13.2612 13.99
    endloop
  endfacet
  facet normal 0.258829 0.965923 -0
    outer loop
      vertex 6.18971 -13.2612 13.99
      vertex 1.44945 -11.991 14
      vertex 6.18971 -13.2612 14
    endloop
  endfacet
  facet normal 0.258829 0.965923 0
    outer loop
      vertex 1.44945 -11.991 14
      vertex 6.18971 -13.2612 13.99
      vertex 1.44945 -11.991 13.99
    endloop
  endfacet
  facet normal 0.823882 0.22076 0.522
    outer loop
      vertex 1.44945 -11.991 13.99
      vertex 2.01987 -11.306 12.8
      vertex 0.179301 -7.25078 13.99
    endloop
  endfacet
  facet normal -0.965926 -0.258819 0
    outer loop
      vertex 9.65982 -9.79108 13.99
      vertex 8.38967 -5.05082 14
      vertex 8.38967 -5.05082 13.99
    endloop
  endfacet
  facet normal -0.965926 -0.258819 0
    outer loop
      vertex 8.38967 -5.05082 14
      vertex 9.65982 -9.79108 13.99
      vertex 9.65982 -9.79108 14
    endloop
  endfacet
  facet normal -0.258819 -0.965926 0
    outer loop
      vertex 3.64941 -3.78067 13.99
      vertex 8.38967 -5.05082 14
      vertex 3.64941 -3.78067 14
    endloop
  endfacet
  facet normal -0.258819 -0.965926 -0
    outer loop
      vertex 8.38967 -5.05082 14
      vertex 3.64941 -3.78067 13.99
      vertex 8.38967 -5.05082 13.99
    endloop
  endfacet
  facet normal -0.22386 -0.835374 0.502032
    outer loop
      vertex 3.8316 -4.54452 12.8
      vertex 6.91847 -4.98314 13.4466
      vertex 8.38967 -5.05082 13.99
    endloop
  endfacet
  facet normal -0.223851 -0.835422 0.501957
    outer loop
      vertex 6.91847 -4.98314 13.4466
      vertex 3.8316 -4.54452 12.8
      vertex 5.31621 -4.94232 12.8
    endloop
  endfacet
  facet normal -0.223852 -0.835425 0.501952
    outer loop
      vertex 7.73534 -5.59052 12.8
      vertex 6.91847 -4.98314 13.4466
      vertex 7.18382 -5.44274 12.8
    endloop
  endfacet
  facet normal -0.223837 -0.83542 0.501966
    outer loop
      vertex 6.91847 -4.98314 13.4466
      vertex 7.73534 -5.59052 12.8
      vertex 8.38967 -5.05082 13.99
    endloop
  endfacet
  facet normal 0.707107 -0.707107 0
    outer loop
      vertex 0.179301 -7.25078 13.99
      vertex 3.64941 -3.78067 14
      vertex 0.179301 -7.25078 14
    endloop
  endfacet
  facet normal 0.707107 -0.707107 0
    outer loop
      vertex 3.64941 -3.78067 14
      vertex 0.179301 -7.25078 13.99
      vertex 3.64941 -3.78067 13.99
    endloop
  endfacet
  facet normal 0.823879 0.220763 0.522003
    outer loop
      vertex 0.179301 -7.25078 13.99
      vertex 1.11986 -7.94711 12.8
      vertex 0.973862 -7.40225 12.8
    endloop
  endfacet
  facet normal 0.823879 0.220764 0.522002
    outer loop
      vertex 0.179301 -7.25078 13.99
      vertex 0.856159 -8.48291 13.4428
      vertex 1.11986 -7.94711 12.8
    endloop
  endfacet
  facet normal 0.82389 0.220764 0.521985
    outer loop
      vertex 0.856159 -8.48291 13.4428
      vertex 2.01987 -11.306 12.8
      vertex 1.61612 -9.79921 12.8
    endloop
  endfacet
  facet normal 0.823867 0.220745 0.52203
    outer loop
      vertex 2.01987 -11.306 12.8
      vertex 0.856159 -8.48291 13.4428
      vertex 0.179301 -7.25078 13.99
    endloop
  endfacet
  facet normal 0.214021 0.798706 0.562373
    outer loop
      vertex 6.18971 -13.2612 13.99
      vertex 2.88192 -11.9916 13.4457
      vertex 1.44945 -11.991 13.99
    endloop
  endfacet
  facet normal 0.214003 0.798678 0.56242
    outer loop
      vertex 2.88192 -11.9916 13.4457
      vertex 6.18971 -13.2612 13.99
      vertex 3.45286 -11.9779 13.209
    endloop
  endfacet
  facet normal 0.213999 0.798715 0.562368
    outer loop
      vertex 2.01987 -11.306 12.8
      vertex 2.88192 -11.9916 13.4457
      vertex 2.65912 -11.6057 12.9824
    endloop
  endfacet
  facet normal 0.214014 0.798721 0.562355
    outer loop
      vertex 2.88192 -11.9916 13.4457
      vertex 2.01987 -11.306 12.8
      vertex 1.44945 -11.991 13.99
    endloop
  endfacet
  facet normal -0.579826 0.579755 0.572439
    outer loop
      vertex 8.78135 -9.49426 12.8
      vertex 6.92617 -11.9965 13.4551
      vertex 6.18971 -13.2612 13.99
    endloop
  endfacet
  facet normal -0.579755 0.579728 0.572538
    outer loop
      vertex 6.92617 -11.9965 13.4551
      vertex 8.78135 -9.49426 12.8
      vertex 7.69706 -10.5786 12.8
    endloop
  endfacet
  facet normal -0.5797 0.579741 0.572579
    outer loop
      vertex 6.31942 -11.9562 12.8
      vertex 6.18971 -13.2612 13.99
      vertex 6.92617 -11.9965 13.4551
    endloop
  endfacet
  facet normal -0.579719 0.579734 0.572569
    outer loop
      vertex 6.18971 -13.2612 13.99
      vertex 6.31942 -11.9562 12.8
      vertex 5.92361 -12.352 12.8
    endloop
  endfacet
  facet normal -0.810429 -0.217152 0.544105
    outer loop
      vertex 8.13908 -7.09731 12.8
      vertex 8.38967 -5.05082 13.99
      vertex 7.73534 -5.59052 12.8
    endloop
  endfacet
  facet normal -0.810416 -0.217163 0.54412
    outer loop
      vertex 8.37149 -7.49984 12.9855
      vertex 8.38967 -5.05082 13.99
      vertex 8.13908 -7.09731 12.8
    endloop
  endfacet
  facet normal -0.810439 -0.21715 0.544091
    outer loop
      vertex 8.38967 -5.05082 13.99
      vertex 8.37149 -7.49984 12.9855
      vertex 8.64772 -7.97829 13.206
    endloop
  endfacet
  facet normal -0.810348 -0.217144 0.544229
    outer loop
      vertex 8.78135 -9.49426 12.8
      vertex 8.72199 -8.82085 12.9803
      vertex 8.63535 -8.94941 12.8
    endloop
  endfacet
  facet normal -0.810438 -0.21715 0.544092
    outer loop
      vertex 8.94399 -8.49144 13.4425
      vertex 8.38967 -5.05082 13.99
      vertex 8.64772 -7.97829 13.206
    endloop
  endfacet
  facet normal -0.810432 -0.21712 0.544113
    outer loop
      vertex 9.65982 -9.79108 13.99
      vertex 8.72199 -8.82085 12.9803
      vertex 8.78135 -9.49426 12.8
    endloop
  endfacet
  facet normal -0.810421 -0.217152 0.544117
    outer loop
      vertex 8.94399 -8.49144 13.4425
      vertex 9.65982 -9.79108 13.99
      vertex 8.38967 -5.05082 13.99
    endloop
  endfacet
  facet normal -0.810448 -0.217191 0.54406
    outer loop
      vertex 8.72199 -8.82085 12.9803
      vertex 9.65982 -9.79108 13.99
      vertex 8.94399 -8.49144 13.4425
    endloop
  endfacet
  facet normal 0 0 1
    outer loop
      vertex 3.8316 -4.54452 12.8
      vertex 4.07277 -4.941 12.8
      vertex 5.31621 -4.94232 12.8
    endloop
  endfacet
  facet normal 0 0 1
    outer loop
      vertex 4.07277 -4.941 12.8
      vertex 3.8316 -4.54452 12.8
      vertex 3.43579 -4.94033 12.8
    endloop
  endfacet
  facet normal 0 -0 1
    outer loop
      vertex 5.92361 -12.352 12.8
      vertex 6.31942 -11.9562 12.8
      vertex 4.439 -11.9542 12.8
    endloop
  endfacet
  facet normal 0 0 1
    outer loop
      vertex 8.13908 -7.09731 12.8
      vertex 7.73534 -5.59052 12.8
      vertex 7.18382 -5.44274 12.8
    endloop
  endfacet
  facet normal 0 0 1
    outer loop
      vertex 2.2816 -10.9518 12.8
      vertex 2.01987 -11.306 12.8
      vertex 2.57139 -11.4538 12.8
    endloop
  endfacet
  facet normal 0 -0 1
    outer loop
      vertex 2.01987 -11.306 12.8
      vertex 2.2816 -10.9518 12.8
      vertex 1.61612 -9.79921 12.8
    endloop
  endfacet
  facet normal -0 0 1
    outer loop
      vertex 8.35931 -9.42869 12.8
      vertex 8.78135 -9.49426 12.8
      vertex 8.63535 -8.94941 12.8
    endloop
  endfacet
  facet normal 0 0 1
    outer loop
      vertex 8.78135 -9.49426 12.8
      vertex 8.35931 -9.42869 12.8
      vertex 7.69706 -10.5786 12.8
    endloop
  endfacet
  facet normal 0 0 1
    outer loop
      vertex 1.43666 -7.39705 12.8
      vertex 0.973862 -7.40225 12.8
      vertex 1.11986 -7.94711 12.8
    endloop
  endfacet
  facet normal 0 0 1
    outer loop
      vertex 0.973862 -7.40225 12.8
      vertex 1.43666 -7.39705 12.8
      vertex 2.05815 -6.31797 12.8
    endloop
  endfacet
  facet normal -0.00105415 -0.999999 0
    outer loop
      vertex 3.28204 -5.68468 0
      vertex 5.71054 -5.68724 0.98
      vertex 3.28204 -5.68468 0.98
    endloop
  endfacet
  facet normal -0.00105415 -0.999999 -0
    outer loop
      vertex 5.71054 -5.68724 0.98
      vertex 3.28204 -5.68468 0
      vertex 5.71054 -5.68724 0
    endloop
  endfacet
  facet normal -0.866027 -0.499998 0
    outer loop
      vertex 6.92996 -7.79935 0
      vertex 5.71054 -5.68724 0.98
      vertex 5.71054 -5.68724 0
    endloop
  endfacet
  facet normal -0.866027 -0.499998 0
    outer loop
      vertex 5.71054 -5.68724 0.98
      vertex 6.92996 -7.79935 0
      vertex 6.92996 -7.79935 0.98
    endloop
  endfacet
  facet normal -0.866553 0.499085 0
    outer loop
      vertex 5.71794 -9.90376 0
      vertex 6.92996 -7.79935 0.98
      vertex 6.92996 -7.79935 0
    endloop
  endfacet
  facet normal -0.866553 0.499085 0
    outer loop
      vertex 6.92996 -7.79935 0.98
      vertex 5.71794 -9.90376 0
      vertex 5.71794 -9.90376 0.98
    endloop
  endfacet
  facet normal 0.00105415 0.999999 -0
    outer loop
      vertex 5.71794 -9.90376 0
      vertex 3.28944 -9.9012 0.98
      vertex 5.71794 -9.90376 0.98
    endloop
  endfacet
  facet normal 0.00105415 0.999999 0
    outer loop
      vertex 3.28944 -9.9012 0.98
      vertex 5.71794 -9.90376 0
      vertex 3.28944 -9.9012 0
    endloop
  endfacet
  facet normal 0.866553 -0.499085 0
    outer loop
      vertex 2.07002 -7.78909 0.98
      vertex 3.28204 -5.68468 0
      vertex 3.28204 -5.68468 0.98
    endloop
  endfacet
  facet normal 0.866553 -0.499085 0
    outer loop
      vertex 3.28204 -5.68468 0
      vertex 2.07002 -7.78909 0.98
      vertex 2.07002 -7.78909 0
    endloop
  endfacet
  facet normal 0.866027 0.499998 0
    outer loop
      vertex 3.28944 -9.9012 0.98
      vertex 2.07002 -7.78909 0
      vertex 2.07002 -7.78909 0.98
    endloop
  endfacet
  facet normal 0.866027 0.499998 0
    outer loop
      vertex 2.07002 -7.78909 0
      vertex 3.28944 -9.9012 0.98
      vertex 3.28944 -9.9012 0
    endloop
  endfacet
  facet normal 0.000608666 0.5774 0.816461
    outer loop
      vertex 5.71794 -9.90376 0.98
      vertex 3.28944 -9.9012 0.98
      vertex 2.4644 -11.3285 1.99
    endloop
  endfacet
  facet normal 0.500048 0.288701 0.816458
    outer loop
      vertex 2.4644 -11.3285 1.99
      vertex 3.28944 -9.9012 0.98
      vertex 0.421432 -7.78996 1.99
    endloop
  endfacet
  facet normal 0.00105429 0.999999 -0
    outer loop
      vertex 6.54298 -11.3328 1.99
      vertex 2.4644 -11.3285 2.03
      vertex 6.54298 -11.3328 2.03
    endloop
  endfacet
  facet normal 0.00105429 0.999999 0
    outer loop
      vertex 2.4644 -11.3285 2.03
      vertex 6.54298 -11.3328 1.99
      vertex 2.4644 -11.3285 1.99
    endloop
  endfacet
  facet normal 0.500352 -0.288174 0.816458
    outer loop
      vertex 2.07002 -7.78909 0.98
      vertex 3.28204 -5.68468 0.98
      vertex 0.421432 -7.78996 1.99
    endloop
  endfacet
  facet normal -0.866553 0.499086 0
    outer loop
      vertex 6.54298 -11.3328 1.99
      vertex 8.57855 -7.79848 2.03
      vertex 8.57855 -7.79848 1.99
    endloop
  endfacet
  facet normal -0.866553 0.499086 0
    outer loop
      vertex 8.57855 -7.79848 2.03
      vertex 6.54298 -11.3328 1.99
      vertex 6.54298 -11.3328 2.03
    endloop
  endfacet
  facet normal 0.500353 -0.288177 0.816457
    outer loop
      vertex 3.28204 -5.68468 0.98
      vertex 2.457 -4.25566 1.99
      vertex 0.421432 -7.78996 1.99
    endloop
  endfacet
  facet normal 0.500047 0.288701 0.816459
    outer loop
      vertex 3.28944 -9.9012 0.98
      vertex 2.07002 -7.78909 0.98
      vertex 0.421432 -7.78996 1.99
    endloop
  endfacet
  facet normal -0.500049 -0.288704 0.816457
    outer loop
      vertex 8.57855 -7.79848 1.99
      vertex 6.53558 -4.25996 1.99
      vertex 5.71054 -5.68724 0.98
    endloop
  endfacet
  facet normal -0.500047 -0.2887 0.816459
    outer loop
      vertex 6.92996 -7.79935 0.98
      vertex 8.57855 -7.79848 1.99
      vertex 5.71054 -5.68724 0.98
    endloop
  endfacet
  facet normal -0.000608752 -0.577406 0.816457
    outer loop
      vertex 3.28204 -5.68468 0.98
      vertex 6.53558 -4.25996 1.99
      vertex 2.457 -4.25566 1.99
    endloop
  endfacet
  facet normal -0.500351 0.288174 0.816458
    outer loop
      vertex 6.54298 -11.3328 1.99
      vertex 8.57855 -7.79848 1.99
      vertex 5.71794 -9.90376 0.98
    endloop
  endfacet
  facet normal -0.000608671 -0.577406 0.816457
    outer loop
      vertex 5.71054 -5.68724 0.98
      vertex 6.53558 -4.25996 1.99
      vertex 3.28204 -5.68468 0.98
    endloop
  endfacet
  facet normal 0.866552 -0.499087 0
    outer loop
      vertex 0.421432 -7.78996 2.03
      vertex 2.457 -4.25566 1.99
      vertex 2.457 -4.25566 2.03
    endloop
  endfacet
  facet normal 0.866552 -0.499087 0
    outer loop
      vertex 2.457 -4.25566 1.99
      vertex 0.421432 -7.78996 2.03
      vertex 0.421432 -7.78996 1.99
    endloop
  endfacet
  facet normal -0.500351 0.288174 0.816459
    outer loop
      vertex 8.57855 -7.79848 1.99
      vertex 6.92996 -7.79935 0.98
      vertex 5.71794 -9.90376 0.98
    endloop
  endfacet
  facet normal -0.866025 -0.500001 0
    outer loop
      vertex 8.57855 -7.79848 1.99
      vertex 6.53558 -4.25996 2.03
      vertex 6.53558 -4.25996 1.99
    endloop
  endfacet
  facet normal -0.866025 -0.500001 0
    outer loop
      vertex 6.53558 -4.25996 2.03
      vertex 8.57855 -7.79848 1.99
      vertex 8.57855 -7.79848 2.03
    endloop
  endfacet
  facet normal 0 0 -1
    outer loop
      vertex 8.57855 -7.79848 2.03
      vertex 6.78358 -10.8586 2.03
      vertex 8.54497 -7.80032 2.03
    endloop
  endfacet
  facet normal 0 0 -1
    outer loop
      vertex 6.54298 -11.3328 2.03
      vertex 6.78358 -10.8586 2.03
      vertex 8.57855 -7.79848 2.03
    endloop
  endfacet
  facet normal 0 0 -1
    outer loop
      vertex 6.54298 -11.3328 2.03
      vertex 6.52671 -11.3046 2.03
      vertex 6.78358 -10.8586 2.03
    endloop
  endfacet
  facet normal 0 0 -1
    outer loop
      vertex 6.54298 -11.3328 2.03
      vertex 6.01202 -11.304 2.03
      vertex 6.52671 -11.3046 2.03
    endloop
  endfacet
  facet normal 0 0 -1
    outer loop
      vertex 2.4644 -11.3285 2.03
      vertex 6.01202 -11.304 2.03
      vertex 6.54298 -11.3328 2.03
    endloop
  endfacet
  facet normal -0 0 -1
    outer loop
      vertex 6.01202 -11.304 2.03
      vertex 2.4644 -11.3285 2.03
      vertex 2.48279 -11.3003 2.03
    endloop
  endfacet
  facet normal 0 0 -1
    outer loop
      vertex 2.4644 -11.3285 2.03
      vertex 0.672719 -8.16518 2.03
      vertex 2.48279 -11.3003 2.03
    endloop
  endfacet
  facet normal 0 0 -1
    outer loop
      vertex 0.421432 -7.78996 2.03
      vertex 0.672719 -8.16518 2.03
      vertex 2.4644 -11.3285 2.03
    endloop
  endfacet
  facet normal 0 0 -1
    outer loop
      vertex 0.672719 -8.16518 2.03
      vertex 0.421432 -7.78996 2.03
      vertex 0.457129 -7.79177 2.03
    endloop
  endfacet
  facet normal 0 0 -1
    outer loop
      vertex 6.7349 -4.66518 2.03
      vertex 8.57855 -7.79848 2.03
      vertex 8.54497 -7.80032 2.03
    endloop
  endfacet
  facet normal 0 0 -1
    outer loop
      vertex 6.7349 -4.66518 2.03
      vertex 6.53558 -4.25996 2.03
      vertex 8.57855 -7.79848 2.03
    endloop
  endfacet
  facet normal 0 0 -1
    outer loop
      vertex 6.51931 -4.29177 2.03
      vertex 6.53558 -4.25996 2.03
      vertex 6.7349 -4.66518 2.03
    endloop
  endfacet
  facet normal 0 0 -1
    outer loop
      vertex 6.09896 -4.29133 2.03
      vertex 6.53558 -4.25996 2.03
      vertex 6.51931 -4.29177 2.03
    endloop
  endfacet
  facet normal 0 0 -1
    outer loop
      vertex 2.457 -4.25566 2.03
      vertex 6.09896 -4.29133 2.03
      vertex 2.47539 -4.2875 2.03
    endloop
  endfacet
  facet normal 0 0 -1
    outer loop
      vertex 6.09896 -4.29133 2.03
      vertex 2.457 -4.25566 2.03
      vertex 6.53558 -4.25996 2.03
    endloop
  endfacet
  facet normal 0 0 -1
    outer loop
      vertex 2.27823 -4.62983 2.03
      vertex 2.457 -4.25566 2.03
      vertex 2.47539 -4.2875 2.03
    endloop
  endfacet
  facet normal 0 0 -1
    outer loop
      vertex 0.421432 -7.78996 2.03
      vertex 2.27823 -4.62983 2.03
      vertex 0.457129 -7.79177 2.03
    endloop
  endfacet
  facet normal -0 0 -1
    outer loop
      vertex 2.27823 -4.62983 2.03
      vertex 0.421432 -7.78996 2.03
      vertex 2.457 -4.25566 2.03
    endloop
  endfacet
  facet normal 0.000608746 0.5774 0.816461
    outer loop
      vertex 6.54298 -11.3328 1.99
      vertex 5.71794 -9.90376 0.98
      vertex 2.4644 -11.3285 1.99
    endloop
  endfacet
  facet normal 0.866026 0.499998 0
    outer loop
      vertex 2.4644 -11.3285 2.03
      vertex 0.421432 -7.78996 1.99
      vertex 0.421432 -7.78996 2.03
    endloop
  endfacet
  facet normal 0.866026 0.499998 0
    outer loop
      vertex 0.421432 -7.78996 1.99
      vertex 2.4644 -11.3285 2.03
      vertex 2.4644 -11.3285 1.99
    endloop
  endfacet
  facet normal -0.00105429 -0.999999 0
    outer loop
      vertex 2.457 -4.25566 1.99
      vertex 6.53558 -4.25996 2.03
      vertex 2.457 -4.25566 2.03
    endloop
  endfacet
  facet normal -0.00105429 -0.999999 -0
    outer loop
      vertex 6.53558 -4.25996 2.03
      vertex 2.457 -4.25566 1.99
      vertex 6.53558 -4.25996 1.99
    endloop
  endfacet
  facet normal -0.86393 0.499975 0.0604138
    outer loop
      vertex 13.5141 -0.505314 12.8
      vertex 13.0534 0 2.03
      vertex 12.7956 -0.445465 2.03
    endloop
  endfacet
  facet normal -0.863963 0.499919 0.0604126
    outer loop
      vertex 13.0534 0 2.03
      vertex 13.5141 -0.505314 12.8
      vertex 13.8523 0 13.4551
    endloop
  endfacet
  facet normal -0.8639 0.500028 0.0604121
    outer loop
      vertex 12.7956 -0.445465 2.03
      vertex 12.5721 -2.13281 12.8
      vertex 13.5141 -0.505314 12.8
    endloop
  endfacet
  facet normal -0.863946 0.49995 0.0603989
    outer loop
      vertex 12.5721 -2.13281 12.8
      vertex 12.7956 -0.445465 2.03
      vertex 12.3366 -2.56439 13.0038
    endloop
  endfacet
  facet normal 0.863915 0.500002 -0.0604104
    outer loop
      vertex 6.03027 -0.514262 13.2111
      vertex 4.95078 0 2.03
      vertex 5.74978 0 13.4563
    endloop
  endfacet
  facet normal 0.863917 0.499998 -0.0604108
    outer loop
      vertex 6.50059 -1.37657 12.8
      vertex 4.95078 0 2.03
      vertex 6.03027 -0.514262 13.2111
    endloop
  endfacet
  facet normal 0.863915 0.500002 -0.0604109
    outer loop
      vertex 6.97644 -3.5 2.03
      vertex 6.50059 -1.37657 12.8
      vertex 7.44233 -3.00373 12.8
    endloop
  endfacet
  facet normal 0.863926 0.499983 -0.0604105
    outer loop
      vertex 6.97644 -3.5 2.03
      vertex 7.44233 -3.00373 12.8
      vertex 7.53548 -3.1429 12.9803
    endloop
  endfacet
  facet normal 0.863912 0.500007 -0.0604106
    outer loop
      vertex 6.97644 -3.5 2.03
      vertex 7.53548 -3.1429 12.9803
      vertex 7.7745 -3.5 13.4428
    endloop
  endfacet
  facet normal 0.863916 0.5 -0.0604104
    outer loop
      vertex 6.50059 -1.37657 12.8
      vertex 6.97644 -3.5 2.03
      vertex 4.95078 0 2.03
    endloop
  endfacet
  facet normal -0.863912 -0.500006 0.0604093
    outer loop
      vertex 12.7956 0.445465 2.03
      vertex 13.0098 1.37657 12.8
      vertex 12.3451 2.52504 12.8
    endloop
  endfacet
  facet normal -0.863931 -0.499975 0.060407
    outer loop
      vertex 13.0534 0 2.03
      vertex 13.0098 1.37657 12.8
      vertex 12.7956 0.445465 2.03
    endloop
  endfacet
  facet normal -0.863919 -0.499995 0.0604095
    outer loop
      vertex 13.0098 1.37657 12.8
      vertex 13.0534 0 2.03
      vertex 13.8523 0 13.4551
    endloop
  endfacet
  facet normal 0 -1 0
    outer loop
      vertex 11.0278 3.5 2.03
      vertex 8.30546 3.5 12.8
      vertex 6.97644 3.5 2.03
    endloop
  endfacet
  facet normal 0 -1 0
    outer loop
      vertex 6.97644 3.5 2.03
      vertex 8.30546 3.5 12.8
      vertex 7.77476 3.5 13.4466
    endloop
  endfacet
  facet normal 0 -1 0
    outer loop
      vertex 8.30546 3.5 12.8
      vertex 11.0278 3.5 2.03
      vertex 10.216 3.5 12.8
    endloop
  endfacet
  facet normal 0 -1 0
    outer loop
      vertex 10.216 3.5 12.8
      vertex 11.0278 3.5 2.03
      vertex 11.2333 3.5 13.206
    endloop
  endfacet
  facet normal 0 -1 -0
    outer loop
      vertex 11.2333 3.5 13.206
      vertex 11.0278 3.5 2.03
      vertex 11.8258 3.5 13.4425
    endloop
  endfacet
  facet normal -0.863921 0.499991 0.0604078
    outer loop
      vertex 11.0278 -3.5 2.03
      vertex 12.3366 -2.56439 13.0038
      vertex 12.7956 -0.445465 2.03
    endloop
  endfacet
  facet normal -0.863914 0.500003 0.060406
    outer loop
      vertex 12.3366 -2.56439 13.0038
      vertex 11.0278 -3.5 2.03
      vertex 11.826 -3.5 13.4457
    endloop
  endfacet
  facet normal 0.863918 -0.499996 -0.0604106
    outer loop
      vertex 6.93828 2.13281 12.8
      vertex 6.97644 3.5 2.03
      vertex 7.77476 3.5 13.4466
    endloop
  endfacet
  facet normal 0.863914 -0.500004 -0.0604099
    outer loop
      vertex 4.95078 0 2.03
      vertex 6.93828 2.13281 12.8
      vertex 5.99634 0.505314 12.8
    endloop
  endfacet
  facet normal 0.863935 -0.499967 -0.0604137
    outer loop
      vertex 4.95078 0 2.03
      vertex 5.99634 0.505314 12.8
      vertex 5.9292 0.367704 12.9787
    endloop
  endfacet
  facet normal 0.863911 -0.500008 -0.0604102
    outer loop
      vertex 4.95078 0 2.03
      vertex 5.9292 0.367704 12.9787
      vertex 5.74978 0 13.4563
    endloop
  endfacet
  facet normal 0.863916 -0.5 -0.0604111
    outer loop
      vertex 6.93828 2.13281 12.8
      vertex 4.95078 0 2.03
      vertex 6.97644 3.5 2.03
    endloop
  endfacet
  facet normal -0.863891 -0.500044 0.0604061
    outer loop
      vertex 11.0278 3.5 2.03
      vertex 12.0001 3.14304 12.9803
      vertex 11.8258 3.5 13.4425
    endloop
  endfacet
  facet normal -0.863966 -0.499913 0.0604171
    outer loop
      vertex 11.0278 3.5 2.03
      vertex 12.0681 3.00373 12.8
      vertex 12.0001 3.14304 12.9803
    endloop
  endfacet
  facet normal -0.863952 -0.499937 0.0604146
    outer loop
      vertex 11.0278 3.5 2.03
      vertex 12.3451 2.52504 12.8
      vertex 12.0681 3.00373 12.8
    endloop
  endfacet
  facet normal -0.863921 -0.499991 0.060406
    outer loop
      vertex 12.3451 2.52504 12.8
      vertex 11.0278 3.5 2.03
      vertex 12.7956 0.445465 2.03
    endloop
  endfacet
  facet normal 0 1 0
    outer loop
      vertex 11.205 -3.5 12.8
      vertex 11.0278 -3.5 2.03
      vertex 9.29443 -3.5 12.8
    endloop
  endfacet
  facet normal 0 1 0
    outer loop
      vertex 11.0278 -3.5 2.03
      vertex 11.205 -3.5 12.8
      vertex 11.826 -3.5 13.4457
    endloop
  endfacet
  facet normal 0 1 0
    outer loop
      vertex 6.97644 -3.5 2.03
      vertex 8.33442 -3.5 13.206
      vertex 9.29443 -3.5 12.8
    endloop
  endfacet
  facet normal 0 1 0
    outer loop
      vertex 6.97644 -3.5 2.03
      vertex 9.29443 -3.5 12.8
      vertex 11.0278 -3.5 2.03
    endloop
  endfacet
  facet normal 0 1 0
    outer loop
      vertex 8.33442 -3.5 13.206
      vertex 6.97644 -3.5 2.03
      vertex 7.7745 -3.5 13.4428
    endloop
  endfacet
  facet normal 0.611564 -0.611564 0.501976
    outer loop
      vertex 5.85147 1.046 12.8
      vertex 8.56897 4.74026 13.99
      vertex 5.09886 1.27015 13.99
    endloop
  endfacet
  facet normal 0.611521 -0.611553 0.502041
    outer loop
      vertex 5.85147 1.046 12.8
      vertex 7.77476 3.5 13.4466
      vertex 8.56897 4.74026 13.99
    endloop
  endfacet
  facet normal 0.611571 -0.611571 0.501959
    outer loop
      vertex 7.77476 3.5 13.4466
      vertex 5.85147 1.046 12.8
      vertex 6.93828 2.13281 12.8
    endloop
  endfacet
  facet normal 0.611583 -0.611558 0.50196
    outer loop
      vertex 8.30546 3.5 12.8
      vertex 8.56897 4.74026 13.99
      vertex 7.77476 3.5 13.4466
    endloop
  endfacet
  facet normal 0.611565 -0.611565 0.501972
    outer loop
      vertex 8.56897 4.74026 13.99
      vertex 8.30546 3.5 12.8
      vertex 8.7092 3.90374 12.8
    endloop
  endfacet
  facet normal 0.842008 0.225592 0.490031
    outer loop
      vertex 5.09886 1.27015 13.99
      vertex 5.9292 0.367704 12.9787
      vertex 5.85147 1.046 12.8
    endloop
  endfacet
  facet normal 0.842011 0.225611 0.490017
    outer loop
      vertex 5.09886 1.27015 13.99
      vertex 5.74978 0 13.4563
      vertex 5.9292 0.367704 12.9787
    endloop
  endfacet
  facet normal 0.842015 0.225618 0.490008
    outer loop
      vertex 5.74978 0 13.4563
      vertex 6.36901 -3.47011 13.99
      vertex 6.03027 -0.514262 13.2111
    endloop
  endfacet
  facet normal 0.842016 0.225618 0.490007
    outer loop
      vertex 6.36901 -3.47011 13.99
      vertex 5.74978 0 13.4563
      vertex 5.09886 1.27015 13.99
    endloop
  endfacet
  facet normal -0.965923 -0.258829 0
    outer loop
      vertex 14.5794 -1.27015 13.99
      vertex 13.3092 3.47011 14
      vertex 13.3092 3.47011 13.99
    endloop
  endfacet
  facet normal -0.965923 -0.258829 0
    outer loop
      vertex 13.3092 3.47011 14
      vertex 14.5794 -1.27015 13.99
      vertex 14.5794 -1.27015 14
    endloop
  endfacet
  facet normal -0.217154 -0.810423 0.544114
    outer loop
      vertex 8.56897 4.74026 13.99
      vertex 11.8258 3.5 13.4425
      vertex 13.3092 3.47011 13.99
    endloop
  endfacet
  facet normal -0.21717 -0.810446 0.544072
    outer loop
      vertex 11.8258 3.5 13.4425
      vertex 8.56897 4.74026 13.99
      vertex 11.2333 3.5 13.206
    endloop
  endfacet
  facet normal -0.217273 -0.81047 0.543995
    outer loop
      vertex 12.6129 2.85774 12.8
      vertex 11.8258 3.5 13.4425
      vertex 12.0001 3.14304 12.9803
    endloop
  endfacet
  facet normal -0.21715 -0.810429 0.544105
    outer loop
      vertex 11.8258 3.5 13.4425
      vertex 12.6129 2.85774 12.8
      vertex 13.3092 3.47011 13.99
    endloop
  endfacet
  facet normal -0.707108 0.707106 0
    outer loop
      vertex 11.1093 -4.74026 13.99
      vertex 14.5794 -1.27015 14
      vertex 14.5794 -1.27015 13.99
    endloop
  endfacet
  facet normal -0.707108 0.707106 0
    outer loop
      vertex 14.5794 -1.27015 14
      vertex 11.1093 -4.74026 13.99
      vertex 11.1093 -4.74026 14
    endloop
  endfacet
  facet normal -0.21715 -0.810428 0.544107
    outer loop
      vertex 10.216 3.5 12.8
      vertex 8.56897 4.74026 13.99
      vertex 8.7092 3.90374 12.8
    endloop
  endfacet
  facet normal -0.217151 -0.810428 0.544107
    outer loop
      vertex 8.56897 4.74026 13.99
      vertex 10.216 3.5 12.8
      vertex 11.2333 3.5 13.206
    endloop
  endfacet
  facet normal -0.217149 -0.810349 0.544224
    outer loop
      vertex 12.0681 3.00373 12.8
      vertex 12.6129 2.85774 12.8
      vertex 12.0001 3.14304 12.9803
    endloop
  endfacet
  facet normal 0.258818 0.965926 -0
    outer loop
      vertex 11.1093 -4.74026 13.99
      vertex 6.36901 -3.47011 14
      vertex 11.1093 -4.74026 14
    endloop
  endfacet
  facet normal 0.258818 0.965926 0
    outer loop
      vertex 6.36901 -3.47011 14
      vertex 11.1093 -4.74026 13.99
      vertex 6.36901 -3.47011 13.99
    endloop
  endfacet
  facet normal 0 -0 1
    outer loop
      vertex 10.8012 -3.90374 12.8
      vertex 11.205 -3.5 12.8
      vertex 9.29443 -3.5 12.8
    endloop
  endfacet
  facet normal -0 -0 1
    outer loop
      vertex 6.89747 -2.85774 12.8
      vertex 7.44233 -3.00373 12.8
      vertex 6.50059 -1.37657 12.8
    endloop
  endfacet
  facet normal 0 -0 1
    outer loop
      vertex 5.99634 0.505314 12.8
      vertex 6.93828 2.13281 12.8
      vertex 5.85147 1.046 12.8
    endloop
  endfacet
  facet normal 0 0 1
    outer loop
      vertex 10.216 3.5 12.8
      vertex 8.7092 3.90374 12.8
      vertex 8.30546 3.5 12.8
    endloop
  endfacet
  facet normal 0 0 1
    outer loop
      vertex 13.659 -1.046 12.8
      vertex 13.5141 -0.505314 12.8
      vertex 12.5721 -2.13281 12.8
    endloop
  endfacet
  facet normal 0 0 1
    outer loop
      vertex 12.6129 2.85774 12.8
      vertex 12.3451 2.52504 12.8
      vertex 13.0098 1.37657 12.8
    endloop
  endfacet
  facet normal 0 -0 1
    outer loop
      vertex 12.3451 2.52504 12.8
      vertex 12.6129 2.85774 12.8
      vertex 12.0681 3.00373 12.8
    endloop
  endfacet
  facet normal 0.965926 0.258819 0
    outer loop
      vertex 6.36901 -3.47011 14
      vertex 5.09886 1.27015 13.99
      vertex 5.09886 1.27015 14
    endloop
  endfacet
  facet normal 0.965926 0.258819 0
    outer loop
      vertex 5.09886 1.27015 13.99
      vertex 6.36901 -3.47011 14
      vertex 6.36901 -3.47011 13.99
    endloop
  endfacet
  facet normal 0.22076 0.823883 0.521998
    outer loop
      vertex 9.29443 -3.5 12.8
      vertex 11.1093 -4.74026 13.99
      vertex 10.8012 -3.90374 12.8
    endloop
  endfacet
  facet normal 0.22076 0.823883 0.521999
    outer loop
      vertex 11.1093 -4.74026 13.99
      vertex 9.29443 -3.5 12.8
      vertex 8.33442 -3.5 13.206
    endloop
  endfacet
  facet normal 0.220764 0.823931 0.52192
    outer loop
      vertex 7.53548 -3.1429 12.9803
      vertex 7.44233 -3.00373 12.8
      vertex 6.89747 -2.85774 12.8
    endloop
  endfacet
  facet normal -0.58468 0.584767 0.562314
    outer loop
      vertex 11.205 -3.5 12.8
      vertex 10.8012 -3.90374 12.8
      vertex 11.826 -3.5 13.4457
    endloop
  endfacet
  facet normal -0.584679 0.584727 0.562357
    outer loop
      vertex 12.5721 -2.13281 12.8
      vertex 14.5794 -1.27015 13.99
      vertex 13.659 -1.046 12.8
    endloop
  endfacet
  facet normal -0.584689 0.58464 0.562437
    outer loop
      vertex 12.3366 -2.56439 13.0038
      vertex 14.5794 -1.27015 13.99
      vertex 12.5721 -2.13281 12.8
    endloop
  endfacet
  facet normal -0.584694 0.584703 0.562366
    outer loop
      vertex 11.826 -3.5 13.4457
      vertex 14.5794 -1.27015 13.99
      vertex 12.3366 -2.56439 13.0038
    endloop
  endfacet
  facet normal -0.584683 0.584681 0.5624
    outer loop
      vertex 11.826 -3.5 13.4457
      vertex 11.1093 -4.74026 13.99
      vertex 14.5794 -1.27015 13.99
    endloop
  endfacet
  facet normal -0.584693 0.584682 0.562388
    outer loop
      vertex 11.1093 -4.74026 13.99
      vertex 11.826 -3.5 13.4457
      vertex 10.8012 -3.90374 12.8
    endloop
  endfacet
  facet normal -0.791928 -0.212208 0.572554
    outer loop
      vertex 13.8523 0 13.4551
      vertex 12.6129 2.85774 12.8
      vertex 13.0098 1.37657 12.8
    endloop
  endfacet
  facet normal -0.791932 -0.212232 0.57254
    outer loop
      vertex 14.5794 -1.27015 13.99
      vertex 13.5141 -0.505314 12.8
      vertex 13.659 -1.046 12.8
    endloop
  endfacet
  facet normal -0.791901 -0.212186 0.572599
    outer loop
      vertex 13.8523 0 13.4551
      vertex 14.5794 -1.27015 13.99
      vertex 12.6129 2.85774 12.8
    endloop
  endfacet
  facet normal -0.791931 -0.212227 0.572542
    outer loop
      vertex 13.5141 -0.505314 12.8
      vertex 14.5794 -1.27015 13.99
      vertex 13.8523 0 13.4551
    endloop
  endfacet
  facet normal -0.791918 -0.212202 0.57257
    outer loop
      vertex 14.5794 -1.27015 13.99
      vertex 13.3092 3.47011 13.99
      vertex 12.6129 2.85774 12.8
    endloop
  endfacet
  facet normal 0.220756 0.823876 0.522011
    outer loop
      vertex 11.1093 -4.74026 13.99
      vertex 7.7745 -3.5 13.4428
      vertex 6.36901 -3.47011 13.99
    endloop
  endfacet
  facet normal 0.220761 0.823884 0.521996
    outer loop
      vertex 7.7745 -3.5 13.4428
      vertex 11.1093 -4.74026 13.99
      vertex 8.33442 -3.5 13.206
    endloop
  endfacet
  facet normal 0.220696 0.823863 0.522056
    outer loop
      vertex 6.89747 -2.85774 12.8
      vertex 7.7745 -3.5 13.4428
      vertex 7.53548 -3.1429 12.9803
    endloop
  endfacet
  facet normal 0.220752 0.823884 0.522
    outer loop
      vertex 7.7745 -3.5 13.4428
      vertex 6.89747 -2.85774 12.8
      vertex 6.36901 -3.47011 13.99
    endloop
  endfacet
  facet normal 0.841999 0.225622 0.490033
    outer loop
      vertex 6.36901 -3.47011 13.99
      vertex 6.50059 -1.37657 12.8
      vertex 6.03027 -0.514262 13.2111
    endloop
  endfacet
  facet normal 0.842007 0.225616 0.490023
    outer loop
      vertex 6.50059 -1.37657 12.8
      vertex 6.36901 -3.47011 13.99
      vertex 6.89747 -2.85774 12.8
    endloop
  endfacet
  facet normal 0.841984 0.225599 0.49007
    outer loop
      vertex 5.9292 0.367704 12.9787
      vertex 5.99634 0.505314 12.8
      vertex 5.85147 1.046 12.8
    endloop
  endfacet
  facet normal -0.258821 -0.965925 0
    outer loop
      vertex 8.56897 4.74026 13.99
      vertex 13.3092 3.47011 14
      vertex 8.56897 4.74026 14
    endloop
  endfacet
  facet normal -0.258821 -0.965925 -0
    outer loop
      vertex 13.3092 3.47011 14
      vertex 8.56897 4.74026 13.99
      vertex 13.3092 3.47011 13.99
    endloop
  endfacet
  facet normal 0.707107 -0.707107 0
    outer loop
      vertex 5.09886 1.27015 14
      vertex 8.56897 4.74026 13.99
      vertex 8.56897 4.74026 14
    endloop
  endfacet
  facet normal 0.707107 -0.707107 0
    outer loop
      vertex 8.56897 4.74026 13.99
      vertex 5.09886 1.27015 14
      vertex 5.09886 1.27015 13.99
    endloop
  endfacet
  facet normal 0.865494 -0.500919 0
    outer loop
      vertex 6.5641 0 0.98
      vertex 7.78058 2.10185 0
      vertex 7.78058 2.10185 0.98
    endloop
  endfacet
  facet normal 0.865494 -0.500919 0
    outer loop
      vertex 7.78058 2.10185 0
      vertex 6.5641 0 0.98
      vertex 6.5641 0 0
    endloop
  endfacet
  facet normal -0.865491 0.500925 0
    outer loop
      vertex 10.2194 -2.10185 0
      vertex 11.4359 0 0.98
      vertex 11.4359 0 0
    endloop
  endfacet
  facet normal -0.865491 0.500925 0
    outer loop
      vertex 11.4359 0 0.98
      vertex 10.2194 -2.10185 0
      vertex 10.2194 -2.10185 0.98
    endloop
  endfacet
  facet normal 0.865494 0.500919 0
    outer loop
      vertex 7.78058 -2.10185 0.98
      vertex 6.5641 0 0
      vertex 6.5641 0 0.98
    endloop
  endfacet
  facet normal 0.865494 0.500919 0
    outer loop
      vertex 6.5641 0 0
      vertex 7.78058 -2.10185 0.98
      vertex 7.78058 -2.10185 0
    endloop
  endfacet
  facet normal 0 1 -0
    outer loop
      vertex 10.2194 -2.10185 0
      vertex 7.78058 -2.10185 0.98
      vertex 10.2194 -2.10185 0.98
    endloop
  endfacet
  facet normal 0 1 0
    outer loop
      vertex 7.78058 -2.10185 0.98
      vertex 10.2194 -2.10185 0
      vertex 7.78058 -2.10185 0
    endloop
  endfacet
  facet normal 0 -1 0
    outer loop
      vertex 7.78058 2.10185 0
      vertex 10.2194 2.10185 0.98
      vertex 7.78058 2.10185 0.98
    endloop
  endfacet
  facet normal 0 -1 -0
    outer loop
      vertex 10.2194 2.10185 0.98
      vertex 7.78058 2.10185 0
      vertex 10.2194 2.10185 0
    endloop
  endfacet
  facet normal -0.865491 -0.500925 0
    outer loop
      vertex 11.4359 0 0
      vertex 10.2194 2.10185 0.98
      vertex 10.2194 2.10185 0
    endloop
  endfacet
  facet normal -0.865491 -0.500925 0
    outer loop
      vertex 10.2194 2.10185 0.98
      vertex 11.4359 0 0
      vertex 11.4359 0 0.98
    endloop
  endfacet
  facet normal -0.865499 -0.500911 0
    outer loop
      vertex 13.086 0 1.99
      vertex 11.043 3.53 2.03
      vertex 11.043 3.53 1.99
    endloop
  endfacet
  facet normal -0.865499 -0.500911 0
    outer loop
      vertex 11.043 3.53 2.03
      vertex 13.086 0 1.99
      vertex 13.086 0 2.03
    endloop
  endfacet
  facet normal -0.865499 0.500911 0
    outer loop
      vertex 11.043 -3.53 1.99
      vertex 13.086 0 2.03
      vertex 13.086 0 1.99
    endloop
  endfacet
  facet normal -0.865499 0.500911 0
    outer loop
      vertex 13.086 0 2.03
      vertex 11.043 -3.53 1.99
      vertex 11.043 -3.53 2.03
    endloop
  endfacet
  facet normal 0.499741 -0.289231 0.816458
    outer loop
      vertex 6.5641 0 0.98
      vertex 6.95703 3.53 1.99
      vertex 4.914 0 1.99
    endloop
  endfacet
  facet normal 0.865496 0.500916 0
    outer loop
      vertex 6.95703 -3.53 2.03
      vertex 4.914 0 1.99
      vertex 4.914 0 2.03
    endloop
  endfacet
  facet normal 0.865496 0.500916 0
    outer loop
      vertex 4.914 0 1.99
      vertex 6.95703 -3.53 2.03
      vertex 6.95703 -3.53 1.99
    endloop
  endfacet
  facet normal 0 1 -0
    outer loop
      vertex 11.043 -3.53 1.99
      vertex 6.95703 -3.53 2.03
      vertex 11.043 -3.53 2.03
    endloop
  endfacet
  facet normal 0 1 0
    outer loop
      vertex 6.95703 -3.53 2.03
      vertex 11.043 -3.53 1.99
      vertex 6.95703 -3.53 1.99
    endloop
  endfacet
  facet normal 0.865496 -0.500916 0
    outer loop
      vertex 4.914 0 2.03
      vertex 6.95703 3.53 1.99
      vertex 6.95703 3.53 2.03
    endloop
  endfacet
  facet normal 0.865496 -0.500916 0
    outer loop
      vertex 6.95703 3.53 1.99
      vertex 4.914 0 2.03
      vertex 4.914 0 1.99
    endloop
  endfacet
  facet normal -0.499724 -0.289228 0.81647
    outer loop
      vertex 11.4359 0 0.98
      vertex 11.043 3.53 1.99
      vertex 10.2194 2.10185 0.98
    endloop
  endfacet
  facet normal -0.499724 0.289228 0.81647
    outer loop
      vertex 11.043 -3.53 1.99
      vertex 11.4359 0 0.98
      vertex 10.2194 -2.10185 0.98
    endloop
  endfacet
  facet normal -0 0 -1
    outer loop
      vertex 13.086 0 2.03
      vertex 12.7956 -0.445465 2.03
      vertex 13.0534 0 2.03
    endloop
  endfacet
  facet normal 0 0 -1
    outer loop
      vertex 11.043 -3.53 2.03
      vertex 12.7956 -0.445465 2.03
      vertex 13.086 0 2.03
    endloop
  endfacet
  facet normal 0 0 -1
    outer loop
      vertex 11.043 -3.53 2.03
      vertex 11.0278 -3.5 2.03
      vertex 12.7956 -0.445465 2.03
    endloop
  endfacet
  facet normal 0 0 -1
    outer loop
      vertex 11.043 -3.53 2.03
      vertex 6.97644 -3.5 2.03
      vertex 11.0278 -3.5 2.03
    endloop
  endfacet
  facet normal 0 0 -1
    outer loop
      vertex 6.95703 -3.53 2.03
      vertex 6.97644 -3.5 2.03
      vertex 11.043 -3.53 2.03
    endloop
  endfacet
  facet normal 0 0 -1
    outer loop
      vertex 6.95703 -3.53 2.03
      vertex 4.95078 0 2.03
      vertex 6.97644 -3.5 2.03
    endloop
  endfacet
  facet normal -0 -0 -1
    outer loop
      vertex 4.95078 0 2.03
      vertex 6.95703 -3.53 2.03
      vertex 4.914 0 2.03
    endloop
  endfacet
  facet normal 0 0 -1
    outer loop
      vertex 12.7956 0.445465 2.03
      vertex 13.086 0 2.03
      vertex 13.0534 0 2.03
    endloop
  endfacet
  facet normal 0 0 -1
    outer loop
      vertex 12.7956 0.445465 2.03
      vertex 11.043 3.53 2.03
      vertex 13.086 0 2.03
    endloop
  endfacet
  facet normal 0 0 -1
    outer loop
      vertex 11.0278 3.5 2.03
      vertex 11.043 3.53 2.03
      vertex 12.7956 0.445465 2.03
    endloop
  endfacet
  facet normal 0 0 -1
    outer loop
      vertex 6.97644 3.5 2.03
      vertex 11.043 3.53 2.03
      vertex 11.0278 3.5 2.03
    endloop
  endfacet
  facet normal 0 0 -1
    outer loop
      vertex 6.97644 3.5 2.03
      vertex 6.95703 3.53 2.03
      vertex 11.043 3.53 2.03
    endloop
  endfacet
  facet normal 0 0 -1
    outer loop
      vertex 4.95078 0 2.03
      vertex 6.95703 3.53 2.03
      vertex 6.97644 3.5 2.03
    endloop
  endfacet
  facet normal 0 0 -1
    outer loop
      vertex 6.95703 3.53 2.03
      vertex 4.95078 0 2.03
      vertex 4.914 0 2.03
    endloop
  endfacet
  facet normal 0 -1 0
    outer loop
      vertex 6.95703 3.53 1.99
      vertex 11.043 3.53 2.03
      vertex 6.95703 3.53 2.03
    endloop
  endfacet
  facet normal 0 -1 -0
    outer loop
      vertex 11.043 3.53 2.03
      vertex 6.95703 3.53 1.99
      vertex 11.043 3.53 1.99
    endloop
  endfacet
  facet normal -0 0.577406 0.816457
    outer loop
      vertex 7.78058 -2.10185 0.98
      vertex 11.043 -3.53 1.99
      vertex 10.2194 -2.10185 0.98
    endloop
  endfacet
  facet normal 0 0.577406 0.816457
    outer loop
      vertex 11.043 -3.53 1.99
      vertex 7.78058 -2.10185 0.98
      vertex 6.95703 -3.53 1.99
    endloop
  endfacet
  facet normal 0.499741 0.289231 0.816458
    outer loop
      vertex 6.95703 -3.53 1.99
      vertex 6.5641 0 0.98
      vertex 4.914 0 1.99
    endloop
  endfacet
  facet normal 0.499738 0.289231 0.81646
    outer loop
      vertex 6.95703 -3.53 1.99
      vertex 7.78058 -2.10185 0.98
      vertex 6.5641 0 0.98
    endloop
  endfacet
  facet normal 0 -0.577406 0.816457
    outer loop
      vertex 11.043 3.53 1.99
      vertex 7.78058 2.10185 0.98
      vertex 10.2194 2.10185 0.98
    endloop
  endfacet
  facet normal 0 -0.577406 0.816457
    outer loop
      vertex 7.78058 2.10185 0.98
      vertex 11.043 3.53 1.99
      vertex 6.95703 3.53 1.99
    endloop
  endfacet
  facet normal -0.499742 -0.289227 0.816459
    outer loop
      vertex 11.4359 0 0.98
      vertex 13.086 0 1.99
      vertex 11.043 3.53 1.99
    endloop
  endfacet
  facet normal -0.499742 0.289227 0.816459
    outer loop
      vertex 13.086 0 1.99
      vertex 11.4359 0 0.98
      vertex 11.043 -3.53 1.99
    endloop
  endfacet
  facet normal 0.499738 -0.289231 0.81646
    outer loop
      vertex 7.78058 2.10185 0.98
      vertex 6.95703 3.53 1.99
      vertex 6.5641 0 0.98
    endloop
  endfacet
  facet normal 0.499991 -0.866031 -3.75694e-06
    outer loop
      vertex 13.5208 11.8477 2.03
      vertex 12.6654 11.3538 12.8
      vertex 13.0831 11.595 2.03
    endloop
  endfacet
  facet normal 0.499828 -0.866125 -1.21767e-05
    outer loop
      vertex 13.0831 11.595 2.03
      vertex 12.6654 11.3538 12.8
      vertex 12.3249 11.1573 12.9714
    endloop
  endfacet
  facet normal 0.500006 -0.866022 -2.10527e-06
    outer loop
      vertex 12.6654 11.3538 12.8
      vertex 13.5208 11.8477 2.03
      vertex 14.32 12.3091 12.8
    endloop
  endfacet
  facet normal 0.499924 -0.866069 6.03139e-06
    outer loop
      vertex 14.32 12.3091 12.8
      vertex 13.5208 11.8477 2.03
      vertex 14.9123 12.651 13.462
    endloop
  endfacet
  facet normal 0.492696 0.861814 -0.120527
    outer loop
      vertex 13.3734 5.31583 12.8
      vertex 13.4865 3.74496 2.03
      vertex 11.8206 6.20356 12.8
    endloop
  endfacet
  facet normal 0.492709 0.861807 -0.120526
    outer loop
      vertex 14.3227 4.83167 13.2188
      vertex 13.4865 3.74496 2.03
      vertex 13.3734 5.31583 12.8
    endloop
  endfacet
  facet normal 0.4927 0.861812 -0.120526
    outer loop
      vertex 13.4865 3.74496 2.03
      vertex 14.3227 4.83167 13.2188
      vertex 14.8781 4.54841 13.4638
    endloop
  endfacet
  facet normal 0.492651 0.861841 -0.120521
    outer loop
      vertex 9.96925 5.75575 2.03
      vertex 11.712 6.28909 12.9677
      vertex 11.8206 6.20356 12.8
    endloop
  endfacet
  facet normal 0.492694 0.861815 -0.120527
    outer loop
      vertex 9.96925 5.75575 2.03
      vertex 11.8206 6.20356 12.8
      vertex 13.4865 3.74496 2.03
    endloop
  endfacet
  facet normal 0.492701 0.861811 -0.120527
    outer loop
      vertex 11.712 6.28909 12.9677
      vertex 9.96925 5.75575 2.03
      vertex 11.3656 6.56195 13.5027
    endloop
  endfacet
  facet normal -0.992701 0.00420018 0.120532
    outer loop
      vertex 17.038 9.83692 2.03
      vertex 18.3979 9.96441 13.2257
      vertex 18.4341 10.6429 13.5002
    endloop
  endfacet
  facet normal -0.992702 0.00416489 0.120523
    outer loop
      vertex 18.3417 8.9122 12.8
      vertex 17.038 9.83692 2.03
      vertex 17.0356 9.26488 2.03
    endloop
  endfacet
  facet normal -0.9927 0.00425738 0.120531
    outer loop
      vertex 17.038 9.83692 2.03
      vertex 18.3417 8.9122 12.8
      vertex 18.3979 9.96441 13.2257
    endloop
  endfacet
  facet normal -0.992702 0.00417186 0.120524
    outer loop
      vertex 18.3417 8.9122 12.8
      vertex 17.0356 9.26488 2.03
      vertex 18.3363 7.62726 12.8
    endloop
  endfacet
  facet normal -0.992701 0.00422263 0.120531
    outer loop
      vertex 17.0208 5.78554 2.03
      vertex 18.3363 7.62726 12.8
      vertex 17.0356 9.26488 2.03
    endloop
  endfacet
  facet normal -0.992699 0.00413461 0.120546
    outer loop
      vertex 18.3363 7.62726 12.8
      vertex 17.0208 5.78554 2.03
      vertex 18.3342 7.12306 12.8
    endloop
  endfacet
  facet normal -0.992701 0.00430882 0.120525
    outer loop
      vertex 18.3342 7.12306 12.8
      vertex 17.0208 5.78554 2.03
      vertex 18.4106 6.58792 13.4484
    endloop
  endfacet
  facet normal 0.992701 -0.00431798 -0.120521
    outer loop
      vertex 11.3166 10.1509 12.9738
      vertex 9.98645 9.80713 2.03
      vertex 11.3763 10.6096 13.4491
    endloop
  endfacet
  facet normal 0.992701 -0.0041352 -0.120527
    outer loop
      vertex 11.2948 9.98323 12.8
      vertex 9.98645 9.80713 2.03
      vertex 11.3166 10.1509 12.9738
    endloop
  endfacet
  facet normal 0.992701 -0.00421685 -0.120525
    outer loop
      vertex 11.2872 8.19409 12.8
      vertex 9.98645 9.80713 2.03
      vertex 11.2948 9.98323 12.8
    endloop
  endfacet
  facet normal 0.9927 -0.0041621 -0.120537
    outer loop
      vertex 9.96925 5.75575 2.03
      vertex 11.2872 8.19409 12.8
      vertex 11.3348 7.20415 13.2262
    endloop
  endfacet
  facet normal 0.992701 -0.00428061 -0.120522
    outer loop
      vertex 9.96925 5.75575 2.03
      vertex 11.3348 7.20415 13.2262
      vertex 11.3656 6.56195 13.5027
    endloop
  endfacet
  facet normal 0.992701 -0.00421448 -0.120525
    outer loop
      vertex 11.2872 8.19409 12.8
      vertex 9.96925 5.75575 2.03
      vertex 9.98645 9.80713 2.03
    endloop
  endfacet
  facet normal -0.49999 0.866031 6.49849e-08
    outer loop
      vertex 17.0208 5.78554 2.03
      vertex 17.4033 6.00637 12.9971
      vertex 18.4106 6.58792 13.4484
    endloop
  endfacet
  facet normal -0.500001 0.866025 5.80799e-07
    outer loop
      vertex 17.4033 6.00637 12.9971
      vertex 17.0208 5.78554 2.03
      vertex 13.8381 3.948 2.03
    endloop
  endfacet
  facet normal -0.492663 -0.861831 0.120538
    outer loop
      vertex 17.038 9.83692 2.03
      vertex 16.2556 11.7905 12.8
      vertex 16.5414 10.1208 2.03
    endloop
  endfacet
  facet normal -0.492625 -0.861853 0.120543
    outer loop
      vertex 16.5414 10.1208 2.03
      vertex 16.2556 11.7905 12.8
      vertex 15.756 12.1105 13.0462
    endloop
  endfacet
  facet normal -0.492725 -0.861797 0.120528
    outer loop
      vertex 16.2556 11.7905 12.8
      vertex 17.038 9.83692 2.03
      vertex 17.8084 10.9027 12.8
    endloop
  endfacet
  facet normal -0.492352 -0.862012 0.120522
    outer loop
      vertex 17.8084 10.9027 12.8
      vertex 17.038 9.83692 2.03
      vertex 17.9584 10.8405 12.9679
    endloop
  endfacet
  facet normal -0.492833 -0.861735 0.120537
    outer loop
      vertex 17.9584 10.8405 12.9679
      vertex 17.038 9.83692 2.03
      vertex 18.4341 10.6429 13.5002
    endloop
  endfacet
  facet normal 0.499944 -0.866058 1.2037e-05
    outer loop
      vertex 9.98645 9.80713 2.03
      vertex 11.8591 10.8883 13.206
      vertex 11.3763 10.6096 13.4491
    endloop
  endfacet
  facet normal 0.50009 -0.865973 -2.05351e-05
    outer loop
      vertex 9.98645 9.80713 2.03
      vertex 12.3249 11.1573 12.9714
      vertex 11.8591 10.8883 13.206
    endloop
  endfacet
  facet normal 0.500004 -0.866023 4.07248e-06
    outer loop
      vertex 12.3249 11.1573 12.9714
      vertex 9.98645 9.80713 2.03
      vertex 13.0831 11.595 2.03
    endloop
  endfacet
  facet normal -0.492702 -0.861811 0.120529
    outer loop
      vertex 13.5208 11.8477 2.03
      vertex 15.756 12.1105 13.0462
      vertex 14.9123 12.651 13.462
    endloop
  endfacet
  facet normal -0.492703 -0.86181 0.120529
    outer loop
      vertex 15.756 12.1105 13.0462
      vertex 13.5208 11.8477 2.03
      vertex 16.5414 10.1208 2.03
    endloop
  endfacet
  facet normal -0.500013 0.866018 5.20414e-06
    outer loop
      vertex 16.9635 5.75245 12.8
      vertex 13.8381 3.948 2.03
      vertex 15.309 4.79719 12.8
    endloop
  endfacet
  facet normal -0.500002 0.866024 9.36928e-07
    outer loop
      vertex 13.8381 3.948 2.03
      vertex 16.9635 5.75245 12.8
      vertex 17.4033 6.00637 12.9971
    endloop
  endfacet
  facet normal -0.499844 0.866115 -3.59143e-05
    outer loop
      vertex 13.4865 3.74496 2.03
      vertex 15.1905 4.72881 12.9824
      vertex 15.309 4.79719 12.8
    endloop
  endfacet
  facet normal -0.500081 0.865979 1.74562e-05
    outer loop
      vertex 13.4865 3.74496 2.03
      vertex 15.309 4.79719 12.8
      vertex 13.8381 3.948 2.03
    endloop
  endfacet
  facet normal -0.500063 0.865989 9.56667e-06
    outer loop
      vertex 15.1905 4.72881 12.9824
      vertex 13.4865 3.74496 2.03
      vertex 14.8781 4.54841 13.4638
    endloop
  endfacet
  facet normal 0.608031 -0.608053 0.51046
    outer loop
      vertex 13.6904 13.3777 13.99
      vertex 11.3763 10.6096 13.4491
      vertex 11.8591 10.8883 13.206
    endloop
  endfacet
  facet normal 0.608068 -0.608071 0.510395
    outer loop
      vertex 10.2203 9.90762 13.99
      vertex 11.3763 10.6096 13.4491
      vertex 13.6904 13.3777 13.99
    endloop
  endfacet
  facet normal 0.608067 -0.608042 0.51043
    outer loop
      vertex 10.2203 9.90762 13.99
      vertex 11.3166 10.1509 12.9738
      vertex 11.3763 10.6096 13.4491
    endloop
  endfacet
  facet normal 0.608047 -0.60809 0.510398
    outer loop
      vertex 11.3166 10.1509 12.9738
      vertex 10.2203 9.90762 13.99
      vertex 10.9107 9.59915 12.8
    endloop
  endfacet
  facet normal 0.228675 0.853433 0.468358
    outer loop
      vertex 16.2307 3.89721 13.99
      vertex 14.8781 4.54841 13.4638
      vertex 11.4904 5.16736 13.99
    endloop
  endfacet
  facet normal 0.22873 0.853471 0.468262
    outer loop
      vertex 16.2307 3.89721 13.99
      vertex 15.1905 4.72881 12.9824
      vertex 14.8781 4.54841 13.4638
    endloop
  endfacet
  facet normal 0.228641 0.853453 0.46834
    outer loop
      vertex 15.1905 4.72881 12.9824
      vertex 16.2307 3.89721 13.99
      vertex 15.8605 4.64941 12.8
    endloop
  endfacet
  facet normal 0.228674 0.853447 0.468334
    outer loop
      vertex 11.4904 5.16736 13.99
      vertex 14.8781 4.54841 13.4638
      vertex 14.3227 4.83167 13.2188
    endloop
  endfacet
  facet normal 0.608062 -0.608093 0.510376
    outer loop
      vertex 11.2948 9.98323 12.8
      vertex 11.3166 10.1509 12.9738
      vertex 10.9107 9.59915 12.8
    endloop
  endfacet
  facet normal 0.608164 -0.608088 0.51026
    outer loop
      vertex 12.3249 11.1573 12.9714
      vertex 13.6904 13.3777 13.99
      vertex 11.8591 10.8883 13.206
    endloop
  endfacet
  facet normal 0.607922 -0.608077 0.510561
    outer loop
      vertex 12.6654 11.3538 12.8
      vertex 13.6904 13.3777 13.99
      vertex 12.3249 11.1573 12.9714
    endloop
  endfacet
  facet normal 0.608061 -0.608061 0.510414
    outer loop
      vertex 13.6904 13.3777 13.99
      vertex 12.6654 11.3538 12.8
      vertex 13.7685 12.4569 12.8
    endloop
  endfacet
  facet normal -0.965929 -0.258809 0
    outer loop
      vertex 19.7008 7.36732 13.99
      vertex 18.4307 12.1076 14
      vertex 18.4307 12.1076 13.99
    endloop
  endfacet
  facet normal -0.965929 -0.258809 0
    outer loop
      vertex 18.4307 12.1076 14
      vertex 19.7008 7.36732 13.99
      vertex 19.7008 7.36732 14
    endloop
  endfacet
  facet normal -0.208988 -0.779991 0.589863
    outer loop
      vertex 17.6722 11.4109 12.8
      vertex 18.4307 12.1076 13.99
      vertex 13.6904 13.3777 13.99
    endloop
  endfacet
  facet normal -0.707108 0.707106 0
    outer loop
      vertex 19.7008 7.36732 13.99
      vertex 16.2307 3.89721 14
      vertex 19.7008 7.36732 14
    endloop
  endfacet
  facet normal -0.707108 0.707106 0
    outer loop
      vertex 16.2307 3.89721 14
      vertex 19.7008 7.36732 13.99
      vertex 16.2307 3.89721 13.99
    endloop
  endfacet
  facet normal -0.209038 -0.780001 0.589831
    outer loop
      vertex 14.32 12.3091 12.8
      vertex 13.6904 13.3777 13.99
      vertex 13.7685 12.4569 12.8
    endloop
  endfacet
  facet normal -0.209008 -0.779999 0.589845
    outer loop
      vertex 13.6904 13.3777 13.99
      vertex 14.32 12.3091 12.8
      vertex 14.9123 12.651 13.462
    endloop
  endfacet
  facet normal -0.208965 -0.779968 0.589901
    outer loop
      vertex 14.9123 12.651 13.462
      vertex 17.6722 11.4109 12.8
      vertex 13.6904 13.3777 13.99
    endloop
  endfacet
  facet normal -0.208986 -0.779992 0.589862
    outer loop
      vertex 15.756 12.1105 13.0462
      vertex 17.6722 11.4109 12.8
      vertex 14.9123 12.651 13.462
    endloop
  endfacet
  facet normal -0.209034 -0.780079 0.589731
    outer loop
      vertex 17.6722 11.4109 12.8
      vertex 15.756 12.1105 13.0462
      vertex 16.2556 11.7905 12.8
    endloop
  endfacet
  facet normal 0.258817 0.965926 -0
    outer loop
      vertex 16.2307 3.89721 13.99
      vertex 11.4904 5.16736 14
      vertex 16.2307 3.89721 14
    endloop
  endfacet
  facet normal 0.258817 0.965926 0
    outer loop
      vertex 11.4904 5.16736 14
      vertex 16.2307 3.89721 13.99
      vertex 11.4904 5.16736 13.99
    endloop
  endfacet
  facet normal 0 -0 1
    outer loop
      vertex 15.8605 4.64941 12.8
      vertex 16.9635 5.75245 12.8
      vertex 15.309 4.79719 12.8
    endloop
  endfacet
  facet normal -0 -0 1
    outer loop
      vertex 11.9567 5.69541 12.8
      vertex 13.3734 5.31583 12.8
      vertex 11.8206 6.20356 12.8
    endloop
  endfacet
  facet normal 0 -0 1
    outer loop
      vertex 11.2872 8.19409 12.8
      vertex 11.2948 9.98323 12.8
      vertex 10.9107 9.59915 12.8
    endloop
  endfacet
  facet normal 0 0 1
    outer loop
      vertex 14.32 12.3091 12.8
      vertex 13.7685 12.4569 12.8
      vertex 12.6654 11.3538 12.8
    endloop
  endfacet
  facet normal -0 0 1
    outer loop
      vertex 18.3363 7.62726 12.8
      vertex 18.7182 7.50714 12.8
      vertex 18.3417 8.9122 12.8
    endloop
  endfacet
  facet normal 0 0 1
    outer loop
      vertex 18.7182 7.50714 12.8
      vertex 18.3363 7.62726 12.8
      vertex 18.3342 7.12306 12.8
    endloop
  endfacet
  facet normal 0 0 1
    outer loop
      vertex 17.8084 10.9027 12.8
      vertex 17.6722 11.4109 12.8
      vertex 16.2556 11.7905 12.8
    endloop
  endfacet
  facet normal 0.707105 -0.707109 0
    outer loop
      vertex 10.2203 9.90762 14
      vertex 13.6904 13.3777 13.99
      vertex 13.6904 13.3777 14
    endloop
  endfacet
  facet normal 0.707105 -0.707109 0
    outer loop
      vertex 13.6904 13.3777 13.99
      vertex 10.2203 9.90762 14
      vertex 10.2203 9.90762 13.99
    endloop
  endfacet
  facet normal 0.965928 0.25881 0
    outer loop
      vertex 11.4904 5.16736 14
      vertex 10.2203 9.90762 13.99
      vertex 10.2203 9.90762 14
    endloop
  endfacet
  facet normal 0.965928 0.25881 0
    outer loop
      vertex 10.2203 9.90762 13.99
      vertex 11.4904 5.16736 14
      vertex 11.4904 5.16736 13.99
    endloop
  endfacet
  facet normal 0.228669 0.853369 0.468479
    outer loop
      vertex 15.8605 4.64941 12.8
      vertex 15.309 4.79719 12.8
      vertex 15.1905 4.72881 12.9824
    endloop
  endfacet
  facet normal 0.228671 0.853456 0.468319
    outer loop
      vertex 13.3734 5.31583 12.8
      vertex 11.4904 5.16736 13.99
      vertex 14.3227 4.83167 13.2188
    endloop
  endfacet
  facet normal 0.228669 0.853458 0.468317
    outer loop
      vertex 11.4904 5.16736 13.99
      vertex 13.3734 5.31583 12.8
      vertex 11.9567 5.69541 12.8
    endloop
  endfacet
  facet normal -0.588286 0.588285 0.554834
    outer loop
      vertex 19.7008 7.36732 13.99
      vertex 18.4106 6.58792 13.4484
      vertex 16.2307 3.89721 13.99
    endloop
  endfacet
  facet normal -0.588283 0.588253 0.554871
    outer loop
      vertex 18.7182 7.50714 12.8
      vertex 18.4106 6.58792 13.4484
      vertex 19.7008 7.36732 13.99
    endloop
  endfacet
  facet normal -0.588358 0.588235 0.55481
    outer loop
      vertex 18.4106 6.58792 13.4484
      vertex 18.7182 7.50714 12.8
      vertex 18.3342 7.12306 12.8
    endloop
  endfacet
  facet normal -0.588239 0.588261 0.554908
    outer loop
      vertex 17.4033 6.00637 12.9971
      vertex 16.2307 3.89721 13.99
      vertex 18.4106 6.58792 13.4484
    endloop
  endfacet
  facet normal -0.588295 0.588264 0.554847
    outer loop
      vertex 16.9635 5.75245 12.8
      vertex 16.2307 3.89721 13.99
      vertex 17.4033 6.00637 12.9971
    endloop
  endfacet
  facet normal -0.588286 0.588265 0.554854
    outer loop
      vertex 16.2307 3.89721 13.99
      vertex 16.9635 5.75245 12.8
      vertex 15.8605 4.64941 12.8
    endloop
  endfacet
  facet normal -0.766378 -0.205359 0.608681
    outer loop
      vertex 19.7008 7.36732 13.99
      vertex 18.3417 8.9122 12.8
      vertex 18.7182 7.50714 12.8
    endloop
  endfacet
  facet normal -0.766368 -0.205334 0.608702
    outer loop
      vertex 18.3417 8.9122 12.8
      vertex 19.7008 7.36732 13.99
      vertex 18.3979 9.96441 13.2257
    endloop
  endfacet
  facet normal -0.766418 -0.205404 0.608616
    outer loop
      vertex 17.8084 10.9027 12.8
      vertex 17.9584 10.8405 12.9679
      vertex 17.6722 11.4109 12.8
    endloop
  endfacet
  facet normal -0.76639 -0.205377 0.608659
    outer loop
      vertex 18.4341 10.6429 13.5002
      vertex 17.6722 11.4109 12.8
      vertex 17.9584 10.8405 12.9679
    endloop
  endfacet
  facet normal -0.766375 -0.205329 0.608695
    outer loop
      vertex 17.6722 11.4109 12.8
      vertex 18.4341 10.6429 13.5002
      vertex 18.4307 12.1076 13.99
    endloop
  endfacet
  facet normal -0.766356 -0.205336 0.608717
    outer loop
      vertex 18.4341 10.6429 13.5002
      vertex 19.7008 7.36732 13.99
      vertex 18.4307 12.1076 13.99
    endloop
  endfacet
  facet normal -0.766394 -0.205359 0.608661
    outer loop
      vertex 19.7008 7.36732 13.99
      vertex 18.4341 10.6429 13.5002
      vertex 18.3979 9.96441 13.2257
    endloop
  endfacet
  facet normal 0.86621 0.232071 0.442519
    outer loop
      vertex 10.2203 9.90762 13.99
      vertex 11.3656 6.56195 13.5027
      vertex 11.3348 7.20415 13.2262
    endloop
  endfacet
  facet normal 0.866221 0.232035 0.442516
    outer loop
      vertex 11.3656 6.56195 13.5027
      vertex 11.9567 5.69541 12.8
      vertex 11.712 6.28909 12.9677
    endloop
  endfacet
  facet normal 0.866242 0.232115 0.442434
    outer loop
      vertex 11.3656 6.56195 13.5027
      vertex 11.4904 5.16736 13.99
      vertex 11.9567 5.69541 12.8
    endloop
  endfacet
  facet normal 0.866261 0.232105 0.442401
    outer loop
      vertex 11.4904 5.16736 13.99
      vertex 11.3656 6.56195 13.5027
      vertex 10.2203 9.90762 13.99
    endloop
  endfacet
  facet normal 0.866185 0.231994 0.442608
    outer loop
      vertex 11.9567 5.69541 12.8
      vertex 11.8206 6.20356 12.8
      vertex 11.712 6.28909 12.9677
    endloop
  endfacet
  facet normal 0.866255 0.232122 0.442403
    outer loop
      vertex 10.2203 9.90762 13.99
      vertex 11.2872 8.19409 12.8
      vertex 10.9107 9.59915 12.8
    endloop
  endfacet
  facet normal 0.866255 0.232121 0.442404
    outer loop
      vertex 11.2872 8.19409 12.8
      vertex 10.2203 9.90762 13.99
      vertex 11.3348 7.20415 13.2262
    endloop
  endfacet
  facet normal -0.258808 -0.965929 0
    outer loop
      vertex 13.6904 13.3777 13.99
      vertex 18.4307 12.1076 14
      vertex 13.6904 13.3777 14
    endloop
  endfacet
  facet normal -0.258808 -0.965929 -0
    outer loop
      vertex 18.4307 12.1076 14
      vertex 13.6904 13.3777 13.99
      vertex 18.4307 12.1076 13.99
    endloop
  endfacet
  facet normal -0.496306 -0.868148 0
    outer loop
      vertex 13.5206 10.2331 0
      vertex 15.6328 9.02559 0.98
      vertex 13.5206 10.2331 0.98
    endloop
  endfacet
  facet normal -0.496306 -0.868148 -0
    outer loop
      vertex 15.6328 9.02559 0.98
      vertex 13.5206 10.2331 0
      vertex 15.6328 9.02559 0
    endloop
  endfacet
  facet normal 0.499988 -0.866032 0
    outer loop
      vertex 11.3775 8.99582 0
      vertex 13.5206 10.2331 0.98
      vertex 11.3775 8.99582 0.98
    endloop
  endfacet
  facet normal 0.499988 -0.866032 0
    outer loop
      vertex 13.5206 10.2331 0.98
      vertex 11.3775 8.99582 0
      vertex 13.5206 10.2331 0
    endloop
  endfacet
  facet normal -0.999991 0.00423347 0
    outer loop
      vertex 15.6225 6.59262 0
      vertex 15.6328 9.02559 0.98
      vertex 15.6328 9.02559 0
    endloop
  endfacet
  facet normal -0.999991 0.00423347 0
    outer loop
      vertex 15.6328 9.02559 0.98
      vertex 15.6225 6.59262 0
      vertex 15.6225 6.59262 0.98
    endloop
  endfacet
  facet normal 0.999991 -0.00423347 0
    outer loop
      vertex 11.3672 6.56285 0.98
      vertex 11.3775 8.99582 0
      vertex 11.3775 8.99582 0.98
    endloop
  endfacet
  facet normal 0.999991 -0.00423347 0
    outer loop
      vertex 11.3775 8.99582 0
      vertex 11.3672 6.56285 0.98
      vertex 11.3672 6.56285 0
    endloop
  endfacet
  facet normal 0.496318 0.868141 -0
    outer loop
      vertex 13.4794 5.3553 0
      vertex 11.3672 6.56285 0.98
      vertex 13.4794 5.3553 0.98
    endloop
  endfacet
  facet normal 0.496318 0.868141 0
    outer loop
      vertex 11.3672 6.56285 0.98
      vertex 13.4794 5.3553 0
      vertex 11.3672 6.56285 0
    endloop
  endfacet
  facet normal -0.5 0.866025 0
    outer loop
      vertex 15.6225 6.59262 0
      vertex 13.4794 5.3553 0.98
      vertex 15.6225 6.59262 0.98
    endloop
  endfacet
  facet normal -0.5 0.866025 0
    outer loop
      vertex 13.4794 5.3553 0.98
      vertex 15.6225 6.59262 0
      vertex 13.4794 5.3553 0
    endloop
  endfacet
  facet normal 0.288698 -0.500056 0.816454
    outer loop
      vertex 11.3775 8.99582 0.98
      vertex 13.5206 10.2331 0.98
      vertex 9.95287 9.82239 1.99
    endloop
  endfacet
  facet normal -0.999991 0.0042583 0
    outer loop
      vertex 17.0471 5.76607 1.99
      vertex 17.0645 9.85217 2.03
      vertex 17.0645 9.85217 1.99
    endloop
  endfacet
  facet normal -0.999991 0.0042583 0
    outer loop
      vertex 17.0645 9.85217 2.03
      vertex 17.0471 5.76607 1.99
      vertex 17.0471 5.76607 2.03
    endloop
  endfacet
  facet normal -0.288708 0.50005 0.816454
    outer loop
      vertex 13.4829 3.70825 1.99
      vertex 17.0471 5.76607 1.99
      vertex 13.4794 5.3553 0.98
    endloop
  endfacet
  facet normal 0.999991 -0.00424604 0
    outer loop
      vertex 9.93552 5.73627 2.03
      vertex 9.95287 9.82239 1.99
      vertex 9.95287 9.82239 2.03
    endloop
  endfacet
  facet normal 0.999991 -0.00424604 0
    outer loop
      vertex 9.95287 9.82239 1.99
      vertex 9.93552 5.73627 2.03
      vertex 9.93552 5.73627 1.99
    endloop
  endfacet
  facet normal -0.28657 -0.501264 0.816464
    outer loop
      vertex 13.5206 10.2331 0.98
      vertex 17.0645 9.85217 1.99
      vertex 13.5171 11.8802 1.99
    endloop
  endfacet
  facet normal 0.288699 -0.500041 0.816463
    outer loop
      vertex 13.5206 10.2331 0.98
      vertex 13.5171 11.8802 1.99
      vertex 9.95287 9.82239 1.99
    endloop
  endfacet
  facet normal 0.286576 0.501274 0.816455
    outer loop
      vertex 13.4829 3.70825 1.99
      vertex 13.4794 5.3553 0.98
      vertex 9.93552 5.73627 1.99
    endloop
  endfacet
  facet normal 0.5 -0.866025 0
    outer loop
      vertex 9.95287 9.82239 1.99
      vertex 13.5171 11.8802 2.03
      vertex 9.95287 9.82239 2.03
    endloop
  endfacet
  facet normal 0.5 -0.866025 0
    outer loop
      vertex 13.5171 11.8802 2.03
      vertex 9.95287 9.82239 1.99
      vertex 13.5171 11.8802 1.99
    endloop
  endfacet
  facet normal 0.57741 -0.00244447 0.816451
    outer loop
      vertex 11.3672 6.56285 0.98
      vertex 11.3775 8.99582 0.98
      vertex 9.95287 9.82239 1.99
    endloop
  endfacet
  facet normal -0.577396 0.00245875 0.816461
    outer loop
      vertex 17.0471 5.76607 1.99
      vertex 17.0645 9.85217 1.99
      vertex 15.6328 9.02559 0.98
    endloop
  endfacet
  facet normal -0.496313 -0.868144 0
    outer loop
      vertex 13.5171 11.8802 1.99
      vertex 17.0645 9.85217 2.03
      vertex 13.5171 11.8802 2.03
    endloop
  endfacet
  facet normal -0.496313 -0.868144 -0
    outer loop
      vertex 17.0645 9.85217 2.03
      vertex 13.5171 11.8802 1.99
      vertex 17.0645 9.85217 1.99
    endloop
  endfacet
  facet normal 0.496313 0.868143 -0
    outer loop
      vertex 13.4829 3.70825 1.99
      vertex 9.93552 5.73627 2.03
      vertex 13.4829 3.70825 2.03
    endloop
  endfacet
  facet normal 0.496313 0.868143 0
    outer loop
      vertex 9.93552 5.73627 2.03
      vertex 13.4829 3.70825 1.99
      vertex 9.93552 5.73627 1.99
    endloop
  endfacet
  facet normal -0.500005 0.866022 0
    outer loop
      vertex 17.0471 5.76607 1.99
      vertex 13.4829 3.70825 2.03
      vertex 17.0471 5.76607 2.03
    endloop
  endfacet
  facet normal -0.500005 0.866022 0
    outer loop
      vertex 13.4829 3.70825 2.03
      vertex 17.0471 5.76607 1.99
      vertex 13.4829 3.70825 1.99
    endloop
  endfacet
  facet normal 0.286576 0.501268 0.816459
    outer loop
      vertex 13.4794 5.3553 0.98
      vertex 11.3672 6.56285 0.98
      vertex 9.93552 5.73627 1.99
    endloop
  endfacet
  facet normal 0.577399 -0.00245168 0.816459
    outer loop
      vertex 11.3672 6.56285 0.98
      vertex 9.95287 9.82239 1.99
      vertex 9.93552 5.73627 1.99
    endloop
  endfacet
  facet normal -0.288708 0.500056 0.81645
    outer loop
      vertex 17.0471 5.76607 1.99
      vertex 15.6225 6.59262 0.98
      vertex 13.4794 5.3553 0.98
    endloop
  endfacet
  facet normal -0.577418 0.0024445 0.816445
    outer loop
      vertex 17.0471 5.76607 1.99
      vertex 15.6328 9.02559 0.98
      vertex 15.6225 6.59262 0.98
    endloop
  endfacet
  facet normal -0.286569 -0.501272 0.816458
    outer loop
      vertex 15.6328 9.02559 0.98
      vertex 17.0645 9.85217 1.99
      vertex 13.5206 10.2331 0.98
    endloop
  endfacet
  facet normal 0 0 -1
    outer loop
      vertex 17.0645 9.85217 2.03
      vertex 17.0356 9.26488 2.03
      vertex 17.038 9.83692 2.03
    endloop
  endfacet
  facet normal 0 0 -1
    outer loop
      vertex 17.0471 5.76607 2.03
      vertex 17.0208 5.78554 2.03
      vertex 17.0356 9.26488 2.03
    endloop
  endfacet
  facet normal -0 0 -1
    outer loop
      vertex 17.0471 5.76607 2.03
      vertex 13.8381 3.948 2.03
      vertex 17.0208 5.78554 2.03
    endloop
  endfacet
  facet normal 0 0 -1
    outer loop
      vertex 13.4829 3.70825 2.03
      vertex 13.8381 3.948 2.03
      vertex 17.0471 5.76607 2.03
    endloop
  endfacet
  facet normal 0 0 -1
    outer loop
      vertex 13.8381 3.948 2.03
      vertex 13.4829 3.70825 2.03
      vertex 13.4865 3.74496 2.03
    endloop
  endfacet
  facet normal 0 0 -1
    outer loop
      vertex 13.4829 3.70825 2.03
      vertex 9.96925 5.75575 2.03
      vertex 13.4865 3.74496 2.03
    endloop
  endfacet
  facet normal -0 0 -1
    outer loop
      vertex 9.96925 5.75575 2.03
      vertex 9.93552 5.73627 2.03
      vertex 9.95287 9.82239 2.03
    endloop
  endfacet
  facet normal 0 0 -1
    outer loop
      vertex 9.93552 5.73627 2.03
      vertex 9.96925 5.75575 2.03
      vertex 13.4829 3.70825 2.03
    endloop
  endfacet
  facet normal 0 0 -1
    outer loop
      vertex 17.0356 9.26488 2.03
      vertex 17.0645 9.85217 2.03
      vertex 17.0471 5.76607 2.03
    endloop
  endfacet
  facet normal 0 0 -1
    outer loop
      vertex 16.5414 10.1208 2.03
      vertex 17.0645 9.85217 2.03
      vertex 17.038 9.83692 2.03
    endloop
  endfacet
  facet normal 0 0 -1
    outer loop
      vertex 13.5171 11.8802 2.03
      vertex 16.5414 10.1208 2.03
      vertex 13.5208 11.8477 2.03
    endloop
  endfacet
  facet normal 0 0 -1
    outer loop
      vertex 16.5414 10.1208 2.03
      vertex 13.5171 11.8802 2.03
      vertex 17.0645 9.85217 2.03
    endloop
  endfacet
  facet normal 0 0 -1
    outer loop
      vertex 13.0831 11.595 2.03
      vertex 13.5171 11.8802 2.03
      vertex 13.5208 11.8477 2.03
    endloop
  endfacet
  facet normal 0 0 -1
    outer loop
      vertex 9.95287 9.82239 2.03
      vertex 13.0831 11.595 2.03
      vertex 9.98645 9.80713 2.03
    endloop
  endfacet
  facet normal -0 0 -1
    outer loop
      vertex 13.0831 11.595 2.03
      vertex 9.95287 9.82239 2.03
      vertex 13.5171 11.8802 2.03
    endloop
  endfacet
  facet normal 0 0 -1
    outer loop
      vertex 9.95287 9.82239 2.03
      vertex 9.98645 9.80713 2.03
      vertex 9.96925 5.75575 2.03
    endloop
  endfacet
  facet normal 0.861799 -0.492721 -0.120531
    outer loop
      vertex 7.12081 -14.4598 12.9885
      vertex 6.96152 -12.0577 2.03
      vertex 7.76772 -13.4541 13.5027
    endloop
  endfacet
  facet normal 0.861811 -0.492703 -0.120527
    outer loop
      vertex 6.96152 -12.0577 2.03
      vertex 7.12081 -14.4598 12.9885
      vertex 5.14155 -15.2411 2.03
    endloop
  endfacet
  facet normal -0.00418464 -0.992701 -0.120525
    outer loop
      vertex 8.99082 -13.374 12.8
      vertex 10.6284 -12.0733 2.03
      vertex 10.1295 -13.3788 12.8
    endloop
  endfacet
  facet normal -0.00413088 -0.992702 -0.120523
    outer loop
      vertex 11.0129 -12.0749 2.03
      vertex 10.1295 -13.3788 12.8
      vertex 10.6284 -12.0733 2.03
    endloop
  endfacet
  facet normal -0.00418163 -0.992701 -0.120527
    outer loop
      vertex 10.1295 -13.3788 12.8
      vertex 11.0129 -12.0749 2.03
      vertex 11.8164 -13.4665 13.4638
    endloop
  endfacet
  facet normal 0.861844 -0.492641 -0.120538
    outer loop
      vertex 6.88375 -14.8284 12.8
      vertex 5.14155 -15.2411 2.03
      vertex 7.12081 -14.4598 12.9885
    endloop
  endfacet
  facet normal 0.861827 -0.492672 -0.120534
    outer loop
      vertex 6.88375 -14.8284 12.8
      vertex 4.95073 -15.5749 2.03
      vertex 5.14155 -15.2411 2.03
    endloop
  endfacet
  facet normal 0.861807 -0.492709 -0.120528
    outer loop
      vertex 5.99576 -16.3816 12.8
      vertex 4.95073 -15.5749 2.03
      vertex 6.88375 -14.8284 12.8
    endloop
  endfacet
  facet normal 0.861776 -0.492763 -0.120529
    outer loop
      vertex 5.93081 -16.5377 12.9738
      vertex 4.95073 -15.5749 2.03
      vertex 5.99576 -16.3816 12.8
    endloop
  endfacet
  facet normal 0.861798 -0.492725 -0.120527
    outer loop
      vertex 4.95073 -15.5749 2.03
      vertex 5.93081 -16.5377 12.9738
      vertex 5.75315 -16.9647 13.4491
    endloop
  endfacet
  facet normal -0.0041921 -0.992701 -0.120532
    outer loop
      vertex 6.96152 -12.0577 2.03
      vertex 8.34093 -13.3712 12.8
      vertex 7.76772 -13.4541 13.5027
    endloop
  endfacet
  facet normal -0.00427698 -0.992702 -0.120521
    outer loop
      vertex 6.96152 -12.0577 2.03
      vertex 8.99082 -13.374 12.8
      vertex 8.34093 -13.3712 12.8
    endloop
  endfacet
  facet normal -0.00422324 -0.992701 -0.120531
    outer loop
      vertex 8.99082 -13.374 12.8
      vertex 6.96152 -12.0577 2.03
      vertex 10.6284 -12.0733 2.03
    endloop
  endfacet
  facet normal 0.866025 0.500001 -8.80029e-07
    outer loop
      vertex 7.17515 -19.4277 12.8
      vertex 6.99131 -19.1093 2.03
      vertex 5.15377 -15.9266 2.03
    endloop
  endfacet
  facet normal 0.866057 0.499946 -3.06937e-06
    outer loop
      vertex 7.4527 -19.9085 12.8
      vertex 6.99131 -19.1093 2.03
      vertex 7.17515 -19.4277 12.8
    endloop
  endfacet
  facet normal 0.866008 0.50003 5.24798e-06
    outer loop
      vertex 7.54693 -20.0717 12.9824
      vertex 6.99131 -19.1093 2.03
      vertex 7.4527 -19.9085 12.8
    endloop
  endfacet
  facet normal 0.865999 0.500046 7.17896e-06
    outer loop
      vertex 6.99131 -19.1093 2.03
      vertex 7.54693 -20.0717 12.9824
      vertex 7.79464 -20.5007 13.462
    endloop
  endfacet
  facet normal 0.00421769 0.992701 0.120531
    outer loop
      vertex 11.0427 -19.1265 2.03
      vertex 11.338 -20.4558 12.9679
      vertex 11.8487 -20.5226 13.5002
    endloop
  endfacet
  facet normal 0.00421814 0.992701 0.120528
    outer loop
      vertex 11.1769 -20.4347 12.8
      vertex 11.0427 -19.1265 2.03
      vertex 9.38831 -20.4271 12.8
    endloop
  endfacet
  facet normal 0.00440565 0.9927 0.120525
    outer loop
      vertex 11.338 -20.4558 12.9679
      vertex 11.0427 -19.1265 2.03
      vertex 11.1769 -20.4347 12.8
    endloop
  endfacet
  facet normal 0.00421528 0.992701 0.120527
    outer loop
      vertex 6.99131 -19.1093 2.03
      vertex 8.38153 -20.4736 13.2182
      vertex 9.38831 -20.4271 12.8
    endloop
  endfacet
  facet normal 0.00421447 0.992701 0.120527
    outer loop
      vertex 6.99131 -19.1093 2.03
      vertex 9.38831 -20.4271 12.8
      vertex 11.0427 -19.1265 2.03
    endloop
  endfacet
  facet normal 0.00422892 0.992701 0.120525
    outer loop
      vertex 8.38153 -20.4736 13.2182
      vertex 6.99131 -19.1093 2.03
      vertex 7.79464 -20.5007 13.462
    endloop
  endfacet
  facet normal -0.866082 -0.499903 2.03147e-05
    outer loop
      vertex 11.0129 -12.0749 2.03
      vertex 12.0651 -13.8974 12.8
      vertex 11.8164 -13.4665 13.4638
    endloop
  endfacet
  facet normal -0.866023 -0.500004 -2.59692e-06
    outer loop
      vertex 12.8008 -15.1716 2.03
      vertex 12.0651 -13.8974 12.8
      vertex 11.0129 -12.0749 2.03
    endloop
  endfacet
  facet normal -0.866013 -0.500021 1.98016e-08
    outer loop
      vertex 12.0651 -13.8974 12.8
      vertex 12.8008 -15.1716 2.03
      vertex 12.3699 -14.4253 12.8
    endloop
  endfacet
  facet normal -0.866026 -0.5 -1.91839e-06
    outer loop
      vertex 12.8008 -15.1716 2.03
      vertex 13.0204 -15.552 12.8
      vertex 12.3699 -14.4253 12.8
    endloop
  endfacet
  facet normal -0.866031 -0.499991 -1.4991e-06
    outer loop
      vertex 13.0535 -15.6093 2.03
      vertex 13.0204 -15.552 12.8
      vertex 12.8008 -15.1716 2.03
    endloop
  endfacet
  facet normal -0.866021 -0.500008 -1.3781e-06
    outer loop
      vertex 13.0204 -15.552 12.8
      vertex 13.0535 -15.6093 2.03
      vertex 13.8559 -16.9991 13.4484
    endloop
  endfacet
  facet normal 0.866029 0.499995 -2.29777e-06
    outer loop
      vertex 6.03189 -17.4475 13.206
      vertex 4.95073 -15.5749 2.03
      vertex 5.75315 -16.9647 13.4491
    endloop
  endfacet
  facet normal 0.866036 0.499982 -5.18367e-06
    outer loop
      vertex 6.49744 -18.2539 12.8
      vertex 4.95073 -15.5749 2.03
      vertex 6.03189 -17.4475 13.206
    endloop
  endfacet
  facet normal 0.86604 0.499974 -7.71588e-06
    outer loop
      vertex 4.95073 -15.5749 2.03
      vertex 6.49744 -18.2539 12.8
      vertex 5.15377 -15.9266 2.03
    endloop
  endfacet
  facet normal 0.86602 0.500009 2.37279e-06
    outer loop
      vertex 5.15377 -15.9266 2.03
      vertex 6.49744 -18.2539 12.8
      vertex 7.17515 -19.4277 12.8
    endloop
  endfacet
  facet normal -0.86179 0.492736 0.120534
    outer loop
      vertex 13.0535 -15.6093 2.03
      vertex 13.5221 -17.4243 12.8
      vertex 13.8559 -16.9991 13.4484
    endloop
  endfacet
  facet normal -0.861811 0.492701 0.120529
    outer loop
      vertex 11.0427 -19.1265 2.03
      vertex 13.5221 -17.4243 12.8
      vertex 13.0535 -15.6093 2.03
    endloop
  endfacet
  facet normal -0.861805 0.492713 0.120526
    outer loop
      vertex 13.5221 -17.4243 12.8
      vertex 11.0427 -19.1265 2.03
      vertex 12.6341 -18.9775 12.8
    endloop
  endfacet
  facet normal -0.861798 0.492724 0.120525
    outer loop
      vertex 11.0427 -19.1265 2.03
      vertex 12.1566 -19.9168 13.2257
      vertex 12.6341 -18.9775 12.8
    endloop
  endfacet
  facet normal -0.861843 0.492646 0.120524
    outer loop
      vertex 12.1566 -19.9168 13.2257
      vertex 11.0427 -19.1265 2.03
      vertex 11.8487 -20.5226 13.5002
    endloop
  endfacet
  facet normal -0.258827 -0.965924 0
    outer loop
      vertex 8.5731 -12.3087 13.99
      vertex 13.3134 -13.5789 14
      vertex 8.5731 -12.3087 14
    endloop
  endfacet
  facet normal -0.258827 -0.965924 -0
    outer loop
      vertex 13.3134 -13.5789 14
      vertex 8.5731 -12.3087 13.99
      vertex 13.3134 -13.5789 13.99
    endloop
  endfacet
  facet normal 0.830629 0.222558 0.510415
    outer loop
      vertex 6.37313 -20.5191 13.99
      vertex 6.49744 -18.2539 12.8
      vertex 6.03189 -17.4475 13.206
    endloop
  endfacet
  facet normal 0.830624 0.222562 0.510422
    outer loop
      vertex 6.49744 -18.2539 12.8
      vertex 6.37313 -20.5191 13.99
      vertex 6.90118 -19.7607 12.8
    endloop
  endfacet
  facet normal 0.830683 0.22256 0.510325
    outer loop
      vertex 5.93081 -16.5377 12.9738
      vertex 5.99576 -16.3816 12.8
      vertex 5.85518 -15.8569 12.8
    endloop
  endfacet
  facet normal -0.560984 0.560984 0.608763
    outer loop
      vertex 11.338 -20.4558 12.9679
      vertex 11.1769 -20.4347 12.8
      vertex 10.8049 -20.8067 12.8
    endloop
  endfacet
  facet normal -0.561034 0.561089 0.608621
    outer loop
      vertex 12.6341 -18.9775 12.8
      vertex 14.5835 -18.3191 13.99
      vertex 13.6627 -17.949 12.8
    endloop
  endfacet
  facet normal -0.561039 0.561054 0.608649
    outer loop
      vertex 14.5835 -18.3191 13.99
      vertex 12.6341 -18.9775 12.8
      vertex 12.1566 -19.9168 13.2257
    endloop
  endfacet
  facet normal -0.803549 -0.215286 0.554943
    outer loop
      vertex 13.8559 -16.9991 13.4484
      vertex 12.6167 -14.0452 12.8
      vertex 13.0204 -15.552 12.8
    endloop
  endfacet
  facet normal -0.803574 -0.215328 0.55489
    outer loop
      vertex 13.6627 -17.949 12.8
      vertex 13.8559 -16.9991 13.4484
      vertex 13.5221 -17.4243 12.8
    endloop
  endfacet
  facet normal -0.803666 -0.21538 0.554737
    outer loop
      vertex 13.8559 -16.9991 13.4484
      vertex 14.5835 -18.3191 13.99
      vertex 12.6167 -14.0452 12.8
    endloop
  endfacet
  facet normal -0.803606 -0.215298 0.554856
    outer loop
      vertex 14.5835 -18.3191 13.99
      vertex 13.8559 -16.9991 13.4484
      vertex 13.6627 -17.949 12.8
    endloop
  endfacet
  facet normal -0.707117 0.707097 0
    outer loop
      vertex 14.5835 -18.3191 13.99
      vertex 11.1134 -21.7893 14
      vertex 14.5835 -18.3191 14
    endloop
  endfacet
  facet normal -0.707117 0.707097 0
    outer loop
      vertex 11.1134 -21.7893 14
      vertex 14.5835 -18.3191 13.99
      vertex 11.1134 -21.7893 13.99
    endloop
  endfacet
  facet normal 0.63414 -0.634124 0.442441
    outer loop
      vertex 5.10299 -15.7789 13.99
      vertex 7.76772 -13.4541 13.5027
      vertex 8.5731 -12.3087 13.99
    endloop
  endfacet
  facet normal 0.634139 -0.634122 0.442445
    outer loop
      vertex 5.10299 -15.7789 13.99
      vertex 7.12081 -14.4598 12.9885
      vertex 7.76772 -13.4541 13.5027
    endloop
  endfacet
  facet normal 0.634138 -0.634154 0.4424
    outer loop
      vertex 5.85518 -15.8569 12.8
      vertex 7.12081 -14.4598 12.9885
      vertex 5.10299 -15.7789 13.99
    endloop
  endfacet
  facet normal 0.63407 -0.634114 0.442555
    outer loop
      vertex 7.12081 -14.4598 12.9885
      vertex 5.85518 -15.8569 12.8
      vertex 6.88375 -14.8284 12.8
    endloop
  endfacet
  facet normal 0.634126 -0.634123 0.442463
    outer loop
      vertex 8.34093 -13.3712 12.8
      vertex 8.5731 -12.3087 13.99
      vertex 7.76772 -13.4541 13.5027
    endloop
  endfacet
  facet normal 0.634135 -0.634118 0.442456
    outer loop
      vertex 8.5731 -12.3087 13.99
      vertex 8.34093 -13.3712 12.8
      vertex 8.71292 -12.9992 12.8
    endloop
  endfacet
  facet normal 0.707116 -0.707098 0
    outer loop
      vertex 5.10299 -15.7789 14
      vertex 8.5731 -12.3087 13.99
      vertex 8.5731 -12.3087 14
    endloop
  endfacet
  facet normal 0.707116 -0.707098 0
    outer loop
      vertex 8.5731 -12.3087 13.99
      vertex 5.10299 -15.7789 14
      vertex 5.10299 -15.7789 13.99
    endloop
  endfacet
  facet normal 0.209021 0.779967 0.589883
    outer loop
      vertex 7.54693 -20.0717 12.9824
      vertex 7.4527 -19.9085 12.8
      vertex 6.90118 -19.7607 12.8
    endloop
  endfacet
  facet normal 0.209011 0.779986 0.589861
    outer loop
      vertex 9.38831 -20.4271 12.8
      vertex 11.1134 -21.7893 13.99
      vertex 10.8049 -20.8067 12.8
    endloop
  endfacet
  facet normal 0.208999 0.779981 0.589873
    outer loop
      vertex 11.1134 -21.7893 13.99
      vertex 9.38831 -20.4271 12.8
      vertex 8.38153 -20.4736 13.2182
    endloop
  endfacet
  facet normal -0.228661 -0.85352 0.468206
    outer loop
      vertex 8.71292 -12.9992 12.8
      vertex 11.8164 -13.4665 13.4638
      vertex 13.3134 -13.5789 13.99
    endloop
  endfacet
  facet normal -0.228686 -0.853405 0.468405
    outer loop
      vertex 11.8164 -13.4665 13.4638
      vertex 8.71292 -12.9992 12.8
      vertex 10.1295 -13.3788 12.8
    endloop
  endfacet
  facet normal -0.228679 -0.853447 0.468331
    outer loop
      vertex 12.6167 -14.0452 12.8
      vertex 11.8164 -13.4665 13.4638
      vertex 12.0651 -13.8974 12.8
    endloop
  endfacet
  facet normal -0.228695 -0.853451 0.468316
    outer loop
      vertex 11.8164 -13.4665 13.4638
      vertex 12.6167 -14.0452 12.8
      vertex 13.3134 -13.5789 13.99
    endloop
  endfacet
  facet normal 0 0 1
    outer loop
      vertex 7.17515 -19.4277 12.8
      vertex 6.90118 -19.7607 12.8
      vertex 7.4527 -19.9085 12.8
    endloop
  endfacet
  facet normal 0 -0 1
    outer loop
      vertex 6.90118 -19.7607 12.8
      vertex 7.17515 -19.4277 12.8
      vertex 6.49744 -18.2539 12.8
    endloop
  endfacet
  facet normal 0 -0 1
    outer loop
      vertex 10.8049 -20.8067 12.8
      vertex 11.1769 -20.4347 12.8
      vertex 9.38831 -20.4271 12.8
    endloop
  endfacet
  facet normal 0 0 1
    outer loop
      vertex 13.6627 -17.949 12.8
      vertex 13.5221 -17.4243 12.8
      vertex 12.6341 -18.9775 12.8
    endloop
  endfacet
  facet normal 0 0 1
    outer loop
      vertex 12.6167 -14.0452 12.8
      vertex 12.3699 -14.4253 12.8
      vertex 13.0204 -15.552 12.8
    endloop
  endfacet
  facet normal 0 -0 1
    outer loop
      vertex 12.3699 -14.4253 12.8
      vertex 12.6167 -14.0452 12.8
      vertex 12.0651 -13.8974 12.8
    endloop
  endfacet
  facet normal 0 0 1
    outer loop
      vertex 8.71292 -12.9992 12.8
      vertex 8.99082 -13.374 12.8
      vertex 10.1295 -13.3788 12.8
    endloop
  endfacet
  facet normal 0 0 1
    outer loop
      vertex 8.99082 -13.374 12.8
      vertex 8.71292 -12.9992 12.8
      vertex 8.34093 -13.3712 12.8
    endloop
  endfacet
  facet normal 0 -0 1
    outer loop
      vertex 5.99576 -16.3816 12.8
      vertex 6.88375 -14.8284 12.8
      vertex 5.85518 -15.8569 12.8
    endloop
  endfacet
  facet normal 0.209003 0.779981 0.589871
    outer loop
      vertex 11.1134 -21.7893 13.99
      vertex 7.79464 -20.5007 13.462
      vertex 6.37313 -20.5191 13.99
    endloop
  endfacet
  facet normal 0.209012 0.779995 0.589849
    outer loop
      vertex 7.79464 -20.5007 13.462
      vertex 11.1134 -21.7893 13.99
      vertex 8.38153 -20.4736 13.2182
    endloop
  endfacet
  facet normal 0.209096 0.780046 0.589751
    outer loop
      vertex 6.90118 -19.7607 12.8
      vertex 7.79464 -20.5007 13.462
      vertex 7.54693 -20.0717 12.9824
    endloop
  endfacet
  facet normal 0.208993 0.780004 0.589844
    outer loop
      vertex 7.79464 -20.5007 13.462
      vertex 6.90118 -19.7607 12.8
      vertex 6.37313 -20.5191 13.99
    endloop
  endfacet
  facet normal 0.258828 0.965923 -0
    outer loop
      vertex 11.1134 -21.7893 13.99
      vertex 6.37313 -20.5191 14
      vertex 11.1134 -21.7893 14
    endloop
  endfacet
  facet normal 0.258828 0.965923 0
    outer loop
      vertex 6.37313 -20.5191 14
      vertex 11.1134 -21.7893 13.99
      vertex 6.37313 -20.5191 13.99
    endloop
  endfacet
  facet normal -0.803603 -0.215319 0.554852
    outer loop
      vertex 14.5835 -18.3191 13.99
      vertex 13.3134 -13.5789 13.99
      vertex 12.6167 -14.0452 12.8
    endloop
  endfacet
  facet normal -0.228686 -0.85344 0.468341
    outer loop
      vertex 8.71292 -12.9992 12.8
      vertex 13.3134 -13.5789 13.99
      vertex 8.5731 -12.3087 13.99
    endloop
  endfacet
  facet normal -0.561016 0.560973 0.608745
    outer loop
      vertex 11.8487 -20.5226 13.5002
      vertex 14.5835 -18.3191 13.99
      vertex 12.1566 -19.9168 13.2257
    endloop
  endfacet
  facet normal -0.561049 0.561033 0.608659
    outer loop
      vertex 11.8487 -20.5226 13.5002
      vertex 11.1134 -21.7893 13.99
      vertex 14.5835 -18.3191 13.99
    endloop
  endfacet
  facet normal -0.561035 0.561031 0.608674
    outer loop
      vertex 11.338 -20.4558 12.9679
      vertex 11.1134 -21.7893 13.99
      vertex 11.8487 -20.5226 13.5002
    endloop
  endfacet
  facet normal -0.561001 0.561041 0.608696
    outer loop
      vertex 11.1134 -21.7893 13.99
      vertex 11.338 -20.4558 12.9679
      vertex 10.8049 -20.8067 12.8
    endloop
  endfacet
  facet normal 0.965925 0.25882 0
    outer loop
      vertex 6.37313 -20.5191 14
      vertex 5.10299 -15.7789 13.99
      vertex 5.10299 -15.7789 14
    endloop
  endfacet
  facet normal 0.965925 0.25882 0
    outer loop
      vertex 5.10299 -15.7789 13.99
      vertex 6.37313 -20.5191 14
      vertex 6.37313 -20.5191 13.99
    endloop
  endfacet
  facet normal 0.830611 0.22258 0.510434
    outer loop
      vertex 5.10299 -15.7789 13.99
      vertex 5.93081 -16.5377 12.9738
      vertex 5.85518 -15.8569 12.8
    endloop
  endfacet
  facet normal 0.830612 0.222582 0.510433
    outer loop
      vertex 5.10299 -15.7789 13.99
      vertex 5.75315 -16.9647 13.4491
      vertex 5.93081 -16.5377 12.9738
    endloop
  endfacet
  facet normal 0.830633 0.222557 0.510408
    outer loop
      vertex 5.75315 -16.9647 13.4491
      vertex 6.37313 -20.5191 13.99
      vertex 6.03189 -17.4475 13.206
    endloop
  endfacet
  facet normal 0.830598 0.222559 0.510465
    outer loop
      vertex 6.37313 -20.5191 13.99
      vertex 5.75315 -16.9647 13.4491
      vertex 5.10299 -15.7789 13.99
    endloop
  endfacet
  facet normal -0.965927 -0.258813 0
    outer loop
      vertex 14.5835 -18.3191 13.99
      vertex 13.3134 -13.5789 14
      vertex 13.3134 -13.5789 13.99
    endloop
  endfacet
  facet normal -0.965927 -0.258813 0
    outer loop
      vertex 13.3134 -13.5789 14
      vertex 14.5835 -18.3191 13.99
      vertex 14.5835 -18.3191 14
    endloop
  endfacet
  facet normal -0.00427457 -0.999991 0
    outer loop
      vertex 7.76863 -13.4556 0
      vertex 10.2016 -13.466 0.98
      vertex 7.76863 -13.4556 0.98
    endloop
  endfacet
  facet normal -0.00427457 -0.999991 -0
    outer loop
      vertex 10.2016 -13.466 0.98
      vertex 7.76863 -13.4556 0
      vertex 10.2016 -13.466 0
    endloop
  endfacet
  facet normal -0.866029 -0.499994 0
    outer loop
      vertex 11.4389 -15.6091 0
      vertex 10.2016 -13.466 0.98
      vertex 10.2016 -13.466 0
    endloop
  endfacet
  facet normal -0.866029 -0.499994 0
    outer loop
      vertex 10.2016 -13.466 0.98
      vertex 11.4389 -15.6091 0
      vertex 11.4389 -15.6091 0.98
    endloop
  endfacet
  facet normal 0.868141 -0.496318 0
    outer loop
      vertex 6.56108 -15.5678 0.98
      vertex 7.76863 -13.4556 0
      vertex 7.76863 -13.4556 0.98
    endloop
  endfacet
  facet normal 0.868141 -0.496318 0
    outer loop
      vertex 7.76863 -13.4556 0
      vertex 6.56108 -15.5678 0.98
      vertex 6.56108 -15.5678 0
    endloop
  endfacet
  facet normal -0.86815 0.496303 0
    outer loop
      vertex 10.2314 -17.7213 0
      vertex 11.4389 -15.6091 0.98
      vertex 11.4389 -15.6091 0
    endloop
  endfacet
  facet normal -0.86815 0.496303 0
    outer loop
      vertex 11.4389 -15.6091 0.98
      vertex 10.2314 -17.7213 0
      vertex 10.2314 -17.7213 0.98
    endloop
  endfacet
  facet normal 0.00427452 0.999991 -0
    outer loop
      vertex 10.2314 -17.7213 0
      vertex 7.7984 -17.7109 0.98
      vertex 10.2314 -17.7213 0.98
    endloop
  endfacet
  facet normal 0.00427452 0.999991 0
    outer loop
      vertex 7.7984 -17.7109 0.98
      vertex 10.2314 -17.7213 0
      vertex 7.7984 -17.7109 0
    endloop
  endfacet
  facet normal 0.866025 0.5 0
    outer loop
      vertex 7.7984 -17.7109 0.98
      vertex 6.56108 -15.5678 0
      vertex 6.56108 -15.5678 0.98
    endloop
  endfacet
  facet normal 0.866025 0.5 0
    outer loop
      vertex 6.56108 -15.5678 0
      vertex 7.7984 -17.7109 0.98
      vertex 7.7984 -17.7109 0
    endloop
  endfacet
  facet normal 0.501277 -0.286581 0.816451
    outer loop
      vertex 7.76863 -13.4556 0.98
      vertex 6.94205 -12.024 1.99
      vertex 6.56108 -15.5678 0.98
    endloop
  endfacet
  facet normal -0.500038 -0.288693 0.816467
    outer loop
      vertex 11.4389 -15.6091 0.98
      vertex 11.0282 -12.0413 1.99
      vertex 10.2016 -13.466 0.98
    endloop
  endfacet
  facet normal 0.00244473 0.577417 0.816446
    outer loop
      vertex 11.0579 -19.1529 1.99
      vertex 10.2314 -17.7213 0.98
      vertex 6.97183 -19.1356 1.99
    endloop
  endfacet
  facet normal 0.00423386 0.999991 -0
    outer loop
      vertex 11.0579 -19.1529 1.99
      vertex 6.97183 -19.1356 2.03
      vertex 11.0579 -19.1529 2.03
    endloop
  endfacet
  facet normal 0.00423386 0.999991 0
    outer loop
      vertex 6.97183 -19.1356 2.03
      vertex 11.0579 -19.1529 1.99
      vertex 6.97183 -19.1356 1.99
    endloop
  endfacet
  facet normal -0.500042 -0.288692 0.816465
    outer loop
      vertex 11.4389 -15.6091 0.98
      vertex 13.086 -15.6056 1.99
      vertex 11.0282 -12.0413 1.99
    endloop
  endfacet
  facet normal -0.501302 0.286584 0.816435
    outer loop
      vertex 11.0579 -19.1529 1.99
      vertex 11.4389 -15.6091 0.98
      vertex 10.2314 -17.7213 0.98
    endloop
  endfacet
  facet normal -0.00423378 -0.999991 0
    outer loop
      vertex 6.94205 -12.024 1.99
      vertex 11.0282 -12.0413 2.03
      vertex 6.94205 -12.024 2.03
    endloop
  endfacet
  facet normal -0.00423378 -0.999991 -0
    outer loop
      vertex 11.0282 -12.0413 2.03
      vertex 6.94205 -12.024 1.99
      vertex 11.0282 -12.0413 1.99
    endloop
  endfacet
  facet normal -0.866031 -0.499991 0
    outer loop
      vertex 13.086 -15.6056 1.99
      vertex 11.0282 -12.0413 2.03
      vertex 11.0282 -12.0413 1.99
    endloop
  endfacet
  facet normal -0.866031 -0.499991 0
    outer loop
      vertex 11.0282 -12.0413 2.03
      vertex 13.086 -15.6056 1.99
      vertex 13.086 -15.6056 2.03
    endloop
  endfacet
  facet normal 0.500041 0.288699 0.816463
    outer loop
      vertex 6.97183 -19.1356 1.99
      vertex 7.7984 -17.7109 0.98
      vertex 6.56108 -15.5678 0.98
    endloop
  endfacet
  facet normal 0.00246805 0.577382 0.816471
    outer loop
      vertex 10.2314 -17.7213 0.98
      vertex 7.7984 -17.7109 0.98
      vertex 6.97183 -19.1356 1.99
    endloop
  endfacet
  facet normal -0.00244456 -0.577391 0.816464
    outer loop
      vertex 10.2016 -13.466 0.98
      vertex 11.0282 -12.0413 1.99
      vertex 6.94205 -12.024 1.99
    endloop
  endfacet
  facet normal -0.86813 0.496337 0
    outer loop
      vertex 11.0579 -19.1529 1.99
      vertex 13.086 -15.6056 2.03
      vertex 13.086 -15.6056 1.99
    endloop
  endfacet
  facet normal -0.86813 0.496337 0
    outer loop
      vertex 13.086 -15.6056 2.03
      vertex 11.0579 -19.1529 1.99
      vertex 11.0579 -19.1529 2.03
    endloop
  endfacet
  facet normal -0.501261 0.286586 0.816459
    outer loop
      vertex 13.086 -15.6056 1.99
      vertex 11.4389 -15.6091 0.98
      vertex 11.0579 -19.1529 1.99
    endloop
  endfacet
  facet normal -0.00246827 -0.577426 0.816439
    outer loop
      vertex 7.76863 -13.4556 0.98
      vertex 10.2016 -13.466 0.98
      vertex 6.94205 -12.024 1.99
    endloop
  endfacet
  facet normal 0.50127 -0.286582 0.816455
    outer loop
      vertex 6.56108 -15.5678 0.98
      vertex 6.94205 -12.024 1.99
      vertex 4.91402 -15.5713 1.99
    endloop
  endfacet
  facet normal 0.868138 -0.496324 0
    outer loop
      vertex 4.91402 -15.5713 2.03
      vertex 6.94205 -12.024 1.99
      vertex 6.94205 -12.024 2.03
    endloop
  endfacet
  facet normal 0.868138 -0.496324 0
    outer loop
      vertex 6.94205 -12.024 1.99
      vertex 4.91402 -15.5713 2.03
      vertex 4.91402 -15.5713 1.99
    endloop
  endfacet
  facet normal 0 0 -1
    outer loop
      vertex 11.0579 -19.1529 2.03
      vertex 13.0535 -15.6093 2.03
      vertex 13.086 -15.6056 2.03
    endloop
  endfacet
  facet normal 0 0 -1
    outer loop
      vertex 11.0579 -19.1529 2.03
      vertex 11.0427 -19.1265 2.03
      vertex 13.0535 -15.6093 2.03
    endloop
  endfacet
  facet normal 0 0 -1
    outer loop
      vertex 11.0579 -19.1529 2.03
      vertex 6.99131 -19.1093 2.03
      vertex 11.0427 -19.1265 2.03
    endloop
  endfacet
  facet normal 0 0 -1
    outer loop
      vertex 6.97183 -19.1356 2.03
      vertex 6.99131 -19.1093 2.03
      vertex 11.0579 -19.1529 2.03
    endloop
  endfacet
  facet normal 0 0 -1
    outer loop
      vertex 6.97183 -19.1356 2.03
      vertex 5.15377 -15.9266 2.03
      vertex 6.99131 -19.1093 2.03
    endloop
  endfacet
  facet normal 0 0 -1
    outer loop
      vertex 4.91402 -15.5713 2.03
      vertex 5.15377 -15.9266 2.03
      vertex 6.97183 -19.1356 2.03
    endloop
  endfacet
  facet normal 0 0 -1
    outer loop
      vertex 5.15377 -15.9266 2.03
      vertex 4.91402 -15.5713 2.03
      vertex 4.95073 -15.5749 2.03
    endloop
  endfacet
  facet normal 0 0 -1
    outer loop
      vertex 12.8008 -15.1716 2.03
      vertex 13.086 -15.6056 2.03
      vertex 13.0535 -15.6093 2.03
    endloop
  endfacet
  facet normal 0 0 -1
    outer loop
      vertex 12.8008 -15.1716 2.03
      vertex 11.0282 -12.0413 2.03
      vertex 13.086 -15.6056 2.03
    endloop
  endfacet
  facet normal 0 0 -1
    outer loop
      vertex 11.0129 -12.0749 2.03
      vertex 11.0282 -12.0413 2.03
      vertex 12.8008 -15.1716 2.03
    endloop
  endfacet
  facet normal 0 0 -1
    outer loop
      vertex 10.6284 -12.0733 2.03
      vertex 11.0282 -12.0413 2.03
      vertex 11.0129 -12.0749 2.03
    endloop
  endfacet
  facet normal 0 0 -1
    outer loop
      vertex 6.94205 -12.024 2.03
      vertex 10.6284 -12.0733 2.03
      vertex 6.96152 -12.0577 2.03
    endloop
  endfacet
  facet normal 0 0 -1
    outer loop
      vertex 10.6284 -12.0733 2.03
      vertex 6.94205 -12.024 2.03
      vertex 11.0282 -12.0413 2.03
    endloop
  endfacet
  facet normal 0 0 -1
    outer loop
      vertex 5.14155 -15.2411 2.03
      vertex 6.94205 -12.024 2.03
      vertex 6.96152 -12.0577 2.03
    endloop
  endfacet
  facet normal 0 0 -1
    outer loop
      vertex 4.91402 -15.5713 2.03
      vertex 5.14155 -15.2411 2.03
      vertex 4.95073 -15.5749 2.03
    endloop
  endfacet
  facet normal -0 0 -1
    outer loop
      vertex 5.14155 -15.2411 2.03
      vertex 4.91402 -15.5713 2.03
      vertex 6.94205 -12.024 2.03
    endloop
  endfacet
  facet normal 0.50005 0.288698 0.816458
    outer loop
      vertex 6.97183 -19.1356 1.99
      vertex 6.56108 -15.5678 0.98
      vertex 4.91402 -15.5713 1.99
    endloop
  endfacet
  facet normal 0.86603 0.499993 0
    outer loop
      vertex 6.97183 -19.1356 2.03
      vertex 4.91402 -15.5713 1.99
      vertex 4.91402 -15.5713 2.03
    endloop
  endfacet
  facet normal 0.86603 0.499993 0
    outer loop
      vertex 4.91402 -15.5713 1.99
      vertex 6.97183 -19.1356 2.03
      vertex 6.97183 -19.1356 1.99
    endloop
  endfacet
  facet normal 0.992701 0.00418722 -0.120528
    outer loop
      vertex 11.2827 -7.13516 12.8
      vertex 9.96925 -5.75575 2.03
      vertex 11.3656 -6.56195 13.5027
    endloop
  endfacet
  facet normal 0.992701 0.00421812 -0.120526
    outer loop
      vertex 9.98645 -9.80713 2.03
      vertex 11.2827 -7.13516 12.8
      vertex 11.2903 -8.92376 12.8
    endloop
  endfacet
  facet normal 0.992701 0.00421448 -0.120525
    outer loop
      vertex 11.2827 -7.13516 12.8
      vertex 9.98645 -9.80713 2.03
      vertex 9.96925 -5.75575 2.03
    endloop
  endfacet
  facet normal 0.992701 0.00424601 -0.120528
    outer loop
      vertex 11.3457 -9.98796 13.2188
      vertex 9.98645 -9.80713 2.03
      vertex 11.2903 -8.92376 12.8
    endloop
  endfacet
  facet normal 0.992701 0.00423061 -0.120528
    outer loop
      vertex 9.98645 -9.80713 2.03
      vertex 11.3457 -9.98796 13.2188
      vertex 11.3781 -10.6106 13.4638
    endloop
  endfacet
  facet normal 0.500008 0.866021 -1.3781e-06
    outer loop
      vertex 13.5208 -11.8477 2.03
      vertex 13.4635 -11.8146 12.8
      vertex 14.9106 -12.6501 13.4484
    endloop
  endfacet
  facet normal 0.499991 0.866031 -1.4991e-06
    outer loop
      vertex 13.0831 -11.595 2.03
      vertex 13.4635 -11.8146 12.8
      vertex 13.5208 -11.8477 2.03
    endloop
  endfacet
  facet normal 0.5 0.866026 -1.91839e-06
    outer loop
      vertex 13.4635 -11.8146 12.8
      vertex 13.0831 -11.595 2.03
      vertex 12.3368 -11.1641 12.8
    endloop
  endfacet
  facet normal -0.492648 0.861839 0.120541
    outer loop
      vertex 15.7735 -12.0661 12.8
      vertex 16.5414 -10.1208 2.03
      vertex 15.3358 -12.3163 12.8
    endloop
  endfacet
  facet normal -0.492703 0.86181 0.120529
    outer loop
      vertex 13.5208 -11.8477 2.03
      vertex 15.3358 -12.3163 12.8
      vertex 16.5414 -10.1208 2.03
    endloop
  endfacet
  facet normal -0.492736 0.86179 0.120534
    outer loop
      vertex 15.3358 -12.3163 12.8
      vertex 13.5208 -11.8477 2.03
      vertex 14.9106 -12.6501 13.4484
    endloop
  endfacet
  facet normal 0.499969 0.866044 -4.78545e-06
    outer loop
      vertex 12.3368 -11.1641 12.8
      vertex 13.0831 -11.595 2.03
      vertex 11.809 -10.8594 12.8
    endloop
  endfacet
  facet normal 0.499932 0.866065 1.6999e-05
    outer loop
      vertex 9.98645 -9.80713 2.03
      vertex 11.6905 -10.791 12.9824
      vertex 11.809 -10.8594 12.8
    endloop
  endfacet
  facet normal 0.500004 0.866023 7.64131e-07
    outer loop
      vertex 9.98645 -9.80713 2.03
      vertex 11.809 -10.8594 12.8
      vertex 13.0831 -11.595 2.03
    endloop
  endfacet
  facet normal 0.500063 0.865989 -1.01325e-05
    outer loop
      vertex 11.6905 -10.791 12.9824
      vertex 9.98645 -9.80713 2.03
      vertex 11.3781 -10.6106 13.4638
    endloop
  endfacet
  facet normal 0.492694 -0.861815 -0.120526
    outer loop
      vertex 13.4865 -3.74496 2.03
      vertex 12.7399 -5.67798 12.8
      vertex 9.96925 -5.75575 2.03
    endloop
  endfacet
  facet normal 0.492702 -0.861811 -0.120528
    outer loop
      vertex 9.96925 -5.75575 2.03
      vertex 12.7399 -5.67798 12.8
      vertex 11.3656 -6.56195 13.5027
    endloop
  endfacet
  facet normal 0.492499 -0.861928 -0.120519
    outer loop
      vertex 13.4865 -3.74496 2.03
      vertex 14.4493 -4.72504 12.9738
      vertex 14.2931 -4.78999 12.8
    endloop
  endfacet
  facet normal 0.492709 -0.861807 -0.120523
    outer loop
      vertex 12.7399 -5.67798 12.8
      vertex 13.4865 -3.74496 2.03
      vertex 14.2931 -4.78999 12.8
    endloop
  endfacet
  facet normal 0.492725 -0.861798 -0.120527
    outer loop
      vertex 14.4493 -4.72504 12.9738
      vertex 13.4865 -3.74496 2.03
      vertex 14.8763 -4.54738 13.4491
    endloop
  endfacet
  facet normal -0.499995 -0.866029 -2.29777e-06
    outer loop
      vertex 13.4865 -3.74496 2.03
      vertex 15.3591 -4.82612 13.206
      vertex 14.8763 -4.54738 13.4491
    endloop
  endfacet
  facet normal -0.500025 -0.866011 4.39782e-06
    outer loop
      vertex 13.4865 -3.74496 2.03
      vertex 16.1654 -5.29167 12.8
      vertex 15.3591 -4.82612 13.206
    endloop
  endfacet
  facet normal -0.500081 -0.865979 2.30106e-05
    outer loop
      vertex 13.8381 -3.948 2.03
      vertex 16.1654 -5.29167 12.8
      vertex 13.4865 -3.74496 2.03
    endloop
  endfacet
  facet normal -0.499977 -0.866039 -6.8315e-06
    outer loop
      vertex 16.1654 -5.29167 12.8
      vertex 13.8381 -3.948 2.03
      vertex 17.3393 -5.96938 12.8
    endloop
  endfacet
  facet normal -0.492711 0.861806 0.120527
    outer loop
      vertex 17.038 -9.83692 2.03
      vertex 17.8284 -10.9508 13.2257
      vertex 18.4341 -10.6429 13.5002
    endloop
  endfacet
  facet normal -0.492725 0.861798 0.120527
    outer loop
      vertex 17.038 -9.83692 2.03
      vertex 16.8891 -11.4283 12.8
      vertex 17.8284 -10.9508 13.2257
    endloop
  endfacet
  facet normal -0.492664 0.861832 0.120533
    outer loop
      vertex 16.5414 -10.1208 2.03
      vertex 16.8891 -11.4283 12.8
      vertex 17.038 -9.83692 2.03
    endloop
  endfacet
  facet normal -0.492705 0.861809 0.120532
    outer loop
      vertex 16.8891 -11.4283 12.8
      vertex 16.5414 -10.1208 2.03
      vertex 15.7735 -12.0661 12.8
    endloop
  endfacet
  facet normal -0.992702 -0.00417083 0.12052
    outer loop
      vertex 17.0356 -9.26488 2.03
      vertex 18.3386 -8.18253 12.8
      vertex 18.366 -7.58982 13.0462
    endloop
  endfacet
  facet normal -0.992701 -0.00416489 0.120529
    outer loop
      vertex 18.3462 -9.97114 12.8
      vertex 17.0356 -9.26488 2.03
      vertex 17.038 -9.83692 2.03
    endloop
  endfacet
  facet normal -0.992701 -0.0042181 0.120525
    outer loop
      vertex 17.0356 -9.26488 2.03
      vertex 18.3462 -9.97114 12.8
      vertex 18.3386 -8.18253 12.8
    endloop
  endfacet
  facet normal -0.9927 -0.00440677 0.120525
    outer loop
      vertex 17.038 -9.83692 2.03
      vertex 18.3673 -10.1322 12.9679
      vertex 18.3462 -9.97114 12.8
    endloop
  endfacet
  facet normal -0.992701 -0.00421768 0.120531
    outer loop
      vertex 18.3673 -10.1322 12.9679
      vertex 17.038 -9.83692 2.03
      vertex 18.4341 -10.6429 13.5002
    endloop
  endfacet
  facet normal -0.9927 -0.00423242 0.120534
    outer loop
      vertex 17.0208 -5.78554 2.03
      vertex 18.3852 -7.17576 13.2182
      vertex 18.4123 -6.58887 13.462
    endloop
  endfacet
  facet normal -0.992698 -0.00404752 0.120557
    outer loop
      vertex 17.0208 -5.78554 2.03
      vertex 18.366 -7.58982 13.0462
      vertex 18.3852 -7.17576 13.2182
    endloop
  endfacet
  facet normal -0.992701 -0.00422263 0.120528
    outer loop
      vertex 18.366 -7.58982 13.0462
      vertex 17.0208 -5.78554 2.03
      vertex 17.0356 -9.26488 2.03
    endloop
  endfacet
  facet normal -0.500001 -0.866025 3.76251e-06
    outer loop
      vertex 17.0208 -5.78554 2.03
      vertex 17.3393 -5.96938 12.8
      vertex 13.8381 -3.948 2.03
    endloop
  endfacet
  facet normal -0.50003 -0.866008 5.24798e-06
    outer loop
      vertex 17.0208 -5.78554 2.03
      vertex 17.9832 -6.34116 12.9824
      vertex 17.82 -6.24693 12.8
    endloop
  endfacet
  facet normal -0.500024 -0.866012 4.6481e-06
    outer loop
      vertex 17.3393 -5.96938 12.8
      vertex 17.0208 -5.78554 2.03
      vertex 17.82 -6.24693 12.8
    endloop
  endfacet
  facet normal -0.49995 -0.866055 -4.17649e-06
    outer loop
      vertex 17.9832 -6.34116 12.9824
      vertex 17.0208 -5.78554 2.03
      vertex 18.4123 -6.58887 13.462
    endloop
  endfacet
  facet normal -0.561025 0.561038 0.608677
    outer loop
      vertex 19.7008 -9.90762 13.99
      vertex 18.3673 -10.1322 12.9679
      vertex 18.4341 -10.6429 13.5002
    endloop
  endfacet
  facet normal -0.561025 0.561037 0.608678
    outer loop
      vertex 18.3673 -10.1322 12.9679
      vertex 19.7008 -9.90762 13.99
      vertex 18.7182 -9.59915 12.8
    endloop
  endfacet
  facet normal -0.561023 0.561026 0.60869
    outer loop
      vertex 18.4341 -10.6429 13.5002
      vertex 16.2307 -13.3777 13.99
      vertex 19.7008 -9.90762 13.99
    endloop
  endfacet
  facet normal -0.561039 0.561035 0.608666
    outer loop
      vertex 16.2307 -13.3777 13.99
      vertex 18.4341 -10.6429 13.5002
      vertex 17.8284 -10.9508 13.2257
    endloop
  endfacet
  facet normal -0.222559 -0.830606 0.510451
    outer loop
      vertex 13.6904 -3.89721 13.99
      vertex 14.8763 -4.54738 13.4491
      vertex 18.4307 -5.16736 13.99
    endloop
  endfacet
  facet normal -0.222575 -0.830616 0.510428
    outer loop
      vertex 13.6904 -3.89721 13.99
      vertex 14.4493 -4.72504 12.9738
      vertex 14.8763 -4.54738 13.4491
    endloop
  endfacet
  facet normal -0.222579 -0.830617 0.510426
    outer loop
      vertex 14.4493 -4.72504 12.9738
      vertex 13.6904 -3.89721 13.99
      vertex 13.7685 -4.64941 12.8
    endloop
  endfacet
  facet normal -0.222557 -0.830633 0.510408
    outer loop
      vertex 18.4307 -5.16736 13.99
      vertex 14.8763 -4.54738 13.4491
      vertex 15.3591 -4.82612 13.206
    endloop
  endfacet
  facet normal -0.779984 -0.209006 0.589866
    outer loop
      vertex 19.7008 -9.90762 13.99
      vertex 18.3386 -8.18253 12.8
      vertex 18.7182 -9.59915 12.8
    endloop
  endfacet
  facet normal -0.77997 -0.208974 0.589896
    outer loop
      vertex 18.3386 -8.18253 12.8
      vertex 19.7008 -9.90762 13.99
      vertex 18.366 -7.58982 13.0462
    endloop
  endfacet
  facet normal -0.779922 -0.208912 0.589981
    outer loop
      vertex 18.366 -7.58982 13.0462
      vertex 19.7008 -9.90762 13.99
      vertex 18.3852 -7.17576 13.2182
    endloop
  endfacet
  facet normal -0.779967 -0.209021 0.589883
    outer loop
      vertex 17.82 -6.24693 12.8
      vertex 17.9832 -6.34116 12.9824
      vertex 17.6722 -5.69541 12.8
    endloop
  endfacet
  facet normal 0.634117 -0.634136 0.442455
    outer loop
      vertex 13.6904 -3.89721 13.99
      vertex 12.7399 -5.67798 12.8
      vertex 13.7685 -4.64941 12.8
    endloop
  endfacet
  facet normal 0.634119 -0.634136 0.442454
    outer loop
      vertex 13.6904 -3.89721 13.99
      vertex 11.3656 -6.56195 13.5027
      vertex 12.7399 -5.67798 12.8
    endloop
  endfacet
  facet normal 0.634155 -0.634153 0.442376
    outer loop
      vertex 10.2203 -7.36732 13.99
      vertex 11.3656 -6.56195 13.5027
      vertex 13.6904 -3.89721 13.99
    endloop
  endfacet
  facet normal 0.634153 -0.634108 0.442445
    outer loop
      vertex 10.2203 -7.36732 13.99
      vertex 11.2827 -7.13516 12.8
      vertex 11.3656 -6.56195 13.5027
    endloop
  endfacet
  facet normal 0.634125 -0.634159 0.44241
    outer loop
      vertex 11.2827 -7.13516 12.8
      vertex 10.2203 -7.36732 13.99
      vertex 10.9107 -7.50714 12.8
    endloop
  endfacet
  facet normal -0.965928 -0.25881 0
    outer loop
      vertex 19.7008 -9.90762 13.99
      vertex 18.4307 -5.16736 14
      vertex 18.4307 -5.16736 13.99
    endloop
  endfacet
  facet normal -0.965928 -0.25881 0
    outer loop
      vertex 18.4307 -5.16736 14
      vertex 19.7008 -9.90762 13.99
      vertex 19.7008 -9.90762 14
    endloop
  endfacet
  facet normal 0.965929 0.258809 0
    outer loop
      vertex 11.4904 -12.1076 14
      vertex 10.2203 -7.36732 13.99
      vertex 10.2203 -7.36732 14
    endloop
  endfacet
  facet normal 0.965929 0.258809 0
    outer loop
      vertex 10.2203 -7.36732 13.99
      vertex 11.4904 -12.1076 14
      vertex 11.4904 -12.1076 13.99
    endloop
  endfacet
  facet normal 0.258808 0.965929 -0
    outer loop
      vertex 16.2307 -13.3777 13.99
      vertex 11.4904 -12.1076 14
      vertex 16.2307 -13.3777 14
    endloop
  endfacet
  facet normal 0.258808 0.965929 0
    outer loop
      vertex 11.4904 -12.1076 14
      vertex 16.2307 -13.3777 13.99
      vertex 11.4904 -12.1076 13.99
    endloop
  endfacet
  facet normal -0.56102 0.561036 0.608683
    outer loop
      vertex 18.3673 -10.1322 12.9679
      vertex 18.7182 -9.59915 12.8
      vertex 18.3462 -9.97114 12.8
    endloop
  endfacet
  facet normal -0.561054 0.561039 0.608649
    outer loop
      vertex 16.8891 -11.4283 12.8
      vertex 16.2307 -13.3777 13.99
      vertex 17.8284 -10.9508 13.2257
    endloop
  endfacet
  facet normal -0.561041 0.561041 0.608659
    outer loop
      vertex 16.2307 -13.3777 13.99
      vertex 16.8891 -11.4283 12.8
      vertex 15.8605 -12.4569 12.8
    endloop
  endfacet
  facet normal 0.21529 0.803614 0.554846
    outer loop
      vertex 15.8605 -12.4569 12.8
      vertex 14.9106 -12.6501 13.4484
      vertex 16.2307 -13.3777 13.99
    endloop
  endfacet
  facet normal 0.215328 0.803574 0.55489
    outer loop
      vertex 14.9106 -12.6501 13.4484
      vertex 15.8605 -12.4569 12.8
      vertex 15.3358 -12.3163 12.8
    endloop
  endfacet
  facet normal 0.215408 0.803701 0.554675
    outer loop
      vertex 14.9106 -12.6501 13.4484
      vertex 11.9567 -11.4109 12.8
      vertex 16.2307 -13.3777 13.99
    endloop
  endfacet
  facet normal 0.215286 0.803549 0.554943
    outer loop
      vertex 11.9567 -11.4109 12.8
      vertex 14.9106 -12.6501 13.4484
      vertex 13.4635 -11.8146 12.8
    endloop
  endfacet
  facet normal 0 -0 1
    outer loop
      vertex 18.3462 -9.97114 12.8
      vertex 18.7182 -9.59915 12.8
      vertex 18.3386 -8.18253 12.8
    endloop
  endfacet
  facet normal 0 0 1
    outer loop
      vertex 17.6722 -5.69541 12.8
      vertex 17.3393 -5.96938 12.8
      vertex 17.82 -6.24693 12.8
    endloop
  endfacet
  facet normal 0 -0 1
    outer loop
      vertex 17.3393 -5.96938 12.8
      vertex 17.6722 -5.69541 12.8
      vertex 16.1654 -5.29167 12.8
    endloop
  endfacet
  facet normal -0 0 1
    outer loop
      vertex 15.7735 -12.0661 12.8
      vertex 15.8605 -12.4569 12.8
      vertex 16.8891 -11.4283 12.8
    endloop
  endfacet
  facet normal 0 0 1
    outer loop
      vertex 15.8605 -12.4569 12.8
      vertex 15.7735 -12.0661 12.8
      vertex 15.3358 -12.3163 12.8
    endloop
  endfacet
  facet normal 0 0 1
    outer loop
      vertex 12.3368 -11.1641 12.8
      vertex 11.9567 -11.4109 12.8
      vertex 13.4635 -11.8146 12.8
    endloop
  endfacet
  facet normal 0 -0 1
    outer loop
      vertex 11.9567 -11.4109 12.8
      vertex 12.3368 -11.1641 12.8
      vertex 11.809 -10.8594 12.8
    endloop
  endfacet
  facet normal 0 0 1
    outer loop
      vertex 11.2903 -8.92376 12.8
      vertex 11.2827 -7.13516 12.8
      vertex 10.9107 -7.50714 12.8
    endloop
  endfacet
  facet normal 0 0 1
    outer loop
      vertex 14.2931 -4.78999 12.8
      vertex 13.7685 -4.64941 12.8
      vertex 12.7399 -5.67798 12.8
    endloop
  endfacet
  facet normal 0.707108 -0.707106 0
    outer loop
      vertex 10.2203 -7.36732 14
      vertex 13.6904 -3.89721 13.99
      vertex 13.6904 -3.89721 14
    endloop
  endfacet
  facet normal 0.707108 -0.707106 0
    outer loop
      vertex 13.6904 -3.89721 13.99
      vertex 10.2203 -7.36732 14
      vertex 10.2203 -7.36732 13.99
    endloop
  endfacet
  facet normal -0.779968 -0.209021 0.589882
    outer loop
      vertex 18.4123 -6.58887 13.462
      vertex 17.6722 -5.69541 12.8
      vertex 17.9832 -6.34116 12.9824
    endloop
  endfacet
  facet normal -0.779963 -0.209011 0.589891
    outer loop
      vertex 17.6722 -5.69541 12.8
      vertex 18.4123 -6.58887 13.462
      vertex 18.4307 -5.16736 13.99
    endloop
  endfacet
  facet normal -0.780003 -0.208993 0.589845
    outer loop
      vertex 18.4123 -6.58887 13.462
      vertex 19.7008 -9.90762 13.99
      vertex 18.4307 -5.16736 13.99
    endloop
  endfacet
  facet normal -0.780016 -0.209001 0.589825
    outer loop
      vertex 19.7008 -9.90762 13.99
      vertex 18.4123 -6.58887 13.462
      vertex 18.3852 -7.17576 13.2182
    endloop
  endfacet
  facet normal -0.222563 -0.830612 0.510441
    outer loop
      vertex 16.1654 -5.29167 12.8
      vertex 18.4307 -5.16736 13.99
      vertex 15.3591 -4.82612 13.206
    endloop
  endfacet
  facet normal -0.22256 -0.830616 0.510435
    outer loop
      vertex 18.4307 -5.16736 13.99
      vertex 16.1654 -5.29167 12.8
      vertex 17.6722 -5.69541 12.8
    endloop
  endfacet
  facet normal -0.222582 -0.830605 0.510444
    outer loop
      vertex 14.2931 -4.78999 12.8
      vertex 14.4493 -4.72504 12.9738
      vertex 13.7685 -4.64941 12.8
    endloop
  endfacet
  facet normal 0.215315 0.803604 0.554851
    outer loop
      vertex 16.2307 -13.3777 13.99
      vertex 11.9567 -11.4109 12.8
      vertex 11.4904 -12.1076 13.99
    endloop
  endfacet
  facet normal 0.853452 0.228687 0.468319
    outer loop
      vertex 10.2203 -7.36732 13.99
      vertex 11.3781 -10.6106 13.4638
      vertex 11.3457 -9.98796 13.2188
    endloop
  endfacet
  facet normal 0.85352 0.228772 0.468153
    outer loop
      vertex 11.3781 -10.6106 13.4638
      vertex 11.9567 -11.4109 12.8
      vertex 11.6905 -10.791 12.9824
    endloop
  endfacet
  facet normal 0.853482 0.228631 0.468291
    outer loop
      vertex 11.3781 -10.6106 13.4638
      vertex 11.4904 -12.1076 13.99
      vertex 11.9567 -11.4109 12.8
    endloop
  endfacet
  facet normal 0.853417 0.228663 0.468394
    outer loop
      vertex 11.4904 -12.1076 13.99
      vertex 11.3781 -10.6106 13.4638
      vertex 10.2203 -7.36732 13.99
    endloop
  endfacet
  facet normal 0.853303 0.228527 0.468668
    outer loop
      vertex 11.9567 -11.4109 12.8
      vertex 11.809 -10.8594 12.8
      vertex 11.6905 -10.791 12.9824
    endloop
  endfacet
  facet normal 0.853468 0.228697 0.468284
    outer loop
      vertex 10.2203 -7.36732 13.99
      vertex 11.2903 -8.92376 12.8
      vertex 10.9107 -7.50714 12.8
    endloop
  endfacet
  facet normal 0.853472 0.228711 0.46827
    outer loop
      vertex 11.2903 -8.92376 12.8
      vertex 10.2203 -7.36732 13.99
      vertex 11.3457 -9.98796 13.2188
    endloop
  endfacet
  facet normal -0.258817 -0.965926 0
    outer loop
      vertex 13.6904 -3.89721 13.99
      vertex 18.4307 -5.16736 14
      vertex 13.6904 -3.89721 14
    endloop
  endfacet
  facet normal -0.258817 -0.965926 -0
    outer loop
      vertex 18.4307 -5.16736 14
      vertex 13.6904 -3.89721 13.99
      vertex 18.4307 -5.16736 13.99
    endloop
  endfacet
  facet normal -0.707105 0.707109 0
    outer loop
      vertex 19.7008 -9.90762 13.99
      vertex 16.2307 -13.3777 14
      vertex 19.7008 -9.90762 14
    endloop
  endfacet
  facet normal -0.707105 0.707109 0
    outer loop
      vertex 16.2307 -13.3777 14
      vertex 19.7008 -9.90762 13.99
      vertex 16.2307 -13.3777 13.99
    endloop
  endfacet
  facet normal 0.496318 -0.868141 0
    outer loop
      vertex 11.3672 -6.56285 0
      vertex 13.4794 -5.3553 0.98
      vertex 11.3672 -6.56285 0.98
    endloop
  endfacet
  facet normal 0.496318 -0.868141 0
    outer loop
      vertex 13.4794 -5.3553 0.98
      vertex 11.3672 -6.56285 0
      vertex 13.4794 -5.3553 0
    endloop
  endfacet
  facet normal -0.496306 0.868148 0
    outer loop
      vertex 15.6328 -9.02559 0
      vertex 13.5206 -10.2331 0.98
      vertex 15.6328 -9.02559 0.98
    endloop
  endfacet
  facet normal -0.496306 0.868148 0
    outer loop
      vertex 13.5206 -10.2331 0.98
      vertex 15.6328 -9.02559 0
      vertex 13.5206 -10.2331 0
    endloop
  endfacet
  facet normal -0.5 -0.866025 0
    outer loop
      vertex 13.4794 -5.3553 0
      vertex 15.6225 -6.59262 0.98
      vertex 13.4794 -5.3553 0.98
    endloop
  endfacet
  facet normal -0.5 -0.866025 -0
    outer loop
      vertex 15.6225 -6.59262 0.98
      vertex 13.4794 -5.3553 0
      vertex 15.6225 -6.59262 0
    endloop
  endfacet
  facet normal 0.999991 0.00423347 0
    outer loop
      vertex 11.3775 -8.99582 0.98
      vertex 11.3672 -6.56285 0
      vertex 11.3672 -6.56285 0.98
    endloop
  endfacet
  facet normal 0.999991 0.00423347 0
    outer loop
      vertex 11.3672 -6.56285 0
      vertex 11.3775 -8.99582 0.98
      vertex 11.3775 -8.99582 0
    endloop
  endfacet
  facet normal 0.499988 0.866032 -0
    outer loop
      vertex 13.5206 -10.2331 0
      vertex 11.3775 -8.99582 0.98
      vertex 13.5206 -10.2331 0.98
    endloop
  endfacet
  facet normal 0.499988 0.866032 0
    outer loop
      vertex 11.3775 -8.99582 0.98
      vertex 13.5206 -10.2331 0
      vertex 11.3775 -8.99582 0
    endloop
  endfacet
  facet normal -0.999991 -0.00423347 0
    outer loop
      vertex 15.6328 -9.02559 0
      vertex 15.6225 -6.59262 0.98
      vertex 15.6225 -6.59262 0
    endloop
  endfacet
  facet normal -0.999991 -0.00423347 0
    outer loop
      vertex 15.6225 -6.59262 0.98
      vertex 15.6328 -9.02559 0
      vertex 15.6328 -9.02559 0.98
    endloop
  endfacet
  facet normal -0.496313 0.868144 0
    outer loop
      vertex 17.0645 -9.85217 1.99
      vertex 13.5171 -11.8802 2.03
      vertex 17.0645 -9.85217 2.03
    endloop
  endfacet
  facet normal -0.496313 0.868144 0
    outer loop
      vertex 13.5171 -11.8802 2.03
      vertex 17.0645 -9.85217 1.99
      vertex 13.5171 -11.8802 1.99
    endloop
  endfacet
  facet normal 0.286576 -0.501274 0.816455
    outer loop
      vertex 13.4794 -5.3553 0.98
      vertex 13.4829 -3.70825 1.99
      vertex 9.93552 -5.73627 1.99
    endloop
  endfacet
  facet normal 0.5 0.866025 -0
    outer loop
      vertex 13.5171 -11.8802 1.99
      vertex 9.95287 -9.82239 2.03
      vertex 13.5171 -11.8802 2.03
    endloop
  endfacet
  facet normal 0.5 0.866025 0
    outer loop
      vertex 9.95287 -9.82239 2.03
      vertex 13.5171 -11.8802 1.99
      vertex 9.95287 -9.82239 1.99
    endloop
  endfacet
  facet normal 0.999991 0.00424604 0
    outer loop
      vertex 9.95287 -9.82239 2.03
      vertex 9.93552 -5.73627 1.99
      vertex 9.93552 -5.73627 2.03
    endloop
  endfacet
  facet normal 0.999991 0.00424604 0
    outer loop
      vertex 9.93552 -5.73627 1.99
      vertex 9.95287 -9.82239 2.03
      vertex 9.95287 -9.82239 1.99
    endloop
  endfacet
  facet normal -0.999991 -0.0042583 0
    outer loop
      vertex 17.0645 -9.85217 1.99
      vertex 17.0471 -5.76607 2.03
      vertex 17.0471 -5.76607 1.99
    endloop
  endfacet
  facet normal -0.999991 -0.0042583 0
    outer loop
      vertex 17.0471 -5.76607 2.03
      vertex 17.0645 -9.85217 1.99
      vertex 17.0645 -9.85217 2.03
    endloop
  endfacet
  facet normal -0.288708 -0.50005 0.816454
    outer loop
      vertex 17.0471 -5.76607 1.99
      vertex 13.4829 -3.70825 1.99
      vertex 13.4794 -5.3553 0.98
    endloop
  endfacet
  facet normal 0 0 -1
    outer loop
      vertex 17.0356 -9.26488 2.03
      vertex 17.0645 -9.85217 2.03
      vertex 17.038 -9.83692 2.03
    endloop
  endfacet
  facet normal -0 0 -1
    outer loop
      vertex 17.0645 -9.85217 2.03
      vertex 16.5414 -10.1208 2.03
      vertex 17.038 -9.83692 2.03
    endloop
  endfacet
  facet normal 0 0 -1
    outer loop
      vertex 13.5171 -11.8802 2.03
      vertex 16.5414 -10.1208 2.03
      vertex 17.0645 -9.85217 2.03
    endloop
  endfacet
  facet normal 0 0 -1
    outer loop
      vertex 16.5414 -10.1208 2.03
      vertex 13.5171 -11.8802 2.03
      vertex 13.5208 -11.8477 2.03
    endloop
  endfacet
  facet normal 0 0 -1
    outer loop
      vertex 13.5171 -11.8802 2.03
      vertex 13.0831 -11.595 2.03
      vertex 13.5208 -11.8477 2.03
    endloop
  endfacet
  facet normal 0 0 -1
    outer loop
      vertex 9.95287 -9.82239 2.03
      vertex 13.0831 -11.595 2.03
      vertex 13.5171 -11.8802 2.03
    endloop
  endfacet
  facet normal -0 0 -1
    outer loop
      vertex 9.98645 -9.80713 2.03
      vertex 9.95287 -9.82239 2.03
      vertex 9.96925 -5.75575 2.03
    endloop
  endfacet
  facet normal 0 0 -1
    outer loop
      vertex 13.0831 -11.595 2.03
      vertex 9.95287 -9.82239 2.03
      vertex 9.98645 -9.80713 2.03
    endloop
  endfacet
  facet normal 0 0 -1
    outer loop
      vertex 17.0645 -9.85217 2.03
      vertex 17.0356 -9.26488 2.03
      vertex 17.0471 -5.76607 2.03
    endloop
  endfacet
  facet normal 0 0 -1
    outer loop
      vertex 17.0208 -5.78554 2.03
      vertex 17.0471 -5.76607 2.03
      vertex 17.0356 -9.26488 2.03
    endloop
  endfacet
  facet normal 0 0 -1
    outer loop
      vertex 13.8381 -3.948 2.03
      vertex 17.0471 -5.76607 2.03
      vertex 17.0208 -5.78554 2.03
    endloop
  endfacet
  facet normal 0 0 -1
    outer loop
      vertex 13.4829 -3.70825 2.03
      vertex 13.8381 -3.948 2.03
      vertex 13.4865 -3.74496 2.03
    endloop
  endfacet
  facet normal 0 0 -1
    outer loop
      vertex 13.8381 -3.948 2.03
      vertex 13.4829 -3.70825 2.03
      vertex 17.0471 -5.76607 2.03
    endloop
  endfacet
  facet normal 0 0 -1
    outer loop
      vertex 9.96925 -5.75575 2.03
      vertex 13.4829 -3.70825 2.03
      vertex 13.4865 -3.74496 2.03
    endloop
  endfacet
  facet normal 0 0 -1
    outer loop
      vertex 9.96925 -5.75575 2.03
      vertex 9.93552 -5.73627 2.03
      vertex 13.4829 -3.70825 2.03
    endloop
  endfacet
  facet normal 0 0 -1
    outer loop
      vertex 9.93552 -5.73627 2.03
      vertex 9.96925 -5.75575 2.03
      vertex 9.95287 -9.82239 2.03
    endloop
  endfacet
  facet normal 0.496313 -0.868143 0
    outer loop
      vertex 9.93552 -5.73627 1.99
      vertex 13.4829 -3.70825 2.03
      vertex 9.93552 -5.73627 2.03
    endloop
  endfacet
  facet normal 0.496313 -0.868143 0
    outer loop
      vertex 13.4829 -3.70825 2.03
      vertex 9.93552 -5.73627 1.99
      vertex 13.4829 -3.70825 1.99
    endloop
  endfacet
  facet normal 0.286576 -0.501268 0.816459
    outer loop
      vertex 11.3672 -6.56285 0.98
      vertex 13.4794 -5.3553 0.98
      vertex 9.93552 -5.73627 1.99
    endloop
  endfacet
  facet normal -0.288708 -0.500056 0.81645
    outer loop
      vertex 15.6225 -6.59262 0.98
      vertex 17.0471 -5.76607 1.99
      vertex 13.4794 -5.3553 0.98
    endloop
  endfacet
  facet normal -0.500005 -0.866022 0
    outer loop
      vertex 13.4829 -3.70825 1.99
      vertex 17.0471 -5.76607 2.03
      vertex 13.4829 -3.70825 2.03
    endloop
  endfacet
  facet normal -0.500005 -0.866022 -0
    outer loop
      vertex 17.0471 -5.76607 2.03
      vertex 13.4829 -3.70825 1.99
      vertex 17.0471 -5.76607 1.99
    endloop
  endfacet
  facet normal -0.577418 -0.0024445 0.816445
    outer loop
      vertex 15.6328 -9.02559 0.98
      vertex 17.0471 -5.76607 1.99
      vertex 15.6225 -6.59262 0.98
    endloop
  endfacet
  facet normal -0.577396 -0.00245875 0.816461
    outer loop
      vertex 17.0645 -9.85217 1.99
      vertex 17.0471 -5.76607 1.99
      vertex 15.6328 -9.02559 0.98
    endloop
  endfacet
  facet normal -0.28657 0.501264 0.816464
    outer loop
      vertex 17.0645 -9.85217 1.99
      vertex 13.5206 -10.2331 0.98
      vertex 13.5171 -11.8802 1.99
    endloop
  endfacet
  facet normal 0.288699 0.500041 0.816463
    outer loop
      vertex 13.5171 -11.8802 1.99
      vertex 13.5206 -10.2331 0.98
      vertex 9.95287 -9.82239 1.99
    endloop
  endfacet
  facet normal 0.57741 0.00244447 0.816451
    outer loop
      vertex 11.3775 -8.99582 0.98
      vertex 11.3672 -6.56285 0.98
      vertex 9.95287 -9.82239 1.99
    endloop
  endfacet
  facet normal 0.577399 0.00245168 0.816459
    outer loop
      vertex 9.95287 -9.82239 1.99
      vertex 11.3672 -6.56285 0.98
      vertex 9.93552 -5.73627 1.99
    endloop
  endfacet
  facet normal -0.286569 0.501272 0.816458
    outer loop
      vertex 17.0645 -9.85217 1.99
      vertex 15.6328 -9.02559 0.98
      vertex 13.5206 -10.2331 0.98
    endloop
  endfacet
  facet normal 0.288698 0.500056 0.816454
    outer loop
      vertex 13.5206 -10.2331 0.98
      vertex 11.3775 -8.99582 0.98
      vertex 9.95287 -9.82239 1.99
    endloop
  endfacet
  facet normal 0.857591 0.500012 -0.120528
    outer loop
      vertex 15.8298 -0.571588 13.2262
      vertex 13.923 0 2.03
      vertex 15.5354 0 13.5027
    endloop
  endfacet
  facet normal 0.857566 0.500056 -0.120521
    outer loop
      vertex 16.083 -1.0631 12.9885
      vertex 13.923 0 2.03
      vertex 15.8298 -0.571588 13.2262
    endloop
  endfacet
  facet normal 0.85759 0.500012 -0.12053
    outer loop
      vertex 13.923 0 2.03
      vertex 16.083 -1.0631 12.9885
      vertex 15.77 -3.16786 2.03
    endloop
  endfacet
  facet normal 0.857601 -0.499995 -0.120527
    outer loop
      vertex 16.6511 2.08304 12.8
      vertex 15.9636 3.5 2.03
      vertex 17.5705 3.5 13.4638
    endloop
  endfacet
  facet normal 0.857649 -0.499913 -0.120519
    outer loop
      vertex 15.9636 3.5 2.03
      vertex 16.6511 2.08304 12.8
      vertex 15.77 3.16786 2.03
    endloop
  endfacet
  facet normal 0.857615 -0.499972 -0.120522
    outer loop
      vertex 15.77 3.16786 2.03
      vertex 16.6511 2.08304 12.8
      vertex 16.0776 1.0993 12.8
    endloop
  endfacet
  facet normal 0.857643 0.499924 -0.120515
    outer loop
      vertex 16.2836 -1.45268 12.8
      vertex 15.77 -3.16786 2.03
      vertex 16.083 -1.0631 12.9885
    endloop
  endfacet
  facet normal 0.857584 0.500023 -0.120528
    outer loop
      vertex 17.1848 -2.99832 12.8
      vertex 15.77 -3.16786 2.03
      vertex 16.2836 -1.45268 12.8
    endloop
  endfacet
  facet normal 0.857683 0.499851 -0.120536
    outer loop
      vertex 15.9636 -3.5 2.03
      vertex 17.1848 -2.99832 12.8
      vertex 17.2875 -3.13263 12.9738
    endloop
  endfacet
  facet normal 0.857584 0.500023 -0.120529
    outer loop
      vertex 15.9636 -3.5 2.03
      vertex 17.2875 -3.13263 12.9738
      vertex 17.5685 -3.5 13.4491
    endloop
  endfacet
  facet normal 0.857648 0.499912 -0.120534
    outer loop
      vertex 17.1848 -2.99832 12.8
      vertex 15.9636 -3.5 2.03
      vertex 15.77 -3.16786 2.03
    endloop
  endfacet
  facet normal 0.857619 -0.49996 -0.12054
    outer loop
      vertex 13.923 0 2.03
      vertex 16.0776 1.0993 12.8
      vertex 15.7503 0.537858 12.8
    endloop
  endfacet
  facet normal 0.857522 -0.500131 -0.120515
    outer loop
      vertex 13.923 0 2.03
      vertex 15.7503 0.537858 12.8
      vertex 15.699 0.409489 12.9677
    endloop
  endfacet
  facet normal 0.857554 -0.500076 -0.120523
    outer loop
      vertex 13.923 0 2.03
      vertex 15.699 0.409489 12.9677
      vertex 15.5354 0 13.5027
    endloop
  endfacet
  facet normal 0.85759 -0.500012 -0.120529
    outer loop
      vertex 16.0776 1.0993 12.8
      vertex 13.923 0 2.03
      vertex 15.77 3.16786 2.03
    endloop
  endfacet
  facet normal -0.85759 0.500013 0.120524
    outer loop
      vertex 22.0854 0 2.03
      vertex 23.2854 -0.537858 12.8
      vertex 23.6974 0 13.5002
    endloop
  endfacet
  facet normal -0.857592 0.500009 0.120524
    outer loop
      vertex 22.0854 0 2.03
      vertex 22.3845 -2.08304 12.8
      vertex 23.2854 -0.537858 12.8
    endloop
  endfacet
  facet normal -0.857596 0.500003 0.120523
    outer loop
      vertex 20.0448 -3.5 2.03
      vertex 22.3845 -2.08304 12.8
      vertex 22.0854 0 2.03
    endloop
  endfacet
  facet normal -0.857618 0.499963 0.120533
    outer loop
      vertex 22.3845 -2.08304 12.8
      vertex 20.0448 -3.5 2.03
      vertex 21.6515 -3.5 13.462
    endloop
  endfacet
  facet normal 0 -1 0
    outer loop
      vertex 20.0448 3.5 2.03
      vertex 18.0681 3.5 12.8
      vertex 15.9636 3.5 2.03
    endloop
  endfacet
  facet normal 0 -1 0
    outer loop
      vertex 15.9636 3.5 2.03
      vertex 18.0681 3.5 12.8
      vertex 17.5705 3.5 13.4638
    endloop
  endfacet
  facet normal 0 -1 0
    outer loop
      vertex 20.0448 3.5 2.03
      vertex 21.0248 3.5 13.206
      vertex 19.9786 3.5 12.8
    endloop
  endfacet
  facet normal 0 -1 0
    outer loop
      vertex 18.0681 3.5 12.8
      vertex 20.0448 3.5 2.03
      vertex 19.9786 3.5 12.8
    endloop
  endfacet
  facet normal 0 -1 -0
    outer loop
      vertex 21.0248 3.5 13.206
      vertex 20.0448 3.5 2.03
      vertex 21.6496 3.5 13.4484
    endloop
  endfacet
  facet normal 0 1 0
    outer loop
      vertex 20.9676 -3.5 12.8
      vertex 20.0448 -3.5 2.03
      vertex 19.0571 -3.5 12.8
    endloop
  endfacet
  facet normal 0 1 0
    outer loop
      vertex 20.0448 -3.5 2.03
      vertex 20.9676 -3.5 12.8
      vertex 21.6515 -3.5 13.462
    endloop
  endfacet
  facet normal 0 1 0
    outer loop
      vertex 15.9636 -3.5 2.03
      vertex 19.0571 -3.5 12.8
      vertex 20.0448 -3.5 2.03
    endloop
  endfacet
  facet normal 0 1 0
    outer loop
      vertex 19.0571 -3.5 12.8
      vertex 15.9636 -3.5 2.03
      vertex 18.126 -3.5 13.206
    endloop
  endfacet
  facet normal 0 1 0
    outer loop
      vertex 18.126 -3.5 13.206
      vertex 15.9636 -3.5 2.03
      vertex 17.5685 -3.5 13.4491
    endloop
  endfacet
  facet normal -0.857648 -0.49991 0.120538
    outer loop
      vertex 20.0448 3.5 2.03
      vertex 21.7969 3.13288 12.9739
      vertex 21.6496 3.5 13.4484
    endloop
  endfacet
  facet normal -0.857628 -0.499946 0.120534
    outer loop
      vertex 20.0448 3.5 2.03
      vertex 21.8509 2.99832 12.8
      vertex 21.7969 3.13288 12.9739
    endloop
  endfacet
  facet normal -0.857585 -0.500023 0.120523
    outer loop
      vertex 20.0448 3.5 2.03
      vertex 22.7521 1.45268 12.8
      vertex 21.8509 2.99832 12.8
    endloop
  endfacet
  facet normal -0.857595 -0.500003 0.12053
    outer loop
      vertex 22.0854 0 2.03
      vertex 22.7521 1.45268 12.8
      vertex 20.0448 3.5 2.03
    endloop
  endfacet
  facet normal -0.857611 -0.499977 0.120527
    outer loop
      vertex 22.7521 1.45268 12.8
      vertex 22.0854 0 2.03
      vertex 23.6974 0 13.5002
    endloop
  endfacet
  facet normal 0.866313 0.232054 0.442327
    outer loop
      vertex 16.2164 -3.47011 13.99
      vertex 16.2836 -1.45268 12.8
      vertex 16.083 -1.0631 12.9885
    endloop
  endfacet
  facet normal 0.866152 0.232154 0.442588
    outer loop
      vertex 16.2164 -3.47011 13.99
      vertex 16.083 -1.0631 12.9885
      vertex 15.8298 -0.571588 13.2262
    endloop
  endfacet
  facet normal 0.866242 0.232118 0.442432
    outer loop
      vertex 16.2836 -1.45268 12.8
      vertex 16.2164 -3.47011 13.99
      vertex 16.6601 -2.85774 12.8
    endloop
  endfacet
  facet normal 0.86612 0.232151 0.442653
    outer loop
      vertex 15.699 0.409489 12.9677
      vertex 15.7503 0.537858 12.8
      vertex 15.6141 1.046 12.8
    endloop
  endfacet
  facet normal 0.965923 0.258829 0
    outer loop
      vertex 16.2164 -3.47011 14
      vertex 14.9462 1.27015 13.99
      vertex 14.9462 1.27015 14
    endloop
  endfacet
  facet normal 0.965923 0.258829 0
    outer loop
      vertex 14.9462 1.27015 13.99
      vertex 16.2164 -3.47011 14
      vertex 16.2164 -3.47011 13.99
    endloop
  endfacet
  facet normal 0.624765 -0.624763 0.468337
    outer loop
      vertex 15.6141 1.046 12.8
      vertex 18.4163 4.74026 13.99
      vertex 14.9462 1.27015 13.99
    endloop
  endfacet
  facet normal -0.766398 -0.205348 0.60866
    outer loop
      vertex 24.4267 -1.27015 13.99
      vertex 23.1566 3.47011 13.99
      vertex 22.3756 2.85774 12.8
    endloop
  endfacet
  facet normal -0.707108 0.707106 0
    outer loop
      vertex 20.9566 -4.74026 13.99
      vertex 24.4267 -1.27015 14
      vertex 24.4267 -1.27015 13.99
    endloop
  endfacet
  facet normal -0.707108 0.707106 0
    outer loop
      vertex 24.4267 -1.27015 14
      vertex 20.9566 -4.74026 13.99
      vertex 20.9566 -4.74026 14
    endloop
  endfacet
  facet normal 0.258822 0.965925 -0
    outer loop
      vertex 20.9566 -4.74026 13.99
      vertex 16.2164 -3.47011 14
      vertex 20.9566 -4.74026 14
    endloop
  endfacet
  facet normal 0.258822 0.965925 0
    outer loop
      vertex 16.2164 -3.47011 14
      vertex 20.9566 -4.74026 13.99
      vertex 16.2164 -3.47011 13.99
    endloop
  endfacet
  facet normal 0.707108 -0.707106 0
    outer loop
      vertex 14.9462 1.27015 14
      vertex 18.4163 4.74026 13.99
      vertex 18.4163 4.74026 14
    endloop
  endfacet
  facet normal 0.707108 -0.707106 0
    outer loop
      vertex 18.4163 4.74026 13.99
      vertex 14.9462 1.27015 14
      vertex 14.9462 1.27015 13.99
    endloop
  endfacet
  facet normal -0.570991 0.571024 0.589831
    outer loop
      vertex 22.3845 -2.08304 12.8
      vertex 24.4267 -1.27015 13.99
      vertex 23.4216 -1.046 12.8
    endloop
  endfacet
  facet normal -0.570997 0.570969 0.589878
    outer loop
      vertex 21.6515 -3.5 13.462
      vertex 24.4267 -1.27015 13.99
      vertex 22.3845 -2.08304 12.8
    endloop
  endfacet
  facet normal -0.571026 0.571024 0.589797
    outer loop
      vertex 21.6515 -3.5 13.462
      vertex 20.9566 -4.74026 13.99
      vertex 24.4267 -1.27015 13.99
    endloop
  endfacet
  facet normal -0.570969 0.571018 0.589858
    outer loop
      vertex 20.9676 -3.5 12.8
      vertex 20.9566 -4.74026 13.99
      vertex 21.6515 -3.5 13.462
    endloop
  endfacet
  facet normal -0.570945 0.57103 0.58987
    outer loop
      vertex 20.9566 -4.74026 13.99
      vertex 20.9676 -3.5 12.8
      vertex 20.5638 -3.90374 12.8
    endloop
  endfacet
  facet normal 0.866229 0.232114 0.442459
    outer loop
      vertex 14.9462 1.27015 13.99
      vertex 15.699 0.409489 12.9677
      vertex 15.6141 1.046 12.8
    endloop
  endfacet
  facet normal 0.866222 0.232057 0.442502
    outer loop
      vertex 14.9462 1.27015 13.99
      vertex 15.5354 0 13.5027
      vertex 15.699 0.409489 12.9677
    endloop
  endfacet
  facet normal 0.866231 0.232128 0.442449
    outer loop
      vertex 15.5354 0 13.5027
      vertex 16.2164 -3.47011 13.99
      vertex 15.8298 -0.571588 13.2262
    endloop
  endfacet
  facet normal 0.866267 0.232125 0.442379
    outer loop
      vertex 16.2164 -3.47011 13.99
      vertex 15.5354 0 13.5027
      vertex 14.9462 1.27015 13.99
    endloop
  endfacet
  facet normal 0.222564 0.830607 0.510448
    outer loop
      vertex 20.9566 -4.74026 13.99
      vertex 17.5685 -3.5 13.4491
      vertex 16.2164 -3.47011 13.99
    endloop
  endfacet
  facet normal 0.222572 0.83062 0.510424
    outer loop
      vertex 17.5685 -3.5 13.4491
      vertex 20.9566 -4.74026 13.99
      vertex 18.126 -3.5 13.206
    endloop
  endfacet
  facet normal 0.222556 0.830621 0.510429
    outer loop
      vertex 17.2875 -3.13263 12.9738
      vertex 16.2164 -3.47011 13.99
      vertex 17.5685 -3.5 13.4491
    endloop
  endfacet
  facet normal 0.222541 0.830633 0.510417
    outer loop
      vertex 16.2164 -3.47011 13.99
      vertex 17.2875 -3.13263 12.9738
      vertex 16.6601 -2.85774 12.8
    endloop
  endfacet
  facet normal -0.965928 -0.25881 0
    outer loop
      vertex 24.4267 -1.27015 13.99
      vertex 23.1566 3.47011 14
      vertex 23.1566 3.47011 13.99
    endloop
  endfacet
  facet normal -0.965928 -0.25881 0
    outer loop
      vertex 23.1566 3.47011 14
      vertex 24.4267 -1.27015 13.99
      vertex 24.4267 -1.27015 14
    endloop
  endfacet
  facet normal -0.215331 -0.803631 0.554806
    outer loop
      vertex 18.4163 4.74026 13.99
      vertex 21.6496 3.5 13.4484
      vertex 23.1566 3.47011 13.99
    endloop
  endfacet
  facet normal -0.215288 -0.803567 0.554916
    outer loop
      vertex 21.6496 3.5 13.4484
      vertex 18.4163 4.74026 13.99
      vertex 21.0248 3.5 13.206
    endloop
  endfacet
  facet normal -0.215313 -0.803579 0.554888
    outer loop
      vertex 22.3756 2.85774 12.8
      vertex 21.6496 3.5 13.4484
      vertex 21.7969 3.13288 12.9739
    endloop
  endfacet
  facet normal -0.215349 -0.80359 0.554859
    outer loop
      vertex 21.6496 3.5 13.4484
      vertex 22.3756 2.85774 12.8
      vertex 23.1566 3.47011 13.99
    endloop
  endfacet
  facet normal 0.624753 -0.62476 0.468356
    outer loop
      vertex 15.6141 1.046 12.8
      vertex 17.5705 3.5 13.4638
      vertex 18.4163 4.74026 13.99
    endloop
  endfacet
  facet normal 0.624799 -0.624775 0.468275
    outer loop
      vertex 17.5705 3.5 13.4638
      vertex 15.6141 1.046 12.8
      vertex 16.6511 2.08304 12.8
    endloop
  endfacet
  facet normal 0.624766 -0.624761 0.468339
    outer loop
      vertex 18.0681 3.5 12.8
      vertex 18.4163 4.74026 13.99
      vertex 17.5705 3.5 13.4638
    endloop
  endfacet
  facet normal 0.624806 -0.624744 0.468309
    outer loop
      vertex 18.4163 4.74026 13.99
      vertex 18.0681 3.5 12.8
      vertex 18.4718 3.90374 12.8
    endloop
  endfacet
  facet normal -0.215321 -0.8036 0.554855
    outer loop
      vertex 19.9786 3.5 12.8
      vertex 18.4163 4.74026 13.99
      vertex 18.4718 3.90374 12.8
    endloop
  endfacet
  facet normal -0.215323 -0.803601 0.554853
    outer loop
      vertex 18.4163 4.74026 13.99
      vertex 19.9786 3.5 12.8
      vertex 21.0248 3.5 13.206
    endloop
  endfacet
  facet normal -0.215293 -0.80356 0.554923
    outer loop
      vertex 21.8509 2.99832 12.8
      vertex 22.3756 2.85774 12.8
      vertex 21.7969 3.13288 12.9739
    endloop
  endfacet
  facet normal 0 0 1
    outer loop
      vertex 16.0776 1.0993 12.8
      vertex 15.6141 1.046 12.8
      vertex 15.7503 0.537858 12.8
    endloop
  endfacet
  facet normal 0 0 1
    outer loop
      vertex 15.6141 1.046 12.8
      vertex 16.0776 1.0993 12.8
      vertex 16.6511 2.08304 12.8
    endloop
  endfacet
  facet normal 0 0 1
    outer loop
      vertex 19.9786 3.5 12.8
      vertex 18.4718 3.90374 12.8
      vertex 18.0681 3.5 12.8
    endloop
  endfacet
  facet normal -0 -0 1
    outer loop
      vertex 16.6601 -2.85774 12.8
      vertex 17.1848 -2.99832 12.8
      vertex 16.2836 -1.45268 12.8
    endloop
  endfacet
  facet normal 0 -0 1
    outer loop
      vertex 20.5638 -3.90374 12.8
      vertex 20.9676 -3.5 12.8
      vertex 19.0571 -3.5 12.8
    endloop
  endfacet
  facet normal 0 0 1
    outer loop
      vertex 23.4216 -1.046 12.8
      vertex 23.2854 -0.537858 12.8
      vertex 22.3845 -2.08304 12.8
    endloop
  endfacet
  facet normal 0 0 1
    outer loop
      vertex 22.7521 1.45268 12.8
      vertex 22.3756 2.85774 12.8
      vertex 21.8509 2.99832 12.8
    endloop
  endfacet
  facet normal 0.222549 0.830641 0.5104
    outer loop
      vertex 17.2875 -3.13263 12.9738
      vertex 17.1848 -2.99832 12.8
      vertex 16.6601 -2.85774 12.8
    endloop
  endfacet
  facet normal 0.222575 0.83062 0.510422
    outer loop
      vertex 19.0571 -3.5 12.8
      vertex 20.9566 -4.74026 13.99
      vertex 20.5638 -3.90374 12.8
    endloop
  endfacet
  facet normal 0.222569 0.830617 0.510429
    outer loop
      vertex 20.9566 -4.74026 13.99
      vertex 19.0571 -3.5 12.8
      vertex 18.126 -3.5 13.206
    endloop
  endfacet
  facet normal -0.258817 -0.965926 0
    outer loop
      vertex 18.4163 4.74026 13.99
      vertex 23.1566 3.47011 14
      vertex 18.4163 4.74026 14
    endloop
  endfacet
  facet normal -0.258817 -0.965926 -0
    outer loop
      vertex 23.1566 3.47011 14
      vertex 18.4163 4.74026 13.99
      vertex 23.1566 3.47011 13.99
    endloop
  endfacet
  facet normal -0.766419 -0.20537 0.608625
    outer loop
      vertex 23.6974 0 13.5002
      vertex 22.3756 2.85774 12.8
      vertex 22.7521 1.45268 12.8
    endloop
  endfacet
  facet normal -0.766403 -0.205423 0.608627
    outer loop
      vertex 24.4267 -1.27015 13.99
      vertex 23.2854 -0.537858 12.8
      vertex 23.4216 -1.046 12.8
    endloop
  endfacet
  facet normal -0.766433 -0.205381 0.608605
    outer loop
      vertex 23.6974 0 13.5002
      vertex 24.4267 -1.27015 13.99
      vertex 22.3756 2.85774 12.8
    endloop
  endfacet
  facet normal -0.766392 -0.205331 0.608673
    outer loop
      vertex 23.2854 -0.537858 12.8
      vertex 24.4267 -1.27015 13.99
      vertex 23.6974 0 13.5002
    endloop
  endfacet
  facet normal 0.863882 -0.503693 0
    outer loop
      vertex 15.5372 0 0.98
      vertex 16.7627 2.10185 0
      vertex 16.7627 2.10185 0.98
    endloop
  endfacet
  facet normal 0.863882 -0.503693 0
    outer loop
      vertex 16.7627 2.10185 0
      vertex 15.5372 0 0.98
      vertex 15.5372 0 0
    endloop
  endfacet
  facet normal -0.8639 0.503663 0
    outer loop
      vertex 19.2373 -2.10185 0
      vertex 20.4627 0 0.98
      vertex 20.4627 0 0
    endloop
  endfacet
  facet normal -0.8639 0.503663 0
    outer loop
      vertex 20.4627 0 0.98
      vertex 19.2373 -2.10185 0
      vertex 19.2373 -2.10185 0.98
    endloop
  endfacet
  facet normal 0.863882 0.503693 0
    outer loop
      vertex 16.7627 -2.10185 0.98
      vertex 15.5372 0 0
      vertex 15.5372 0 0.98
    endloop
  endfacet
  facet normal 0.863882 0.503693 0
    outer loop
      vertex 15.5372 0 0
      vertex 16.7627 -2.10185 0.98
      vertex 16.7627 -2.10185 0
    endloop
  endfacet
  facet normal 0 1 -0
    outer loop
      vertex 19.2373 -2.10185 0
      vertex 16.7627 -2.10185 0.98
      vertex 19.2373 -2.10185 0.98
    endloop
  endfacet
  facet normal 0 1 0
    outer loop
      vertex 16.7627 -2.10185 0.98
      vertex 19.2373 -2.10185 0
      vertex 16.7627 -2.10185 0
    endloop
  endfacet
  facet normal 0 -1 0
    outer loop
      vertex 16.7627 2.10185 0
      vertex 19.2373 2.10185 0.98
      vertex 16.7627 2.10185 0.98
    endloop
  endfacet
  facet normal 0 -1 -0
    outer loop
      vertex 19.2373 2.10185 0.98
      vertex 16.7627 2.10185 0
      vertex 19.2373 2.10185 0
    endloop
  endfacet
  facet normal -0.8639 -0.503663 0
    outer loop
      vertex 20.4627 0 0
      vertex 19.2373 2.10185 0.98
      vertex 19.2373 2.10185 0
    endloop
  endfacet
  facet normal -0.8639 -0.503663 0
    outer loop
      vertex 19.2373 2.10185 0.98
      vertex 20.4627 0 0
      vertex 20.4627 0 0.98
    endloop
  endfacet
  facet normal -0.863892 -0.503676 0
    outer loop
      vertex 22.1159 0 1.99
      vertex 20.0578 3.53 2.03
      vertex 20.0578 3.53 1.99
    endloop
  endfacet
  facet normal -0.863892 -0.503676 0
    outer loop
      vertex 20.0578 3.53 2.03
      vertex 22.1159 0 1.99
      vertex 22.1159 0 2.03
    endloop
  endfacet
  facet normal -0.863892 0.503676 0
    outer loop
      vertex 20.0578 -3.53 1.99
      vertex 22.1159 0 2.03
      vertex 22.1159 0 1.99
    endloop
  endfacet
  facet normal -0.863892 0.503676 0
    outer loop
      vertex 22.1159 0 2.03
      vertex 20.0578 -3.53 1.99
      vertex 20.0578 -3.53 2.03
    endloop
  endfacet
  facet normal 0.498828 -0.290832 0.816448
    outer loop
      vertex 15.5372 0 0.98
      vertex 15.9422 3.53 1.99
      vertex 13.8841 0 1.99
    endloop
  endfacet
  facet normal 0.863892 0.503676 0
    outer loop
      vertex 15.9422 -3.53 2.03
      vertex 13.8841 0 1.99
      vertex 13.8841 0 2.03
    endloop
  endfacet
  facet normal 0.863892 0.503676 0
    outer loop
      vertex 13.8841 0 1.99
      vertex 15.9422 -3.53 2.03
      vertex 15.9422 -3.53 1.99
    endloop
  endfacet
  facet normal 0 1 -0
    outer loop
      vertex 20.0578 -3.53 1.99
      vertex 15.9422 -3.53 2.03
      vertex 20.0578 -3.53 2.03
    endloop
  endfacet
  facet normal 0 1 0
    outer loop
      vertex 15.9422 -3.53 2.03
      vertex 20.0578 -3.53 1.99
      vertex 15.9422 -3.53 1.99
    endloop
  endfacet
  facet normal 0.863892 -0.503676 0
    outer loop
      vertex 13.8841 0 2.03
      vertex 15.9422 3.53 1.99
      vertex 15.9422 3.53 2.03
    endloop
  endfacet
  facet normal 0.863892 -0.503676 0
    outer loop
      vertex 15.9422 3.53 1.99
      vertex 13.8841 0 2.03
      vertex 13.8841 0 1.99
    endloop
  endfacet
  facet normal 0 0 -1
    outer loop
      vertex 20.0448 -3.5 2.03
      vertex 22.1159 0 2.03
      vertex 20.0578 -3.53 2.03
    endloop
  endfacet
  facet normal -0 0 -1
    outer loop
      vertex 22.1159 0 2.03
      vertex 20.0448 -3.5 2.03
      vertex 22.0854 0 2.03
    endloop
  endfacet
  facet normal 0 0 -1
    outer loop
      vertex 20.0578 -3.53 2.03
      vertex 15.9636 -3.5 2.03
      vertex 20.0448 -3.5 2.03
    endloop
  endfacet
  facet normal 0 0 -1
    outer loop
      vertex 15.9422 -3.53 2.03
      vertex 15.9636 -3.5 2.03
      vertex 20.0578 -3.53 2.03
    endloop
  endfacet
  facet normal 0 0 -1
    outer loop
      vertex 15.9422 -3.53 2.03
      vertex 15.77 -3.16786 2.03
      vertex 15.9636 -3.5 2.03
    endloop
  endfacet
  facet normal 0 0 -1
    outer loop
      vertex 13.8841 0 2.03
      vertex 15.77 -3.16786 2.03
      vertex 15.9422 -3.53 2.03
    endloop
  endfacet
  facet normal 0 0 -1
    outer loop
      vertex 15.77 -3.16786 2.03
      vertex 13.8841 0 2.03
      vertex 13.923 0 2.03
    endloop
  endfacet
  facet normal 0 0 -1
    outer loop
      vertex 20.0448 3.5 2.03
      vertex 22.1159 0 2.03
      vertex 22.0854 0 2.03
    endloop
  endfacet
  facet normal 0 0 -1
    outer loop
      vertex 22.1159 0 2.03
      vertex 20.0448 3.5 2.03
      vertex 20.0578 3.53 2.03
    endloop
  endfacet
  facet normal 0 0 -1
    outer loop
      vertex 15.9636 3.5 2.03
      vertex 20.0578 3.53 2.03
      vertex 20.0448 3.5 2.03
    endloop
  endfacet
  facet normal 0 0 -1
    outer loop
      vertex 15.9636 3.5 2.03
      vertex 15.9422 3.53 2.03
      vertex 20.0578 3.53 2.03
    endloop
  endfacet
  facet normal 0 0 -1
    outer loop
      vertex 15.77 3.16786 2.03
      vertex 15.9422 3.53 2.03
      vertex 15.9636 3.5 2.03
    endloop
  endfacet
  facet normal 0 0 -1
    outer loop
      vertex 13.8841 0 2.03
      vertex 15.77 3.16786 2.03
      vertex 13.923 0 2.03
    endloop
  endfacet
  facet normal -0 0 -1
    outer loop
      vertex 15.77 3.16786 2.03
      vertex 13.8841 0 2.03
      vertex 15.9422 3.53 2.03
    endloop
  endfacet
  facet normal -0.498824 -0.29082 0.816455
    outer loop
      vertex 20.4627 0 0.98
      vertex 20.0578 3.53 1.99
      vertex 19.2373 2.10185 0.98
    endloop
  endfacet
  facet normal -0.498824 0.29082 0.816455
    outer loop
      vertex 20.0578 -3.53 1.99
      vertex 20.4627 0 0.98
      vertex 19.2373 -2.10185 0.98
    endloop
  endfacet
  facet normal 0 -1 0
    outer loop
      vertex 15.9422 3.53 1.99
      vertex 20.0578 3.53 2.03
      vertex 15.9422 3.53 2.03
    endloop
  endfacet
  facet normal 0 -1 -0
    outer loop
      vertex 20.0578 3.53 2.03
      vertex 15.9422 3.53 1.99
      vertex 20.0578 3.53 1.99
    endloop
  endfacet
  facet normal -0 0.577406 0.816457
    outer loop
      vertex 16.7627 -2.10185 0.98
      vertex 20.0578 -3.53 1.99
      vertex 19.2373 -2.10185 0.98
    endloop
  endfacet
  facet normal 0 0.577406 0.816457
    outer loop
      vertex 20.0578 -3.53 1.99
      vertex 16.7627 -2.10185 0.98
      vertex 15.9422 -3.53 1.99
    endloop
  endfacet
  facet normal 0.498828 0.290832 0.816448
    outer loop
      vertex 15.9422 -3.53 1.99
      vertex 15.5372 0 0.98
      vertex 13.8841 0 1.99
    endloop
  endfacet
  facet normal 0.498807 0.290833 0.81646
    outer loop
      vertex 15.9422 -3.53 1.99
      vertex 16.7627 -2.10185 0.98
      vertex 15.5372 0 0.98
    endloop
  endfacet
  facet normal 0 -0.577406 0.816457
    outer loop
      vertex 20.0578 3.53 1.99
      vertex 16.7627 2.10185 0.98
      vertex 19.2373 2.10185 0.98
    endloop
  endfacet
  facet normal 0 -0.577406 0.816457
    outer loop
      vertex 16.7627 2.10185 0.98
      vertex 20.0578 3.53 1.99
      vertex 15.9422 3.53 1.99
    endloop
  endfacet
  facet normal -0.498808 -0.290821 0.816464
    outer loop
      vertex 20.4627 0 0.98
      vertex 22.1159 0 1.99
      vertex 20.0578 3.53 1.99
    endloop
  endfacet
  facet normal -0.498808 0.290821 0.816464
    outer loop
      vertex 22.1159 0 1.99
      vertex 20.4627 0 0.98
      vertex 20.0578 -3.53 1.99
    endloop
  endfacet
  facet normal 0.498807 -0.290833 0.81646
    outer loop
      vertex 16.7627 2.10185 0.98
      vertex 15.9422 3.53 1.99
      vertex 15.5372 0 0.98
    endloop
  endfacet
  facet normal 0.999926 -0.0121859 0
    outer loop
      vertex -8.42811 -24.6647 7.6326
      vertex -8.42811 -24.6647 11.2
      vertex -8.43346 -25.1037 11.2
    endloop
  endfacet
  facet normal -0.642613 -0.766191 0
    outer loop
      vertex -2.41506 -23.5678 9.7699
      vertex -0.999316 -24.7552 7.67229
      vertex -0.999316 -24.7552 11.2
    endloop
  endfacet
  facet normal -0.642613 -0.766191 0
    outer loop
      vertex -2.41506 -23.5678 5.4301
      vertex -0.999316 -24.7552 7.67229
      vertex -2.41506 -23.5678 9.7699
    endloop
  endfacet
  facet normal -0.642597 -0.766205 -1.73248e-05
    outer loop
      vertex -0.999316 -24.7552 7.67229
      vertex -2.41506 -23.5678 5.4301
      vertex -1.52673 -24.3128 4.53277
    endloop
  endfacet
  facet normal -0.999926 0.0121904 0
    outer loop
      vertex -1.00528 -25.2444 11.1537
      vertex -0.999316 -24.7552 11.2
      vertex -0.999316 -24.7552 7.67229
    endloop
  endfacet
  facet normal -0.999926 0.0121915 -1.08747e-05
    outer loop
      vertex -0.999316 -24.7552 11.2
      vertex -1.00528 -25.2444 11.1537
      vertex -1.00535 -25.2501 11.2
    endloop
  endfacet
  facet normal 0 0 -1
    outer loop
      vertex -1.00535 -25.2501 11.2
      vertex -8.42811 -24.6647 11.2
      vertex -0.999316 -24.7552 11.2
    endloop
  endfacet
  facet normal 0 -0 -1
    outer loop
      vertex -8.42811 -24.6647 11.2
      vertex -1.00535 -25.2501 11.2
      vertex -8.43346 -25.1037 11.2
    endloop
  endfacet
  facet normal -0.0121686 -0.999926 0
    outer loop
      vertex -6.98386 -23.5122 5.4301
      vertex -2.41506 -23.5678 9.7699
      vertex -6.98386 -23.5122 9.7699
    endloop
  endfacet
  facet normal -0.0121686 -0.999926 -0
    outer loop
      vertex -2.41506 -23.5678 9.7699
      vertex -6.98386 -23.5122 5.4301
      vertex -2.41506 -23.5678 5.4301
    endloop
  endfacet
  facet normal -0.00942059 -0.77392 0.633214
    outer loop
      vertex -1.52673 -24.3128 4.53277
      vertex -2.41506 -23.5678 5.4301
      vertex -6.4042 -24.2955 4.48135
    endloop
  endfacet
  facet normal -0.00942795 -0.773904 -0.633233
    outer loop
      vertex -2.41506 -23.5678 9.7699
      vertex -0.999316 -24.7552 11.2
      vertex -8.42811 -24.6647 11.2
    endloop
  endfacet
  facet normal -0.00941827 -0.773925 -0.633208
    outer loop
      vertex -6.98386 -23.5122 9.7699
      vertex -2.41506 -23.5678 9.7699
      vertex -8.42811 -24.6647 11.2
    endloop
  endfacet
  facet normal 0.623738 -0.781634 0
    outer loop
      vertex -8.42811 -24.6647 7.6326
      vertex -6.98386 -23.5122 9.7699
      vertex -8.42811 -24.6647 11.2
    endloop
  endfacet
  facet normal 0.623738 -0.781634 0
    outer loop
      vertex -8.42811 -24.6647 7.6326
      vertex -6.98386 -23.5122 5.4301
      vertex -6.98386 -23.5122 9.7699
    endloop
  endfacet
  facet normal 0.623727 -0.781642 -1.14215e-05
    outer loop
      vertex -6.98386 -23.5122 5.4301
      vertex -8.42811 -24.6647 7.6326
      vertex -7.95221 -24.2849 4.47124
    endloop
  endfacet
  facet normal -0.00941827 -0.773925 0.633208
    outer loop
      vertex -6.98386 -23.5122 5.4301
      vertex -6.4042 -24.2955 4.48135
      vertex -2.41506 -23.5678 5.4301
    endloop
  endfacet
  facet normal -0.00950098 -0.773896 0.633241
    outer loop
      vertex -7.61767 -24.2912 4.46856
      vertex -6.98386 -23.5122 5.4301
      vertex -7.95221 -24.2849 4.47124
    endloop
  endfacet
  facet normal -0.00941647 -0.773924 0.633208
    outer loop
      vertex -6.98386 -23.5122 5.4301
      vertex -7.61767 -24.2912 4.46856
      vertex -6.4042 -24.2955 4.48135
    endloop
  endfacet
  facet normal -0.866055 0.499948 0
    outer loop
      vertex -10.2697 -24.1592 11.2
      vertex -10.2697 -24.1592 7.74426
      vertex -10.5125 -24.5798 11.2
    endloop
  endfacet
  facet normal -0.386997 -0.670285 -0.633208
    outer loop
      vertex -10.9232 -22.4309 9.7699
      vertex -10.2697 -24.1592 11.2
      vertex -13.9641 -20.6752 9.7699
    endloop
  endfacet
  facet normal 0.161388 -0.986891 0
    outer loop
      vertex -15.7876 -20.9734 7.7443
      vertex -13.9641 -20.6752 9.7699
      vertex -15.7876 -20.9734 11.2
    endloop
  endfacet
  facet normal 0.161388 -0.986891 0
    outer loop
      vertex -15.7876 -20.9734 7.7443
      vertex -13.9641 -20.6752 5.4301
      vertex -13.9641 -20.6752 9.7699
    endloop
  endfacet
  facet normal 0.161365 -0.986895 -1.89001e-05
    outer loop
      vertex -13.9641 -20.6752 5.4301
      vertex -15.7876 -20.9734 7.7443
      vertex -15.0877 -20.8589 4.54892
    endloop
  endfacet
  facet normal 0.865933 -0.50016 0
    outer loop
      vertex -15.7876 -20.9734 11.2
      vertex -16.0217 -21.3787 11.0746
      vertex -15.7876 -20.9734 7.7443
    endloop
  endfacet
  facet normal 0.865966 -0.500103 -0.000247756
    outer loop
      vertex -16.0217 -21.3787 11.0746
      vertex -15.7876 -20.9734 11.2
      vertex -16.0305 -21.394 11.2
    endloop
  endfacet
  facet normal -0.935278 -0.353914 0.000279478
    outer loop
      vertex -10.5107 -23.5216 4.67324
      vertex -10.9232 -22.4309 5.4301
      vertex -10.5205 -23.4958 4.5489
    endloop
  endfacet
  facet normal -0.935351 -0.353722 -3.69294e-05
    outer loop
      vertex -10.2697 -24.1592 7.74426
      vertex -10.9232 -22.4309 5.4301
      vertex -10.5107 -23.5216 4.67324
    endloop
  endfacet
  facet normal -0.935367 -0.353678 0
    outer loop
      vertex -10.9232 -22.4309 5.4301
      vertex -10.2697 -24.1592 7.74426
      vertex -10.9232 -22.4309 9.7699
    endloop
  endfacet
  facet normal -0.935367 -0.353678 0
    outer loop
      vertex -10.9232 -22.4309 9.7699
      vertex -10.2697 -24.1592 7.74426
      vertex -10.2697 -24.1592 11.2
    endloop
  endfacet
  facet normal -0.386992 -0.670282 -0.633213
    outer loop
      vertex -13.9641 -20.6752 9.7699
      vertex -10.2697 -24.1592 11.2
      vertex -15.7876 -20.9734 11.2
    endloop
  endfacet
  facet normal -0.500008 -0.866021 0
    outer loop
      vertex -13.9641 -20.6752 5.4301
      vertex -10.9232 -22.4309 9.7699
      vertex -13.9641 -20.6752 9.7699
    endloop
  endfacet
  facet normal -0.500008 -0.866021 -0
    outer loop
      vertex -10.9232 -22.4309 9.7699
      vertex -13.9641 -20.6752 5.4301
      vertex -10.9232 -22.4309 5.4301
    endloop
  endfacet
  facet normal -0.386995 -0.670295 0.633197
    outer loop
      vertex -11.6877 -22.8219 4.54891
      vertex -13.9641 -20.6752 5.4301
      vertex -15.0877 -20.8589 4.54892
    endloop
  endfacet
  facet normal -0.387007 -0.670302 0.633183
    outer loop
      vertex -11.6877 -22.8219 4.54891
      vertex -10.9232 -22.4309 5.4301
      vertex -13.9641 -20.6752 5.4301
    endloop
  endfacet
  facet normal -0.387005 -0.670304 0.633182
    outer loop
      vertex -10.9232 -22.4309 5.4301
      vertex -11.6877 -22.8219 4.54891
      vertex -10.5205 -23.4958 4.5489
    endloop
  endfacet
  facet normal 0 0 -1
    outer loop
      vertex -10.5125 -24.5798 11.2
      vertex -15.7876 -20.9734 11.2
      vertex -10.2697 -24.1592 11.2
    endloop
  endfacet
  facet normal 0 -0 -1
    outer loop
      vertex -15.7876 -20.9734 11.2
      vertex -10.5125 -24.5798 11.2
      vertex -16.0305 -21.394 11.2
    endloop
  endfacet
  facet normal -0.342264 -0.939604 0
    outer loop
      vertex -20.9389 -13.243 7.67237
      vertex -19.2028 -13.8754 9.7699
      vertex -20.9389 -13.243 11.2
    endloop
  endfacet
  facet normal -0.342264 -0.939604 0
    outer loop
      vertex -20.9389 -13.243 7.67237
      vertex -19.2028 -13.8754 5.4301
      vertex -19.2028 -13.8754 9.7699
    endloop
  endfacet
  facet normal -0.342267 -0.939603 -2.62127e-06
    outer loop
      vertex -19.2028 -13.8754 5.4301
      vertex -20.9389 -13.243 7.67237
      vertex -20.2921 -13.4786 4.53278
    endloop
  endfacet
  facet normal -0.51047 0.859895 0
    outer loop
      vertex -17.1462 -19.6313 11.2
      vertex -17.1462 -19.6313 7.63266
      vertex -17.5237 -19.8554 11.2
    endloop
  endfacet
  facet normal -0.665518 -0.39512 -0.633219
    outer loop
      vertex -16.8702 -17.8043 9.7699
      vertex -17.1462 -19.6313 11.2
      vertex -19.2028 -13.8754 9.7699
    endloop
  endfacet
  facet normal 0.51045 -0.859907 0.000161424
    outer loop
      vertex -21.3597 -13.4928 11.1537
      vertex -20.9389 -13.243 11.2
      vertex -21.3646 -13.4957 11.2
    endloop
  endfacet
  facet normal 0.510463 -0.8599 0
    outer loop
      vertex -20.9389 -13.243 11.2
      vertex -21.3597 -13.4928 11.1537
      vertex -20.9389 -13.243 7.67237
    endloop
  endfacet
  facet normal 0 0 -1
    outer loop
      vertex -17.5237 -19.8554 11.2
      vertex -20.9389 -13.243 11.2
      vertex -17.1462 -19.6313 11.2
    endloop
  endfacet
  facet normal 0 -0 -1
    outer loop
      vertex -20.9389 -13.243 11.2
      vertex -17.5237 -19.8554 11.2
      vertex -21.3646 -13.4957 11.2
    endloop
  endfacet
  facet normal -0.665529 -0.395121 -0.633207
    outer loop
      vertex -19.2028 -13.8754 9.7699
      vertex -17.1462 -19.6313 11.2
      vertex -20.9389 -13.243 11.2
    endloop
  endfacet
  facet normal -0.988784 0.149352 -1.71993e-05
    outer loop
      vertex -17.1462 -19.6313 7.63266
      vertex -16.8702 -17.8043 5.4301
      vertex -17.0552 -19.0292 4.47126
    endloop
  endfacet
  facet normal -0.988781 0.149372 0
    outer loop
      vertex -16.8702 -17.8043 5.4301
      vertex -17.1462 -19.6313 7.63266
      vertex -16.8702 -17.8043 9.7699
    endloop
  endfacet
  facet normal -0.988781 0.149372 0
    outer loop
      vertex -16.8702 -17.8043 9.7699
      vertex -17.1462 -19.6313 7.63266
      vertex -17.1462 -19.6313 11.2
    endloop
  endfacet
  facet normal -0.859872 -0.510509 0
    outer loop
      vertex -16.8702 -17.8043 5.4301
      vertex -19.2028 -13.8754 9.7699
      vertex -19.2028 -13.8754 5.4301
    endloop
  endfacet
  facet normal -0.859872 -0.510509 0
    outer loop
      vertex -19.2028 -13.8754 9.7699
      vertex -16.8702 -17.8043 5.4301
      vertex -16.8702 -17.8043 9.7699
    endloop
  endfacet
  facet normal -0.665535 -0.395125 0.633198
    outer loop
      vertex -17.8384 -17.6939 4.48138
      vertex -19.2028 -13.8754 5.4301
      vertex -20.2921 -13.4786 4.53278
    endloop
  endfacet
  facet normal -0.665524 -0.395124 0.63321
    outer loop
      vertex -17.8384 -17.6939 4.48138
      vertex -16.8702 -17.8043 5.4301
      vertex -19.2028 -13.8754 5.4301
    endloop
  endfacet
  facet normal -0.665517 -0.395153 0.633199
    outer loop
      vertex -17.2279 -18.7426 4.46859
      vertex -16.8702 -17.8043 5.4301
      vertex -17.8384 -17.6939 4.48138
    endloop
  endfacet
  facet normal -0.665533 -0.395139 0.633192
    outer loop
      vertex -16.8702 -17.8043 5.4301
      vertex -17.2279 -18.7426 4.46859
      vertex -17.0552 -19.0292 4.47126
    endloop
  endfacet
  facet normal 0.489394 -0.872063 0
    outer loop
      vertex -25.5743 -5.03337 7.63262
      vertex -25.5743 -5.03337 11.2
      vertex -25.9572 -5.24825 11.2
    endloop
  endfacet
  facet normal -0.489532 0.871985 -0.000131781
    outer loop
      vertex -21.9383 -11.5121 11.2
      vertex -22.3649 -11.7516 11.1537
      vertex -22.3699 -11.7544 11.2
    endloop
  endfacet
  facet normal -0.489543 0.871979 0
    outer loop
      vertex -22.3649 -11.7516 11.1537
      vertex -21.9383 -11.5121 11.2
      vertex -21.9383 -11.5121 7.67236
    endloop
  endfacet
  facet normal -0.365051 -0.930988 0
    outer loop
      vertex -25.5743 -5.03337 7.63262
      vertex -23.8541 -5.70788 9.7699
      vertex -25.5743 -5.03337 11.2
    endloop
  endfacet
  facet normal -0.365051 -0.930988 0
    outer loop
      vertex -25.5743 -5.03337 7.63262
      vertex -23.8541 -5.70788 5.4301
      vertex -23.8541 -5.70788 9.7699
    endloop
  endfacet
  facet normal -0.365058 -0.930985 -6.85864e-06
    outer loop
      vertex -23.8541 -5.70788 5.4301
      vertex -25.5743 -5.03337 7.63262
      vertex -25.0074 -5.25564 4.47125
    endloop
  endfacet
  facet normal -0.984854 0.173386 -1.68704e-05
    outer loop
      vertex -21.9383 -11.5121 7.67236
      vertex -21.6179 -9.69241 5.4301
      vertex -21.8189 -10.8342 4.53278
    endloop
  endfacet
  facet normal -0.98485 0.173406 0
    outer loop
      vertex -21.6179 -9.69241 5.4301
      vertex -21.9383 -11.5121 7.67236
      vertex -21.6179 -9.69241 9.7699
    endloop
  endfacet
  facet normal -0.98485 0.173406 0
    outer loop
      vertex -21.6179 -9.69241 9.7699
      vertex -21.9383 -11.5121 7.67236
      vertex -21.9383 -11.5121 11.2
    endloop
  endfacet
  facet normal 0 0 -1
    outer loop
      vertex -22.3699 -11.7544 11.2
      vertex -25.5743 -5.03337 11.2
      vertex -21.9383 -11.5121 11.2
    endloop
  endfacet
  facet normal 0 -0 -1
    outer loop
      vertex -25.5743 -5.03337 11.2
      vertex -22.3699 -11.7544 11.2
      vertex -25.9572 -5.24825 11.2
    endloop
  endfacet
  facet normal -0.872052 -0.489413 0
    outer loop
      vertex -21.6179 -9.69241 5.4301
      vertex -23.8541 -5.70788 9.7699
      vertex -23.8541 -5.70788 5.4301
    endloop
  endfacet
  facet normal -0.872052 -0.489413 0
    outer loop
      vertex -23.8541 -5.70788 9.7699
      vertex -21.6179 -9.69241 5.4301
      vertex -21.6179 -9.69241 9.7699
    endloop
  endfacet
  facet normal -0.674956 -0.378805 0.633199
    outer loop
      vertex -21.8189 -10.8342 4.53278
      vertex -21.6179 -9.69241 5.4301
      vertex -24.2426 -6.60158 4.48137
    endloop
  endfacet
  facet normal -0.674953 -0.378798 -0.633207
    outer loop
      vertex -21.6179 -9.69241 9.7699
      vertex -21.9383 -11.5121 11.2
      vertex -25.5743 -5.03337 11.2
    endloop
  endfacet
  facet normal -0.674952 -0.378797 -0.633208
    outer loop
      vertex -23.8541 -5.70788 9.7699
      vertex -21.6179 -9.69241 9.7699
      vertex -25.5743 -5.03337 11.2
    endloop
  endfacet
  facet normal -0.674974 -0.378698 0.633244
    outer loop
      vertex -24.8456 -5.54849 4.46858
      vertex -23.8541 -5.70788 5.4301
      vertex -25.0074 -5.25564 4.47125
    endloop
  endfacet
  facet normal -0.674955 -0.378789 0.633209
    outer loop
      vertex -24.2426 -6.60158 4.48137
      vertex -23.8541 -5.70788 5.4301
      vertex -24.8456 -5.54849 4.46858
    endloop
  endfacet
  facet normal -0.674949 -0.378795 0.633212
    outer loop
      vertex -23.8541 -5.70788 5.4301
      vertex -24.2426 -6.60158 4.48137
      vertex -21.6179 -9.69241 5.4301
    endloop
  endfacet
  facet normal 0 1 0
    outer loop
      vertex -26.0573 -3.18579 11.2
      vertex -26.0573 -3.18579 7.74429
      vertex -26.543 -3.18579 11.2
    endloop
  endfacet
  facet normal -0.773986 -0.633203 -6.09937e-06
    outer loop
      vertex -24.8873 1.75568 5.4301
      vertex -26.0573 3.18579 7.74429
      vertex -25.6082 2.63687 4.54892
    endloop
  endfacet
  facet normal -0.773981 -0.633209 0
    outer loop
      vertex -26.0573 3.18579 7.74429
      vertex -24.8873 1.75568 5.4301
      vertex -24.8873 1.75568 9.7699
    endloop
  endfacet
  facet normal -0.773981 -0.633209 0
    outer loop
      vertex -26.0573 3.18579 7.74429
      vertex -24.8873 1.75568 9.7699
      vertex -26.0573 3.18579 11.2
    endloop
  endfacet
  facet normal 0 -1 0
    outer loop
      vertex -26.0573 3.18579 7.74429
      vertex -26.0573 3.18579 11.2
      vertex -26.543 3.18579 11.2
    endloop
  endfacet
  facet normal -0.773979 0 -0.633211
    outer loop
      vertex -24.8873 -1.75568 9.7699
      vertex -26.0573 3.18579 11.2
      vertex -24.8873 1.75568 9.7699
    endloop
  endfacet
  facet normal -0.773979 -0 -0.633211
    outer loop
      vertex -26.0573 3.18579 11.2
      vertex -24.8873 -1.75568 9.7699
      vertex -26.0573 -3.18579 11.2
    endloop
  endfacet
  facet normal -1 0 0
    outer loop
      vertex -24.8873 -1.75568 5.4301
      vertex -24.8873 1.75568 9.7699
      vertex -24.8873 1.75568 5.4301
    endloop
  endfacet
  facet normal -1 -0 0
    outer loop
      vertex -24.8873 1.75568 9.7699
      vertex -24.8873 -1.75568 5.4301
      vertex -24.8873 -1.75568 9.7699
    endloop
  endfacet
  facet normal -0.773986 0.633203 -6.09937e-06
    outer loop
      vertex -26.0573 -3.18579 7.74429
      vertex -24.8873 -1.75568 5.4301
      vertex -25.6082 -2.63687 4.54892
    endloop
  endfacet
  facet normal -0.773981 0.633209 0
    outer loop
      vertex -24.8873 -1.75568 5.4301
      vertex -26.0573 -3.18579 7.74429
      vertex -24.8873 -1.75568 9.7699
    endloop
  endfacet
  facet normal -0.773981 0.633209 0
    outer loop
      vertex -24.8873 -1.75568 9.7699
      vertex -26.0573 -3.18579 7.74429
      vertex -26.0573 -3.18579 11.2
    endloop
  endfacet
  facet normal -0.773985 0 0.633203
    outer loop
      vertex -25.6082 2.63687 4.54892
      vertex -24.8873 -1.75568 5.4301
      vertex -24.8873 1.75568 5.4301
    endloop
  endfacet
  facet normal -0.773985 0 0.633203
    outer loop
      vertex -24.8873 -1.75568 5.4301
      vertex -25.6082 2.63687 4.54892
      vertex -25.6082 -2.63687 4.54892
    endloop
  endfacet
  facet normal 0 0 -1
    outer loop
      vertex -26.543 -3.18579 11.2
      vertex -26.0573 3.18579 11.2
      vertex -26.0573 -3.18579 11.2
    endloop
  endfacet
  facet normal -0 0 -1
    outer loop
      vertex -26.0573 3.18579 11.2
      vertex -26.543 -3.18579 11.2
      vertex -26.543 3.18579 11.2
    endloop
  endfacet
  facet normal -0.984854 -0.173386 -1.68704e-05
    outer loop
      vertex -21.6179 9.69241 5.4301
      vertex -21.9383 11.5121 7.67236
      vertex -21.8189 10.8342 4.53278
    endloop
  endfacet
  facet normal -0.98485 -0.173406 0
    outer loop
      vertex -21.9383 11.5121 7.67236
      vertex -21.6179 9.69241 5.4301
      vertex -21.6179 9.69241 9.7699
    endloop
  endfacet
  facet normal -0.98485 -0.173406 0
    outer loop
      vertex -21.9383 11.5121 7.67236
      vertex -21.6179 9.69241 9.7699
      vertex -21.9383 11.5121 11.2
    endloop
  endfacet
  facet normal 0.489394 0.872063 0
    outer loop
      vertex -25.5743 5.03337 11.2
      vertex -25.5743 5.03337 7.63262
      vertex -25.9572 5.24825 11.2
    endloop
  endfacet
  facet normal -0.674952 0.378797 -0.633208
    outer loop
      vertex -21.6179 9.69241 9.7699
      vertex -23.8541 5.70788 9.7699
      vertex -25.5743 5.03337 11.2
    endloop
  endfacet
  facet normal -0.489532 -0.871985 -0.000131781
    outer loop
      vertex -22.3649 11.7516 11.1537
      vertex -21.9383 11.5121 11.2
      vertex -22.3699 11.7544 11.2
    endloop
  endfacet
  facet normal -0.489543 -0.871979 -0
    outer loop
      vertex -21.9383 11.5121 11.2
      vertex -22.3649 11.7516 11.1537
      vertex -21.9383 11.5121 7.67236
    endloop
  endfacet
  facet normal 0 0 -1
    outer loop
      vertex -25.5743 5.03337 11.2
      vertex -22.3699 11.7544 11.2
      vertex -21.9383 11.5121 11.2
    endloop
  endfacet
  facet normal 0 0 -1
    outer loop
      vertex -22.3699 11.7544 11.2
      vertex -25.5743 5.03337 11.2
      vertex -25.9572 5.24825 11.2
    endloop
  endfacet
  facet normal -0.674953 0.378798 -0.633207
    outer loop
      vertex -21.9383 11.5121 11.2
      vertex -21.6179 9.69241 9.7699
      vertex -25.5743 5.03337 11.2
    endloop
  endfacet
  facet normal -0.365051 0.930988 0
    outer loop
      vertex -23.8541 5.70788 9.7699
      vertex -25.5743 5.03337 7.63262
      vertex -25.5743 5.03337 11.2
    endloop
  endfacet
  facet normal -0.365051 0.930988 0
    outer loop
      vertex -23.8541 5.70788 5.4301
      vertex -25.5743 5.03337 7.63262
      vertex -23.8541 5.70788 9.7699
    endloop
  endfacet
  facet normal -0.365058 0.930985 -6.85864e-06
    outer loop
      vertex -25.5743 5.03337 7.63262
      vertex -23.8541 5.70788 5.4301
      vertex -25.0074 5.25564 4.47125
    endloop
  endfacet
  facet normal -0.872052 0.489413 0
    outer loop
      vertex -23.8541 5.70788 5.4301
      vertex -21.6179 9.69241 9.7699
      vertex -21.6179 9.69241 5.4301
    endloop
  endfacet
  facet normal -0.872052 0.489413 0
    outer loop
      vertex -21.6179 9.69241 9.7699
      vertex -23.8541 5.70788 5.4301
      vertex -23.8541 5.70788 9.7699
    endloop
  endfacet
  facet normal -0.674956 0.378805 0.633199
    outer loop
      vertex -21.6179 9.69241 5.4301
      vertex -21.8189 10.8342 4.53278
      vertex -24.2426 6.60158 4.48137
    endloop
  endfacet
  facet normal -0.674949 0.378795 0.633212
    outer loop
      vertex -24.2426 6.60158 4.48137
      vertex -23.8541 5.70788 5.4301
      vertex -21.6179 9.69241 5.4301
    endloop
  endfacet
  facet normal -0.674955 0.378789 0.633209
    outer loop
      vertex -24.8456 5.54849 4.46858
      vertex -23.8541 5.70788 5.4301
      vertex -24.2426 6.60158 4.48137
    endloop
  endfacet
  facet normal -0.674974 0.378698 0.633244
    outer loop
      vertex -23.8541 5.70788 5.4301
      vertex -24.8456 5.54849 4.46858
      vertex -25.0074 5.25564 4.47125
    endloop
  endfacet
  facet normal -0.51047 -0.859895 0
    outer loop
      vertex -17.1462 19.6313 7.63266
      vertex -17.1462 19.6313 11.2
      vertex -17.5237 19.8554 11.2
    endloop
  endfacet
  facet normal 0.51045 0.859907 0.000161424
    outer loop
      vertex -20.9389 13.243 11.2
      vertex -21.3597 13.4928 11.1537
      vertex -21.3646 13.4957 11.2
    endloop
  endfacet
  facet normal 0.510463 0.8599 0
    outer loop
      vertex -21.3597 13.4928 11.1537
      vertex -20.9389 13.243 11.2
      vertex -20.9389 13.243 7.67237
    endloop
  endfacet
  facet normal -0.988784 -0.149352 -1.71993e-05
    outer loop
      vertex -16.8702 17.8043 5.4301
      vertex -17.1462 19.6313 7.63266
      vertex -17.0552 19.0292 4.47126
    endloop
  endfacet
  facet normal -0.988781 -0.149372 0
    outer loop
      vertex -17.1462 19.6313 7.63266
      vertex -16.8702 17.8043 5.4301
      vertex -16.8702 17.8043 9.7699
    endloop
  endfacet
  facet normal -0.988781 -0.149372 0
    outer loop
      vertex -17.1462 19.6313 7.63266
      vertex -16.8702 17.8043 9.7699
      vertex -17.1462 19.6313 11.2
    endloop
  endfacet
  facet normal -0.342264 0.939604 0
    outer loop
      vertex -19.2028 13.8754 9.7699
      vertex -20.9389 13.243 7.67237
      vertex -20.9389 13.243 11.2
    endloop
  endfacet
  facet normal -0.342264 0.939604 0
    outer loop
      vertex -19.2028 13.8754 5.4301
      vertex -20.9389 13.243 7.67237
      vertex -19.2028 13.8754 9.7699
    endloop
  endfacet
  facet normal -0.342267 0.939603 -2.62127e-06
    outer loop
      vertex -20.9389 13.243 7.67237
      vertex -19.2028 13.8754 5.4301
      vertex -20.2921 13.4786 4.53278
    endloop
  endfacet
  facet normal 0 0 -1
    outer loop
      vertex -20.9389 13.243 11.2
      vertex -17.5237 19.8554 11.2
      vertex -17.1462 19.6313 11.2
    endloop
  endfacet
  facet normal 0 0 -1
    outer loop
      vertex -17.5237 19.8554 11.2
      vertex -20.9389 13.243 11.2
      vertex -21.3646 13.4957 11.2
    endloop
  endfacet
  facet normal -0.859872 0.510509 0
    outer loop
      vertex -19.2028 13.8754 5.4301
      vertex -16.8702 17.8043 9.7699
      vertex -16.8702 17.8043 5.4301
    endloop
  endfacet
  facet normal -0.859872 0.510509 0
    outer loop
      vertex -16.8702 17.8043 9.7699
      vertex -19.2028 13.8754 5.4301
      vertex -19.2028 13.8754 9.7699
    endloop
  endfacet
  facet normal -0.665535 0.395125 0.633198
    outer loop
      vertex -19.2028 13.8754 5.4301
      vertex -17.8384 17.6939 4.48138
      vertex -20.2921 13.4786 4.53278
    endloop
  endfacet
  facet normal -0.665529 0.395121 -0.633207
    outer loop
      vertex -17.1462 19.6313 11.2
      vertex -19.2028 13.8754 9.7699
      vertex -20.9389 13.243 11.2
    endloop
  endfacet
  facet normal -0.665518 0.39512 -0.633219
    outer loop
      vertex -17.1462 19.6313 11.2
      vertex -16.8702 17.8043 9.7699
      vertex -19.2028 13.8754 9.7699
    endloop
  endfacet
  facet normal -0.665533 0.395139 0.633192
    outer loop
      vertex -17.2279 18.7426 4.46859
      vertex -16.8702 17.8043 5.4301
      vertex -17.0552 19.0292 4.47126
    endloop
  endfacet
  facet normal -0.665517 0.395153 0.633199
    outer loop
      vertex -17.8384 17.6939 4.48138
      vertex -16.8702 17.8043 5.4301
      vertex -17.2279 18.7426 4.46859
    endloop
  endfacet
  facet normal -0.665524 0.395124 0.63321
    outer loop
      vertex -16.8702 17.8043 5.4301
      vertex -17.8384 17.6939 4.48138
      vertex -19.2028 13.8754 5.4301
    endloop
  endfacet
  facet normal -0.866055 -0.499948 0
    outer loop
      vertex -10.2697 24.1592 7.74426
      vertex -10.2697 24.1592 11.2
      vertex -10.5125 24.5798 11.2
    endloop
  endfacet
  facet normal 0.865966 0.500103 -0.000247756
    outer loop
      vertex -15.7876 20.9734 11.2
      vertex -16.0217 21.3787 11.0746
      vertex -16.0305 21.394 11.2
    endloop
  endfacet
  facet normal 0.865933 0.50016 0
    outer loop
      vertex -16.0217 21.3787 11.0746
      vertex -15.7876 20.9734 11.2
      vertex -15.7876 20.9734 7.7443
    endloop
  endfacet
  facet normal 0.161388 0.986891 0
    outer loop
      vertex -13.9641 20.6752 9.7699
      vertex -15.7876 20.9734 7.7443
      vertex -15.7876 20.9734 11.2
    endloop
  endfacet
  facet normal 0.161388 0.986891 -0
    outer loop
      vertex -13.9641 20.6752 5.4301
      vertex -15.7876 20.9734 7.7443
      vertex -13.9641 20.6752 9.7699
    endloop
  endfacet
  facet normal 0.161365 0.986895 -1.89001e-05
    outer loop
      vertex -15.7876 20.9734 7.7443
      vertex -13.9641 20.6752 5.4301
      vertex -15.0877 20.8589 4.54892
    endloop
  endfacet
  facet normal 0 0 -1
    outer loop
      vertex -15.7876 20.9734 11.2
      vertex -10.5125 24.5798 11.2
      vertex -10.2697 24.1592 11.2
    endloop
  endfacet
  facet normal 0 0 -1
    outer loop
      vertex -10.5125 24.5798 11.2
      vertex -15.7876 20.9734 11.2
      vertex -16.0305 21.394 11.2
    endloop
  endfacet
  facet normal -0.500008 0.866021 0
    outer loop
      vertex -10.9232 22.4309 5.4301
      vertex -13.9641 20.6752 9.7699
      vertex -10.9232 22.4309 9.7699
    endloop
  endfacet
  facet normal -0.500008 0.866021 0
    outer loop
      vertex -13.9641 20.6752 9.7699
      vertex -10.9232 22.4309 5.4301
      vertex -13.9641 20.6752 5.4301
    endloop
  endfacet
  facet normal -0.386995 0.670295 0.633197
    outer loop
      vertex -13.9641 20.6752 5.4301
      vertex -11.6877 22.8219 4.54891
      vertex -15.0877 20.8589 4.54892
    endloop
  endfacet
  facet normal -0.386992 0.670282 -0.633213
    outer loop
      vertex -10.2697 24.1592 11.2
      vertex -13.9641 20.6752 9.7699
      vertex -15.7876 20.9734 11.2
    endloop
  endfacet
  facet normal -0.386997 0.670285 -0.633208
    outer loop
      vertex -10.2697 24.1592 11.2
      vertex -10.9232 22.4309 9.7699
      vertex -13.9641 20.6752 9.7699
    endloop
  endfacet
  facet normal -0.935351 0.353722 -3.69294e-05
    outer loop
      vertex -10.9232 22.4309 5.4301
      vertex -10.2697 24.1592 7.74426
      vertex -10.5107 23.5216 4.67324
    endloop
  endfacet
  facet normal -0.935278 0.353914 0.000279478
    outer loop
      vertex -10.9232 22.4309 5.4301
      vertex -10.5107 23.5216 4.67324
      vertex -10.5205 23.4958 4.5489
    endloop
  endfacet
  facet normal -0.935367 0.353678 0
    outer loop
      vertex -10.2697 24.1592 7.74426
      vertex -10.9232 22.4309 5.4301
      vertex -10.9232 22.4309 9.7699
    endloop
  endfacet
  facet normal -0.935367 0.353678 0
    outer loop
      vertex -10.2697 24.1592 7.74426
      vertex -10.9232 22.4309 9.7699
      vertex -10.2697 24.1592 11.2
    endloop
  endfacet
  facet normal -0.387007 0.670302 0.633183
    outer loop
      vertex -10.9232 22.4309 5.4301
      vertex -11.6877 22.8219 4.54891
      vertex -13.9641 20.6752 5.4301
    endloop
  endfacet
  facet normal -0.387005 0.670304 0.633182
    outer loop
      vertex -11.6877 22.8219 4.54891
      vertex -10.9232 22.4309 5.4301
      vertex -10.5205 23.4958 4.5489
    endloop
  endfacet
  facet normal -0.642613 0.766191 0
    outer loop
      vertex -0.999316 24.7552 7.67229
      vertex -2.41506 23.5678 9.7699
      vertex -0.999316 24.7552 11.2
    endloop
  endfacet
  facet normal -0.642613 0.766191 0
    outer loop
      vertex -0.999316 24.7552 7.67229
      vertex -2.41506 23.5678 5.4301
      vertex -2.41506 23.5678 9.7699
    endloop
  endfacet
  facet normal -0.642597 0.766205 -1.73248e-05
    outer loop
      vertex -2.41506 23.5678 5.4301
      vertex -0.999316 24.7552 7.67229
      vertex -1.52673 24.3128 4.53277
    endloop
  endfacet
  facet normal 0.999926 0.0121859 0
    outer loop
      vertex -8.42811 24.6647 11.2
      vertex -8.42811 24.6647 7.6326
      vertex -8.43346 25.1037 11.2
    endloop
  endfacet
  facet normal -0.00941827 0.773925 -0.633208
    outer loop
      vertex -2.41506 23.5678 9.7699
      vertex -6.98386 23.5122 9.7699
      vertex -8.42811 24.6647 11.2
    endloop
  endfacet
  facet normal -0.999926 -0.0121904 -0
    outer loop
      vertex -0.999316 24.7552 11.2
      vertex -1.00528 25.2444 11.1537
      vertex -0.999316 24.7552 7.67229
    endloop
  endfacet
  facet normal -0.999926 -0.0121915 -1.08747e-05
    outer loop
      vertex -1.00528 25.2444 11.1537
      vertex -0.999316 24.7552 11.2
      vertex -1.00535 25.2501 11.2
    endloop
  endfacet
  facet normal 0 0 -1
    outer loop
      vertex -8.42811 24.6647 11.2
      vertex -1.00535 25.2501 11.2
      vertex -0.999316 24.7552 11.2
    endloop
  endfacet
  facet normal 0 0 -1
    outer loop
      vertex -1.00535 25.2501 11.2
      vertex -8.42811 24.6647 11.2
      vertex -8.43346 25.1037 11.2
    endloop
  endfacet
  facet normal -0.00942795 0.773904 -0.633233
    outer loop
      vertex -0.999316 24.7552 11.2
      vertex -2.41506 23.5678 9.7699
      vertex -8.42811 24.6647 11.2
    endloop
  endfacet
  facet normal 0.623738 0.781634 0
    outer loop
      vertex -6.98386 23.5122 9.7699
      vertex -8.42811 24.6647 7.6326
      vertex -8.42811 24.6647 11.2
    endloop
  endfacet
  facet normal 0.623738 0.781634 -0
    outer loop
      vertex -6.98386 23.5122 5.4301
      vertex -8.42811 24.6647 7.6326
      vertex -6.98386 23.5122 9.7699
    endloop
  endfacet
  facet normal 0.623727 0.781642 -1.14215e-05
    outer loop
      vertex -8.42811 24.6647 7.6326
      vertex -6.98386 23.5122 5.4301
      vertex -7.95221 24.2849 4.47124
    endloop
  endfacet
  facet normal -0.0121686 0.999926 0
    outer loop
      vertex -2.41506 23.5678 5.4301
      vertex -6.98386 23.5122 9.7699
      vertex -2.41506 23.5678 9.7699
    endloop
  endfacet
  facet normal -0.0121686 0.999926 0
    outer loop
      vertex -6.98386 23.5122 9.7699
      vertex -2.41506 23.5678 5.4301
      vertex -6.98386 23.5122 5.4301
    endloop
  endfacet
  facet normal -0.00942059 0.77392 0.633214
    outer loop
      vertex -2.41506 23.5678 5.4301
      vertex -1.52673 24.3128 4.53277
      vertex -6.4042 24.2955 4.48135
    endloop
  endfacet
  facet normal -0.00941827 0.773925 0.633208
    outer loop
      vertex -6.4042 24.2955 4.48135
      vertex -6.98386 23.5122 5.4301
      vertex -2.41506 23.5678 5.4301
    endloop
  endfacet
  facet normal -0.00941647 0.773924 0.633208
    outer loop
      vertex -7.61767 24.2912 4.46856
      vertex -6.98386 23.5122 5.4301
      vertex -6.4042 24.2955 4.48135
    endloop
  endfacet
  facet normal -0.00950098 0.773896 0.633241
    outer loop
      vertex -6.98386 23.5122 5.4301
      vertex -7.61767 24.2912 4.46856
      vertex -7.95221 24.2849 4.47124
    endloop
  endfacet
  facet normal -0.999926 0.0121859 0
    outer loop
      vertex 8.42811 24.6647 11.2
      vertex 8.43346 25.1037 11.2
      vertex 8.42811 24.6647 7.6326
    endloop
  endfacet
  facet normal 0.999926 -0.0121915 -1.08747e-05
    outer loop
      vertex 0.999316 24.7552 11.2
      vertex 1.00528 25.2444 11.1537
      vertex 1.00535 25.2501 11.2
    endloop
  endfacet
  facet normal 0.999926 -0.0121904 0
    outer loop
      vertex 1.00528 25.2444 11.1537
      vertex 0.999316 24.7552 11.2
      vertex 0.999316 24.7552 7.67229
    endloop
  endfacet
  facet normal 0 0 -1
    outer loop
      vertex 8.42811 24.6647 11.2
      vertex 1.00535 25.2501 11.2
      vertex 8.43346 25.1037 11.2
    endloop
  endfacet
  facet normal 0 -0 -1
    outer loop
      vertex 1.00535 25.2501 11.2
      vertex 8.42811 24.6647 11.2
      vertex 0.999316 24.7552 11.2
    endloop
  endfacet
  facet normal 0.642613 0.766191 0
    outer loop
      vertex 2.41506 23.5678 9.7699
      vertex 0.999316 24.7552 7.67229
      vertex 0.999316 24.7552 11.2
    endloop
  endfacet
  facet normal 0.642613 0.766191 -0
    outer loop
      vertex 2.41506 23.5678 5.4301
      vertex 0.999316 24.7552 7.67229
      vertex 2.41506 23.5678 9.7699
    endloop
  endfacet
  facet normal 0.642597 0.766205 -1.73248e-05
    outer loop
      vertex 0.999316 24.7552 7.67229
      vertex 2.41506 23.5678 5.4301
      vertex 1.52673 24.3128 4.53277
    endloop
  endfacet
  facet normal 0.0121686 0.999926 -0
    outer loop
      vertex 6.98386 23.5122 5.4301
      vertex 2.41506 23.5678 9.7699
      vertex 6.98386 23.5122 9.7699
    endloop
  endfacet
  facet normal 0.0121686 0.999926 0
    outer loop
      vertex 2.41506 23.5678 9.7699
      vertex 6.98386 23.5122 5.4301
      vertex 2.41506 23.5678 5.4301
    endloop
  endfacet
  facet normal 0.00942059 0.77392 0.633214
    outer loop
      vertex 2.41506 23.5678 5.4301
      vertex 6.4042 24.2955 4.48135
      vertex 1.52673 24.3128 4.53277
    endloop
  endfacet
  facet normal 0.00942795 0.773904 -0.633233
    outer loop
      vertex 8.42811 24.6647 11.2
      vertex 2.41506 23.5678 9.7699
      vertex 0.999316 24.7552 11.2
    endloop
  endfacet
  facet normal 0.00941827 0.773925 -0.633208
    outer loop
      vertex 8.42811 24.6647 11.2
      vertex 6.98386 23.5122 9.7699
      vertex 2.41506 23.5678 9.7699
    endloop
  endfacet
  facet normal -0.623738 0.781634 0
    outer loop
      vertex 8.42811 24.6647 7.6326
      vertex 6.98386 23.5122 9.7699
      vertex 8.42811 24.6647 11.2
    endloop
  endfacet
  facet normal -0.623738 0.781634 0
    outer loop
      vertex 8.42811 24.6647 7.6326
      vertex 6.98386 23.5122 5.4301
      vertex 6.98386 23.5122 9.7699
    endloop
  endfacet
  facet normal -0.623727 0.781642 -1.14215e-05
    outer loop
      vertex 6.98386 23.5122 5.4301
      vertex 8.42811 24.6647 7.6326
      vertex 7.95221 24.2849 4.47124
    endloop
  endfacet
  facet normal 0.00941827 0.773925 0.633208
    outer loop
      vertex 6.98386 23.5122 5.4301
      vertex 6.4042 24.2955 4.48135
      vertex 2.41506 23.5678 5.4301
    endloop
  endfacet
  facet normal 0.00950098 0.773896 0.633241
    outer loop
      vertex 7.61767 24.2912 4.46856
      vertex 6.98386 23.5122 5.4301
      vertex 7.95221 24.2849 4.47124
    endloop
  endfacet
  facet normal 0.00941647 0.773924 0.633208
    outer loop
      vertex 6.98386 23.5122 5.4301
      vertex 7.61767 24.2912 4.46856
      vertex 6.4042 24.2955 4.48135
    endloop
  endfacet
  facet normal -0.161388 0.986891 0
    outer loop
      vertex 15.7876 20.9734 7.7443
      vertex 13.9641 20.6752 9.7699
      vertex 15.7876 20.9734 11.2
    endloop
  endfacet
  facet normal -0.161388 0.986891 0
    outer loop
      vertex 15.7876 20.9734 7.7443
      vertex 13.9641 20.6752 5.4301
      vertex 13.9641 20.6752 9.7699
    endloop
  endfacet
  facet normal -0.161365 0.986895 -1.89001e-05
    outer loop
      vertex 13.9641 20.6752 5.4301
      vertex 15.7876 20.9734 7.7443
      vertex 15.0877 20.8589 4.54892
    endloop
  endfacet
  facet normal 0.866055 -0.499948 0
    outer loop
      vertex 10.5125 24.5798 11.2
      vertex 10.2697 24.1592 11.2
      vertex 10.2697 24.1592 7.74426
    endloop
  endfacet
  facet normal 0.386997 0.670285 -0.633208
    outer loop
      vertex 13.9641 20.6752 9.7699
      vertex 10.9232 22.4309 9.7699
      vertex 10.2697 24.1592 11.2
    endloop
  endfacet
  facet normal -0.865933 0.50016 0
    outer loop
      vertex 15.7876 20.9734 11.2
      vertex 16.0217 21.3787 11.0746
      vertex 15.7876 20.9734 7.7443
    endloop
  endfacet
  facet normal -0.865966 0.500103 -0.000247756
    outer loop
      vertex 16.0217 21.3787 11.0746
      vertex 15.7876 20.9734 11.2
      vertex 16.0305 21.394 11.2
    endloop
  endfacet
  facet normal 0.935367 0.353678 0
    outer loop
      vertex 10.9232 22.4309 9.7699
      vertex 10.2697 24.1592 7.74426
      vertex 10.2697 24.1592 11.2
    endloop
  endfacet
  facet normal 0.935367 0.353678 -0
    outer loop
      vertex 10.9232 22.4309 5.4301
      vertex 10.2697 24.1592 7.74426
      vertex 10.9232 22.4309 9.7699
    endloop
  endfacet
  facet normal 0.935351 0.353722 -3.69294e-05
    outer loop
      vertex 10.2697 24.1592 7.74426
      vertex 10.9232 22.4309 5.4301
      vertex 10.5107 23.5216 4.67324
    endloop
  endfacet
  facet normal 0.935278 0.353914 0.000279478
    outer loop
      vertex 10.5107 23.5216 4.67324
      vertex 10.9232 22.4309 5.4301
      vertex 10.5205 23.4958 4.5489
    endloop
  endfacet
  facet normal 0.386992 0.670282 -0.633213
    outer loop
      vertex 15.7876 20.9734 11.2
      vertex 13.9641 20.6752 9.7699
      vertex 10.2697 24.1592 11.2
    endloop
  endfacet
  facet normal 0.500008 0.866021 -0
    outer loop
      vertex 13.9641 20.6752 5.4301
      vertex 10.9232 22.4309 9.7699
      vertex 13.9641 20.6752 9.7699
    endloop
  endfacet
  facet normal 0.500008 0.866021 0
    outer loop
      vertex 10.9232 22.4309 9.7699
      vertex 13.9641 20.6752 5.4301
      vertex 10.9232 22.4309 5.4301
    endloop
  endfacet
  facet normal 0.386995 0.670295 0.633197
    outer loop
      vertex 13.9641 20.6752 5.4301
      vertex 15.0877 20.8589 4.54892
      vertex 11.6877 22.8219 4.54891
    endloop
  endfacet
  facet normal 0.387007 0.670302 0.633183
    outer loop
      vertex 11.6877 22.8219 4.54891
      vertex 10.9232 22.4309 5.4301
      vertex 13.9641 20.6752 5.4301
    endloop
  endfacet
  facet normal 0.387005 0.670304 0.633182
    outer loop
      vertex 10.9232 22.4309 5.4301
      vertex 11.6877 22.8219 4.54891
      vertex 10.5205 23.4958 4.5489
    endloop
  endfacet
  facet normal 0 0 -1
    outer loop
      vertex 15.7876 20.9734 11.2
      vertex 10.5125 24.5798 11.2
      vertex 16.0305 21.394 11.2
    endloop
  endfacet
  facet normal 0 -0 -1
    outer loop
      vertex 10.5125 24.5798 11.2
      vertex 15.7876 20.9734 11.2
      vertex 10.2697 24.1592 11.2
    endloop
  endfacet
  facet normal 0.342264 0.939604 -0
    outer loop
      vertex 20.9389 13.243 7.67237
      vertex 19.2028 13.8754 9.7699
      vertex 20.9389 13.243 11.2
    endloop
  endfacet
  facet normal 0.342264 0.939604 0
    outer loop
      vertex 20.9389 13.243 7.67237
      vertex 19.2028 13.8754 5.4301
      vertex 19.2028 13.8754 9.7699
    endloop
  endfacet
  facet normal 0.342267 0.939603 -2.62127e-06
    outer loop
      vertex 19.2028 13.8754 5.4301
      vertex 20.9389 13.243 7.67237
      vertex 20.2921 13.4786 4.53278
    endloop
  endfacet
  facet normal 0.51047 -0.859895 0
    outer loop
      vertex 17.5237 19.8554 11.2
      vertex 17.1462 19.6313 11.2
      vertex 17.1462 19.6313 7.63266
    endloop
  endfacet
  facet normal 0.665518 0.39512 -0.633219
    outer loop
      vertex 17.1462 19.6313 11.2
      vertex 19.2028 13.8754 9.7699
      vertex 16.8702 17.8043 9.7699
    endloop
  endfacet
  facet normal 0.988781 -0.149372 0
    outer loop
      vertex 16.8702 17.8043 9.7699
      vertex 17.1462 19.6313 7.63266
      vertex 17.1462 19.6313 11.2
    endloop
  endfacet
  facet normal 0.988781 -0.149372 0
    outer loop
      vertex 16.8702 17.8043 5.4301
      vertex 17.1462 19.6313 7.63266
      vertex 16.8702 17.8043 9.7699
    endloop
  endfacet
  facet normal 0.988784 -0.149352 -1.71993e-05
    outer loop
      vertex 17.1462 19.6313 7.63266
      vertex 16.8702 17.8043 5.4301
      vertex 17.0552 19.0292 4.47126
    endloop
  endfacet
  facet normal 0 0 -1
    outer loop
      vertex 20.9389 13.243 11.2
      vertex 17.5237 19.8554 11.2
      vertex 21.3646 13.4957 11.2
    endloop
  endfacet
  facet normal 0 -0 -1
    outer loop
      vertex 17.5237 19.8554 11.2
      vertex 20.9389 13.243 11.2
      vertex 17.1462 19.6313 11.2
    endloop
  endfacet
  facet normal -0.51045 0.859907 0.000161424
    outer loop
      vertex 21.3597 13.4928 11.1537
      vertex 20.9389 13.243 11.2
      vertex 21.3646 13.4957 11.2
    endloop
  endfacet
  facet normal -0.510463 0.8599 0
    outer loop
      vertex 20.9389 13.243 11.2
      vertex 21.3597 13.4928 11.1537
      vertex 20.9389 13.243 7.67237
    endloop
  endfacet
  facet normal 0.665529 0.395121 -0.633207
    outer loop
      vertex 20.9389 13.243 11.2
      vertex 19.2028 13.8754 9.7699
      vertex 17.1462 19.6313 11.2
    endloop
  endfacet
  facet normal 0.859872 0.510509 0
    outer loop
      vertex 19.2028 13.8754 9.7699
      vertex 16.8702 17.8043 5.4301
      vertex 16.8702 17.8043 9.7699
    endloop
  endfacet
  facet normal 0.859872 0.510509 0
    outer loop
      vertex 16.8702 17.8043 5.4301
      vertex 19.2028 13.8754 9.7699
      vertex 19.2028 13.8754 5.4301
    endloop
  endfacet
  facet normal 0.665535 0.395125 0.633198
    outer loop
      vertex 19.2028 13.8754 5.4301
      vertex 20.2921 13.4786 4.53278
      vertex 17.8384 17.6939 4.48138
    endloop
  endfacet
  facet normal 0.665533 0.395139 0.633192
    outer loop
      vertex 16.8702 17.8043 5.4301
      vertex 17.2279 18.7426 4.46859
      vertex 17.0552 19.0292 4.47126
    endloop
  endfacet
  facet normal 0.665517 0.395153 0.633199
    outer loop
      vertex 16.8702 17.8043 5.4301
      vertex 17.8384 17.6939 4.48138
      vertex 17.2279 18.7426 4.46859
    endloop
  endfacet
  facet normal 0.665524 0.395124 0.63321
    outer loop
      vertex 17.8384 17.6939 4.48138
      vertex 16.8702 17.8043 5.4301
      vertex 19.2028 13.8754 5.4301
    endloop
  endfacet
  facet normal -0.489394 0.872063 0
    outer loop
      vertex 25.5743 5.03337 11.2
      vertex 25.9572 5.24825 11.2
      vertex 25.5743 5.03337 7.63262
    endloop
  endfacet
  facet normal 0.98485 -0.173406 0
    outer loop
      vertex 21.6179 9.69241 9.7699
      vertex 21.9383 11.5121 7.67236
      vertex 21.9383 11.5121 11.2
    endloop
  endfacet
  facet normal 0.98485 -0.173406 0
    outer loop
      vertex 21.6179 9.69241 5.4301
      vertex 21.9383 11.5121 7.67236
      vertex 21.6179 9.69241 9.7699
    endloop
  endfacet
  facet normal 0.984854 -0.173386 -1.68704e-05
    outer loop
      vertex 21.9383 11.5121 7.67236
      vertex 21.6179 9.69241 5.4301
      vertex 21.8189 10.8342 4.53278
    endloop
  endfacet
  facet normal 0.489532 -0.871985 -0.000131781
    outer loop
      vertex 21.9383 11.5121 11.2
      vertex 22.3649 11.7516 11.1537
      vertex 22.3699 11.7544 11.2
    endloop
  endfacet
  facet normal 0.489543 -0.871979 0
    outer loop
      vertex 22.3649 11.7516 11.1537
      vertex 21.9383 11.5121 11.2
      vertex 21.9383 11.5121 7.67236
    endloop
  endfacet
  facet normal 0 0 -1
    outer loop
      vertex 25.5743 5.03337 11.2
      vertex 22.3699 11.7544 11.2
      vertex 25.9572 5.24825 11.2
    endloop
  endfacet
  facet normal 0 -0 -1
    outer loop
      vertex 22.3699 11.7544 11.2
      vertex 25.5743 5.03337 11.2
      vertex 21.9383 11.5121 11.2
    endloop
  endfacet
  facet normal 0.872052 0.489413 0
    outer loop
      vertex 23.8541 5.70788 9.7699
      vertex 21.6179 9.69241 5.4301
      vertex 21.6179 9.69241 9.7699
    endloop
  endfacet
  facet normal 0.872052 0.489413 0
    outer loop
      vertex 21.6179 9.69241 5.4301
      vertex 23.8541 5.70788 9.7699
      vertex 23.8541 5.70788 5.4301
    endloop
  endfacet
  facet normal 0.674956 0.378805 0.633199
    outer loop
      vertex 24.2426 6.60158 4.48137
      vertex 21.8189 10.8342 4.53278
      vertex 21.6179 9.69241 5.4301
    endloop
  endfacet
  facet normal 0.674953 0.378798 -0.633207
    outer loop
      vertex 21.9383 11.5121 11.2
      vertex 25.5743 5.03337 11.2
      vertex 21.6179 9.69241 9.7699
    endloop
  endfacet
  facet normal 0.674952 0.378797 -0.633208
    outer loop
      vertex 25.5743 5.03337 11.2
      vertex 23.8541 5.70788 9.7699
      vertex 21.6179 9.69241 9.7699
    endloop
  endfacet
  facet normal 0.365051 0.930988 -0
    outer loop
      vertex 25.5743 5.03337 7.63262
      vertex 23.8541 5.70788 9.7699
      vertex 25.5743 5.03337 11.2
    endloop
  endfacet
  facet normal 0.365051 0.930988 0
    outer loop
      vertex 25.5743 5.03337 7.63262
      vertex 23.8541 5.70788 5.4301
      vertex 23.8541 5.70788 9.7699
    endloop
  endfacet
  facet normal 0.365058 0.930985 -6.85864e-06
    outer loop
      vertex 23.8541 5.70788 5.4301
      vertex 25.5743 5.03337 7.63262
      vertex 25.0074 5.25564 4.47125
    endloop
  endfacet
  facet normal 0.674949 0.378795 0.633212
    outer loop
      vertex 23.8541 5.70788 5.4301
      vertex 24.2426 6.60158 4.48137
      vertex 21.6179 9.69241 5.4301
    endloop
  endfacet
  facet normal 0.674955 0.378789 0.633209
    outer loop
      vertex 23.8541 5.70788 5.4301
      vertex 24.8456 5.54849 4.46858
      vertex 24.2426 6.60158 4.48137
    endloop
  endfacet
  facet normal 0.674974 0.378698 0.633244
    outer loop
      vertex 24.8456 5.54849 4.46858
      vertex 23.8541 5.70788 5.4301
      vertex 25.0074 5.25564 4.47125
    endloop
  endfacet
  facet normal 0.773981 0.633209 0
    outer loop
      vertex 26.0573 -3.18579 7.74429
      vertex 24.8873 -1.75568 5.4301
      vertex 24.8873 -1.75568 9.7699
    endloop
  endfacet
  facet normal 0.773981 0.633209 -0
    outer loop
      vertex 26.0573 -3.18579 7.74429
      vertex 24.8873 -1.75568 9.7699
      vertex 26.0573 -3.18579 11.2
    endloop
  endfacet
  facet normal 0.773986 0.633203 -6.09937e-06
    outer loop
      vertex 24.8873 -1.75568 5.4301
      vertex 26.0573 -3.18579 7.74429
      vertex 25.6082 -2.63687 4.54892
    endloop
  endfacet
  facet normal -0 -1 0
    outer loop
      vertex 26.543 3.18579 11.2
      vertex 26.0573 3.18579 11.2
      vertex 26.0573 3.18579 7.74429
    endloop
  endfacet
  facet normal -0 1 0
    outer loop
      vertex 26.0573 -3.18579 11.2
      vertex 26.543 -3.18579 11.2
      vertex 26.0573 -3.18579 7.74429
    endloop
  endfacet
  facet normal 0.773981 -0.633209 0
    outer loop
      vertex 24.8873 1.75568 9.7699
      vertex 26.0573 3.18579 7.74429
      vertex 26.0573 3.18579 11.2
    endloop
  endfacet
  facet normal 0.773981 -0.633209 0
    outer loop
      vertex 24.8873 1.75568 5.4301
      vertex 26.0573 3.18579 7.74429
      vertex 24.8873 1.75568 9.7699
    endloop
  endfacet
  facet normal 0.773986 -0.633203 -6.09937e-06
    outer loop
      vertex 26.0573 3.18579 7.74429
      vertex 24.8873 1.75568 5.4301
      vertex 25.6082 2.63687 4.54892
    endloop
  endfacet
  facet normal 0.773979 0 -0.633211
    outer loop
      vertex 26.0573 3.18579 11.2
      vertex 24.8873 -1.75568 9.7699
      vertex 24.8873 1.75568 9.7699
    endloop
  endfacet
  facet normal 0.773979 0 -0.633211
    outer loop
      vertex 24.8873 -1.75568 9.7699
      vertex 26.0573 3.18579 11.2
      vertex 26.0573 -3.18579 11.2
    endloop
  endfacet
  facet normal 1 -0 0
    outer loop
      vertex 24.8873 -1.75568 9.7699
      vertex 24.8873 1.75568 5.4301
      vertex 24.8873 1.75568 9.7699
    endloop
  endfacet
  facet normal 1 0 0
    outer loop
      vertex 24.8873 1.75568 5.4301
      vertex 24.8873 -1.75568 9.7699
      vertex 24.8873 -1.75568 5.4301
    endloop
  endfacet
  facet normal 0.773985 -0 0.633203
    outer loop
      vertex 24.8873 -1.75568 5.4301
      vertex 25.6082 2.63687 4.54892
      vertex 24.8873 1.75568 5.4301
    endloop
  endfacet
  facet normal 0.773985 0 0.633203
    outer loop
      vertex 25.6082 2.63687 4.54892
      vertex 24.8873 -1.75568 5.4301
      vertex 25.6082 -2.63687 4.54892
    endloop
  endfacet
  facet normal 0 0 -1
    outer loop
      vertex 26.0573 -3.18579 11.2
      vertex 26.543 3.18579 11.2
      vertex 26.543 -3.18579 11.2
    endloop
  endfacet
  facet normal -0 0 -1
    outer loop
      vertex 26.543 3.18579 11.2
      vertex 26.0573 -3.18579 11.2
      vertex 26.0573 3.18579 11.2
    endloop
  endfacet
  facet normal 0.98485 0.173406 0
    outer loop
      vertex 21.9383 -11.5121 7.67236
      vertex 21.6179 -9.69241 5.4301
      vertex 21.6179 -9.69241 9.7699
    endloop
  endfacet
  facet normal 0.98485 0.173406 -0
    outer loop
      vertex 21.9383 -11.5121 7.67236
      vertex 21.6179 -9.69241 9.7699
      vertex 21.9383 -11.5121 11.2
    endloop
  endfacet
  facet normal 0.984854 0.173386 -1.68704e-05
    outer loop
      vertex 21.6179 -9.69241 5.4301
      vertex 21.9383 -11.5121 7.67236
      vertex 21.8189 -10.8342 4.53278
    endloop
  endfacet
  facet normal -0.489394 -0.872063 0
    outer loop
      vertex 25.9572 -5.24825 11.2
      vertex 25.5743 -5.03337 11.2
      vertex 25.5743 -5.03337 7.63262
    endloop
  endfacet
  facet normal 0.674952 -0.378797 -0.633208
    outer loop
      vertex 23.8541 -5.70788 9.7699
      vertex 25.5743 -5.03337 11.2
      vertex 21.6179 -9.69241 9.7699
    endloop
  endfacet
  facet normal 0.365051 -0.930988 0
    outer loop
      vertex 23.8541 -5.70788 9.7699
      vertex 25.5743 -5.03337 7.63262
      vertex 25.5743 -5.03337 11.2
    endloop
  endfacet
  facet normal 0.365051 -0.930988 0
    outer loop
      vertex 23.8541 -5.70788 5.4301
      vertex 25.5743 -5.03337 7.63262
      vertex 23.8541 -5.70788 9.7699
    endloop
  endfacet
  facet normal 0.365058 -0.930985 -6.85864e-06
    outer loop
      vertex 25.5743 -5.03337 7.63262
      vertex 23.8541 -5.70788 5.4301
      vertex 25.0074 -5.25564 4.47125
    endloop
  endfacet
  facet normal 0 0 -1
    outer loop
      vertex 22.3699 -11.7544 11.2
      vertex 25.5743 -5.03337 11.2
      vertex 25.9572 -5.24825 11.2
    endloop
  endfacet
  facet normal 0 0 -1
    outer loop
      vertex 25.5743 -5.03337 11.2
      vertex 22.3699 -11.7544 11.2
      vertex 21.9383 -11.5121 11.2
    endloop
  endfacet
  facet normal 0.489532 0.871985 -0.000131781
    outer loop
      vertex 22.3649 -11.7516 11.1537
      vertex 21.9383 -11.5121 11.2
      vertex 22.3699 -11.7544 11.2
    endloop
  endfacet
  facet normal 0.489543 0.871979 0
    outer loop
      vertex 21.9383 -11.5121 11.2
      vertex 22.3649 -11.7516 11.1537
      vertex 21.9383 -11.5121 7.67236
    endloop
  endfacet
  facet normal 0.674953 -0.378798 -0.633207
    outer loop
      vertex 25.5743 -5.03337 11.2
      vertex 21.9383 -11.5121 11.2
      vertex 21.6179 -9.69241 9.7699
    endloop
  endfacet
  facet normal 0.872052 -0.489413 0
    outer loop
      vertex 21.6179 -9.69241 9.7699
      vertex 23.8541 -5.70788 5.4301
      vertex 23.8541 -5.70788 9.7699
    endloop
  endfacet
  facet normal 0.872052 -0.489413 0
    outer loop
      vertex 23.8541 -5.70788 5.4301
      vertex 21.6179 -9.69241 9.7699
      vertex 21.6179 -9.69241 5.4301
    endloop
  endfacet
  facet normal 0.674956 -0.378805 0.633199
    outer loop
      vertex 21.8189 -10.8342 4.53278
      vertex 24.2426 -6.60158 4.48137
      vertex 21.6179 -9.69241 5.4301
    endloop
  endfacet
  facet normal 0.674974 -0.378698 0.633244
    outer loop
      vertex 23.8541 -5.70788 5.4301
      vertex 24.8456 -5.54849 4.46858
      vertex 25.0074 -5.25564 4.47125
    endloop
  endfacet
  facet normal 0.674955 -0.378789 0.633209
    outer loop
      vertex 23.8541 -5.70788 5.4301
      vertex 24.2426 -6.60158 4.48137
      vertex 24.8456 -5.54849 4.46858
    endloop
  endfacet
  facet normal 0.674949 -0.378795 0.633212
    outer loop
      vertex 24.2426 -6.60158 4.48137
      vertex 23.8541 -5.70788 5.4301
      vertex 21.6179 -9.69241 5.4301
    endloop
  endfacet
  facet normal 0.342264 -0.939604 0
    outer loop
      vertex 19.2028 -13.8754 9.7699
      vertex 20.9389 -13.243 7.67237
      vertex 20.9389 -13.243 11.2
    endloop
  endfacet
  facet normal 0.342264 -0.939604 0
    outer loop
      vertex 19.2028 -13.8754 5.4301
      vertex 20.9389 -13.243 7.67237
      vertex 19.2028 -13.8754 9.7699
    endloop
  endfacet
  facet normal 0.342267 -0.939603 -2.62127e-06
    outer loop
      vertex 20.9389 -13.243 7.67237
      vertex 19.2028 -13.8754 5.4301
      vertex 20.2921 -13.4786 4.53278
    endloop
  endfacet
  facet normal -0.51045 -0.859907 0.000161424
    outer loop
      vertex 20.9389 -13.243 11.2
      vertex 21.3597 -13.4928 11.1537
      vertex 21.3646 -13.4957 11.2
    endloop
  endfacet
  facet normal -0.510463 -0.8599 0
    outer loop
      vertex 21.3597 -13.4928 11.1537
      vertex 20.9389 -13.243 11.2
      vertex 20.9389 -13.243 7.67237
    endloop
  endfacet
  facet normal 0 0 -1
    outer loop
      vertex 17.5237 -19.8554 11.2
      vertex 20.9389 -13.243 11.2
      vertex 21.3646 -13.4957 11.2
    endloop
  endfacet
  facet normal 0 0 -1
    outer loop
      vertex 20.9389 -13.243 11.2
      vertex 17.5237 -19.8554 11.2
      vertex 17.1462 -19.6313 11.2
    endloop
  endfacet
  facet normal 0.51047 0.859895 0
    outer loop
      vertex 17.1462 -19.6313 11.2
      vertex 17.5237 -19.8554 11.2
      vertex 17.1462 -19.6313 7.63266
    endloop
  endfacet
  facet normal 0.859872 -0.510509 0
    outer loop
      vertex 16.8702 -17.8043 9.7699
      vertex 19.2028 -13.8754 5.4301
      vertex 19.2028 -13.8754 9.7699
    endloop
  endfacet
  facet normal 0.859872 -0.510509 0
    outer loop
      vertex 19.2028 -13.8754 5.4301
      vertex 16.8702 -17.8043 9.7699
      vertex 16.8702 -17.8043 5.4301
    endloop
  endfacet
  facet normal 0.665535 -0.395125 0.633198
    outer loop
      vertex 20.2921 -13.4786 4.53278
      vertex 19.2028 -13.8754 5.4301
      vertex 17.8384 -17.6939 4.48138
    endloop
  endfacet
  facet normal 0.665529 -0.395121 -0.633207
    outer loop
      vertex 19.2028 -13.8754 9.7699
      vertex 20.9389 -13.243 11.2
      vertex 17.1462 -19.6313 11.2
    endloop
  endfacet
  facet normal 0.665518 -0.39512 -0.633219
    outer loop
      vertex 19.2028 -13.8754 9.7699
      vertex 17.1462 -19.6313 11.2
      vertex 16.8702 -17.8043 9.7699
    endloop
  endfacet
  facet normal 0.988781 0.149372 0
    outer loop
      vertex 17.1462 -19.6313 7.63266
      vertex 16.8702 -17.8043 5.4301
      vertex 16.8702 -17.8043 9.7699
    endloop
  endfacet
  facet normal 0.988781 0.149372 -0
    outer loop
      vertex 17.1462 -19.6313 7.63266
      vertex 16.8702 -17.8043 9.7699
      vertex 17.1462 -19.6313 11.2
    endloop
  endfacet
  facet normal 0.988784 0.149352 -1.71993e-05
    outer loop
      vertex 16.8702 -17.8043 5.4301
      vertex 17.1462 -19.6313 7.63266
      vertex 17.0552 -19.0292 4.47126
    endloop
  endfacet
  facet normal 0.665524 -0.395124 0.63321
    outer loop
      vertex 16.8702 -17.8043 5.4301
      vertex 17.8384 -17.6939 4.48138
      vertex 19.2028 -13.8754 5.4301
    endloop
  endfacet
  facet normal 0.665517 -0.395153 0.633199
    outer loop
      vertex 16.8702 -17.8043 5.4301
      vertex 17.2279 -18.7426 4.46859
      vertex 17.8384 -17.6939 4.48138
    endloop
  endfacet
  facet normal 0.665533 -0.395139 0.633192
    outer loop
      vertex 17.2279 -18.7426 4.46859
      vertex 16.8702 -17.8043 5.4301
      vertex 17.0552 -19.0292 4.47126
    endloop
  endfacet
  facet normal 0.866055 0.499948 0
    outer loop
      vertex 10.2697 -24.1592 11.2
      vertex 10.5125 -24.5798 11.2
      vertex 10.2697 -24.1592 7.74426
    endloop
  endfacet
  facet normal -0.161388 -0.986891 0
    outer loop
      vertex 13.9641 -20.6752 9.7699
      vertex 15.7876 -20.9734 7.7443
      vertex 15.7876 -20.9734 11.2
    endloop
  endfacet
  facet normal -0.161388 -0.986891 0
    outer loop
      vertex 13.9641 -20.6752 5.4301
      vertex 15.7876 -20.9734 7.7443
      vertex 13.9641 -20.6752 9.7699
    endloop
  endfacet
  facet normal -0.161365 -0.986895 -1.89001e-05
    outer loop
      vertex 15.7876 -20.9734 7.7443
      vertex 13.9641 -20.6752 5.4301
      vertex 15.0877 -20.8589 4.54892
    endloop
  endfacet
  facet normal -0.865933 -0.50016 0
    outer loop
      vertex 16.0217 -21.3787 11.0746
      vertex 15.7876 -20.9734 11.2
      vertex 15.7876 -20.9734 7.7443
    endloop
  endfacet
  facet normal -0.865966 -0.500103 -0.000247756
    outer loop
      vertex 15.7876 -20.9734 11.2
      vertex 16.0217 -21.3787 11.0746
      vertex 16.0305 -21.394 11.2
    endloop
  endfacet
  facet normal 0 0 -1
    outer loop
      vertex 10.5125 -24.5798 11.2
      vertex 15.7876 -20.9734 11.2
      vertex 16.0305 -21.394 11.2
    endloop
  endfacet
  facet normal 0 0 -1
    outer loop
      vertex 15.7876 -20.9734 11.2
      vertex 10.5125 -24.5798 11.2
      vertex 10.2697 -24.1592 11.2
    endloop
  endfacet
  facet normal 0.935367 -0.353678 0
    outer loop
      vertex 10.2697 -24.1592 7.74426
      vertex 10.9232 -22.4309 5.4301
      vertex 10.9232 -22.4309 9.7699
    endloop
  endfacet
  facet normal 0.935278 -0.353914 0.000279478
    outer loop
      vertex 10.9232 -22.4309 5.4301
      vertex 10.5107 -23.5216 4.67324
      vertex 10.5205 -23.4958 4.5489
    endloop
  endfacet
  facet normal 0.935367 -0.353678 0
    outer loop
      vertex 10.2697 -24.1592 7.74426
      vertex 10.9232 -22.4309 9.7699
      vertex 10.2697 -24.1592 11.2
    endloop
  endfacet
  facet normal 0.935351 -0.353722 -3.69294e-05
    outer loop
      vertex 10.9232 -22.4309 5.4301
      vertex 10.2697 -24.1592 7.74426
      vertex 10.5107 -23.5216 4.67324
    endloop
  endfacet
  facet normal 0.500008 -0.866021 0
    outer loop
      vertex 10.9232 -22.4309 5.4301
      vertex 13.9641 -20.6752 9.7699
      vertex 10.9232 -22.4309 9.7699
    endloop
  endfacet
  facet normal 0.500008 -0.866021 0
    outer loop
      vertex 13.9641 -20.6752 9.7699
      vertex 10.9232 -22.4309 5.4301
      vertex 13.9641 -20.6752 5.4301
    endloop
  endfacet
  facet normal 0.386995 -0.670295 0.633197
    outer loop
      vertex 15.0877 -20.8589 4.54892
      vertex 13.9641 -20.6752 5.4301
      vertex 11.6877 -22.8219 4.54891
    endloop
  endfacet
  facet normal 0.386992 -0.670282 -0.633213
    outer loop
      vertex 13.9641 -20.6752 9.7699
      vertex 15.7876 -20.9734 11.2
      vertex 10.2697 -24.1592 11.2
    endloop
  endfacet
  facet normal 0.386997 -0.670285 -0.633208
    outer loop
      vertex 10.9232 -22.4309 9.7699
      vertex 13.9641 -20.6752 9.7699
      vertex 10.2697 -24.1592 11.2
    endloop
  endfacet
  facet normal 0.387007 -0.670302 0.633183
    outer loop
      vertex 10.9232 -22.4309 5.4301
      vertex 11.6877 -22.8219 4.54891
      vertex 13.9641 -20.6752 5.4301
    endloop
  endfacet
  facet normal 0.387005 -0.670304 0.633182
    outer loop
      vertex 11.6877 -22.8219 4.54891
      vertex 10.9232 -22.4309 5.4301
      vertex 10.5205 -23.4958 4.5489
    endloop
  endfacet
  facet normal 0.642613 -0.766191 0
    outer loop
      vertex 0.999316 -24.7552 7.67229
      vertex 2.41506 -23.5678 9.7699
      vertex 0.999316 -24.7552 11.2
    endloop
  endfacet
  facet normal 0.642613 -0.766191 0
    outer loop
      vertex 0.999316 -24.7552 7.67229
      vertex 2.41506 -23.5678 5.4301
      vertex 2.41506 -23.5678 9.7699
    endloop
  endfacet
  facet normal 0.642597 -0.766205 -1.73248e-05
    outer loop
      vertex 2.41506 -23.5678 5.4301
      vertex 0.999316 -24.7552 7.67229
      vertex 1.52673 -24.3128 4.53277
    endloop
  endfacet
  facet normal -0.999926 -0.0121859 0
    outer loop
      vertex 8.43346 -25.1037 11.2
      vertex 8.42811 -24.6647 11.2
      vertex 8.42811 -24.6647 7.6326
    endloop
  endfacet
  facet normal 0.00941827 -0.773925 -0.633208
    outer loop
      vertex 6.98386 -23.5122 9.7699
      vertex 8.42811 -24.6647 11.2
      vertex 2.41506 -23.5678 9.7699
    endloop
  endfacet
  facet normal -0.623738 -0.781634 0
    outer loop
      vertex 6.98386 -23.5122 9.7699
      vertex 8.42811 -24.6647 7.6326
      vertex 8.42811 -24.6647 11.2
    endloop
  endfacet
  facet normal -0.623738 -0.781634 0
    outer loop
      vertex 6.98386 -23.5122 5.4301
      vertex 8.42811 -24.6647 7.6326
      vertex 6.98386 -23.5122 9.7699
    endloop
  endfacet
  facet normal -0.623727 -0.781642 -1.14215e-05
    outer loop
      vertex 8.42811 -24.6647 7.6326
      vertex 6.98386 -23.5122 5.4301
      vertex 7.95221 -24.2849 4.47124
    endloop
  endfacet
  facet normal 0 0 -1
    outer loop
      vertex 1.00535 -25.2501 11.2
      vertex 8.42811 -24.6647 11.2
      vertex 8.43346 -25.1037 11.2
    endloop
  endfacet
  facet normal 0 0 -1
    outer loop
      vertex 8.42811 -24.6647 11.2
      vertex 1.00535 -25.2501 11.2
      vertex 0.999316 -24.7552 11.2
    endloop
  endfacet
  facet normal 0.999926 0.0121904 0
    outer loop
      vertex 0.999316 -24.7552 11.2
      vertex 1.00528 -25.2444 11.1537
      vertex 0.999316 -24.7552 7.67229
    endloop
  endfacet
  facet normal 0.999926 0.0121915 -1.08747e-05
    outer loop
      vertex 1.00528 -25.2444 11.1537
      vertex 0.999316 -24.7552 11.2
      vertex 1.00535 -25.2501 11.2
    endloop
  endfacet
  facet normal 0.00942795 -0.773904 -0.633233
    outer loop
      vertex 2.41506 -23.5678 9.7699
      vertex 8.42811 -24.6647 11.2
      vertex 0.999316 -24.7552 11.2
    endloop
  endfacet
  facet normal 0.0121686 -0.999926 0
    outer loop
      vertex 2.41506 -23.5678 5.4301
      vertex 6.98386 -23.5122 9.7699
      vertex 2.41506 -23.5678 9.7699
    endloop
  endfacet
  facet normal 0.0121686 -0.999926 0
    outer loop
      vertex 6.98386 -23.5122 9.7699
      vertex 2.41506 -23.5678 5.4301
      vertex 6.98386 -23.5122 5.4301
    endloop
  endfacet
  facet normal 0.00942059 -0.77392 0.633214
    outer loop
      vertex 6.4042 -24.2955 4.48135
      vertex 2.41506 -23.5678 5.4301
      vertex 1.52673 -24.3128 4.53277
    endloop
  endfacet
  facet normal 0.00941827 -0.773925 0.633208
    outer loop
      vertex 6.4042 -24.2955 4.48135
      vertex 6.98386 -23.5122 5.4301
      vertex 2.41506 -23.5678 5.4301
    endloop
  endfacet
  facet normal 0.00941647 -0.773924 0.633208
    outer loop
      vertex 7.61767 -24.2912 4.46856
      vertex 6.98386 -23.5122 5.4301
      vertex 6.4042 -24.2955 4.48135
    endloop
  endfacet
  facet normal 0.00950098 -0.773896 0.633241
    outer loop
      vertex 6.98386 -23.5122 5.4301
      vertex 7.61767 -24.2912 4.46856
      vertex 7.95221 -24.2849 4.47124
    endloop
  endfacet
endsolid OpenSCAD_Model
